id,vx_kms,vy_kms,vz_kms,status,end_time_s,total_eV,conv_eV,hall_eV,deltaK_eV,residual_eV
1,151.66073656729802,0.0,-70.74994210351325,4,-30.838151128041755,-11977.563897272745,-11977.531205803401,-0.03267937483776045,-11977.538035351996,-0.025861920748866396
2,49.89379425744296,0.0,-22.0954550912468,4,-41.96092598206714,-11173.944642232585,-11164.42526486034,-9.519389571023401,-11173.979120947432,0.03447871484604548
3,-44.36195662045729,0.0,76.81727671404722,4,-64.30158405350501,-7514.497504251074,-7499.910218783212,-14.587306208911976,-7514.518962710498,0.02145845942413871
4,-16.123314799173347,0.0,46.115641318281895,4,-56.874602398672565,-9292.830425546545,-9275.70541609939,-17.12499927492302,-9292.833083930005,0.002658383460584446
5,-20.364227306917947,0.0,-5.9086246034175165,4,-48.54552965730699,-9947.114533683844,-9927.550989916,-19.563556258899002,-9947.120404273259,0.005870589415280847
6,-128.05882962246525,0.0,111.65041879813327,4,-75.7876759256382,-982.3657910198557,-971.508130134112,-10.857692501398969,-982.3709165032932,0.005125483437495859
7,-119.02761087934661,0.0,-90.1961046143781,4,-36.364552756884656,-9148.259943831892,-9128.46927280258,-19.790656021732453,-9148.262740234923,0.0027964030305156484
8,152.53656680993205,0.0,116.64073666264561,4,-48.996221450668735,-11494.574912249975,-11089.42190827311,-405.15301632925235,-11494.572973616483,-0.0019386334915907355
9,14.031454799025708,0.0,45.155215888841305,4,-54.06154860784656,-10147.241258813941,-10127.246675913337,-19.994568619763488,-10147.247607174297,0.006348360355332261
10,-160.33155919258954,0.0,-45.990151940029605,4,-41.084161507258834,-7314.442635442662,-7293.723243184139,-20.719389397996924,-7314.457923922049,0.015288479386981635
11,64.21408703131324,0.0,-38.47283610237425,4,-39.120231836215034,-11214.12959455827,-11176.801416295792,-37.328180100594864,-11214.084379149965,-0.045215408305011806
12,-63.842304603266655,0.0,-44.7048416656607,4,-43.38381432939607,-9531.720949717082,-9511.976969117735,-19.743950193533323,-9531.716221898449,-0.004727818633909919
13,-28.46099912977303,0.0,69.38481245635239,4,-61.635049172728884,-8402.976302660496,-8387.182876666893,-15.793446095004024,-8402.991415891101,0.0151132306054933
14,-12.640330393915738,0.0,-1.3206638697893751,4,-48.897046955530726,-10060.839571958435,-10040.790315269298,-20.049264870264356,-10060.841634702178,0.0020627437424991513
15,102.9930163333745,0.0,137.82830914737517,4,-60.86000687505517,-11870.020855962495,-11372.119175109054,-497.9016674505458,-11870.036479884966,0.015623922470695106
16,-54.52292141864121,0.0,-6.932197221855235,4,-49.589054028261366,-9129.642526296491,-9110.452135766665,-19.19037994658059,-9129.634657073611,-0.007869222879890003
17,-124.79313722602711,0.0,48.14402810721153,4,-60.02663506753156,-4922.2639898567095,-4906.419722913599,-15.844284888658919,-4922.263478313793,-0.0005115429166835384
18,13.24158333738028,0.0,-6.1669409562571325,4,-46.68667004056623,-10526.13222786436,-10505.49024574019,-20.642001457334946,-10526.143649649219,0.011421784858612227
19,-52.77049482075838,0.0,132.73902928466953,4,-72.99349373134713,-5102.952890927936,-5115.5505433933395,12.597680006786712,-5102.953031280844,0.00014035290769243147
20,159.88373249636388,0.0,-79.43504346893383,4,-29.775463259335254,-11977.867534349149,-11976.829720273447,-1.037783023725573,-11977.861945564913,-0.00558878423544229
21,-37.14437890478763,0.0,-169.74094575544177,4,-28.06230866776739,-10807.614939474715,-10785.618672050878,-21.99626184464996,-10807.629751378792,0.014811904076850624
22,-159.15913340250145,0.0,33.00423643172868,4,-54.56861236035143,-4307.439368294724,-4290.082808208002,-17.356549655167047,-4307.435983323629,-0.0033849710944195976
23,-12.216437016282644,0.0,-179.68165573104352,4,-26.99906306937699,-10991.426855204238,-10969.3819871683,-22.044876201558825,-10991.428275925527,0.001420721289832727
24,-32.258057945944955,0.0,-61.11491394030636,4,-40.44140490914622,-10293.091408592582,-10271.236481468015,-21.854874106912643,-10293.109074371263,0.017665778681475786
25,153.14333620387023,0.0,15.313751394832945,4,-37.77368540308209,-11981.476460031141,-11966.786233744895,-14.690206907452492,-11981.484065607607,0.007605576465721242
26,57.961702704772826,0.0,30.515785042499285,4,-47.822476582857355,-11093.762134238745,-11082.913645749071,-10.848502447687776,-11093.781850364801,0.019716126056664507
27,30.02029535239765,0.0,56.68813516133983,4,-53.949835065979784,-10377.476510906587,-10355.417609150198,-22.058886185244003,-10377.471616286097,-0.004894620489722001
28,10.497851828927535,0.0,6.556611726648498,4,-48.737657013301494,-10396.701161272253,-10375.155408330329,-21.54572444014795,-10396.704461385294,0.003300113041404984
29,20.363901564582545,0.0,-1.111931695178564,4,-46.94181051909116,-10599.326363660079,-10578.321612914384,-21.00477597909494,-10599.344366865205,0.01800320512666076
30,64.14728086534996,0.0,-104.30010655827908,4,-32.08399529658605,-11275.93186370275,-11247.117673197354,-28.814188248948327,-11275.857453968521,-0.07440973422853858
31,46.090872562440616,0.0,-193.15806022573113,4,-25.06472565959966,-11353.244171756252,-11321.641963539627,-31.602189075103887,-11353.244236662093,6.490584019047674e-5
32,63.66308693091833,0.0,87.70168372423682,4,-53.299226282395615,-11084.975050696527,-11060.44522495361,-24.52984718409815,-11084.985722802487,0.010672105960111367
33,-61.47077800473868,0.0,-63.8304372369043,4,-40.45961407579671,-9837.546483029759,-9817.760997478485,-19.785488969041555,-9837.542569803201,-0.003913226557415328
34,7.468799275253038,0.0,-52.527181564270734,4,-40.42252395161009,-10721.05221884789,-10699.312401298723,-21.73982754725802,-10721.05117000472,-0.0010488431707926793
35,-28.102339729074817,0.0,-41.12733786712989,4,-43.26807277235393,-10187.576140926894,-10166.245905605154,-21.33020226832151,-10187.576583187769,0.00044226087447896134
36,151.19767195048038,0.0,94.62860829640593,4,-45.21181485202462,-11809.395910903004,-11629.406720635052,-179.98919096066817,-11809.408020151905,0.012109248900742386
37,17.39175161175799,0.0,34.74668230631141,4,-52.28477243033414,-10309.99289492978,-10287.862110060549,-22.130734973124042,-10309.9830938939,-0.009801035879718256
38,-16.22874096762034,0.0,14.512844702251579,4,-51.683946935164904,-9776.377097412698,-9757.148509520475,-19.22857929568572,-9776.386839933992,0.009742521293446771
39,48.28850328837193,0.0,-106.58491762483717,4,-32.375366430565236,-11331.632804131043,-11305.770817771729,-25.861973441790287,-11331.689923104284,0.057118973241813364
40,-47.31028365102065,0.0,55.50437247080895,4,-60.71788496293414,-7992.238235704076,-7976.192518229742,-16.045740125180664,-7992.241698817654,0.0034631135777090094
41,-92.60999936057507,0.0,-79.00316891346547,4,-38.245574630649,-9461.631318786887,-9441.969133870904,-19.66215303197961,-9461.619860775178,-0.011458011709692073
42,-33.90894072646921,0.0,-28.92236172871731,4,-45.34136069134531,-9944.16509790618,-9924.365885199571,-19.79922331754454,-9944.179799848454,0.014701942274768953
43,-199.57786928532235,0.0,-11.255268424061297,4,-43.718024686052225,-5158.148930193204,-5139.394159974724,-18.754734933396968,-5158.147636602741,-0.0012935904633195605
44,18.249751361753972,0.0,-3.6898940588404976,4,-46.71575798806009,-10585.124783600364,-10564.277153817253,-20.847653061719118,-10585.1371015334,0.012317933036683826
45,-10.870798131544941,0.0,17.998877331445303,4,-51.91996495115625,-9860.199312295223,-9841.243495803184,-18.955821551788397,-9860.216103080847,0.016790785624834825
46,68.49402846477366,0.0,64.38264802608819,4,-50.368360162429305,-11164.25371889313,-11128.628211263811,-35.625541316005005,-11164.232402574695,-0.021316318434401182
47,-20.40449016033017,0.0,-20.22416209743398,4,-46.24221642637678,-10115.073229525467,-10094.420260923542,-20.65296364099786,-10115.067751910357,-0.005477615110066836
48,90.12037962716646,0.0,-9.048152390439983,4,-40.248413251637146,-11999.11445502748,-12029.608419232229,30.493970594424578,-11999.125177469821,0.01072244234092068
49,-4.738604674627743,0.0,-14.880250370445566,4,-46.370387232673664,-10333.185056964554,-10311.305779423768,-21.87922826760472,-10333.193420348342,0.00836338378758228
50,149.2578895118399,0.0,-30.04608117968888,4,-34.30625603484784,-11972.507280473037,-11970.159234684945,-2.3480317150486485,-11972.511817757548,0.004537284510661266
51,33.19432833429378,0.0,-96.20154213221421,4,-34.01593028576043,-11212.181169901918,-11201.206188479531,-10.97498362826499,-11212.162734836864,-0.018435065054291044
52,28.42001524218652,0.0,56.69293820427628,4,-54.1220983003243,-10347.32989470126,-10325.153973733124,-22.175889080136063,-10347.337809246941,0.00791454568025074
53,19.363237663179124,0.0,92.63279102849218,4,-59.161364954654545,-9785.454735709896,-9768.818020943438,-16.636714567939585,-9785.473740975736,0.01900526583995088
54,-11.099252740235928,0.0,106.84850022467403,4,-64.52984490368706,-8317.523207265729,-8314.058051491418,-3.465140533879753,-8317.542286309554,0.019079043824604014
55,-15.288217194685693,0.0,36.65541808436302,4,-55.25277066962296,-9483.053984044174,-9465.910960131121,-17.14300428246339,-9483.063159995141,0.009175950966891833
56,-13.763977314951145,0.0,-54.23479842500625,4,-40.95970127216113,-10477.21656015422,-10456.307567708101,-20.90899182119992,-10477.217329937235,0.0007697830151300877
57,-30.835052802743704,0.0,-141.36825742554336,4,-30.702860764035023,-10757.98964951022,-10736.37845244769,-21.611197243756962,-10758.00940035745,0.01975084723017062
58,5.478463633905871,0.0,87.92615127195164,4,-60.37857001859697,-9334.785137593279,-9322.499367377037,-12.285766513577766,-9334.774120187049,-0.01101740623016667
59,70.72108369310313,0.0,85.51390084307549,4,-52.316787121945865,-11109.44258620995,-11054.664438564145,-54.778179959071885,-11109.416562321829,-0.026023888121926575
60,-26.2034736288679,0.0,3.9968919983369022,4,-50.465502814277194,-9680.092388151861,-9660.455256248677,-19.63711296521274,-9680.090366289547,-0.0020218623139953706
61,134.37491298084416,0.0,56.746583395427756,4,-42.838281025509936,-12006.811548469745,-11976.267560397668,-30.543989303876877,-12006.821077781913,0.009529312168524484
62,7.9770255530327905,0.0,-19.991016625538375,4,-44.97447307577835,-10543.443164780898,-10522.85913487113,-20.584048164221276,-10543.446979789944,0.003815009045865736
63,-92.88278265595758,0.0,161.5132636925578,4,-82.96214724799812,-257.16447018154935,-301.9881037778401,44.82368947606836,-257.1515387425291,-0.012931439020235302
64,-27.394264794093324,0.0,97.36352111412704,4,-65.54373422061424,-7753.253597905645,-7743.244350281433,-10.009241858859145,-7753.249991400428,-0.0036065052163394284
65,78.31575233474652,0.0,-36.61423450639789,4,-38.264871252876894,-11577.297936008326,-11584.591632591024,7.29367868181282,-11577.392821591373,0.0948855830465618
66,81.74652773721719,0.0,54.967585835920715,4,-47.90541136793989,-11566.364427648943,-11582.995478155472,16.63102211159682,-11566.386259115701,0.021831466758158058
67,-7.7392740281825185,0.0,-58.37339713203774,4,-40.186945199320284,-10581.457999782078,-10560.903590526234,-20.55442631943956,-10581.47750954239,0.019509760311848368
68,-13.344388787744771,0.0,-153.08482278537002,4,-29.374759521043337,-10904.528455325684,-10881.754875922896,-22.773571337423153,-10904.553464427767,0.02500910208254936
69,-20.95094842889318,0.0,-101.80755268678307,4,-34.92442377743537,-10675.65604370598,-10654.699098679286,-20.956956194133102,-10675.671613262908,0.015569556928312522
70,-98.10110354013852,0.0,-67.41357810038076,4,-39.82082272338103,-9177.760629831735,-9157.960446021716,-19.800166277390453,-9177.769170983825,0.008541152090401738
71,58.18663358158129,0.0,137.8625049775329,4,-65.21165297145735,-11045.882023844064,-10792.210465084267,-253.67159550962282,-11045.877853892975,-0.004169951089352253
72,4.880256770582228,0.0,73.09730762394368,4,-58.75766540396006,-9533.769246754911,-9517.616142053568,-16.153074172874614,-9533.76366050084,-0.005586254072113661
73,-108.29140296956446,0.0,96.35417535776145,4,-71.77345475615446,-3234.6234594663497,-3223.349341847243,-11.27410370644868,-3234.626195740661,0.002736274311246234
74,195.19769008538788,0.0,4.744265809050155,4,-33.8535450384241,-11722.03934996893,-11692.160771069091,-29.878547268626523,-11722.035880683701,-0.0034692852295847842
75,-167.3021579058566,0.0,-97.11389323038065,4,-34.22385332247079,-8394.082792487328,-8374.596034667113,-19.486743233881914,-8394.092393014016,0.009600526687790989
76,-9.50372026768409,0.0,8.88767010005951,4,-50.36159637356906,-10007.922182662494,-9988.353664161348,-19.568533468612877,-10007.943480226713,0.021297564218912157
77,156.80274271048782,0.0,44.1684632983781,4,-39.764222706328844,-11927.075054683344,-11889.990899406544,-37.08411754253826,-11927.062480389151,-0.012574294192745583
78,92.33064526553196,0.0,-92.17595455223329,4,-31.701972301247828,-12074.847954971901,-12096.285301246955,21.437349098559054,-12074.891282715225,0.043327743323970935
79,143.77559388866723,0.0,-114.39081905069892,4,-27.832976126537034,-12137.418766010816,-12141.659097356742,4.240302502983899,-12137.431611689433,0.012845678616940859
80,1.3501525657366358,0.0,-10.487857997690284,4,-46.73215345961729,-10385.913164282436,-10364.258824049299,-21.654304518199954,-10385.923146013829,0.00998173139305436
81,-29.214053486297054,0.0,145.74042927960673,4,-72.04952911184354,-6277.143744231348,-6364.55603007469,87.41234696708624,-6277.149515264746,0.0057710333976501715
82,47.10379832368698,0.0,-9.429567970621955,4,-43.84515637569654,-11022.515674172519,-11009.544196508634,-12.971478248518547,-11022.511527201903,-0.004146970615693135
83,4.632634968849526,0.0,-73.5428135377002,4,-37.78489910613034,-10779.590913175383,-10757.301166617717,-22.289748876767373,-10779.603229060856,0.01231588547307183
84,-19.38996594267297,0.0,132.4309476603972,4,-68.52041558810267,-7280.754516122884,-7317.488683094076,36.734164079857244,-7280.770427346598,0.01591122371428355
85,70.62207592267116,0.0,126.38820172718768,4,-59.650690279571656,-11417.344588771639,-11282.274439893159,-135.07019266832165,-11417.341662114537,-0.00292665710185247
86,-164.28813218902812,0.0,-43.009961801333404,4,-41.31996810793272,-7138.875071876898,-7118.255879471792,-20.619190592770256,-7138.86890662644,-0.006165250458252558
87,123.24029003128639,0.0,40.241753638875565,4,-42.396720433926234,-12116.942900485683,-12109.065058792268,-7.877861188141975,-12116.953533511009,0.010633025325660128
88,17.734518499191765,0.0,-12.18569011434985,4,-45.528607497674464,-10630.388379475931,-10609.25386243845,-21.134541110686456,-10630.403149997956,0.01477052202426421
89,72.07345351412631,0.0,46.71958881100796,4,-48.27949265019515,-11118.491890400765,-11076.663639986917,-41.8282778127851,-11118.509199413493,0.017309012728219386
90,94.6789079607261,0.0,71.56118802481443,4,-48.01262808308337,-12046.37643678601,-12056.693993910027,10.317566790049348,-12046.38224780453,0.00581101852003485
91,-25.170741140314263,0.0,40.61588752605658,4,-56.64929757093229,-9103.772553231394,-9086.529062670781,-17.243489138181904,-9103.77062842231,-0.0019248090848122956
92,73.60708062224934,0.0,120.36110157389047,4,-57.74670128209626,-11459.33508646272,-11362.551090048622,-96.7840310150291,-11459.351784092662,0.01669762994242774
93,72.88078046592597,0.0,-17.651026665020403,4,-40.947458440948544,-11259.244301263325,-11240.125261469231,-19.119061994784786,-11259.193259236115,-0.051042027209405205
94,28.79030761637818,0.0,-196.0384058959603,4,-25.123127392452933,-11367.081649812866,-11347.98707558405,-19.094561459150274,-11367.047663160969,-0.03398665189706662
95,54.729282310897105,0.0,26.605955031955098,4,-47.720716282790285,-11005.326865379255,-10992.806167019791,-12.520695192396905,-11005.33776504514,0.010899665885517607
96,-59.956401594342694,0.0,-59.811754887777425,4,-41.040804267706164,-9815.384220857673,-9795.681060408957,-19.703160241788378,-9815.392270771868,0.008049914194998564
97,-0.5880278548444121,0.0,94.72900104016625,4,-61.80688905203759,-9014.272079096856,-9003.030333649238,-11.241755828356121,-9014.263674964532,-0.008404132324358216
98,120.5371104697119,0.0,89.53966364798215,4,-47.45573837949295,-12048.210306794273,-11962.763593136768,-85.4467402535191,-12048.220981136155,0.010674341881895089
99,26.56872180302162,0.0,100.68995524828708,4,-59.149222519363164,-9977.970834817737,-9959.656833088633,-18.31401921926838,-9977.988931546153,0.018096728415912366
100,-132.73885106797238,0.0,24.553671319287968,4,-54.71109314209033,-5640.44120731845,-5623.225114491422,-17.216117010804457,-5640.453887913581,0.012680595130404981
101,-28.401465208086645,0.0,135.12291760199176,4,-70.00387837620428,-6647.653231133435,-6686.757620440677,39.10439783189497,-6647.670609483024,0.017378349589307618
102,155.2967165994017,0.0,6.583178067494651,4,-36.90693073330118,-11971.136652063913,-11958.309121854965,-12.827515740444195,-11971.140774316376,0.0041222524632757995
103,-66.79253045762844,0.0,5.485749083836796,4,-52.062780844675856,-8530.922785968904,-8510.809640272255,-20.113155870203638,-8530.925241557863,0.002455588959492161
104,-137.3550271703765,0.0,131.27935786629521,4,-81.69176254423414,1204.6396712550388,1211.7260102162604,-7.086312736641309,1204.646400214818,-0.006728959779138677
105,165.04993051221416,0.0,-7.712280139779295,4,-35.071215889117,-11915.614348136094,-11902.749468575983,-12.864869000542372,-11915.6240232478,0.009675111705291783
106,-99.49915361462787,0.0,23.540849973111253,4,-55.605726312496955,-6922.253382862844,-6904.982161951772,-17.271237218242486,-6922.251868185551,-0.0015146772930165753
107,63.081046971975034,0.0,50.3850052999133,4,-49.484075359336636,-11162.456164561847,-11145.787724709615,-16.668466834904493,-11162.429683444387,-0.026481117460207315
108,74.73350772382413,0.0,-135.5967184525203,4,-28.746323958867404,-11637.189688860035,-11634.020723087348,-3.168952882892692,-11637.232075108115,0.04238624808021996
109,72.68373393871185,0.0,-2.343537796827225,4,-42.76100354312239,-11196.30535070035,-11171.207961831346,-25.09741104162191,-11196.355469073349,0.05011837299934996
110,87.12126747485105,0.0,67.64308607267378,4,-48.42031192894465,-11918.969262094417,-11944.374520193378,25.40524945145236,-11918.961982021832,-0.00728007258476282
111,-19.266695144001044,0.0,29.86304128405294,4,-54.41427685989307,-9476.182894005025,-9458.580789160056,-17.602086151723537,-9476.189307523273,0.006413518247427419
112,109.20249546307582,0.0,-96.88149670268987,4,-30.565782667723163,-12147.410454895762,-12164.575545959098,17.165088359426193,-12147.480139025765,0.06968413000322471
113,50.34433181029407,0.0,-111.58587560037907,4,-31.817707211674737,-11327.317713418948,-11298.27303028591,-29.044672593836758,-11327.27647156679,-0.04124185215732723
114,-25.12728102811986,0.0,15.705668477158751,4,-52.390395520370724,-9535.647967906483,-9516.47934328533,-19.168598746043166,-9535.666629464147,0.01866155766401789
115,44.02336683188184,0.0,186.01855546386074,4,-92.70516645404892,135.3879058005064,2887.8289994056063,-2752.4410856261534,135.37314475625791,0.014761044248473354
116,-71.61152990510271,0.0,49.97846528152141,4,-60.83312315824305,-7144.104993955134,-7128.948560858255,-15.156460133923098,-7144.125264330271,0.020270375137442898
117,106.89853043212845,0.0,-48.08317000995933,4,-35.13877578239651,-12123.430775309853,-12142.834359186705,19.40358115307375,-12123.393863047955,-0.03691226189766894
118,-6.68756106146968,0.0,27.494909815184627,4,-53.15312319375163,-9841.072219563568,-9822.693958674405,-18.37826331839203,-9841.077618029163,0.005398465595135349
119,72.5184327493364,0.0,88.83821982829939,4,-52.5329937829701,-11079.916789275541,-11020.355806421347,-59.56101521995593,-11080.007006551474,0.09021727593244577
120,93.7874650326594,0.0,42.90357559612202,4,-45.35305631717477,-12021.744596458242,-12047.934253348121,26.189683715275493,-12021.756363622364,0.01176716412192036
121,-8.160994614046109,0.0,-124.92795860755473,4,-32.11237322166712,-10857.025698376821,-10834.386654654953,-22.639034381244063,-10857.048433729922,0.02273535310087027
122,-103.92606055279568,0.0,10.787307074699617,4,-53.002871478534864,-7181.641338861015,-7163.062359652945,-18.578971851009644,-7181.632012674501,-0.00932618651404482
123,96.42658327542182,0.0,156.53524305496938,4,-73.69579894276139,-9552.235870521412,-8427.479966267361,-1124.7559139195348,-9552.237237945792,0.001367424380077864
124,-9.85526230823069,0.0,-82.20549056328014,4,-37.09625920656242,-10690.856637879206,-10669.69116987916,-21.16547756351715,-10690.856132282528,-0.0005055966776126297
125,-1.548249134832228,0.0,-91.29630851628959,4,-35.77160119157681,-10795.780392354605,-10773.475944567692,-22.304447338901607,-10795.771240940385,-0.009151414220468723
126,22.540977643721213,0.0,3.1405758243356225,4,-47.39527786169842,-10603.9989197935,-10582.86070526989,-21.138241399199785,-10603.992295835538,-0.006623957960982807
127,-129.07780913769548,0.0,-37.12448117449386,4,-43.738631275048405,-7825.417607940353,-7804.894711118873,-20.522891922150244,-7825.411777774756,-0.005830165597217274
128,65.69760250530955,0.0,81.02979916409559,4,-52.32235103521256,-11150.208174673307,-11121.681387137009,-28.5268175074631,-11150.203768901465,-0.004405771842357353
129,123.99017069159677,0.0,23.50570377582593,4,-40.84359660729915,-12116.764491826983,-12115.446981283387,-1.3175453493034357,-12116.758185843813,-0.006305983170022955
130,-26.433963293433145,0.0,-65.48093899289852,4,-39.718188161909204,-10394.63647406367,-10373.088879094805,-21.54756191204781,-10394.639435727722,0.0029616640513268067
131,-18.82773741458682,0.0,-98.51526987204919,4,-35.27970080020135,-10680.65678813281,-10659.648455741692,-21.00834292740249,-10680.682558892127,0.025770759317310876
132,-42.669661919995356,0.0,102.69864828791411,4,-68.07175138894956,-6813.597677716314,-6804.186013812286,-9.411656020853115,-6813.579928507712,-0.01774920860225393
133,27.47114492426265,0.0,159.8797231116986,4,-82.21741282589466,-10672.963937389542,-10504.47251448675,-168.49142739898667,-10672.947787032386,-0.016150357156220707
134,145.54612543036865,0.0,-9.962125440058564,4,-36.25200102008908,-11978.920892885822,-11975.066498054806,-3.8543887839091964,-11978.924624234647,0.0037313488246581983
135,146.70121609170965,0.0,125.54513272236508,4,-51.86753006881098,-11299.365858819167,-10774.983668063307,-524.382188815648,-11299.378247421675,0.012388602508508484
136,19.773866435504537,0.0,-25.168591605592063,4,-43.58965959426086,-10716.718324810969,-10694.609326433712,-22.109013030155555,-10716.729126269525,0.010801458556670696
137,35.62013808009251,0.0,-64.5720426877289,4,-37.57709251984465,-11103.749167740087,-11090.368975764002,-13.380202489077497,-11103.759825456147,0.010657716060450184
138,-195.02526043512194,0.0,-5.086086168811571,4,-44.993351084780365,-5008.382986320253,-4989.82009417864,-18.562861385223783,-5008.384329254617,0.0013429343644020264
139,144.7152125597626,0.0,128.890059782207,4,-53.05378096788778,-11194.718679012567,-10615.098881039756,-579.6197814716187,-11194.708604254736,-0.010074757830807357
140,-12.691106682980315,0.0,-4.562039614628601,4,-48.37894967414018,-10097.182309952963,-10076.835659388496,-20.34665203757481,-10097.17417728069,-0.008132672272040509
141,-66.67633793194699,0.0,141.1695496469639,4,-75.959794892255,-3689.309700488378,-3702.2818278029476,12.972118948685257,-3689.3156494792097,0.005948990831711853
142,-145.95820190913395,0.0,95.88578665458273,4,-70.26826174499077,-1073.906970997669,-1063.1366489529767,-10.7702959381671,-1073.9131032102835,0.006132212614375021
143,-6.901896141151703,0.0,-94.54081094854024,4,-35.509075426792236,-10767.735736787234,-10745.783625859502,-21.952112559345295,-10767.748327228228,0.012590440994245
144,-158.03635855771174,0.0,44.080878721245256,4,-56.90018877349702,-3776.480383594834,-3760.7053717612466,-15.775004217974246,-3776.4900054564696,0.009621861635423556
145,11.399915164217031,0.0,26.355711041722536,4,-51.58059288319021,-10268.268502356133,-10246.607496289971,-21.66095836448737,-10268.282298022037,0.013795665903671761
146,-40.38743651236317,0.0,24.763246604300587,4,-54.775478125822794,-8929.674330641004,-8911.383790926107,-18.290544816375245,-8929.666738268126,-0.007592372878207243
147,86.21578042382487,0.0,3.9154199911397676,4,-41.99647872753626,-11886.156304281149,-11919.587716158543,33.431396508425266,-11886.182158848325,0.025854567176793353
148,89.42234265643054,0.0,110.48823819698022,4,-53.840049133348224,-11993.663861919295,-11907.718410396481,-85.94546192016581,-11993.646274151057,-0.017587768237717682
149,-22.250754515246847,0.0,22.543457696636015,4,-53.38028664545495,-9507.516928808323,-9488.982137646159,-18.53476924600799,-9507.534360380936,0.017431572612622404
150,142.88833656364523,0.0,-41.522639039886805,4,-33.71421509490105,-12001.597652974446,-12001.203480023934,-0.3941685778399865,-12001.608081534605,0.010428560159198241
151,-3.4435557023455425,0.0,39.58372124288519,4,-54.79337063825347,-9767.099895246363,-9749.324566460225,-17.775323672908474,-9767.11086743544,0.010972189076710492
152,33.29404515200079,0.0,2.366033737772303,4,-46.52664156839162,-10728.123657378328,-10705.21256666066,-22.911090262013744,-10728.110586218692,-0.01307115963572869
153,-11.551430949263459,0.0,30.203555429665244,4,-53.934594275456305,-9681.864562553377,-9663.691697309514,-18.172851140374874,-9681.875465425224,0.010902871847065398
154,-92.55645974229466,0.0,115.2264532337779,4,-75.55227708857849,-3129.3469507130926,-3121.0478140943605,-8.299150517693265,-3129.3437431615475,-0.0032075515450742387
155,-188.55572602419133,0.0,-0.7811602052298138,4,-46.1794437009555,-4986.842176255905,-4968.432761998641,-18.409393086118616,-4986.8256361130425,-0.016540142862140783
156,6.416119243308775,0.0,-9.06965938418314,4,-46.67110322028277,-10445.63375985933,-10424.530071713787,-21.103677895368552,-10445.63674861687,0.0029887575383327203
157,132.86449792523698,0.0,111.61192098938201,4,-49.84313741057595,-11842.337246162928,-11575.803275009248,-266.5339664953092,-11842.345825176604,0.008579013676353497
158,-108.72191314158687,0.0,-64.59754242412963,4,-40.06870967962185,-8907.058202479639,-8887.485002973048,-19.573173074091287,-8907.045814657236,-0.012387822402160964
159,-21.86397349725398,0.0,-27.72081798776603,4,-45.122254873862914,-10165.716316126527,-10144.627077055095,-21.089214813716506,-10165.724329101558,0.008012975031306269
160,88.51711741625067,0.0,64.61310376487111,4,-47.976710941646054,-11951.963516874228,-11977.107211558863,25.14369046032116,-11951.95456209913,-0.008954775097663514
161,-17.05446998495407,0.0,25.345417489628737,4,-53.519864879473246,-9605.37000172062,-9586.8250697403,-18.544909600173536,-9605.389982006212,0.019980285593192093
162,72.46523916499936,0.0,149.31511533194583,4,-71.4648398072145,-12000.728299167602,-11458.17344738257,-542.5548938943374,-12000.73680853003,0.00850936242750322
163,-28.710628195703425,0.0,87.72205409224988,4,-64.40195997345066,-7945.494420720286,-7931.749458161417,-13.744976722510742,-7945.502584385245,0.008163664959283778
164,170.13466327834595,0.0,70.01773111522265,4,-40.73851868380296,-11816.489410423585,-11714.404746364382,-102.08465019084868,-11816.497679265303,0.008268841718745534
165,16.990531890070407,0.0,170.42784144474462,4,-94.2819243347832,-12111.1754407765,-11295.395714958138,-815.7796913774916,-12111.154325155305,-0.021115621195349377
166,-183.12757384802345,0.0,60.781993724242625,4,-57.67850345177974,-1878.0485558685016,-1863.0231769562783,-15.02540617973961,-1878.0438912575503,-0.00466461095129489
167,8.28751674747893,0.0,47.25282783157985,4,-54.91766589549584,-9973.092660117381,-9954.887981193404,-18.204695355943134,-9973.099111025962,0.006450908580518444
168,-63.966954269910744,0.0,3.5074331039891105,4,-51.66179499979112,-8654.72573724635,-8634.886079627631,-19.839671856368273,-8654.74970840588,0.023971159529537545
169,-21.847998311845313,0.0,9.405972587702445,4,-51.15321721647584,-9709.716256162033,-9690.216898359406,-19.49934236762572,-9709.720806075822,0.004549913788650883
170,-59.11818589224081,0.0,-85.18777794156145,4,-37.4579610122571,-10113.501493894106,-10092.276686827525,-21.224791067873273,-10113.502515172006,0.0010212778997811256
171,-6.332913000049062,0.0,-10.092384973661629,4,-47.17805836661967,-10271.650706651326,-10249.96045601509,-21.690200740124396,-10271.670311022339,0.019604371012974298
172,-168.96881676285875,0.0,-103.03071678036842,4,-33.50174277914213,-8482.992818622944,-8463.504064341178,-19.488735505211217,-8483.02226368044,0.029445057494740468
173,-57.81487238296084,0.0,12.121275975499046,4,-53.10618987265947,-8657.528761107405,-8637.822451089312,-19.706325093864724,-8657.52694248138,-0.0018186260258516995
174,-97.62206859443506,0.0,-40.95040069528908,4,-43.8972138659492,-8690.15684983842,-8670.697861052682,-19.45897564036241,-8690.174057363158,0.017207524737386848
175,25.872560624498963,0.0,-157.6481641644854,4,-28.209476414533796,-11318.011941545641,-11305.740545913737,-12.271392330722067,-11318.07399955819,0.06205801254873222
176,86.10936157219169,0.0,54.14841778476086,4,-47.23528669351394,-11863.705734699844,-11895.028421936027,31.32268123422015,-11863.643805241682,-0.061929458162921946
177,33.21616644731612,0.0,-110.48617441674973,4,-32.484347317123266,-11269.293196059207,-11258.437038071084,-10.856154470758923,-11269.338524331088,0.0453282718808623
178,55.220577364930065,0.0,-16.708078628471192,4,-42.226477378689445,-11246.84146287725,-11231.810056303922,-15.031409457743028,-11246.85513872065,0.013675843400051235
179,104.8531512546721,0.0,-148.9615725857599,4,-26.626521637150905,-12116.937276750143,-12132.118592489096,15.181301211812455,-12117.088115914861,0.1508391647184908
180,-145.75674359925014,0.0,-120.5361711125976,4,-32.221371186187774,-9167.084007894464,-9147.336702719003,-19.747287589697248,-9167.065723742515,-0.018284151949046645
181,13.985469545445477,0.0,-57.198838861736974,4,-39.5509412343521,-10793.301269754045,-10770.600928697288,-22.70033911287807,-10793.302214368669,0.0009446146232221508
182,40.36622781947921,0.0,-52.44379504390045,4,-38.79600826456256,-11130.109054847137,-11118.663976561242,-11.445090026117834,-11130.146577110294,0.03752226315737062
183,91.36988164058693,0.0,36.44982988801996,4,-44.9369310870575,-11993.969424119985,-12023.453270357604,29.48385667912579,-11993.993548112088,0.024123992103341152
184,-121.73192487586793,0.0,96.04090720463137,4,-71.62897349377353,-2446.888029507512,-2436.0558873008913,-10.832119354320941,-2446.909026639373,0.02099713186134977
185,49.753514113155404,0.0,45.76820340720744,4,-50.56253562307579,-10765.29630506391,-10741.586813826674,-23.70946743801295,-10765.301187666282,0.004882602372163092
186,-142.4905297058835,0.0,43.568479171664826,4,-58.00658495756657,-4409.4982124899625,-4393.272004935011,-16.226202720941227,-4409.505993997549,0.0077815075865146355
187,-31.648275391366337,0.0,40.23420457189341,4,-57.00720496836276,-8907.992327494623,-8889.942785595824,-18.049545549455676,-8907.992295556745,-3.193787779309787e-5
188,-26.210647739051044,0.0,-100.57526044523713,4,-35.165173465109675,-10613.102778464874,-10592.502117323398,-20.600677431433173,-10613.11191139195,0.009132927076279884
189,-20.09613251210682,0.0,10.3741306139545,4,-51.22007382043275,-9738.77910767687,-9719.352623701052,-19.42647119570051,-9738.773201654432,-0.005906022437557112
190,28.20469864915003,0.0,102.55680010141877,4,-59.17899149359777,-10024.670999336326,-10005.761106381855,-18.90990742060556,-10024.656275456946,-0.014723879379744176
191,-192.93011275956007,0.0,37.397232591437415,4,-52.11650978932362,-2980.2581636919117,-2963.7581507672367,-16.499988907057684,-2980.2590812060844,0.0009175141726700531
192,25.892235143932584,0.0,51.80608585187423,4,-53.77808839698028,-10334.131961593366,-10311.895200151212,-22.2367219660136,-10334.140149529921,0.008187936555259512
193,-40.6554042360529,0.0,77.66102733816946,4,-64.10371308978085,-7662.805629029052,-7648.219005531226,-14.586647181208892,-7662.812276320194,0.006647291141234746
194,139.3527443322285,0.0,131.8047424048154,4,-54.573930774430146,-11240.28528977893,-10627.82911029962,-612.4561662146127,-11240.29315975764,0.007869978710004943
195,-18.15945752560521,0.0,-63.25424867044659,4,-39.83045236815232,-10480.351662444644,-10459.461221592626,-20.890441102527248,-10480.350384729765,-0.0012777148785971804
196,3.2234173270465876,0.0,-126.69029639674649,4,-31.701376763950144,-10951.297099026084,-10928.832673713017,-22.46442921333859,-10951.30810929947,0.01101027338700078
197,81.70899131159442,0.0,168.41162280886752,4,-86.34147409493329,-2632.9844850071045,-873.9122690796141,-1759.0722123954893,-2632.9846480179795,0.00016301087498504785
198,49.022991017111195,0.0,-64.76019398959114,4,-36.82900638647513,-11301.340428818054,-11283.10288298343,-18.237541456104175,-11301.335962001922,-0.0044668161317531485
199,13.396372134996035,0.0,-18.51934528746984,4,-44.88002859751418,-10610.821560758846,-10589.957074965048,-20.864506945262058,-10610.837558147343,0.015997388496543863
200,-159.57116356234718,0.0,64.44861145054469,4,-61.139365061862065,-2539.610233951776,-2525.159225628578,-14.451006226678743,-2539.6077253940293,-0.002508557746750739
201,-53.97332992581474,0.0,-21.27222001551961,4,-47.09073540746365,-9394.804532516771,-9374.99018160794,-19.814318072432286,-9394.826052755723,0.021520238951779902
202,92.8515123112372,0.0,28.737507148188758,4,-44.0209516103352,-12012.10610018338,-12041.091290569817,28.98520684969348,-12012.140522529244,0.03442234586327686
203,74.79128574288991,0.0,-129.29339934262282,4,-29.277364878142997,-11631.546950618644,-11628.683802524036,-2.8631366728417325,-11631.47468936253,-0.07226125611305179
204,-38.55526646033058,0.0,-133.74860046944247,4,-31.5595352976917,-10660.588548455898,-10639.79859669041,-20.78996484788252,-10660.591857826226,0.0033093703277700115
205,-16.02120335463054,0.0,-13.942964014689002,4,-47.04661254877772,-10133.065689477195,-10112.341559739392,-20.724119590066504,-10133.06663138377,0.0009419065754627809
206,107.95712994910022,0.0,-145.07075530388556,4,-26.81354679904119,-12130.366267184962,-12145.256711205628,14.89043294552412,-12130.523103406507,0.1568362215457455
207,-49.52055292884214,0.0,-80.45504810815282,4,-38.01891718781986,-10210.077939944287,-10188.429585568358,-21.648313416831034,-10210.092608847202,0.014668902915218496
208,99.69872909300392,0.0,135.21150475151828,4,-60.066850577585186,-11893.106266168104,-11472.781869236758,-420.32437166782205,-11893.105530185532,-0.0007359825722232927
209,71.69815724133649,0.0,39.07316011360445,4,-47.50850232753912,-11124.88735596957,-11083.991403625121,-40.895978760155856,-11124.868932470117,-0.018423499452183023
210,-0.32130765310290754,0.0,43.19059879478032,4,-55.085797943487925,-9800.274427882534,-9782.389750501181,-17.88467538775542,-9800.28871363673,0.014285754195952904
211,-47.41483707539899,0.0,69.96079066421613,4,-63.357328690614736,-7579.231464155864,-7564.501096318642,-14.730401165627265,-7579.226601386446,-0.0048627694177412195
212,93.48166715510747,0.0,-54.243613291336764,4,-35.287098494494934,-12057.864916732336,-12082.135724580228,24.270820052444556,-12057.894224599684,0.029307867347597494
213,-149.70748474630184,0.0,-22.24778493796781,4,-45.264987487429615,-6857.867838415689,-6837.942338464893,-19.925498427403003,-6857.856076447547,-0.011761968142309343
214,-57.54400847942264,0.0,36.57949439794148,4,-57.6857381848353,-8095.962212921611,-8079.177610473824,-16.784619556952205,-8095.952453888482,-0.009759033129739692
215,-3.1603287275421232,0.0,20.560086245216073,4,-51.80410524453056,-10013.661503350215,-9994.444334200236,-19.217185496861944,-10013.665142283333,0.0036389331180544104
216,-14.305777936716316,0.0,2.4806752047621456,4,-49.60326101283305,-9977.866505562019,-9958.310403220356,-19.55611661359641,-9977.854840687512,-0.011664874506095657
217,-26.609016078780677,0.0,-12.755654119928446,4,-47.700073280889804,-9896.029252369062,-9876.515137944029,-19.51412377988,-9896.041728013906,0.012475644844016642
218,-136.94536051108,0.0,-110.80298925149818,4,-33.49463339323174,-9161.499520754516,-9141.736470316402,-19.763034205812893,-9161.50925026429,0.009729509773023892
219,-82.62085333809618,0.0,-49.810251226526645,4,-42.60912545820105,-9209.311206625813,-9189.525887568216,-19.785298581040948,-9209.311667550683,0.0004609248699125601
220,-138.30940911757833,0.0,-125.41523224755586,4,-31.860768062441554,-9350.8801508215,-9331.249261635618,-19.63085917823453,-9350.874687770764,-0.005463050736580044
221,-10.847059876386774,0.0,-23.323893434170003,4,-45.36298828418525,-10307.912045233774,-10286.060880158082,-21.85111252270835,-10307.925733950562,0.013688716788237798
222,2.025009186418518,0.0,-10.463062278961493,4,-46.70112373486353,-10394.811304724784,-10373.232392778771,-21.57887946655974,-10394.818504840905,0.007200116120657185
223,-175.58239257307403,0.0,-75.76756358527928,4,-36.443771371315414,-7764.5595151835805,-7744.466323317909,-20.09318529044692,-7764.565173060834,0.005657877253725019
224,60.52089863520686,0.0,25.540932738409943,4,-46.950379435808024,-11187.267512671784,-11172.957875364875,-14.309660155804224,-11187.277331884547,0.009819212762522511
225,106.56346700173582,0.0,-86.44526627249633,4,-31.58949744896412,-12129.546084726917,-12147.955437363957,18.409348979891295,-12129.497567257662,-0.04851746925487532
226,-149.4184571901035,0.0,-28.49125563732829,4,-44.26534793271079,-7066.411695951392,-7046.165399685929,-20.24629431806159,-7066.4191620027905,0.007466051398296258
227,13.659223050015825,0.0,-124.35674314984614,4,-31.67627169950752,-11060.222874883317,-11041.582605692702,-18.640281169464725,-11060.237734277167,0.01485939385020174
228,-26.417578127684983,0.0,24.31653627932489,4,-53.934047385918475,-9360.115560602768,-9342.29189023555,-17.823660183843284,-9360.115934378344,0.00037377557600848377
229,-16.431328341493217,0.0,44.60800728311473,4,-56.65181822391374,-9310.254460259137,-9293.218216238416,-17.036233201078083,-9310.251854896145,-0.0026053629917441867
230,-31.185873912230463,0.0,-4.861810549927205,4,-49.19408208436799,-9686.416974040458,-9666.742669854842,-19.674285301702948,-9686.416248530491,-0.0007255099662870634
231,-101.13941686176666,0.0,4.182013219569009,4,-51.78061984201831,-7481.186142161231,-7461.960380446222,-19.225755267811056,-7481.180677615685,-0.00546454554569209
232,-91.69848319569736,0.0,-115.5120098050867,4,-33.61920975674783,-9934.637967053803,-9914.091421447818,-20.546552630750117,-9934.6616429416,0.023675887798162876
233,10.733035826988214,0.0,31.493266614163097,4,-52.3866841800055,-10210.660426017701,-10189.706075338061,-20.954314802303475,-10210.66344901491,0.0030229972089728108
234,-112.51249342486027,0.0,-138.63279197641785,4,-30.885360695151938,-9884.94876558213,-9864.490362929177,-20.458409302499874,-9884.970400831444,0.02163524931347638
235,-82.59935859018948,0.0,140.72370684439295,4,-78.59475211428398,-2429.267537673677,-2434.070204456055,4.802692023043795,-2429.2624287780686,-0.005108895608373132
236,170.9076133984607,0.0,88.77197046991819,4,-42.6692315702147,-11617.317142000733,-11427.187547341557,-190.12962415476312,-11617.317383137828,0.00024113709514494985
237,-143.94319352534097,0.0,-125.71692234553069,4,-31.71204702159373,-9269.740600272973,-9250.059252988225,-19.68131910525308,-9269.750977062027,0.01037678905413486
238,-47.788152971787476,0.0,-58.877030796259,4,-41.03871648459864,-10028.904038953071,-10008.375725729706,-20.528321119964698,-10028.906272352231,0.0022333991601044545
239,113.92219125149231,0.0,-74.33823597135576,4,-32.319424778847875,-12152.578351744973,-12167.241813477462,14.663456046589506,-12152.578170667712,-0.0001810772610042477
240,-138.58734098540202,0.0,-141.0684176304966,4,-30.255476501244633,-9550.857677518534,-9531.220632722423,-19.6370247729579,-9550.870839345853,0.013161827318981523
241,36.39173233137588,0.0,61.30135467393473,4,-53.76873247635113,-10482.708983165458,-10460.498430001073,-22.210584203377703,-10482.709941772111,0.0009586066535121063
242,-12.424350046218525,0.0,-19.60967606298978,4,-45.99727198898931,-10253.157501750065,-10231.546541778493,-21.610913218994725,-10253.169959589262,0.012457839196940768
243,5.734335936359916,0.0,-20.758708213481217,4,-44.983715697097296,-10516.25106707089,-10495.607414744114,-20.64366835799093,-10516.238575440282,-0.012491630608565174
244,-9.175449219412059,0.0,125.55252675674836,4,-66.3300890123571,-8011.06027505147,-8033.20685002579,22.14657957019366,-8011.064813346184,0.004538294713711366
245,188.8860912934249,0.0,10.58566753017678,4,-34.703188893306056,-11787.004844781211,-11757.615976655195,-29.388830579734748,-11786.995111723276,-0.009733057935591205
246,-39.064017455728944,0.0,-25.594053541253963,4,-46.02735518192639,-9792.60993430291,-9773.09374153898,-19.516186258151855,-9792.621731261988,0.01179695907921996
247,31.418217036997124,0.0,20.82850507787345,4,-49.16242870543345,-10626.069501231059,-10603.905642894326,-22.163887911483936,-10626.078828950125,0.009327719066277496
248,-76.78279014814275,0.0,-67.8563174484488,4,-39.91189630258022,-9601.336700012997,-9581.748309235227,-19.588369011622397,-9601.318083804445,-0.018616208551975433
249,2.564299913714959,0.0,35.44544054332411,4,-53.66368284903777,-9975.0151822274,-9956.961371910376,-18.053827417577267,-9975.021244536552,0.006062309152184753
250,34.982520641047955,0.0,43.965090707109056,4,-51.84344586559529,-10558.80995885753,-10536.013150771165,-22.796844120776854,-10558.81941827935,0.009459421820793068
251,110.42256311991989,0.0,-9.286756287339033,4,-38.77386044073702,-12085.531932646525,-12100.1968992135,14.664960620976224,-12085.493499840833,-0.038432805691627436
252,81.44652347383564,0.0,-17.643179539133694,4,-40.09054753475852,-11684.563966233509,-11704.001071955661,19.437084760196797,-11684.488025435085,-0.07594079842419887
253,106.98979085954231,0.0,164.13404844510163,4,-75.3103414194791,-3117.2012929731686,-1503.2078076560017,-1613.9934786454362,-3117.2133773317787,0.012084358610081836
254,-91.18139510394722,0.0,28.33713846423133,4,-56.65226706071896,-7074.804318353344,-7057.884795253662,-16.919535663274967,-7074.818930859456,0.014612506111916446
255,60.48797063335539,0.0,18.508659133151916,4,-46.118154821890364,-11206.927186597482,-11191.025425626545,-15.901779283728791,-11206.945396034782,0.018209437299447018
256,19.522747800918182,0.0,-13.699038946595879,4,-45.20469977960413,-10660.521771998063,-10639.04246098159,-21.479333033585192,-10660.52902542197,0.007253423907968681
257,87.83846334064437,0.0,-26.860739655950944,4,-38.49332273154695,-11980.157296486233,-12010.251048181008,30.093754168492794,-11980.116984584636,-0.04031190159730613
258,56.19153689772276,0.0,-34.587477563692886,4,-39.99068210232861,-11275.199517841264,-11252.492945374188,-22.70656801103138,-11275.204986064684,0.00546822342039377
259,-62.45034679260092,0.0,-22.334570112916293,4,-47.04659342803272,-9205.337693966796,-9185.793837516023,-19.5438379791509,-9205.33339413707,-0.004299829726733151
260,-55.60536619621319,0.0,85.38626163874757,4,-66.70929592023163,-6709.185186219745,-6694.752606053419,-14.432614218689558,-6709.175516121091,-0.009670098654169124
261,-4.550271620269757,0.0,-103.11994382017033,4,-34.45181902358959,-10813.72308637237,-10791.324259651896,-22.39882363789761,-10813.72271317181,-0.00037320056071621366
262,-27.466575793942784,0.0,58.30365607162571,4,-59.74226833804676,-8695.755304746586,-8678.091841562315,-17.663478684555802,-8695.761068032532,0.005763285946159158
263,91.55566905942035,0.0,66.1339774471888,4,-47.80608214400194,-12006.77374985515,-12026.783656417394,20.0099137934751,-12006.78243477269,0.008684917538630543
264,13.038857839025754,0.0,60.59437145931703,4,-56.293265506589215,-9935.577018703485,-9917.216399188575,-18.36063625224579,-9935.579786261778,0.002767558293271577
265,2.77304268926485,0.0,117.1612851964151,4,-63.650644120593576,-8766.02980466552,-8770.458989657303,4.429172114395865,-8766.059596650523,0.029791985001793364
266,8.511597706605256,0.0,157.17645619140012,4,-73.85160416057082,-10030.302549274873,-9954.784153692843,-75.51840588808507,-10030.344540630455,0.04199135558155831
267,173.10843928514717,0.0,-41.19835520256388,4,-31.991466817286057,-11890.3007265532,-11880.829495686885,-9.471224780104123,-11890.300108655514,-0.0006178976855153451
268,-73.44225617582481,0.0,-151.32395001840976,4,-29.878596931081983,-10415.27212777945,-10393.960359553348,-21.31174515767022,-10415.269795763079,-0.0023320163709286135
269,6.754330072296769,0.0,-10.338216881117088,4,-46.46413902447172,-10459.105445320918,-10438.117147503583,-20.988294625948487,-10459.119489010658,0.01404368973999226
270,60.073700982273536,0.0,-165.36298217707323,4,-26.8756646398026,-11306.967868111275,-11277.076717432343,-29.891132854569033,-11306.885900063238,-0.08196804803628766
271,-12.761523171460354,0.0,-171.01914867339326,4,-27.7438844771289,-10960.767893217473,-10938.173669257565,-22.594228110473857,-10960.785085944908,0.017192727435030974
272,-11.147933412578032,0.0,14.160243111794703,4,-51.31585160551362,-9903.036586258635,-9883.92994769969,-19.106651048535003,-9903.059936170654,0.02334991201860248
273,-111.07047098438112,0.0,-66.31794333875465,4,-39.77535996447358,-8889.461098009264,-8869.893695495308,-19.567375326635652,-8889.454025487948,-0.007072521315421909
274,59.90124717723983,0.0,54.81440952509052,4,-50.35528187742891,-11037.510984492596,-11024.26572939424,-13.245262173432392,-11037.494525472097,-0.01645902049858705
275,25.689735940025134,0.0,-9.099109190123933,4,-45.46829826214423,-10703.386282242287,-10681.143392967393,-22.24290457629923,-10703.388195457444,0.0019132151574012823
276,-7.869328846323643,0.0,44.75302775036597,4,-55.966144144607924,-9571.11256978654,-9553.282295164392,-17.83025137496948,-9571.135041397978,0.02247161143895937
277,-153.12386057365055,0.0,-20.01202983276753,4,-45.45528708391574,-6689.554672774622,-6669.829450311609,-19.72521947175568,-6689.565558898101,0.010886123478485388
278,86.87241310529694,0.0,-3.8052921076858297,4,-41.08653738018056,-11922.668004961924,-11955.56872860545,32.900712840512554,-11922.641584616156,-0.026420345768201514
279,-90.52420572916319,0.0,-41.954530853928745,4,-43.81223730920935,-8882.854141181444,-8863.426946221636,-19.427168183101088,-8882.87067433967,0.016533158226593514
280,-54.29259774328847,0.0,-46.71698638716936,4,-42.97060804308321,-9756.029331063484,-9736.467919181536,-19.561402734184636,-9756.039866522691,0.010535459206948872
281,-9.749674493425605,0.0,24.15719627732761,4,-52.83752597595897,-9807.952722120288,-9789.288645771136,-18.66407315248175,-9807.963397757652,0.010675637364329305
282,-10.189258753422951,0.0,-115.88641050641233,4,-33.123754249209576,-10815.944029926262,-10793.61809161848,-22.325934849002255,-10815.939653286383,-0.004376639879410504
283,-195.92608556328128,0.0,36.72828736786541,4,-51.67001186585849,-2931.97297594805,-2915.3859915769385,-16.586962164853254,-2931.9944112932867,0.021435345236568537
284,-113.40147192671004,0.0,-44.711719332566076,4,-42.99910558922593,-8388.892186228035,-8369.135985785182,-19.756202713574837,-8388.905179499541,0.01299327150627505
285,64.13324747322201,0.0,-189.18119285812824,4,-24.99927291969249,-11412.233178861692,-11390.947566581319,-21.285587730769876,-11412.230108316495,-0.003070545197260799
286,140.8811539954697,0.0,-102.3286989716138,4,-28.841926918622725,-12136.001229315736,-12140.582980308074,4.581723450878999,-12135.997114344606,-0.004114971130547929
287,57.09246856027709,0.0,101.36482855480287,4,-55.90036453160296,-10764.687043154821,-10729.239208390718,-35.447812753798146,-10764.68224831901,-0.00479483581148088
288,30.40115311344768,0.0,30.701237904913746,4,-50.57303761775416,-10557.221990312903,-10535.241793440764,-21.98022783257824,-10557.221671242984,-0.0003190699189872248
289,76.40304079097734,0.0,6.762091797858422,4,-43.42930170048218,-11319.36190982466,-11310.904009828138,-8.457930806728953,-11319.391731986363,0.02982216170312313
290,8.583782758323133,0.0,-7.022189639864901,4,-46.84884415671502,-10462.505737856829,-10441.54892300976,-20.956814391453964,-10462.506214924024,0.000477067194879055
291,-23.810453995589,0.0,-33.106849616671305,4,-44.35798541548256,-10184.152935355618,-10162.897558131359,-21.255346036173073,-10184.154437900008,0.0015025443899503443
292,-24.72522197820067,0.0,-53.67923532595068,4,-41.33385613565004,-10337.936724909918,-10316.086549392041,-21.85012715821974,-10337.954284140322,0.017559230404003756
293,195.36419311427576,0.0,-17.467316984847418,4,-32.35167451126909,-11754.574293169811,-11734.326569243738,-20.247693229092842,-11754.57299234701,-0.001300822801567847
294,117.91786909506305,0.0,-13.219469059585338,4,-37.876844982602265,-12089.227076116094,-12097.975919087898,8.74881738186565,-12089.2397147006,0.012638584505111794
295,-109.81751066036028,0.0,133.03789609932153,4,-81.03643597350347,-733.5526812171208,-728.9327954528221,-4.619846176277891,-733.5467093740643,-0.0059718430564998926
296,-48.00059539813042,0.0,75.0883579353801,4,-64.31340175341059,-7397.4973225238455,-7382.75483869059,-14.74250689869333,-7397.490969138717,-0.006353385128022637
297,28.94252374223037,0.0,134.5384020212702,4,-66.3348048049941,-10119.451647580387,-10075.792187450841,-43.65943130288368,-10119.456981531608,0.005333951221473399
298,-95.63823042495518,0.0,47.33659152590996,4,-60.59879424478994,-6213.207070242529,-6197.167464853503,-16.039614935830354,-6213.2112187681705,0.004148525641539891
299,-39.710347201755454,0.0,186.78004094968693,4,-159.17164120900912,3105.7893515618953,4421.144934476007,-1315.3555441533404,3105.7736026462153,0.01574891567997838
300,-157.85252235919396,0.0,-41.07139904478675,4,-41.92002392058358,-7233.539928145055,-7212.889415864233,-20.650510290862645,-7233.520982495529,-0.01894564952544897
301,-39.37655216981267,0.0,-16.56328967690917,4,-47.52304020918576,-9662.353562502065,-9642.656923118446,-19.6966184273553,-9662.340057842679,-0.013504659385944251
302,9.373131816671187,0.0,-167.71950152992372,4,-27.683917018108332,-11166.066228248743,-11150.140317628682,-15.925921456595265,-11166.077189729267,0.010961480524201761
303,42.42477325775163,0.0,-48.63311345606168,4,-39.13963520518768,-11152.429454170378,-11141.949641996252,-10.479823962436448,-11152.45750120107,0.028047030691595864
304,-14.674151460337676,0.0,-6.3324385109888,4,-48.19745655213803,-10075.796427448353,-10055.582559074546,-20.2138739018042,-10075.792202261666,-0.004225186687108362
305,-82.08078963551081,0.0,70.41245455025047,4,-65.35472591751922,-5932.425088590997,-5918.488032280597,-13.937068471617456,-5932.4434541142155,0.018365523218562885
306,104.93788107741783,0.0,-57.01664046110756,4,-34.38729172597769,-12116.379142641514,-12136.74903347736,20.36988885612169,-12116.404189857049,0.025047215534868883
307,-2.649299257291546,0.0,32.46190538716763,4,-53.62663434285941,-9879.85562350262,-9861.916676150577,-17.938957184096473,-9879.860181285154,0.0045577825330838095
308,-130.17744583358552,0.0,-84.99125152829367,4,-36.79277022431513,-8851.052232532342,-8831.431363856913,-19.620841322377665,-8851.066765378928,0.014532846586007508
309,-91.11584083045562,0.0,117.08049928694108,4,-75.81598579240384,-3122.17451250583,-3114.142783904794,-8.031733426464962,-3122.172872269727,-0.001640236102957715
310,101.07775728698958,0.0,-59.34219975806729,4,-34.37427168292253,-12093.947955582169,-12115.450383730795,21.502432007458488,-12093.895397573753,-0.05255800841587188
311,3.5593603078629332,0.0,-17.876915901892637,4,-45.522118533037926,-10465.647199891979,-10444.696102371143,-20.9510958745138,-10465.64639168593,-0.0008082060485321563
312,-113.47984458582121,0.0,13.89824486088649,4,-53.361488601639934,-6749.076317452756,-6731.006402938614,-18.069922340329068,-6749.070622365441,-0.005695087314961711
313,15.952500887475173,0.0,-22.549845776083437,4,-44.161575983233114,-10665.600828503924,-10644.203249440276,-21.397598917223835,-10665.593403940124,-0.007424563800668693
314,94.29669241796174,0.0,167.96057184491477,4,-80.9087314478646,-2133.917722861222,-369.0590199911369,-1764.8587090580947,-2133.9325770294586,0.014854168236524856
315,130.5376139296286,0.0,12.45994433095127,4,-39.325729868408615,-12058.907999412639,-12055.874607842274,-3.0333976686858413,-12058.8802503788,-0.027749033839427284
316,6.881017720235533,0.0,-50.11755374824734,4,-40.77044105023455,-10704.846818140284,-10683.294974343138,-21.551854606287883,-10704.840963164206,-0.005854976077898755
317,16.75838232340267,0.0,-89.61852749844567,4,-35.420917071244865,-10945.730059616295,-10923.835096960927,-21.894964593987922,-10945.73926852002,0.009208903724356787
318,-79.649067163458,0.0,56.79399579661634,4,-62.43246387765483,-6565.488751979944,-6549.821469899242,-15.667317957187322,-6565.476532254719,-0.012219725224895228
319,-65.29744077312938,0.0,-21.981583695952892,4,-47.14241388124909,-9126.792033801556,-9107.368166286595,-19.42385145656008,-9126.783890620132,-0.008143181423292845
320,-99.73540587235253,0.0,154.98574784971396,4,-83.40366652270686,-65.03609866816812,-80.3208030332344,15.284755050581163,-65.06180587002939,0.02570720186126607
321,12.19711513104289,0.0,5.134969495224325,4,-48.41714238317293,-10430.964302974344,-10409.743385528125,-21.22090392404889,-10430.975468249999,0.011165275655002915
322,-89.64469698274324,0.0,8.981839625115875,4,-52.83255202654607,-7722.145942223494,-7703.027001100593,-19.118944519364543,-7722.147272379667,0.0013301561730258982
323,181.30984650595235,0.0,29.862687145665813,4,-36.62735714044096,-11828.584411643791,-11789.706868553118,-38.87751606683268,-11828.587753872867,0.003342229076224612
324,163.48991390775507,0.0,-69.19902564684088,4,-30.371350588667493,-11995.842268999733,-11992.734726890209,-3.1075039321115496,-11995.851648777041,0.009379777307913173
325,-46.2655938662594,0.0,-129.507164200659,4,-32.07503471648008,-10560.218234526616,-10539.64611630945,-20.57213154931408,-10560.258908837008,0.04067431039220537
326,-98.08013975934233,0.0,-67.19660225559677,4,-39.852534263899116,-9174.59706698148,-9154.797953114283,-19.79909637733323,-9174.59175064165,-0.005316339829732897
327,80.74544835311733,0.0,148.18884190308873,4,-69.50372237839134,-11938.840337130277,-11347.070224276591,-591.7700695629019,-11938.85346326145,0.013126131172612077
328,24.312277268741024,0.0,13.513499940387069,4,-48.732473011563656,-10564.841954571506,-10543.757902375919,-21.08407846343941,-10564.85430245792,0.01234788641340856
329,118.10172331145318,0.0,6.457771734716361,4,-39.74876390997712,-12102.511108741099,-12108.958755216652,6.447608782134071,-12102.528973551474,0.01786481037561316
330,-34.0732029783577,0.0,50.62038883322911,4,-58.946431477230476,-8622.189417614361,-8604.457724705822,-17.73170229894289,-8622.208170995655,0.018753381293208804
331,7.297001028721409,0.0,-14.392449091640396,4,-45.83465169407038,-10494.887856631554,-10474.146040570047,-20.741827858765706,-10494.89233298206,0.004476350506593008
332,-156.99992708954187,0.0,108.91355490921745,4,-72.84834237046816,536.8616612097605,548.275944234516,-11.414272378841913,536.8752407031466,-0.013579493386032482
333,-23.610312443939378,0.0,-26.359295357753474,4,-45.39979137759016,-10119.42379671069,-10098.675061205586,-20.748728254761726,-10119.430690782223,0.00689407153367938
334,-54.37772302481257,0.0,-160.81075736454264,4,-28.953823676701326,-10644.535442353095,-10623.851824659228,-20.68363190455754,-10644.532271443053,-0.0031709100421721814
335,-62.41531468645623,0.0,-178.37201148959784,4,-27.390080075008076,-10655.93382640695,-10635.213958089966,-20.719881686147062,-10655.916388177757,-0.017438229193430743
336,83.57491947105376,0.0,105.51790522749003,4,-53.46010565246845,-11897.20003791758,-11860.846739354136,-36.35332171738858,-11897.255730825269,0.055692907688353444
337,32.335632725883876,0.0,15.115826661886725,4,-48.320537245637865,-10663.761082204164,-10641.316922236301,-22.444180662555173,-10663.766956031883,0.005873827718460234
338,102.38097614178942,0.0,-112.65391699406375,4,-29.524106077607808,-12104.541438894548,-12122.07940994982,17.537960480983426,-12104.581736309416,0.04029741486738203
339,-61.68717261378186,0.0,92.85636532405576,4,-68.55207111397588,-6113.54279695294,-6100.573080077809,-12.969683700793109,-6113.540444693506,-0.0023522594337919145
340,-9.022857212508592,0.0,46.36023677283607,4,-56.316431955942186,-9511.823180536358,-9494.08069993019,-17.74245609205651,-9511.828292651933,0.005112115575684584
341,-102.12892500603719,0.0,-32.40911548213861,4,-45.23229274737557,-8392.55298751126,-8372.65060385787,-19.902387205380357,-8392.558568758162,0.005581246901783743
342,3.3954738166407425,0.0,117.72801452111761,4,-63.61831435099013,-8787.613449484417,-8792.395122939786,4.781660978808123,-8787.599260813739,-0.014188670678777271
343,158.25260361669731,0.0,115.91829574058389,4,-48.281235081914,-11301.272014205819,-10884.215059866216,-417.0569436409956,-11301.276027809778,0.004013603958810563
344,-41.3633228031216,0.0,-47.134649364093924,4,-42.6853927155269,-10014.13106325393,-9993.81271427904,-20.318358663249033,-10014.130121494374,-0.0009417595556442393
345,13.241811323300347,0.0,-83.4399428833559,4,-36.282636674375055,-10884.560921926028,-10861.487964242013,-23.072948498453336,-10884.565153440424,0.00423151439645153
346,-75.90189727611681,0.0,-97.81864072367854,4,-35.844686779882544,-9984.696631982291,-9964.039634058074,-20.657005137813126,-9984.715097992723,0.018466010431438917
347,17.043826244181027,0.0,-71.61080533515941,4,-37.592649547922505,-10874.577171658304,-10851.475966588841,-23.10119402685545,-10874.58764933029,0.01047767198542715
348,-103.31387323594858,0.0,-14.865994658689113,4,-48.213856053018596,-7946.828934355334,-7926.194970169371,-20.633964679977485,-7946.825675464437,-0.0032588908970865305
349,-176.32584095368236,0.0,18.44830348912861,4,-50.417117966899816,-4447.101254463509,-4429.49993783034,-17.60134767419074,-4447.102301790594,0.0010473270849615801
350,-14.376644518081255,0.0,31.654007140064166,4,-54.37019366201852,-9585.762100137663,-9567.965552689828,-17.79652587782704,-9585.77008011995,0.007979982286997256
351,-19.475127276732703,0.0,24.82810823295478,4,-53.590224909782556,-9548.13687597425,-9529.692641730973,-18.444212210461384,-9548.139243120513,0.002367146262258757
352,-172.8107344973587,0.0,71.75681827715464,4,-61.253321880021474,-1538.7200125830875,-1523.7504413865677,-14.96955971001088,-1538.7356207199957,0.015608136908213055
353,-45.36998403240419,0.0,12.836443645968194,4,-52.85115821165322,-9009.96511884871,-8991.255357865997,-18.709762188343955,-9009.968315149366,0.003196300656782114
354,-81.84806421168987,0.0,165.13333637838335,4,-83.88072573199022,-815.7401851404528,-945.842575113539,130.10241480993506,-815.7547490694433,0.014563928990469321
355,-115.91309513864641,0.0,93.73251822883819,4,-71.10541491534025,-2938.6689694891356,-2927.340446476129,-11.32848785441806,-2938.672431009591,0.0034615204554029333
356,14.565628309931558,0.0,37.78555082503971,4,-52.96070064371192,-10233.27001785466,-10212.018221291619,-21.25175458765906,-10233.30193988817,0.031922033509545145
357,-82.8384887416143,0.0,-141.93999587571815,4,-30.78338051075699,-10269.155287153364,-10247.271330904206,-21.883904596542955,-10269.17023791388,0.014950760516512673
358,-58.92621465320152,0.0,169.51957992932608,4,-94.26295469136647,-6689.809929301594,-7617.176569444937,927.3666256450224,-6689.857165875777,0.047236574183443736
359,1.558429057553469,0.0,22.102864478517514,4,-51.70119474943264,-10105.491039319644,-10085.590452548235,-19.900588415225563,-10105.509529358837,0.018490039192329277
360,-18.131835441359076,0.0,-10.357610520848667,4,-47.71869227873497,-10049.7372393336,-10029.643315390205,-20.093932742113097,-10049.75709356315,0.01985422954930982
361,20.84596394254555,0.0,81.96553997404831,4,-57.89799860506454,-9945.27151390487,-9927.505305279099,-17.766224829278393,-9945.28903128259,0.017517377718831995
362,-3.371630312099206,0.0,14.62221556741653,4,-50.881727518034666,-10078.953709906518,-10059.066858694263,-19.886858304693675,-10078.970659302488,0.016949395969277248
363,80.26583385489666,0.0,7.072856307069026,4,-43.01755912870116,-11539.070731556116,-11551.668825802484,12.598061920267089,-11539.013972935702,-0.056758620414257166
364,-45.345232671574436,0.0,-141.33805605619327,4,-30.821318743845147,-10633.023837409302,-10612.375127833877,-20.64872454869585,-10633.043718899553,0.019881490250554634
365,32.15014159951893,0.0,-150.54238649615195,4,-28.68925986024933,-11343.423457608757,-11327.627111334841,-15.79633886958579,-11343.436225855652,0.01276824689557543
366,-104.57981570166169,0.0,-69.08692675909076,4,-39.48828022351616,-9074.57245080252,-9054.831007812436,-19.741424555405715,-9074.584509058694,0.012058256173986592
367,-109.55626166590915,0.0,36.59148027458654,4,-58.120679990580975,-6046.4943864486395,-6029.972557460515,-16.521835125230727,-6046.498889650921,0.0045032022817395045
368,24.847029192254926,0.0,-5.094026519354899,4,-46.077958099335824,-10676.806190539148,-10654.901402584497,-21.904806456179035,-10676.812833505439,0.006642966291110497
369,29.926571126150538,0.0,-12.52124023576604,4,-44.73071491508655,-10757.701771552138,-10734.744174387042,-22.957592882676085,-10757.697096688918,-0.004674863219406689
370,-161.27983473731786,0.0,78.68983463614146,4,-64.12834695204846,-1573.4475390674493,-1559.2590492381578,-14.188504354974137,-1573.4306408891757,-0.016898178273550002
371,69.840259387448,0.0,-56.56119116490606,4,-36.74063207155883,-11291.815826938868,-11270.721747060534,-21.094091806417595,-11291.897534489482,0.08170755061473756
372,178.9305765188012,0.0,-62.447267803844035,4,-30.110498614221083,-11882.882251782927,-11874.575006978866,-8.307234249633087,-11882.87881755422,-0.003434228707192233
373,-17.75419570784832,0.0,0.5185389888369525,4,-49.46751869431501,-9924.217711111469,-9904.78974888865,-19.427974968419285,-9924.209849665427,-0.00786144604171568
374,-149.06189659200123,0.0,100.59743870368797,4,-71.30854763669795,-553.8622855478546,-542.7673404672356,-11.094954741045822,-553.8671156348289,0.0048300869742661234
375,78.12198366881167,0.0,-55.22511494113075,4,-36.24391596297168,-11620.831875422951,-11627.916675046177,7.084788633829256,-11620.898461347337,0.06658592438543565
376,-143.93794375315363,0.0,-54.44870461881562,4,-40.56909930910651,-7906.061497809596,-7885.880304780394,-20.181188322171042,-7906.077943674792,0.016445865195237275
377,180.28210287147513,0.0,-17.5237276645028,4,-33.31278623426461,-11838.264864981962,-11822.06244136012,-16.20242083121068,-11838.278241487968,0.013376506005442934
378,36.12697210456042,0.0,-3.6375399520432214,4,-45.50744484914694,-10785.200102016412,-10762.17612281015,-23.023962011162485,-10785.20168395244,0.0015819360287423478
379,89.81921647328468,0.0,64.33690429347867,4,-47.81298921685118,-11977.909985305037,-12001.335232142086,23.425247049742108,-11977.918490734608,0.00850542957050493
380,160.72719119197038,0.0,65.18471254300562,4,-41.14537641690546,-11879.317398032636,-11803.789412743716,-75.52799033114242,-11879.311946581787,-0.005451450848340755
381,-6.68386641502339,0.0,-110.69414507436714,4,-33.63552511995515,-10823.243116440455,-10800.807754090172,-22.435358253941047,-10823.266566584209,0.02345014375350729
382,-61.228254887489435,0.0,100.29954575020248,4,-69.79711019592456,-5846.600927296045,-5835.711806782656,-10.889061717917102,-5846.622543383534,0.02161608748974686
383,100.2645564391974,0.0,-90.68226862075058,4,-31.498124410419695,-12094.018611275009,-12113.39712431859,19.378508633391068,-12094.059884948896,0.04127367388718994
384,-34.977205671958345,0.0,40.05984727547494,4,-57.17380000860324,-8807.107346212766,-8788.791469754966,-18.315883667688183,-8807.120571058927,0.013224846161392634
385,-46.511304309922295,0.0,-49.97849926051863,4,-42.35046721256673,-9950.154022108283,-9930.112742273415,-20.041289828806345,-9950.163437657522,0.009415549238838139
386,39.45666888194578,0.0,-103.89916195743405,4,-32.94245179202345,-11316.919208739248,-11302.298997941381,-14.620207565433125,-11316.91502161368,-0.004187125567113981
387,8.18745938369251,0.0,-105.27908334595249,4,-33.89333519441572,-10919.584592264375,-10896.740843962618,-22.84374626282986,-10919.571337095646,-0.013255168729301658
388,177.42706059137927,0.0,-10.160362703742955,4,-34.04059539467934,-11849.20813237377,-11832.150117768626,-17.05801075755651,-11849.222271450124,0.014139076354695135
389,70.42366636828052,0.0,-33.538721819002724,4,-39.30982105101302,-11234.138869105424,-11209.328549874554,-24.81033508233672,-11234.130366421889,-0.008502683534970856
390,-35.55461378929101,0.0,18.934598628699476,4,-53.50337091570962,-9185.320060227714,-9167.219715901207,-18.10034843106554,-9185.330142833887,0.010082606173455133
391,67.56499053023228,0.0,-15.470043491526011,4,-41.60938299062284,-11177.854805140634,-11140.16763179018,-37.68717911602408,-11177.826037568744,-0.028767571890057297
392,10.677022077261244,0.0,6.34693663404125,4,-48.695144584929906,-10400.681328108767,-10379.173771268597,-21.507529970121915,-10400.681954120466,0.0006260116988414666
393,135.8907804480625,0.0,-126.67636893171425,4,-27.23088621471491,-12143.61294977421,-12150.714289507925,7.101329370239114,-12143.654289647493,0.04133987328350486
394,-1.773371845634197,0.0,-42.81441984402375,4,-42.14360606193859,-10559.882863026658,-10539.332101247419,-20.550778557381413,-10559.882574903213,-0.00028812344498874154
395,-46.17127231448384,0.0,-4.108686293533474,4,-49.8564150199888,-9303.444307693737,-9284.047922634203,-19.396365969845714,-9303.460967722765,0.016660029028571444
396,21.37253056431518,0.0,187.50213838519682,4,-92.23867527748297,-2976.561567049324,-133.53612699048549,-2843.025409333488,-2976.5758307585747,0.01426370925082665
397,64.39111160089186,0.0,-116.3030861228308,4,-30.926027376700787,-11304.408647771748,-11278.01027909181,-26.398364021559633,-11304.530467772336,0.1218200005878316
398,-20.285420726465308,0.0,-105.39026898939782,4,-34.48881042387582,-10699.22267415949,-10678.068119951266,-21.154561940093714,-10699.225736487633,0.0030623281436419347
399,8.867287392600835,0.0,17.774573850703923,4,-50.50483539129651,-10293.046017077766,-10271.221532247382,-21.824435144314627,-10293.056479849463,0.010462771697348217
400,-29.432488457236246,0.0,12.94015510486836,4,-52.144646653189305,-9464.539670691041,-9445.385715182585,-19.153930573988564,-9464.545943120545,0.006272429503951571
401,30.233867477215625,0.0,-101.04859525297863,4,-33.60621596899429,-11185.114383345943,-11173.005267431472,-12.109121472962853,-11185.129504199933,0.01512085399008356
402,46.56900591326963,0.0,-83.45292403966121,4,-34.849765335591485,-11316.681374552141,-11297.542464872671,-19.138902632855817,-11316.676052283185,-0.0053222689566609915
403,-24.177778093494627,0.0,27.785051184293728,4,-54.388258696721245,-9366.820738404289,-9349.368278006548,-17.452450391370824,-9366.834160425464,0.013422021174847032
404,-0.8496370424548843,0.0,18.276807508984188,4,-51.28138676173091,-10093.98346946922,-10074.070571667255,-19.912902114553766,-10093.991823136454,0.008353667233677697
405,-56.42632535077695,0.0,-27.821303497484205,4,-46.03519828432412,-9440.888247551884,-9421.030563160806,-19.857650968400623,-9440.887858459126,-0.0003890927582688164
406,5.443136707472612,0.0,19.749607307880247,4,-51.05106423248072,-10213.08104681412,-10191.959589536797,-21.121422438138588,-10213.078733635453,-0.0023131786674639443
407,-60.48913123606221,0.0,146.239210706732,4,-75.44860111295493,-3955.5187727869957,-3986.827598380498,31.308870296526802,-3955.5102717759837,-0.008501011011958326
408,-15.549240520524581,0.0,-52.82841134782283,4,-41.211738572985865,-10445.71845169696,-10424.565915957559,-21.15252052816726,-10445.707646865068,-0.010804831890709465
409,-125.89087195544515,0.0,-101.22683955822953,4,-34.85339477670104,-9200.060094820883,-9180.292507430899,-19.76756820887269,-9200.091564491235,0.031469670351725654
410,-43.25397053604252,0.0,61.75734287089125,4,-61.5689440882028,-7992.053260151843,-7976.1358132697505,-15.917477297691208,-7992.059536499386,0.00627634754346218
411,30.840265829767198,0.0,-43.66901223787942,4,-40.49986556074734,-10909.488112639736,-10888.269348101829,-21.21875466657007,-10909.50004838141,0.011935741673369193
412,-66.19057542222593,0.0,154.82799426837937,4,-77.7969516225614,-3037.9374357433016,-3103.870032061669,65.9326539915756,-3037.9409567051844,0.003520961882713891
413,-15.71464602121353,0.0,-24.50236486513238,4,-45.38208895334776,-10241.76837332461,-10220.205318230957,-21.563010826964305,-10241.780327741353,0.011954416742810281
414,57.26158927391495,0.0,-66.42277367495866,4,-36.275616084924906,-11282.216779762117,-11250.400924319192,-31.815849689833872,-11282.280523107045,0.06374334492829803
415,111.68643832788206,0.0,145.0721489445971,4,-63.35437795731149,-11480.677276664665,-10710.538054900104,-770.1392135981044,-11480.663218842094,-0.014057822570975986
416,101.91973097074063,0.0,91.55704022725443,4,-49.53340699036472,-12039.210643762235,-11988.212167852576,-50.99849044991946,-12039.202751874333,-0.007891887902587769
417,-29.022774777217364,0.0,16.836123439892372,4,-52.794103284316485,-9412.110202116968,-9393.402865245696,-18.707318600619388,-9412.119943460333,0.009741343365021748
418,33.67961902238217,0.0,98.01120333786108,4,-58.01496282053974,-10230.484439338306,-10208.95413521566,-21.530256273147184,-10230.489395295173,0.00495595686697925
419,74.37708108847805,0.0,-86.73944162889946,4,-33.24463409212537,-11541.805710932898,-11538.31186548308,-3.493849536289438,-11541.810028197247,0.004317264349083416
420,-19.884356225772706,0.0,-1.9776860408344572,4,-49.16608432588088,-9907.749302846134,-9888.318461291794,-19.430852890321756,-9907.757911333965,0.00860848783122492
421,52.61501086767091,0.0,-17.00921004902268,4,-42.38891240628725,-11208.461812128035,-11197.79718694559,-10.664634842590974,-11208.494950066199,0.03313793816414545
422,-138.33538681073918,0.0,-84.64351172075877,4,-36.626819392016145,-8687.00315905562,-8667.48905959496,-19.514072501265332,-8687.010921858075,0.00776280245554517
423,9.338570799684332,0.0,-188.90396110889228,4,-25.95564539906165,-11225.495796142954,-11211.4075388327,-14.088261837372183,-11225.508507554892,0.012711411938653328
424,13.757984562844616,0.0,-13.653106636663948,4,-45.56167241440037,-10584.904910067831,-10564.173432432848,-20.73149877320139,-10584.894637027583,-0.010273040248648613
425,111.68737036677489,0.0,52.7048057655106,4,-44.597139670816155,-12104.54336766788,-12100.158899581766,-4.384507733673674,-12104.561574538242,0.018206870361609617
426,25.233765394590844,0.0,85.77950436454627,4,-57.7660323399634,-10053.622606178567,-10034.47045888143,-19.152158476835947,-10053.637592571577,0.014986393009166932
427,-99.26893748575519,0.0,-149.94207597656194,4,-29.87798551677418,-10150.947232699764,-10129.316480167181,-21.63071939825987,-10150.97420185291,0.026969153146637836
428,-60.81175346258125,0.0,101.57534276394951,4,-69.96782330162257,-5819.378266066465,-5808.94915431048,-10.429058697683079,-5819.3858856006345,0.007619534169862163
429,141.54329745901933,0.0,32.37367065436921,4,-40.12576583905461,-12002.900393501775,-11987.703582691625,-15.19680551680337,-12002.893282979774,-0.007110522001312347
430,-178.618029323632,0.0,25.57041961820693,4,-51.46381629664005,-4032.5531674523672,-4014.9041702539153,-17.648996470626557,-4032.54275066699,-0.010416785377401538
431,-15.336798281566779,0.0,-14.892755669295395,4,-46.86459177460585,-10156.302429426829,-10135.38959801127,-20.912812566221895,-10156.298450819859,-0.0039786069701222004
432,-56.94755462512119,0.0,-28.620993124432513,4,-45.91041086219129,-9441.36638742748,-9421.508567377898,-19.85778670400402,-9441.384571791023,0.018184363541877246
433,154.1686223012158,0.0,20.865802646333098,4,-38.135356986021215,-11975.807526889856,-11958.21465880324,-17.592837906711868,-11975.814135862778,0.006608972922549583
434,-58.706810288309676,0.0,-115.85625803853489,4,-33.6567122877387,-10351.656319917734,-10329.940325033676,-21.715951771225694,-10351.687643528856,0.03132361112147919
435,-82.21398801317628,0.0,-147.92682419476444,4,-30.183634872996468,-10313.255197743621,-10291.425437973845,-21.82971045886538,-10313.228883210451,-0.026314533170079812
436,3.6820396127001604,0.0,26.867450767011768,4,-52.2705874100441,-10101.318939603123,-10081.640957331307,-19.6779848099402,-10101.33003768408,0.011098080956799095
437,38.510402050883506,0.0,-31.66209647911383,4,-41.58386380634613,-10972.931383558023,-10955.861232361136,-17.070145032592837,-10972.94333482211,0.01195126408674696
438,-40.44332840391496,0.0,-118.66817085511695,4,-33.22942798888256,-10560.263238517484,-10539.69654216066,-20.566709934842738,-10560.30256551534,0.03932699785582372
439,140.0508526132764,0.0,0.8994060211865591,4,-37.58639681627878,-11981.265645386722,-11977.326258926669,-3.939385294331902,-11981.281434405426,0.01578901870379923
440,59.602954217855505,0.0,-97.27998446416456,4,-32.94977167098562,-11257.194293341472,-11220.168492328427,-37.02579823099417,-11257.157311843499,-0.036981497973101796
441,-29.072410855084083,0.0,-18.254380991955323,4,-46.8983952790558,-9912.598711342915,-9893.001914366045,-19.59680743916785,-9912.619632955886,0.020921612971505965
442,82.88459078764465,0.0,25.237764607261898,4,-44.698735909127755,-11666.923203860275,-11692.011236724938,25.088001227588357,-11666.967666653009,0.04446279273361142
443,-11.017151094013458,0.0,-14.867767443055058,4,-46.66732887950961,-10234.698129058293,-10213.217766826934,-21.480320224998103,-10234.69937085189,0.0012417935959092574
444,154.30395768088434,0.0,-21.237181684721534,4,-34.70689633710023,-11993.253903775096,-11987.150918960222,-6.1029647926691535,-11993.255600716955,0.0016969418593362207
445,-44.43014837442264,0.0,-25.665273186235797,4,-46.15477390645964,-9677.085654712702,-9657.447701537096,-19.637933828013743,-9677.10945007677,0.023795364068064373
446,-160.23572126724878,0.0,35.98691198140618,4,-55.0613008156169,-4122.269071226984,-4105.164018690519,-17.105045564034842,-4122.275284616585,0.006213389600816299
447,-13.481448034877362,0.0,-74.47214196668438,4,-38.19111880807996,-10608.80417328019,-10588.196353272522,-20.6078369615163,-10608.820565961616,0.016392681425713818
448,-38.77114774955824,0.0,109.48760501862998,4,-68.45084695944708,-6814.45769156951,-6810.079265581764,-4.37839708028083,-6814.457134993972,-0.0005565755373027059
449,125.24208657737637,0.0,-123.778351813297,4,-27.80492357832005,-12170.182472401162,-12180.380734068463,10.1982676029842,-12170.16397450656,-0.018497894601750886
450,38.762431995044516,0.0,0.4258997295402723,4,-45.85295762244668,-10799.163738348714,-10776.413316047874,-22.750400639397675,-10799.164692023709,0.0009536749948892975
451,39.299865665232396,0.0,-96.21539774153383,4,-33.75825295893325,-11300.310523454484,-11287.424945098785,-12.885575904109297,-11300.337331057199,0.02680760271505278
452,-3.016310513800814,0.0,9.540955109754359,4,-50.0557163972525,-10143.791127413017,-10123.231603508375,-20.559512911258768,-10143.789334790274,-0.0017926227428688435
453,-43.30327349496521,0.0,-90.8389751223937,4,-36.60441916722961,-10361.463335774151,-10339.75905324003,-21.704240758716637,-10361.504007470074,0.040671695922355866
454,101.70620651854222,0.0,-136.32844853147046,4,-27.6641180557361,-12107.003579604672,-12123.284223689354,16.2806288265565,-12106.980619549864,-0.02296005480820895
455,-84.19791362876205,0.0,31.167566898493856,4,-57.21401878320686,-7250.643971529755,-7233.806600434213,-16.83737751002391,-7250.636938014992,-0.007033514762952109
456,-50.91053689449483,0.0,131.00137689592643,4,-72.52900627486919,-5303.003920762196,-5313.503108502701,10.499200903661476,-5303.019723183963,0.01580242176714819
457,139.43668188080738,0.0,-36.20573814788216,4,-34.37207862800953,-12035.297988311153,-12035.393404856231,0.09541454264829563,-12035.300298019642,0.0023097084886103403
458,-41.46705095382693,0.0,-67.94699585922284,4,-39.638758656449404,-10219.260357750443,-10197.62426338656,-21.636052320566044,-10219.272464441496,0.012106691052395036
459,-8.576049717988365,0.0,19.100363721928474,4,-51.94615973988898,-9901.653872842222,-9882.752923545871,-18.90096209272198,-9901.658778646039,0.004905803816654952
460,27.36030706364682,0.0,-59.178117208133756,4,-38.690086031291116,-10938.911406255567,-10918.109319021205,-20.80208299781548,-10938.929466646869,0.018060391301332857
461,107.92675893114762,0.0,130.19105216174754,4,-57.41536537582976,-11872.975129752604,-11485.67794291858,-387.2971625357631,-11872.974867683008,-0.00026206959591945633
462,-30.233911576595705,0.0,147.08033459404112,4,-72.64765993152596,-6149.0800260154365,-6246.598111837759,97.51816390482144,-6149.091516947924,0.011490932487504324
463,142.32252689243563,0.0,26.934081825908255,4,-39.60582760583452,-12002.152621340656,-11989.284298080545,-12.868319696432577,-12002.160781216779,0.008159876122590504
464,-96.30708989426527,0.0,-12.361456756865069,4,-48.78334805085627,-8082.965021744122,-8062.36478200471,-20.600234876248052,-8082.965851555888,0.0008298117654703674
465,-196.92630451668333,0.0,-23.713918564089415,4,-42.13471154158077,-5715.047966523496,-5695.762911208606,-19.285032289350315,-5715.047470457498,-0.0004960659980497439
466,53.17401560626246,0.0,53.32442089159298,4,-51.030233083683406,-10808.285724146675,-10786.689069990707,-21.59662558221527,-10808.283271651586,-0.0024524950895283837
467,-30.49058029634152,0.0,117.3293684682036,4,-68.2250184507936,-7054.653816088768,-7060.0493802796655,5.3955845561524285,-7054.689894822945,0.03607873417695373
468,2.9802059948071626,0.0,-33.907672298486844,4,-43.20888331924133,-10566.181125621542,-10545.616424969105,-20.564718459505393,-10566.171828322967,-0.00929729857489292
469,25.14252596775466,0.0,16.34164081510587,4,-49.06353446690252,-10559.722166084233,-10538.569813995951,-21.152378602440038,-10559.732075465281,0.009909381047691568
470,-43.2572995798648,0.0,-163.42230845204108,4,-28.664693007813494,-10746.995375160377,-10725.566276212454,-21.42909984878713,-10747.005937417887,0.010562257510173367
471,17.632273550322186,0.0,-70.34184396051832,4,-37.72746379293031,-10875.23319653734,-10852.139927133669,-23.093258507429795,-10875.246035128166,0.012838590826504515
472,19.142749885922125,0.0,-141.65626299345732,4,-29.823179278845107,-11188.803482572122,-11174.834157546844,-13.96933208803617,-11188.823277337331,0.019794765208644094
473,10.004159129656674,0.0,140.46819916141527,4,-67.8510238837173,-8999.883672386628,-9060.914140042845,61.03044367574516,-8999.897556034106,0.01388364747799642
474,2.565829362349002,0.0,-24.182608199400484,4,-44.64392029648516,-10494.680581145989,-10473.926224945199,-20.75436596524403,-10494.698688853267,0.018107707277522422
475,-102.41742850222593,0.0,66.76767301290664,4,-64.81500966286646,-5084.755297093668,-5070.853160200491,-13.902117864363372,-5084.764465988808,0.009168895140646782
476,-26.972809250735402,0.0,5.157377708270384,4,-50.697837839515834,-9644.984291220904,-9625.325924011797,-19.658344792552786,-9644.980349667945,-0.003941552959076944
477,-4.0330904614702545,0.0,-87.93835791132787,4,-36.23876472833379,-10765.585091282075,-10743.609494711784,-21.975599012114653,-10765.597661562402,0.012570280327054206
478,34.53448447747513,0.0,11.226432741701014,4,-47.62883763742845,-10703.283485986794,-10680.393124059994,-22.89036949119239,-10703.300379833092,0.016893846297534765
479,55.02641063219582,0.0,90.01025933524689,4,-54.69137747344521,-10720.73446890689,-10691.058474320305,-29.675970432847834,-10720.753564138633,0.01909523174253991
480,27.445159405715437,0.0,26.932493986193048,4,-50.33401194725288,-10529.58405230315,-10508.09676101927,-21.48731816103146,-10529.599475429779,0.015423126629684702
481,-131.57785549900146,0.0,-89.25984835824711,4,-36.21041061131031,-8901.553057113922,-8881.879395979851,-19.673636686149813,-8901.57872449642,0.025667382496976643
482,-71.60105417120845,0.0,74.24927242168684,4,-65.70449159463446,-6304.71594182375,-6290.409605279124,-14.306377904670361,-6304.723834944226,0.007893120476182958
483,72.26606450719044,0.0,-59.43661217091941,4,-36.24547955494091,-11384.931595838927,-11372.907627800856,-12.023981547300554,-11384.88194163919,-0.04965419973632379
484,-34.83452455724031,0.0,64.72347445013123,4,-61.433631779507735,-8257.092695272906,-8241.252550933592,-15.840171329051152,-8257.112742348854,0.0200470759482414
485,-21.096186925097005,0.0,53.06855517586668,4,-58.40047006446961,-9007.206338851636,-8989.129234942797,-18.077108843192867,-9007.202453531063,-0.0038853205733175855
486,-66.23767796425432,0.0,-10.786402673436505,4,-49.11803582437839,-8883.812983410613,-8864.493465701535,-19.319506694778422,-8883.820131144494,0.007147733880628948
487,99.87484034648543,0.0,-27.13832291618381,4,-37.6672371811919,-12079.164568870681,-12103.090451905544,23.925900495651494,-12079.113681456429,-0.05088741425242915
488,38.87054367193981,0.0,-191.9847117967212,4,-25.262517067638118,-11370.299520864422,-11344.334483813067,-25.965021060852575,-11370.312740592748,0.013219728325566393
489,4.205911720357443,0.0,97.80490937859733,4,-61.50313655052916,-9142.241789212267,-9132.510891624268,-9.73090791581784,-9142.25980865212,0.018019439852650976
490,-5.413352490118265,0.0,16.848582995494162,4,-51.373007544172694,-10005.460366453011,-9986.138971198196,-19.321411563805164,-10005.449063926702,-0.011302526309009409
491,-34.62632143775505,0.0,39.452209263591875,4,-57.048991588014104,-8829.621361000367,-8811.358691750775,-18.26267537948965,-8829.613898026568,-0.007462973799192696
492,34.4284224891748,0.0,-26.87210847536559,4,-42.49906470896416,-10874.904761065958,-10853.215631972038,-21.689111664335144,-10874.898732982947,-0.006028083011187846
493,65.58374427253817,0.0,-10.558929456472601,4,-42.29831631065678,-11202.17904952044,-11166.000231692598,-36.178818573523245,-11202.204668010321,0.025618489880798734
494,-112.23511067055883,0.0,57.38725112558704,4,-62.54977123250515,-5047.9477661325855,-5033.385361921577,-14.562410432589548,-5047.9583156191175,0.010549486531999719
495,-22.40871412508656,0.0,70.072883475841,4,-61.1576816917354,-8632.885476501524,-8616.338990055356,-16.54650532701207,-8632.883974312983,-0.0015021885410533287
496,49.480098739785205,0.0,168.8808243804069,4,-94.68419714457453,-8172.169945077398,-6712.861768425523,-1459.308172247376,-8172.175886518567,0.005941441168943129
497,-53.71200611292198,0.0,98.0993138776262,4,-68.65476313487274,-6358.206831780281,-6346.54287236957,-11.66392111922705,-6358.20018071278,-0.006651067501479702
498,-46.039952899967105,0.0,44.84412428486702,4,-58.687038645869976,-8314.118690911306,-8297.419675961708,-16.69902439107826,-8314.11806710032,-0.0006238109854166396
499,126.24288182534923,0.0,91.8311294049008,4,-47.18573418115965,-11989.413695751247,-11882.002287021896,-107.41141826027764,-11989.421244458423,0.0075487071753741475
500,72.84306278521753,0.0,102.7732003355166,4,-54.396197995670676,-11085.836862297843,-11013.894161326956,-71.94272839337026,-11085.779041191838,-0.05782110600557644
501,-95.23912417210087,0.0,6.587883911577505,4,-52.32584760536723,-7604.779134769074,-7585.603795271569,-19.175337696249606,-7604.798842576643,0.019707807569830038
502,14.245895545784368,0.0,-131.44914283153872,4,-30.93972861750367,-11095.577047699802,-11078.053408500939,-17.523652855811655,-11095.593115551519,0.01606785171679803
503,81.30615652408328,0.0,-77.40453178452019,4,-33.7157701379984,-11805.32877105127,-11820.876578831185,15.547809982681832,-11805.34029221444,0.011521163169163628
504,-57.43012558780811,0.0,-47.34090731146437,4,-42.91188064541051,-9700.877602058341,-9681.315809037977,-19.561778558063274,-9700.890050003545,0.012447945204257849
505,177.03378493586783,0.0,-79.06403849691193,4,-29.01157124415337,-11925.779386642693,-11919.246131876334,-6.533227840982553,-11925.776459993955,-0.0029266487381391926
506,-58.68303646393682,0.0,6.420779461258276,4,-52.09090622420695,-8748.040461921693,-8728.461666507135,-19.578806959018355,-8748.02652930734,-0.013932614352597739
507,190.88010286621596,0.0,19.13617184111032,4,-35.13761959105842,-11747.583851864205,-11710.840061648152,-36.74376763422386,-11747.58866100107,0.004809136864423635
508,48.35181929339485,0.0,-23.7130161544708,4,-41.87806514649256,-11145.248833208196,-11135.58253225116,-9.666314031047571,-11145.23083518596,-0.01799802223649749
509,-9.32937898474649,0.0,-164.66278580083687,4,-28.259423997998404,-10968.638845458563,-10946.201366937568,-22.43748455952842,-10968.645525762644,0.006680304080873611
510,21.160435260558167,0.0,-14.478015715279257,4,-44.99715472683733,-10682.388871610288,-10660.609051722806,-21.77983803544007,-10682.38713116033,-0.0017404499576514354
511,-171.90027778950534,0.0,-13.819606098640454,4,-45.331702172727994,-5958.033945598662,-5938.900614304782,-19.133308562169727,-5958.045644541831,0.011698943168994447
512,50.58238738492639,0.0,102.71718368376013,4,-56.81994490210347,-10593.59746535443,-10560.045127111165,-33.55234040016413,-10593.610083137177,0.012617782746019657
513,79.08716674724461,0.0,79.2281053664546,4,-50.652150350692786,-11399.899571356143,-11392.981320120602,-6.91828218003254,-11399.787934311751,-0.11163704439240973
514,128.68699243973117,0.0,112.6535046549877,4,-50.45739785861802,-11880.723870712816,-11618.841682272412,-261.88217880224784,-11880.745611803197,0.021741090380601236
515,173.16405096797467,0.0,48.06940094662988,4,-38.64391839490844,-11857.594190467798,-11802.983629897057,-54.61054693529133,-11857.596260078633,0.0020696108349511633
516,46.70346630193503,0.0,-77.60143196869957,4,-35.48674147584606,-11310.567329364685,-11292.62061220733,-17.946712180669618,-11310.562919450264,-0.0044099144215579145
517,-92.73299400960846,0.0,-41.444384056371014,4,-43.87455615828029,-8819.293062257273,-8799.878572175714,-19.414465932135908,-8819.309429278535,0.01636702126234013
518,-16.130063622864782,0.0,8.576964559381127,4,-50.70220269716119,-9857.239008484441,-9837.974976299494,-19.264036021931435,-9857.240384882509,0.0013763980678049847
519,-31.411725170371476,0.0,-31.708330596869658,4,-44.82324481737937,-10027.882865467695,-10007.665096958517,-20.21777810588003,-10027.875761115974,-0.007104351720045088
520,-180.4409837257711,0.0,1.9341434905138917,4,-47.26383563234557,-5085.965054722314,-5067.662319582261,-18.30271979682863,-5085.95873329146,-0.006321430853859056
521,-90.15897988194972,0.0,-172.65708067815365,4,-27.832601876615403,-10383.203208465482,-10361.690829857906,-21.51234694908592,-10383.208339488458,0.005131022975547239
522,-133.98994065726177,0.0,53.08966580488301,4,-60.644703020289136,-4277.568356462223,-4262.830792829069,-14.73759385522229,-4277.553786291708,-0.014570170515071368
523,41.07792760520207,0.0,43.02782723607893,4,-51.12877979220443,-10650.136314732907,-10625.7715565518,-24.36477551870914,-10650.142300068035,0.005985335128571023
524,111.35076401590251,0.0,-64.4931338178703,4,-33.34128912954219,-12144.774667107326,-12160.996874053188,16.22220075580595,-12144.783982137153,0.00931502982712118
525,75.01346340012728,0.0,-112.17139901859771,4,-30.779773757814258,-11614.846255485647,-11612.861071074192,-1.9851780508396952,-11614.78306110511,-0.06319438053651538
526,-112.34917220562394,0.0,102.63017266320021,4,-73.459788436327,-2590.9921979894248,-2580.7806389104508,-10.211572077564034,-2590.97640789729,-0.015790092134920997
527,-2.518519952602464,0.0,30.46920097724605,4,-53.307567302286415,-9907.849727712543,-9889.697193086151,-18.15254913885486,-9907.859971406762,0.010243694219752797
528,117.28947011994522,0.0,112.37241749660991,4,-51.48954369868043,-11945.020614747618,-11728.235979419102,-216.78463370691196,-11945.0393401369,0.01872538928182621
529,-161.5518762250839,0.0,33.42792161974138,4,-54.44893795517427,-4203.350587667394,-4186.020787916686,-17.329791524327057,-4203.355530938387,0.00494327099295333
530,39.198402953365935,0.0,65.04056277623758,4,-53.85323050232196,-10522.77794696106,-10500.015043769916,-22.76294088936792,-10522.790819444142,0.012872483082901454
531,-23.503233249282154,0.0,-39.71574218355414,4,-43.344061465846444,-10248.995042444403,-10227.337585302976,-21.65741013733337,-10248.996294979861,0.0012525354577519465
532,-82.36048341870756,0.0,-82.12223443022063,4,-37.88994963122253,-9690.446314878707,-9670.82023951581,-19.626064026806123,-9690.466424962247,0.02011008354020305
533,-72.05603899863713,0.0,56.30313652833673,4,-62.126004226855954,-6915.115924523987,-6899.857034232139,-15.258932231687558,-6915.119734018698,0.003809494711276784
534,-33.01404918004865,0.0,-170.68635519000983,4,-27.954423101230827,-10834.230717217612,-10812.011607113689,-22.219103924853723,-10834.246147984833,0.01543076722191472
535,-14.01351097920861,0.0,-56.76445401147905,4,-40.6128638559196,-10490.448248269904,-10469.628789605724,-20.819463208753717,-10490.44739062096,-0.0008576489435654366
536,37.296407440117804,0.0,186.59326864516984,4,-92.55276952161883,-412.59791925893114,2458.6152356376233,-2871.213148186712,-412.6142663500736,0.0163470911424497
537,114.28994253002104,0.0,139.4950088156196,4,-60.365719649859244,-11743.474343008456,-11115.01860404162,-628.4557490834541,-11743.47922405319,0.004881044733338058
538,162.50620468020156,0.0,72.05209324494054,4,-41.60908797628513,-11857.840888567212,-11760.980672608412,-96.86021482154243,-11857.853144124123,0.012255556910531595
539,93.72832544846278,0.0,80.96967557751047,4,-49.07053087668013,-12040.66385307407,-12040.740626566885,0.07677992847805953,-12040.670532135196,0.006679061127215391
540,-116.52931295333174,0.0,31.594534525387136,4,-56.86798783113268,-5966.588778069778,-5949.8065289248125,-16.782260518660063,-5966.598676705239,0.009898635461468075
541,7.963929484952659,0.0,-77.92459590504033,4,-37.13258718281693,-10820.359781668643,-10797.619694044075,-22.740081607006694,-10820.350786184035,-0.008995484608021798
542,133.06939744290938,0.0,134.58186326215903,4,-56.250634217839135,-11331.965396650476,-10693.544857799932,-638.4205351181141,-11331.964640402195,-0.0007562482805951731
543,-33.91904238814136,0.0,76.57425582130642,4,-63.278624786739314,-7999.47191230207,-7983.980503760343,-15.491438561630742,-7999.461915079306,-0.00999722276446846
544,-11.856253030396786,0.0,-24.334210250661446,4,-45.25140119449097,-10300.827454460668,-10278.993846575473,-21.833555199380584,-10300.83975584188,0.012301381211727858
545,-13.596360920419816,0.0,-9.898097241017188,4,-47.573239104579386,-10137.553058295513,-10116.834022806735,-20.719024294337395,-10137.556704238814,0.0036459433013078524
546,23.512348949373916,0.0,25.877970564868527,4,-50.536673766078515,-10467.332645567853,-10445.999233750748,-21.333426029624977,-10467.349073397343,0.016427829490567092
547,6.788961260541106,0.0,71.95131202540715,4,-58.41166307095275,-9608.835140016405,-9591.60165376083,-17.2334558177806,-9608.864618471676,0.02947845527160098
548,-148.5373668246486,0.0,28.025187472347536,4,-54.41935051925634,-4916.104511962713,-4898.829457574945,-17.275047516941424,-4916.112449233131,0.00793727041764214
549,-2.798662802176531,0.0,19.6615644408634,4,-51.63700622572757,-10032.939154917487,-10013.559337847602,-19.379831614754785,-10032.948000271594,0.00884535410659737
550,-89.77450446857476,0.0,-10.862887445067788,4,-49.132203078040845,-8231.926045585473,-8211.446344097702,-20.479695051057288,-8231.935969670056,0.009924084582962678
551,158.87062014724282,0.0,-65.98157046130073,4,-30.85199639762689,-11982.040692297911,-11980.298521620824,-1.7421360063330593,-11982.097613094862,0.05692079695108987
552,72.98356926644358,0.0,-87.12175056744685,4,-33.29441957253095,-11490.607976380494,-11483.397668689415,-7.210312803924764,-11490.641140369087,0.03316398859351466
553,-84.20830300764388,0.0,66.09521006041679,4,-64.48545940805937,-6004.815848052301,-5990.246097023454,-14.569750616150905,-6004.827790261013,0.0119422087127532
554,46.87086095247754,0.0,-113.12161804897706,4,-31.77367763218465,-11336.768014229014,-11311.643950132346,-25.124050593794916,-11336.71333307357,-0.054681155443176976
555,5.315627013903184,0.0,-59.21033290220486,4,-39.61325114987801,-10730.081842294954,-10708.295164175272,-21.78668708307385,-10730.078103700978,-0.0037385939758678433
556,-63.11041927198956,0.0,88.52962034179406,4,-67.90752761194905,-6198.4607809977115,-6185.258807129124,-13.20195146556777,-6198.457316117747,-0.003464879964667489
557,-143.951551931634,0.0,37.4155936670278,4,-56.61556891914087,-4652.587723127919,-4635.547313872982,-17.040397700138858,-4652.59546637913,0.007743251210740709
558,33.72826727713984,0.0,145.56436484509084,4,-70.76539044039014,-10485.182993182156,-10344.357714722382,-140.82530553891985,-10485.18045428505,-0.0025388971062056953
559,-48.85894621321979,0.0,-25.546579963899767,4,-46.27403742582435,-9577.635621646354,-9557.851165187569,-19.784428151809117,-9577.64708503887,0.011463392516816384
560,-52.946911634678465,0.0,171.8394357016806,4,-109.5327708818833,-10478.982625831526,-10561.030451816694,82.04785826243443,-10478.945298190878,-0.0373276406480727
561,80.19710443048719,0.0,160.63005265937113,4,-80.7168193700977,-9347.182915043491,-8106.017392427193,-1241.1655651546969,-9347.188886214844,0.005971171352939564
562,44.777274424110544,0.0,14.789744621030193,4,-47.24326807195425,-10818.250879820196,-10796.688418637461,-21.56243251840295,-10818.255833862668,0.004954042471581488
563,82.58607830520509,0.0,-161.82977741264557,4,-26.377494447758075,-11887.42193149372,-11895.383253015321,7.961321242731055,-11887.5163911631,0.0944596693807398
564,105.57208000921452,0.0,-35.22350164132641,4,-36.484486756649325,-12110.620202569171,-12130.94794800302,20.327748109141762,-12110.717532582565,0.09733001339373004
565,164.23665810643237,0.0,60.37559661394041,4,-40.41451954017689,-11874.714688250484,-11806.222122539912,-68.49256571800801,-11874.717665338518,0.002977088033730979
566,-8.289557165720225,0.0,93.45491977604742,4,-62.653596674365936,-8730.12445502839,-8718.720482644918,-11.40399464293632,-8730.107291973352,-0.017163055037599406
567,12.047980022506717,0.0,3.9156641031288433,4,-48.2475666834298,-10437.218638671033,-10416.055637414504,-21.16299062680562,-10437.221865574036,0.003226903003451298
568,8.633096975328694,0.0,6.47820229288377,4,-48.844899267879114,-10370.95752681386,-10349.196370221636,-21.761118346724075,-10370.953782339735,-0.003744474124687258
569,3.934429859671366,0.0,-19.57791053576007,4,-45.251807069555916,-10482.495486852456,-10461.66873966468,-20.82675298140679,-10482.50020753718,0.004720684722997248
570,109.75000727454896,0.0,83.2380452343447,4,-47.764660741402714,-12115.95931506844,-12072.577688350138,-43.38169124592434,-12115.952522104693,-0.0067929637461929815
571,20.42982709102384,0.0,-146.81459018542847,4,-29.309497646376794,-11221.640944687955,-11208.8454956809,-12.795451785348039,-11221.66054623768,0.01960154972402961
572,123.46743325366856,0.0,-44.58140748678265,4,-34.554710513704805,-12105.040511825498,-12113.565328857327,8.524794682911212,-12105.048404589263,0.00789276376417547
573,135.38087371878095,0.0,106.72941172156366,4,-48.613554701423816,-11871.336696935583,-11642.469641116577,-228.86703429592134,-11871.34827030085,0.011573365267395275
574,74.00347296790483,0.0,75.3964106044317,4,-50.95096725160576,-11098.617158784355,-11052.696201895104,-45.92099461897169,-11098.67308504852,0.05592626416546409
575,24.874102236520724,0.0,-74.46133291579393,4,-36.90608413951628,-10980.941098894247,-10961.212358653045,-19.728741565264844,-10980.954212168812,0.013113274564602762
576,-15.094402405278318,0.0,-125.96176458312259,4,-32.11293209279611,-10814.809238829976,-10792.556667632616,-22.252567424084422,-10814.792771002018,-0.01646782795796753
577,90.82803629611114,0.0,60.87941091275466,4,-47.37769268480482,-11992.116639312128,-12015.977832852319,23.861200135347158,-11992.139261865594,0.022622553466135287
578,-173.22013659853175,0.0,-11.42652787563107,4,-45.623803794419906,-5831.335766923682,-5812.35207581727,-18.983663669723924,-5831.358210628958,0.022443705275691173
579,-30.436551681114164,0.0,-10.686646433263114,4,-48.1925820191884,-9783.358454003326,-9763.85576875361,-19.502676167979658,-9783.365449376895,0.006995373569225194
580,166.44347135489656,0.0,-18.194976101737787,4,-34.16244517231045,-11912.110929550825,-11900.93797877299,-11.172940947370671,-11912.12794517173,0.017015620904203388
581,-117.50890822237662,0.0,9.353296393000768,4,-52.347248586640326,-6766.940560012508,-6748.465135327878,-18.47542687206583,-6766.93976067483,-0.0007993376784725115
582,-118.15985817674206,0.0,38.46057957346821,4,-58.23379880947604,-5623.725551776908,-5607.056910451439,-16.668631112744247,-5623.728551803876,0.0030000269680385827
583,63.523099269552624,0.0,-19.880338007571915,4,-41.31909022720762,-11225.88228855615,-11191.924492254964,-33.957793751812304,-11225.87451787156,-0.007770684589559096
584,-17.778635052224587,0.0,-101.09570606638253,4,-34.95075011223993,-10702.995449624332,-10681.78879553849,-21.2066612118219,-10703.001267972608,0.005818348276079632
585,128.40071097442862,0.0,-3.792724226317724,4,-38.00576731374242,-12108.568582401756,-12110.248104431857,1.6794988100454145,-12108.571716296447,0.0031338946901087184
586,-17.718991716324147,0.0,-1.69551281810041,4,-49.103553229582694,-9953.170656223501,-9933.640340542082,-19.530328829604997,-9953.185148609216,0.014492385715129785
587,49.632328048097456,0.0,-9.684148201919221,4,-43.58987693926385,-11089.905131977946,-11079.510916019186,-10.394224082029409,-11089.91264914979,0.007517171843574033
588,-65.47785328324868,0.0,-124.87293340794405,4,-32.64495820524097,-10337.485632428023,-10315.719233271866,-21.76635310511994,-10337.497372505248,0.011740077225113055
589,56.50494292661591,0.0,-92.88581140933734,4,-33.49086632444129,-11287.520241218961,-11253.103066584628,-34.41717028872622,-11287.52827520829,0.008033989328396274
590,-60.18203907381588,0.0,-62.204875421486264,4,-40.68879039465564,-9841.30709969535,-9821.52409322236,-19.783010273519665,-9841.298927167327,-0.008172528023351333
591,67.12102833206237,0.0,-12.973532783396813,4,-41.9270044366365,-11181.864194365286,-11143.960682352345,-37.9035163607845,-11181.858576063945,-0.005618301340291509
592,-21.9301569433823,0.0,34.76489228258843,4,-55.42308003688085,-9313.503790520881,-9296.809754286169,-16.694030440027102,-9313.502591731389,-0.0011987894922640407
593,155.4029139375777,0.0,11.766076159108996,4,-37.313434415307746,-11969.881049447453,-11955.385427039508,-14.495601267344492,-11969.886589264688,0.005539817235330702
594,-45.04940035347006,0.0,-72.06801843093443,4,-39.11421474401317,-10202.514459184476,-10180.933976655922,-21.5804435990806,-10202.510457902154,-0.0040012823228607886
595,-164.07875454189215,0.0,-99.34308362891205,4,-34.073539399962776,-8496.457950555261,-8476.970780820551,-19.487150789432317,-8496.466016951388,0.00806639612710569
596,-2.020825744593188,0.0,32.35575374233912,4,-53.56109029875512,-9897.026132335026,-9879.058355253746,-17.967790009567075,-9897.030605105518,0.004472770491702249
597,117.73566702599331,0.0,118.58464959464935,4,-52.923661130262786,-11909.588628314274,-11629.39969368741,-280.18892555090173,-11909.602340892166,0.013712577892874833
598,-86.87610245233068,0.0,105.35724740957947,4,-72.94715075959681,-4065.0080362663525,-4054.565557215279,-10.442475024760803,-4065.018321073362,0.01028480700961154
599,-48.946423093148596,0.0,41.448054696027626,4,-58.21226580981368,-8290.754791266912,-8273.913792399164,-16.841005297279906,-8290.751607705815,-0.0031835610971029382
600,-119.59119558471122,0.0,39.5300749554313,4,-58.40263647388964,-5520.973035612038,-5504.283554388171,-16.689466554908396,-5520.960166621584,-0.012868990454080631
601,62.71644351388163,0.0,-3.4996308842287824,4,-43.31333519389687,-11231.66771695436,-11203.558582111858,-28.109133131637627,-11231.686733231338,0.019016276977708912
602,-88.64349389886813,0.0,-31.330447203507667,4,-45.58667635764163,-8712.93970933671,-8693.466890952219,-19.472808854790724,-8712.944875194155,0.005165857444808353
603,16.35772599759179,0.0,-2.665682275926128,4,-46.99268885889123,-10549.616972636835,-10528.93361245404,-20.683381006599586,-10549.626521849676,0.009549212840283872
604,-48.45532049823871,0.0,-61.377642781702924,4,-40.68168267165498,-10044.481260861034,-10023.840089199628,-20.64117735453846,-10044.493250632318,0.01198977128478873
605,-18.06255336892397,0.0,85.06674031299347,4,-62.83055304700501,-8479.939466977092,-8466.172421748724,-13.767053577657947,-8479.959742423778,0.02027544668635528
606,46.228902160432455,0.0,39.37310390255398,4,-50.181444623389986,-10732.242363035613,-10707.646658096583,-24.595689873604496,-10732.25578463484,0.01342159922751307
607,-59.199325728221076,0.0,154.3609503578293,4,-77.10622067519938,-3626.1020659367605,-3708.9469312801366,82.84489770866416,-3626.1264982635867,0.024432326826172357
608,33.33265144240438,0.0,-141.4062288887662,4,-29.475789160248183,-11338.315952895331,-11322.925405754117,-15.390540594064296,-11338.331341520045,0.015388624713523313
609,10.552393949345662,0.0,195.05926730307027,4,-96.75160046040085,-233.53463192148467,3057.5975020224996,-3291.13212744006,-233.54843519021006,0.013803268725382623
610,-91.20461974301594,0.0,153.21497189436894,4,-81.39842788202397,-976.6514830263601,-994.0439531965203,17.39252697096487,-976.6425299030824,-0.008953123277706254
611,67.07587362581512,0.0,-36.702250532063964,4,-39.17473920980032,-11194.242200908198,-11158.986746783907,-35.25546327721803,-11194.266254219407,0.02405331120826304
612,32.29901348640799,0.0,-170.10621577022954,4,-27.044766326675738,-11358.298987164322,-11339.628563813232,-18.670411527231874,-11358.275897116579,-0.02309004774360801
613,-5.953852982239642,0.0,90.10821807944616,4,-61.976977528500704,-8888.921905124469,-8875.608174009398,-13.31374615680285,-8888.911443973097,-0.010461151372510358
614,113.47431880113146,0.0,-125.79312378889277,4,-28.06355923116905,-12169.03882343923,-12183.764596128049,14.725772383593503,-12169.049353561391,0.010530122161071631
615,71.63445167741394,0.0,10.686079199706514,4,-44.365472953905,-11146.264595064844,-11111.904876761444,-34.359736370402565,-11146.239745800707,-0.024849264136719285
616,51.090413621861245,0.0,-26.05365035749818,4,-41.36386378778837,-11220.634521999407,-11209.796195490215,-10.838334766658814,-11220.67276111036,0.03823911095241783
617,-6.917605634379207,0.0,-10.180099442376536,4,-47.19403339617892,-10262.736982886578,-10241.096770428849,-21.6401641597383,-10262.749096297335,0.012113410757592646
618,-5.201560171565014,0.0,117.73221642782707,4,-64.8868821930568,-8371.926205270202,-8380.381209683643,8.455026422414358,-8371.956983168817,0.030777898615269805
619,-99.61958886202483,0.0,75.95929929106765,4,-66.933966016595,-4787.785445434175,-4775.013142708633,-12.772343342470508,-4787.780515561078,-0.004929873097353266
620,118.79883340022967,0.0,-52.90193654317582,4,-34.037768721987696,-12113.897080704885,-12125.176559585185,11.279465264987001,-12113.903352873747,0.006272168862778926
621,57.26022039407498,0.0,9.024009042067776,4,-45.26786774619845,-11183.481161921029,-11172.284534438177,-11.19663943174837,-11183.473454692736,-0.007707228292929358
622,-5.609066700858198,0.0,-15.736483414679329,4,-46.28156819904715,-10327.035496107434,-10305.156347871316,-21.879097833514464,-10327.048046625334,0.012550517900308478
623,11.347915124981299,0.0,183.52045362726477,4,-96.98599135392706,-6524.6806449107125,-4304.408835517131,-2220.2717733606455,-6524.706472070483,0.025827159770415165
624,110.98887074469904,0.0,-9.536943831354392,4,-38.710407190653235,-12085.209512543252,-12099.410541932746,14.201021934243665,-12085.167261630182,-0.042250913069437956
625,58.720130921267014,0.0,-172.1274838756464,4,-26.390200299685244,-11298.595066734444,-11266.94378423742,-31.651263039269722,-11298.554114396338,-0.040952338105853414
626,81.07477933512872,0.0,13.266505995563824,4,-43.61651604672734,-11571.195163676593,-11587.55166178054,16.356462712071966,-11571.203940253406,0.008776576813033898
627,124.78297460616523,0.0,28.869321812150037,4,-41.25601512137603,-12108.825764393909,-12104.90433757449,-3.921450694347255,-12108.82444084533,-0.0013235485785116907
628,133.09900315687946,0.0,-92.6275052152869,4,-29.92299341761931,-12129.451542566398,-12136.330743983859,6.879181730498739,-12129.50377245035,0.05222988395325956
629,90.27228099113177,0.0,-11.917605988411447,4,-39.92722945508451,-12003.61787166227,-12033.740053101254,30.122188446115576,-12003.620189295789,0.0023176335180323804
630,9.365184264057502,0.0,15.469764746977647,4,-50.12790989016655,-10318.58883526192,-10296.664618998775,-21.924167397151116,-10318.588775731978,-5.9529942518565804e-5
631,-20.63206913089708,0.0,50.72646510161703,4,-57.98954313663107,-9063.714158882658,-9045.875109549099,-17.83905005127749,-9063.697441485707,-0.016717396951207775
632,73.47343917423925,0.0,15.872905034470117,4,-44.79311655594026,-11164.737727904025,-11136.965105566673,-27.772649334344393,-11164.775094508172,0.03736660414688231
633,165.30845610999103,0.0,-50.86707745989156,4,-31.682127824623993,-11970.392863541783,-11964.012280261904,-6.380557132608262,-11970.390782664568,-0.0020808772151212906
634,-3.6089833263071087,0.0,182.6137618747918,4,-96.34502939172486,-9273.261173858828,-7234.454120460276,-2038.8070578750098,-9273.277270134773,0.01609627594552876
635,60.350531297155044,0.0,-145.5675723773245,4,-28.47499303479701,-11286.552097342803,-11255.11017347436,-31.441910912898106,-11286.444089549039,-0.10800779376404535
636,28.25002054618137,0.0,-25.467713831424426,4,-43.075524348618146,-10795.565514309397,-10772.458861770825,-23.106641294787796,-10795.576861466801,0.011347157404088648
637,-1.7985331587899334,0.0,-12.457760602857997,4,-46.59454182931292,-10356.8525604486,-10335.022101865934,-21.830414751489666,-10356.851151222456,-0.0014092261444602627
638,-104.86761309769935,0.0,70.82830183829148,4,-65.73024461381507,-4769.742537606411,-4756.448216614097,-13.294359951197046,-4769.748791732348,0.006254125936720811
639,189.30617839004304,0.0,37.545306901148265,4,-36.53281283722228,-11702.950390691049,-11648.44037216923,-54.51001863442939,-11702.951633997294,0.0012433062456693733
640,37.63080274577652,0.0,-82.81416034029131,4,-35.315592511758226,-11229.779183756964,-11219.482548915492,-10.296636766186545,-11229.780071956979,0.0008882000147423241
641,113.81959678721977,0.0,5.967449396490725,4,-40.034786789915785,-12080.721364610334,-12089.9693432945,9.247952689113356,-12080.750484196766,0.029119586431988864
642,-165.2321121149817,0.0,-65.67302670500808,4,-38.161804229975445,-7724.173564966723,-7703.959233818272,-20.214323952202744,-7724.169366600953,-0.004198365769298107
643,63.81795781645499,0.0,-168.8587765295406,4,-26.494043604411637,-11380.14977269695,-11357.465766263696,-22.683986038295412,-11380.05101656796,-0.09875612898940744
644,15.58645020089308,0.0,45.4553950659004,4,-53.95212731680186,-10181.171902706694,-10160.646667768018,-20.52520703024509,-10181.175045636539,0.0031429298451257637
645,-31.76529325440795,0.0,-165.32226282193005,4,-28.42422792640631,-10826.804889278057,-10804.625672120768,-22.179211168954136,-10826.81794911711,0.013059839053312317
646,-159.31097776992902,0.0,55.01425894068035,4,-59.08691291777589,-3115.2597029696612,-3100.5210580530957,-14.738665991843453,-3115.2563824988283,-0.0033204708329321875
647,150.510834985139,0.0,-90.27210214824264,4,-29.367381717326165,-12034.555415047811,-12035.524238133024,0.9688161630337274,-12034.57595506227,0.020540014458674705
648,-13.045430051806148,0.0,-58.81617815193873,4,-40.297800630102714,-10516.048176589042,-10495.372873236156,-20.67531545350175,-10516.04695518735,-0.0012214016915095272
649,-79.47146753943045,0.0,75.88445537191164,4,-66.41388380018297,-5840.644698479905,-5827.033242058177,-13.611465635393234,-5840.636743501522,-0.007954978383168054
650,64.79687005406923,0.0,-129.65306604791567,4,-29.691678391462304,-11338.893036923268,-11315.102466791337,-23.790561866608424,-11338.864969488624,-0.028067434643162414
651,-122.08603232517335,0.0,-10.832185885154004,4,-48.42841204437294,-7282.569317027618,-7262.728157132513,-19.841154302252008,-7282.564724589706,-0.004592437911924208
652,-31.86564414871751,0.0,-92.24834219147917,4,-36.28632385741623,-10498.714986349174,-10477.93181803343,-20.783174490640718,-10498.727730439143,0.012744089968691696
653,-29.59589468836869,0.0,-62.50653204404364,4,-40.19380864891519,-10337.046339217113,-10315.203488294026,-21.842802609459724,-10337.055610329482,0.009271112368878676
654,102.72858034505671,0.0,137.16621936615587,4,-60.59695809767,-11871.128839906587,-11389.768278686204,-481.36053980640486,-11871.13013175834,0.0012918517531943507
655,-11.73054161874798,0.0,7.6886959380710636,4,-50.30185114564721,-9971.630421809406,-9952.194611786983,-19.435824977767872,-9971.62230889492,-0.008112914487355738
656,-96.81650840972691,0.0,50.70906988535681,4,-61.304155236309775,-6033.386673116926,-6017.3331958657245,-16.05349684116661,-6033.388725028221,0.0020519112949841656
657,81.72926115714861,0.0,21.815864757170225,4,-44.476741070109284,-11594.684060664347,-11613.957495399949,19.27339903886838,-11594.682163009256,-0.0018976550909428624
658,94.17224891439288,0.0,-7.010367069247565,4,-40.167456181654174,-12036.162929169139,-12064.168359646608,28.005451850272685,-12036.16211194523,-0.0008172239085979527
659,8.565966476014609,0.0,-28.62084923109153,4,-43.692686996524095,-10608.446461237898,-10587.688275534816,-20.758205265970293,-10608.468737246034,0.022276008136032033
660,33.09018106930318,0.0,-21.579745397389356,4,-43.29715534882386,-10831.616329039221,-10808.789571678111,-22.826737971150077,-10831.623102513808,0.006773474586225348
661,-43.5712414097206,0.0,27.883111807101987,4,-55.471803138905074,-8773.300643797806,-8754.633126371244,-18.667526377328564,-8773.293816052485,-0.006827745321061229
662,101.58421739276793,0.0,-74.45090839473005,4,-32.91532598655078,-12097.809883036043,-12118.094046536897,20.284163608210434,-12097.819156147883,0.00927311184022983
663,24.72423412423169,0.0,-1.5960007992114507,4,-46.57455021067806,-10658.354642596742,-10636.645880708267,-21.708784569120468,-10658.352720241268,-0.0019223554736527149
664,-163.77846237497013,0.0,15.465644943919326,4,-50.913130750008115,-4974.930934786654,-4957.232833268988,-17.698137476217475,-4974.91520135176,-0.015733434894173115
665,14.815870817711982,0.0,-4.280587927614424,4,-46.860288200404916,-10537.08491415047,-10516.434997614799,-20.649936681504702,-10537.08740110452,0.002486954050255008
666,-14.577115961955005,0.0,21.748652139222273,4,-52.7687442543427,-9719.692616273962,-9700.76396935266,-18.928634860102623,-9719.687141411488,-0.005474862473420217
667,99.47380453388716,0.0,134.08484155442113,4,-59.62732625937914,-11911.348363507463,-11512.936174505276,-398.4121854464396,-11911.363521958981,0.015158451518800575
668,-23.884363451716666,0.0,-79.90664078921554,4,-37.728020173018415,-10516.023997396063,-10495.335272014327,-20.68873639293419,-10516.024631176266,0.0006337802024063421
669,22.682906036446873,0.0,-137.21372259973924,4,-30.15283501121805,-11217.446809803298,-11204.877984847859,-12.568827600758718,-11217.451268530916,0.004458727618839475
670,-59.3589259276093,0.0,-24.09538112614261,4,-46.70381081440297,-9311.911059254291,-9292.172531845497,-19.738500351452352,-9311.903611439993,-0.007447814297847799
671,-134.55640532766432,0.0,16.194327836303835,4,-52.95909379381547,-5919.241899494822,-5901.655244313012,-17.58667025555271,-5919.239141915321,-0.002757579501121654
672,-133.27199907719697,0.0,-92.57930133917219,4,-35.75161981474665,-8928.672183240398,-8908.9693968148,-19.702763665199857,-8928.692015862156,0.019832621757814195
673,-114.41736101439386,0.0,-59.35914948714989,4,-40.72943762074366,-8679.576304705275,-8660.122895311179,-19.453388695763053,-8679.584933550985,0.008628845709608868
674,85.93079719948852,0.0,176.2905658455468,4,-86.67976858372464,917.215249181676,2976.7229104994144,-2059.5076724410055,917.1935169811678,0.021732200508154165
675,-25.130863834886657,0.0,-80.47985409704744,4,-37.67852607791139,-10504.69264818429,-10483.946538261469,-20.746118222809898,-10504.703522461468,0.010874277179027558
676,-198.12470790903706,0.0,8.689060531319576,4,-46.85532308069154,-4305.920804014042,-4287.973694176484,-17.94714765759378,-4305.918728785432,-0.0020752286100105266
677,-22.798036193239746,0.0,-17.694789066362954,4,-46.744240053454504,-10038.427418606534,-10018.313084196107,-20.114343881295987,-10038.426364693078,-0.0010539134564169217
678,39.85694672054646,0.0,93.82663188404037,4,-56.80948145149942,-10400.822544893857,-10378.861710343996,-21.960838675250823,-10400.837996342114,0.015451448256499134
679,169.2362430168808,0.0,-75.31558593849616,4,-29.638101078957163,-11986.996489085495,-11982.24766444526,-4.7487882185489365,-11987.003029943684,0.006540858188600396
680,27.94930365452309,0.0,193.6631099067273,4,-85.82541872874326,-1058.346035523099,2618.715774095805,-3677.0617971763736,-1058.3551335714662,0.009098048367150113
681,-59.12770715274546,0.0,186.94120473194198,2,-28.994961924892387,5190.40038144689,4466.542177775049,723.8582374656694,5190.366700615133,0.03368083175701031
682,-134.39440028381586,0.0,31.791387392669343,4,-56.07873991541936,-5269.655043870468,-5252.606086877586,-17.048942907292997,-5269.6559515153385,0.0009076448704945506
683,42.6877489723024,0.0,-145.94455219167673,4,-28.85108205201577,-11354.10679163909,-11329.189410967449,-24.917366514319255,-11354.109278636764,0.0024869976750778733
684,-36.5107818421569,0.0,-163.83567791454936,4,-28.5895839238695,-10793.927667587683,-10772.0391395608,-21.888523142339977,-10793.932529631418,0.004862043735556654
685,1.961160526863337,0.0,104.26897927750211,4,-62.436095021919364,-8951.228898458765,-8942.094592309904,-9.13432361724003,-8951.203277658373,-0.025620800392061938
686,2.944926731229093,0.0,26.98289552979868,4,-52.346053872467465,-10082.823807142147,-10063.34567496795,-19.478139033914047,-10082.83623418247,0.012427040323018446
687,54.62820244876023,0.0,-125.52923605041084,4,-30.382536988556225,-11300.49386090555,-11265.307704917623,-35.18614771035798,-11300.5291504023,0.03528949675092008
688,49.33339288464135,0.0,146.05948214389895,4,-70.80229972566242,-11051.60179431553,-10768.28869821757,-283.31311816791845,-11051.564950291207,-0.036844024321908364
689,20.78381322296383,0.0,-131.77668332509566,4,-30.73263232781939,-11174.241295033895,-11160.071026204443,-14.170277054673113,-11174.25987081376,0.018575779864477227
690,15.870347780492127,0.0,45.7058695248592,4,-53.95952083087774,-10185.189352753343,-10164.596188272755,-20.593135106088013,-10185.19791475949,0.008562006147258217
691,-33.46593634784603,0.0,-23.398860786215696,4,-46.215456703607764,-9883.990724469735,-9864.413068183198,-19.577663943416837,-9884.007612201734,0.01688773199930438
692,181.81442705949104,0.0,67.39872047006018,4,-39.49081148414766,-11646.338052680001,-11534.540341811919,-111.79771223263334,-11646.33562427722,-0.0024284027804242214
693,83.18359208251978,0.0,-46.67392139125667,4,-36.74239566811849,-11839.482477756197,-11863.272500019917,23.790017846037898,-11839.420419898262,-0.06205785793463292
694,-22.31658311430805,0.0,143.420470255543,4,-70.78756347749326,-6822.084952399431,-6905.793746373985,83.70884293960157,-6822.053110681717,-0.03184171771408728
695,-40.544096955898986,0.0,-30.59073225409298,4,-45.25882851056014,-9827.013078071748,-9807.467605687003,-19.54547152083056,-9827.020149485503,0.007071413754601963
696,129.05410680114662,0.0,37.21489396587702,4,-41.62157357764747,-12055.35537127161,-12044.39247634485,-10.96289401116999,-12055.345820039705,-0.009551231903969892
697,-128.4841661765286,0.0,-38.306712028639986,4,-43.5722109037544,-7869.896330978749,-7849.439668193475,-20.456657723668677,-7869.8958240216725,-0.0005069570761406794
698,110.75143987543466,0.0,-137.9761638595139,4,-27.2432644808479,-12147.549950016291,-12162.259562480704,14.709605669160075,-12147.536986745852,-0.012963270439286134
699,72.33376058604235,0.0,61.205478898815116,4,-49.71428318064452,-11110.391583237735,-11065.55064903011,-44.84096545177934,-11110.399694332385,0.00811109465030313
700,-79.44746650753872,0.0,101.77067234078075,4,-71.65198045820539,-4709.3684276518725,-4696.985774077937,-12.38263020446137,-4709.373641876823,0.005214224950577773
701,-74.21664565638987,0.0,115.2240400795874,4,-73.6276390472577,-4395.282382850908,-4388.03713244964,-7.245206988759338,-4395.288469375133,0.00608652422488376
702,-16.49311327484797,0.0,-122.72697192559829,4,-32.4794400403826,-10795.381219598574,-10773.3013458913,-22.079871311346455,-10795.390917946675,0.009698348101665033
703,4.173812367375145,0.0,-54.396933705282684,4,-40.2975542170279,-10698.097046490433,-10676.671677620123,-21.425379823230696,-10698.11162505754,0.01457856710658234
704,-182.86228237687573,0.0,-57.3061645840819,4,-38.425196445824824,-7140.376256089856,-7119.656084293598,-20.720166523366768,-7140.37072127805,-0.005534811805773643
705,-62.39324667082134,0.0,-160.45961824261414,4,-29.005351553506106,-10568.375264177983,-10547.803918082336,-20.571359336224333,-10568.394260110052,0.018995932068719412
706,55.054672584108495,0.0,-21.501184394647545,4,-41.646173983161475,-11256.730956926252,-11240.448578183259,-16.282379421928617,-11256.759928185658,0.02897125940580736
707,-41.69782390643718,0.0,-40.95916456728603,4,-43.64479642154558,-9934.65706472767,-9914.770521538652,-19.886553141108028,-9934.67429800666,0.017233278989806422
708,-36.91004028782262,0.0,-33.65978420784394,4,-44.67411829783486,-9941.141926012904,-9921.305550155179,-19.8363861581382,-9941.158664375618,0.016738362714022514
709,58.19348195616556,0.0,54.365277865714525,4,-50.5257733506598,-10971.943512511802,-10957.154423388998,-14.789084814738809,-10971.949933749114,0.006421237312679295
710,62.68899137645661,0.0,18.285190156181194,4,-45.89974614980554,-11217.886494226479,-11195.931429882186,-21.95507769768388,-11217.92461215643,0.03811792995111318
711,-37.7218055296069,0.0,-18.799117448782745,4,-47.101815060837424,-9730.316356196106,-9710.740449914889,-19.575891448435065,-9730.336498766734,0.02014257062728575
712,51.85120119612778,0.0,53.32722536809535,4,-51.18370824013456,-10775.743524315461,-10752.661285193284,-23.082212840166626,-10775.73908300293,-0.004441312530616415
713,26.266078768930655,0.0,78.70425792974486,4,-56.889850689077605,-10144.331940158745,-10123.902106768797,-20.429818179193518,-10144.350903333983,0.018963175238241092
714,-42.04451322914517,0.0,-145.68735189620676,4,-30.358700188209053,-10684.706297486226,-10663.774248705771,-20.932058541420282,-10684.695924678725,-0.010372807500971248
715,-42.560207141311565,0.0,184.84712609682242,2,-42.19691327975709,4958.623226997332,4538.19676826397,420.42650044552295,4958.60457850591,0.01864849142202729
716,181.6974310354261,0.0,40.723112240076574,4,-37.377037006084855,-11808.145226555476,-11756.010508911933,-52.1347059792994,-11808.148199931738,0.0029733762621617643
717,96.29874051646688,0.0,-6.224715867955053,4,-40.09456059159117,-12050.799913721754,-12077.623549749214,26.8236603877898,-12050.803637425985,0.0037237042306514923
718,163.56680175613985,0.0,52.37360596930409,4,-39.81830909044957,-11882.847316337016,-11829.634874042727,-53.21243637907933,-11882.853880159044,0.006563822027601418
719,-63.764167167437144,0.0,-7.367512759484542,4,-49.69440270585115,-8883.16553683189,-8863.85082816288,-19.31470009256368,-8883.169626943616,0.00409011172632745
720,41.10275277778779,0.0,14.664592252147044,4,-47.551791273618676,-10763.467858740927,-10740.315760299969,-23.15207902644803,-10763.471198549085,0.0033398081577615812
721,-12.080949966670788,0.0,57.940561903635036,4,-58.39509600383168,-9213.534297669981,-9196.362519600487,-17.17177412186895,-9213.545324409723,0.011026739741282654
722,-155.37771866774438,0.0,22.607015361143702,4,-52.87738155100238,-4925.0797886518785,-4907.671408532959,-17.408398244571483,-4925.063852724262,-0.0159359276167379
723,-15.218346027309536,0.0,-40.256396098294566,4,-43.0063000030582,-10368.102054332398,-10346.345993632922,-21.756018916761715,-10368.118880266695,0.01682593429723056
724,-54.3567901333501,0.0,95.3650223339727,4,-68.29131097374476,-6419.430849805021,-6407.315703738727,-12.115121899792626,-6419.429149186959,-0.0017006180623866385
725,16.314006525855586,0.0,148.49917706530206,4,-70.6403106146819,-9811.932697773089,-9807.618809820884,-4.313887484055414,-9811.919943982424,-0.012753790664646658
726,34.23535405130776,0.0,-40.56912183915286,4,-40.69880281453057,-10946.70958137371,-10927.603724539958,-19.10584967234296,-10946.716349587005,0.006768213293980807
727,-36.51976217593761,0.0,64.62506110483012,4,-61.55339233136211,-8191.784527904162,-8175.910481133163,-15.874078088806836,-8191.804925055368,0.020397151205543196
728,118.78220757431465,0.0,16.063835902409295,4,-40.59378039403944,-12120.546727190394,-12125.067451836183,4.520680530589339,-12120.541241779483,-0.00548541091120569
729,75.47758405003877,0.0,-175.65715451029382,4,-25.618905230346442,-11690.221893220278,-11686.444094199398,-3.7777833440609245,-11690.224107771108,0.00221455083010369
730,61.76032872992053,0.0,98.58053116156881,4,-54.91664089227246,-10986.597585740332,-10955.829110596733,-30.768480800292902,-10986.586783275632,-0.010802464699736447
731,-60.25809227648341,0.0,-141.55272783000174,4,-30.862446071514366,-10486.407271601209,-10465.543307291358,-20.863966242974048,-10486.423709346149,0.016437744940049015
732,-32.59128731056079,0.0,24.667664931760815,4,-54.35674772782662,-9168.34684956549,-9150.735687370847,-17.61116841260174,-9168.342310716625,-0.0045388488651951775
733,19.636265386823347,0.0,107.64436434199155,4,-60.59391785499644,-9653.152750366624,-9639.190362830373,-13.962368861805942,-9653.162005807075,0.009255440450942842
734,-83.89198023888787,0.0,35.07356797584631,4,-58.01597622318847,-7134.112502226127,-7117.897234194688,-16.21528117213219,-7134.112027075696,-0.00047515043115708977
735,-95.43973220293648,0.0,110.2248464592211,4,-74.64883630951356,-3228.203178990644,-3219.0049101590853,-9.1982923505136,-3228.190558321598,-0.012620669046100375
736,-59.555600555369736,0.0,-79.47544961293038,4,-38.231556159682405,-10050.254559491159,-10029.409354376741,-20.845206657325093,-10050.266789281808,0.012229790649143979
737,-13.267899011871972,0.0,-19.475474831216264,4,-46.05490193245445,-10237.888529119227,-10216.369638846598,-21.518847238098683,-10237.897117570865,0.008588451637479011
738,84.38142409528456,0.0,-17.38039663781517,4,-39.825993491772294,-11840.032366503669,-11869.278203486147,29.24582284754308,-11840.018371685212,-0.013994818456922076
739,53.13711284587389,0.0,-36.96152947319654,4,-39.88291263621326,-11275.433955963188,-11257.983471204649,-17.450482694450443,-11275.412590284832,-0.02136567835623282
740,19.923605849452393,0.0,-18.110548036944667,4,-44.56155239131476,-10686.680593180732,-10664.907840916425,-21.772769648933043,-10686.673989077452,-0.006604103280551499
741,5.762869318337199,0.0,21.688724281163783,4,-51.32152745214798,-10200.861269584864,-10179.893143953364,-20.968093952109243,-10200.870734046763,0.009464461898460286
742,-22.987057578963192,0.0,-20.455753028122015,4,-46.31030094158005,-10066.476770448206,-10046.157975809952,-20.31880069436216,-10066.4914448165,0.014674368294436135
743,-136.92156957376116,0.0,-89.21194701855511,4,-36.08274655264953,-8800.504409409086,-8780.905880538681,-19.598499897712355,-8800.509409389166,0.004999980079446686
744,9.310821577413751,0.0,-10.136938706601764,4,-46.34573930861288,-10494.790071607089,-10474.050197924873,-20.73988644389646,-10494.801833826215,0.011762219126467244
745,-148.02272462097477,0.0,-0.6733764681514489,4,-49.045621630424385,-6141.69382829724,-6123.019672505064,-18.67413643958402,-6141.698743494299,0.004915197059744969
746,-1.1059988542869508,0.0,-10.26097713417014,4,-46.890231474797105,-10351.15602204815,-10329.303051323523,-21.85292574603368,-10351.17151757378,0.01549552563119505
747,95.58362201656657,0.0,-28.408613381405296,4,-37.81312658515447,-12056.306336421652,-12082.08827942144,25.78196202065077,-12056.218371678931,-0.08796474272094201
748,-114.72954823827656,0.0,107.8323341096583,4,-74.8427073463431,-2105.563452397128,-2094.455339032702,-11.108139306280947,-2105.5649482409513,0.0014958438232497429
749,-83.87464194485126,0.0,96.440742376044,4,-70.90186741050165,-4692.811202711133,-4679.720232933814,-13.090934325146419,-4692.812585057922,0.0013823467888869345
750,-25.54397158466218,0.0,181.13970811352232,4,-93.52190745615263,-11467.812648551535,-9416.590898744545,-2051.2217127709196,-11467.797277433741,-0.015371117793620215
751,-27.3543728608134,0.0,-11.513416378611137,4,-47.93409902128017,-9863.412249477948,-9843.943775515294,-19.46847851707883,-9863.401759891118,-0.010489586829862674
752,9.130766311412886,0.0,-117.71116222305695,4,-32.50201746580292,-10977.217076759245,-10955.687086944616,-21.529996682287855,-10977.23210972949,0.015032970244647004
753,-134.7305415640663,0.0,-118.32948221977583,4,-32.698887543406734,-9307.13972236491,-9287.467508878235,-19.67218367035288,-9307.164818352392,0.02509598748292774
754,158.12300426904096,0.0,-81.38839649625992,4,-29.710070355442816,-11974.073273999324,-11973.576114022546,-0.49713731447757664,-11974.095109631682,0.02183563235848851
755,-24.436093561264503,0.0,-22.89374785735878,4,-45.97861921738002,-10065.175322056586,-10044.835438125932,-20.339890063806887,-10065.179399618371,0.0040775617853796575
756,-31.97336136052272,0.0,102.85843864998509,4,-66.79363254654537,-7374.096002024467,-7365.279210960367,-8.816787732067255,-7374.086488684907,-0.009513339560726308
757,-57.467511892878726,0.0,109.96105208371314,4,-70.8932082258038,-5684.78535885317,-5677.532581957985,-7.252742664325266,-5684.811850411656,0.02649155848666851
758,-42.127061459483045,0.0,-39.46343590575392,4,-43.88805346342298,-9907.683387575644,-9887.904936591127,-19.778460441975312,-9907.694162581254,0.010775005610412336
759,-6.798632393993011,0.0,-39.419357787844085,4,-42.83294310298581,-10470.020529189082,-10449.071290751046,-20.94923571155804,-10470.03675545062,0.016226261537667597
760,-26.411878774349255,0.0,-26.16460446821538,4,-45.53250992915493,-10063.06059124923,-10042.697745773501,-20.362851721944818,-10063.059224459606,-0.0013667896237166133
761,187.8745278415787,0.0,43.609999551848055,4,-37.083016893034525,-11701.126107562168,-11638.864511621377,-62.2615990548118,-11701.131742690566,0.0056351283983531175
762,74.09957277236711,0.0,-36.0051954984266,4,-38.71321434447108,-11378.337766817425,-11369.159936599248,-9.177849889323507,-11378.229429037196,-0.10833778022970364
763,-83.25844837818539,0.0,174.72342014752815,2,-39.85244153935561,5576.7915650389705,4305.136847470379,1271.654744006647,5576.794424721783,-0.0028596828124136664
764,116.28872996586306,0.0,-146.40391198516295,4,-26.45336709527048,-12178.602213236896,-12191.859399004368,13.25718610775753,-12178.572375477806,-0.02983775908978714
765,-52.59962269062269,0.0,-8.604375866212374,4,-49.2464688875847,-9212.577173233103,-9193.25655272401,-19.32060588982283,-9212.577429792931,0.00025655982790340204
766,-82.34458868755439,0.0,177.5759103011115,2,-34.146395602114815,5494.080128174455,4365.5314962433595,1128.548640748313,5494.067404623319,0.01272355113633239
767,-181.7855693078881,0.0,71.08520835037086,4,-59.970455946116225,-1242.717170640291,-1227.581721348897,-15.135432316682678,-1242.7340318666475,0.01686122635646825
768,82.35193790868314,0.0,-36.48724239059064,4,-37.91302229169222,-11779.415703869703,-11801.567234984679,22.151519717679,-11779.442992062663,0.027288192959531443
769,53.35326881755722,0.0,-2.5984721926401804,4,-44.16696805581917,-11147.324063775095,-11137.928653789291,-9.395420518754277,-11147.331442843311,0.007379068216323503
770,-43.60134805758337,0.0,-21.010459578635874,4,-46.90204183278633,-9630.087646932541,-9610.355976044588,-19.731647422404453,-9630.096253196232,0.008606263691035565
771,-57.3346417639746,0.0,-6.758351659097466,4,-49.6841274076878,-9049.204109017383,-9030.038813348032,-19.16528537220139,-9049.19118175959,-0.01292725779239845
772,-50.81495703557496,0.0,13.959810543244759,4,-53.24530422188539,-8827.448610379972,-8808.283618348416,-19.165001816168672,-8827.458395854912,0.009785474940144923
773,-12.322545240144999,0.0,-52.94563463674953,4,-41.095885001578615,-10487.180903281118,-10466.342264018986,-20.838642791423176,-10487.16745688366,-0.013446397457300918
774,36.76349903250491,0.0,60.08793390538528,4,-53.58733756697908,-10497.874104989713,-10475.566386058274,-22.30775181096737,-10497.878247175262,0.004142185549426358
775,31.002994808475513,0.0,149.71184863257957,4,-72.91434388009502,-10448.625720969445,-10310.805713487012,-137.8200360457575,-10448.636983070699,0.011262101254033041
776,-29.143962828396376,0.0,-36.923025217372576,4,-43.94092240445392,-10128.00259250086,-10107.09007021324,-20.91251032136952,-10128.013878896509,0.011286395649221959
777,158.0975099659863,0.0,-83.73160113042954,4,-29.534734625241953,-11974.576887507927,-11974.225465931062,-0.3514013630809548,-11974.582347836104,0.005460328176923213
778,142.12440056423853,0.0,-123.49029437467824,4,-27.240071625059386,-12140.3342764829,-12145.440172738472,5.105875702956814,-12140.301405122766,-0.03287136013386771
779,-92.77512708372291,0.0,-3.7763254057279343,4,-50.383735038298646,-7973.046209703586,-7952.68080006129,-20.365412061444186,-7973.04570541256,-0.0005042910261181532
780,58.382277850989624,0.0,-39.61409258693392,4,-39.27624798018442,-11270.30544803664,-11242.048286264973,-28.25715523284728,-11270.323114163428,0.01766612678693491
781,-4.031125094510843,0.0,62.523207070106366,4,-58.291390330478905,-9403.99354281972,-9387.035099928435,-16.958420430076885,-9403.991237935728,-0.0023048839921102626
782,-162.87358561012698,0.0,40.1744431855302,4,-55.66891909144841,-3809.7316320765603,-3793.2978466712716,-16.43377126998565,-3809.7524791426495,0.020847066089118016
783,-152.1343588092554,0.0,56.92159269637402,4,-60.15300488022606,-3297.7678130449767,-3283.176053220421,-14.591774001236331,-3297.7664848553513,-0.0013281896253829473
784,-92.80626802353326,0.0,119.38451232714017,4,-76.4364112663013,-2872.8250521544533,-2864.1481938427296,-8.676851454736392,-2872.832448283276,0.007396128822620085
785,-42.279198200369954,0.0,-14.090040923575483,4,-48.02374325739799,-9560.113818890162,-9540.287633605752,-19.82615432781701,-9560.12462972656,0.010810836398377432
786,-172.18942449451592,0.0,-60.461401807277326,4,-38.536038356924465,-7446.269088208007,-7425.746320169146,-20.522762497244944,-7446.295217068765,0.026128860758035444
787,14.364799964926938,0.0,-50.689869618186464,4,-40.390075285293385,-10772.034882738755,-10749.525869033821,-22.509017116365666,-10772.044497811556,0.009615072800443158
788,-98.42276463228407,0.0,-64.24002381145863,4,-40.27964042302443,-9117.729656018415,-9097.969148423465,-19.76048959316499,-9117.723279965287,-0.006376053128406056
789,1.7273160132438827,0.0,132.360169141011,4,-66.17523388580234,-8464.541916375367,-8502.120231587467,37.57833053717317,-8464.530916807214,-0.01099956815232872
790,-7.8963094904497835,0.0,13.958866907911005,4,-51.075814728696976,-9982.679519002384,-9963.368284731216,-19.311250364689254,-9982.684109461345,0.004590458960592514
791,-10.14537257366328,0.0,-37.71846697978571,4,-43.20400353285335,-10415.688021871714,-10394.277278561187,-21.410716690584906,-10415.707644404541,0.019622532827270334
792,-39.665642674301026,0.0,0.18276638016839405,4,-50.38363263090242,-9401.7369864712,-9382.219668318248,-19.517291063556357,-9401.750223945173,0.013237473973276792
793,6.88615156592013,0.0,24.704837023751132,4,-51.69100217998325,-10194.702690735776,-10173.850748384306,-20.85191225295328,-10194.7092422817,0.006551545924594393
794,70.49781903816753,0.0,47.925769864879705,4,-48.53334030010727,-11140.00879035892,-11099.0056012413,-41.00321283631068,-11140.038366295481,0.0295759365617414
795,-35.964013116972836,0.0,-58.63322783312984,4,-40.86818061196278,-10220.856881903563,-10199.25332180739,-21.60351837527081,-10220.858680252313,0.001798348750526202
796,99.94287923381968,0.0,-151.70440777238503,4,-26.570263049906707,-12109.347633526202,-12125.140556805427,15.792904392365417,-12109.261870875818,-0.08576265038391284
797,-21.026926651160064,0.0,70.1538201678253,4,-61.032186381260274,-8685.829451013955,-8669.01753639457,-16.811935594671237,-8685.835570461139,0.006119447183664306
798,6.523283237548163,0.0,-11.511706826036427,4,-46.30351374906476,-10463.882093252185,-10442.93006345869,-20.952028782667092,-10463.890841202021,0.008747949836106272
799,161.28727208965603,0.0,-75.1180286004497,4,-30.033805911580966,-11984.7744505237,-11983.06411887823,-1.710292946705384,-11984.773795791347,-0.0006547323537233751
800,-79.46152763305318,0.0,-109.58562913392596,4,-34.38386078630738,-10050.755585985773,-10029.69157245601,-21.064009275490285,-10050.775900042709,0.02031405693560373
801,-12.677837797967669,0.0,-7.449845630876463,4,-47.91672793570761,-10129.498444026825,-10108.868082766105,-20.630353114140846,-10129.491757516207,-0.006686510618237662
802,-1.29001007925508,0.0,27.79251118386588,4,-52.797667029056356,-9971.319290842875,-9952.74411331138,-18.575194740893405,-9971.324765832924,0.005474990048242034
803,-168.181366642211,0.0,-57.203440928562685,4,-39.15570539634124,-7444.701864039971,-7424.135449133766,-20.56640975088437,-7444.690260667213,-0.01160337275814527
804,37.71999302661927,0.0,-56.77125850782012,4,-38.4185960754377,-11101.40457638827,-11088.468305650438,-12.936281402720164,-11101.399544744057,-0.0050316442120674765
805,-25.899460113265114,0.0,-133.95340588843266,4,-31.411785946481434,-10767.561354481624,-10745.82322420392,-21.738129474334645,-10767.56359601316,0.002241531536128605
806,62.17021687746699,0.0,-163.77162808595688,4,-26.93783196744562,-11339.501717999718,-11313.421735504888,-26.079964585515043,-11339.554393378368,0.05267537865074701
807,45.03342576463056,0.0,87.17122239316171,4,-55.48549675199695,-10546.002706365625,-10521.19513003771,-24.80761928716999,-10546.020600042353,0.017893676727908314
808,71.9934479117227,0.0,130.4574335453173,4,-60.662942333377956,-11760.06082588451,-11603.82139309884,-156.2394733832865,-11760.039194233133,-0.021631651376083028
809,84.78597033102123,0.0,-135.39634042316592,4,-28.320926853386734,-11957.553179169523,-11972.764229376899,15.211050572578257,-11957.618077812596,0.06489864307332027
810,85.16954173211039,0.0,82.77077877694859,4,-50.16479992222104,-11874.800428509601,-11889.63102841852,14.830595723594325,-11874.826992383936,0.026563874334897264
811,169.31580872273437,0.0,13.315491784290584,4,-36.36910052060531,-11874.465173190689,-11852.470030836204,-21.995121657930824,-11874.4710028223,0.00582963161104999
812,57.024617452530904,0.0,-72.32856894645124,4,-35.63872766208261,-11284.216647373623,-11251.793368222543,-32.42327392400553,-11284.23570482307,0.01905744944633625
813,16.799722350474674,0.0,64.40955023844836,4,-56.37071040080982,-9999.688297438834,-9980.990693932876,-18.697620905431627,-9999.699253869214,0.010956430380247184
814,87.09324063088344,0.0,63.593537856960815,4,-48.03353442231428,-11913.324310344733,-11940.855499495146,27.531181883637878,-11913.33941001164,0.015099666907190112
815,-23.071190912984967,0.0,-11.205447922245183,4,-47.8046016840899,-9953.970264653892,-9934.324459015977,-19.645817705186346,-9953.981958010365,0.011693356473188032
816,-36.73932234765125,0.0,12.46603499393895,4,-52.41690940266756,-9268.948839167559,-9250.294488529678,-18.654342665169583,-9268.959088809283,0.010249641723930836
817,-17.447116618398788,0.0,-18.739070866711618,4,-46.351856192113225,-10155.99763201833,-10135.053265884937,-20.94434686348678,-10156.002055178962,0.0044231606316316174
818,-139.98607580828724,0.0,71.31089007181528,4,-64.45060695437348,-2997.5142982769958,-2983.575679857548,-13.938638000190378,-2997.531961170737,0.017662893741089647
819,119.50315058739119,0.0,-85.73995498376995,4,-31.07221723621164,-12148.740532958285,-12160.618846240372,11.878307889026239,-12148.745470166641,0.004937208355840994
820,36.45510399385418,0.0,-51.21404889172651,4,-39.19063392887485,-11047.54218012547,-11032.516129349591,-15.026055593668902,-11047.550190011667,0.00800988619630516
821,52.65996554089674,0.0,85.70861195413829,4,-54.493448129681795,-10677.119167763349,-10648.635519159987,-28.483629121244753,-10677.111368170968,-0.007799592380251852
822,-122.2147549538429,0.0,-23.821475733428706,4,-46.14956991374378,-7657.423028702227,-7636.786503490017,-20.63652873431642,-7657.425104254421,0.002075552193673502
823,-18.392216585320366,0.0,88.62793539831584,4,-63.330822976529404,-8386.603165722452,-8373.437133188812,-13.16603181720142,-8386.611030280728,0.007864558276196476
824,102.11241730168261,0.0,-110.37242050791151,4,-29.723752622934786,-12103.265759137,-12120.974845972618,17.7090769036549,-12103.400976666311,0.1352175293104665
825,-88.42744551916988,0.0,-146.11104911691635,4,-30.332110463181653,-10239.631393464088,-10217.767481128034,-21.86386327301715,-10239.651881741993,0.020488277905315044
826,57.16869726341012,0.0,84.07679011762379,4,-53.766532250549886,-10806.447106777518,-10780.955745918038,-25.49133097938119,-10806.440332689288,-0.006774088229576591
827,-75.0426143062716,0.0,-28.04947433819319,4,-46.17326411170241,-8993.407308843924,-8974.030552887796,-19.376735653314007,-8993.405920904877,-0.0013879390462534502
828,8.785759264866007,0.0,-20.184108622202036,4,-44.90143024957206,-10556.502652911342,-10535.91365780933,-20.589013930509765,-10556.493277157484,-0.009375753857966629
829,14.378036041214314,0.0,-38.391582074065084,4,-42.04253835564704,-10723.485930180972,-10701.509924359503,-21.976018903329226,-10723.50558103701,0.019650856038424536
830,122.00251307184745,0.0,-65.0409205083012,4,-32.76987267146806,-12117.657885883667,-12127.857899544606,10.199998219155745,-12117.659694679358,0.001808795690521947
831,-5.660754990154275,0.0,-58.47429208522522,4,-40.10158754753179,-10608.459124647808,-10587.826444533106,-20.63269751516095,-10608.464986322848,0.005861675039341208
832,124.09581466768455,0.0,-78.0332947797914,4,-31.531901169979673,-12124.534083066592,-12134.289433639282,9.755336321251463,-12124.469518408265,-0.06456465832707181
833,4.319204541560838,0.0,13.215909382129915,4,-50.136091682587875,-10251.958431562454,-10230.438091771315,-21.520295887051077,-10251.978566222357,0.02013465990239638
834,-31.87398656407387,0.0,-70.50151391603677,4,-39.133765104897286,-10362.498235600242,-10340.762595424587,-21.735597748270955,-10362.487878229298,-0.01035737094389333
835,-60.86322741698106,0.0,35.06865989289936,4,-57.519352918523474,-8012.881178623872,-7996.060647932701,-16.82054861842582,-8012.886215083836,0.005036459963775997
836,17.752370680638712,0.0,8.195847087429739,4,-48.475996964954184,-10495.009583761133,-10474.200847066386,-20.80875432775959,-10495.0224537877,0.012870026566815795
837,104.61133959327478,0.0,-11.136450937971114,4,-38.98493380148372,-12090.498474185055,-12111.006231322324,20.50776853498666,-12090.45990713842,-0.038567046634852886
838,27.938221830912983,0.0,45.03847163038644,4,-52.70232884268963,-10417.361544201665,-10395.295859447517,-22.06568295682673,-10417.37834889945,0.01680469778511906
839,-103.14019043937171,0.0,1.3386107613867244,4,-51.20127715004382,-7501.781526755571,-7482.339220657257,-19.44230107066999,-7501.798991951769,0.017465196197917976
840,74.21718528136226,0.0,1.9604339992961584,4,-43.11084005982259,-11236.070251310024,-11217.163165950551,-18.907111744712886,-11236.06814272964,-0.002108580383719527
841,65.50547443899222,0.0,93.355746625073,4,-53.753371941290354,-11130.249150500762,-11093.426779011059,-36.82241148457524,-11130.238187574323,-0.01096292643887864
842,-65.56835103996633,0.0,47.28835904021516,4,-60.0685434201754,-7485.793397899698,-7470.160634094593,-15.632779314324315,-7485.813273777636,0.01987587793792045
843,-131.26202036711214,0.0,9.818407250892516,4,-51.87953897711046,-6283.155933158051,-6265.143096900455,-18.012829178969707,-6283.168982916314,0.01304975826315058
844,-125.5276053509559,0.0,64.44981312779689,4,-63.683364274336384,-4073.697401678269,-4059.89207522866,-13.805311036645913,-4073.710155514093,0.012753835823787085
845,-57.47382971766528,0.0,-74.01240465403343,4,-38.97275410001938,-10026.89720137911,-10006.227982523322,-20.66922529008012,-10026.892112507478,-0.005088871632324299
846,-73.91672211007797,0.0,-29.90098185337765,4,-45.85520337849775,-9057.215993434244,-9037.77289778573,-19.443077486705715,-9057.224617223172,0.008623788928161957
847,-139.3612534517749,0.0,-52.52367573430718,4,-41.01900911190445,-7962.7048415555355,-7942.553115342811,-20.151722099355457,-7962.731188747725,0.026347192189859925
848,-76.7052341516923,0.0,-57.39518416228144,4,-41.459485379162714,-9453.347989100334,-9433.587988733521,-19.75996860285245,-9453.340277507754,-0.00771159257965337
849,90.79118361064437,0.0,-135.83141869081697,4,-28.04744135293655,-12088.444144769332,-12107.596599967872,19.152449955958243,-12088.466041892567,0.021897123235248728
850,-138.39986556126033,0.0,-34.15040786005608,4,-43.85296344188031,-7514.913100371683,-7494.213208790893,-20.699892063120664,-7514.921451119963,0.00835074828046345
851,12.332565077631028,0.0,116.77911539507771,4,-62.32097492893642,-9214.958635700445,-9211.43069650256,-3.5279566613347755,-9214.995886914474,0.037251214029311086
852,174.90677423054308,0.0,-29.69844014792528,4,-32.747273942530285,-11882.505689248517,-11870.71722338808,-11.788466885941565,-11882.520784399592,0.015095151075001922
853,-51.7368422042059,0.0,54.86486677197585,4,-60.8653562654669,-7831.822137715443,-7815.9055040667545,-15.916653886674865,-7831.829301869532,0.007164154088968644
854,71.50352545929616,0.0,-12.16436099762021,4,-41.715893053416266,-11195.560241711803,-11168.469535219121,-27.090725473911633,-11195.59451750966,0.034275797857844736
855,-34.728315089992854,0.0,155.49917384502874,4,-79.08667275969245,-5467.923120120501,-5737.988092142809,270.06501408451123,-5467.963383541392,0.040263420891278656
856,-21.97601435517999,0.0,13.155783188293166,4,-51.78755418623009,-9653.944193288307,-9634.514900574235,-19.42927238616184,-9653.959522870096,0.015329581789046642
857,-107.05499868757937,0.0,-56.52636098153745,4,-41.30007713263038,-8787.298195666586,-8767.836822286516,-19.46134572618509,-8787.304755753434,0.006560086847457569
858,144.40027507793474,0.0,-20.894943206564385,4,-35.39978873890126,-11967.179892547112,-11965.041740496275,-2.13814470137683,-11967.186837227417,0.006944680304513895
859,-112.91373983233186,0.0,73.22683056544167,4,-66.20715027334737,-4232.712918520637,-4219.589874109143,-13.123075764583469,-4232.704883791935,-0.00803472870211408
860,-40.2320053957233,0.0,15.710886525151809,4,-53.15315667718829,-9106.753838276058,-9088.366640600714,-18.387203342408103,-9106.758928777994,0.0050905019361380255
861,-100.84738585275007,0.0,-21.65085558311178,4,-47.08033247130703,-8178.793924637582,-8158.417407895795,-20.37651050864138,-8178.819771576426,0.025846938844551914
862,108.35596529757721,0.0,-125.98129331011006,4,-28.235040670578094,-12134.653119347398,-12150.408851655733,15.755723965120737,-12134.660173760194,0.0070544127956964076
863,22.169193681860303,0.0,39.288953243538934,4,-52.48939063535965,-10356.741658449064,-10334.453921519955,-22.287699575687746,-10356.74660365584,0.004945206776028499
864,-68.97196421431995,0.0,-32.605880806093445,4,-45.37656487560988,-9226.669683007514,-9206.971784912941,-19.69787651195841,-9226.684976453495,0.015293445980205433
865,-20.274780878382764,0.0,32.07290427347937,4,-54.852304662862316,-9410.753614224177,-9393.69103904069,-17.06256075563227,-9410.762697503918,0.00908327974138956
866,-115.62013136753133,0.0,69.17837892688252,4,-65.17251144934285,-4307.884455006202,-4294.55071811414,-13.33376479202242,-4307.897236689704,0.012781683501998486
867,91.53387217946066,0.0,17.935492599247713,4,-43.0187219712328,-11999.596131846942,-12030.16565282367,30.56953049607893,-11999.579859682128,-0.016272164813926793
868,189.22048736278916,0.0,50.419618031660406,4,-37.47911299387272,-11629.304707143452,-11553.684717206479,-75.61999287950638,-11629.311687074069,0.006979930616580532
869,-42.76535294858056,0.0,-4.971478422604597,4,-49.597408077378105,-9406.670689928018,-9387.03114417551,-19.639515497374244,-9406.672068432861,0.0013785048431600444
870,-158.08240536718,0.0,-108.66758901940905,4,-33.20278562324364,-8775.26155744783,-8755.62404718798,-19.63748200514816,-8775.26777319722,0.0062157493903214345
871,32.07924505681401,0.0,-6.18167932167335,4,-45.451141659478935,-10752.268927177358,-10729.27732620982,-22.991595294935856,-10752.278474648983,0.009547471625410253
872,-15.34426461570915,0.0,-80.71713728151757,4,-37.42511323540063,-10623.353196820497,-10602.693652048045,-20.659561010463495,-10623.349140903538,-0.0040559169592597755
873,58.794468189751484,0.0,-22.126336896652127,4,-41.33065025779457,-11259.992453035049,-11235.606338271677,-24.386109978528776,-11260.035845782868,0.0433927478188707
874,-14.1022367857849,0.0,15.664754661668288,4,-51.74440517157879,-9812.539273565211,-9793.419620265331,-19.119649442620904,-9812.52714499494,-0.012128570271670469
875,44.320680392462904,0.0,48.53898334294641,4,-51.45479229476939,-10669.793278199053,-10645.090113148442,-24.70317382962526,-10669.803288275634,0.010010076581238536
876,-145.91834776611825,0.0,-11.877147454368735,4,-47.20485598639776,-6610.645091248312,-6591.276845856167,-19.368239575982948,-6610.648137652197,0.003046403884582105
877,174.14379856813576,0.0,-10.844186596011228,4,-34.2090493316981,-11872.095139139015,-11856.413357332873,-15.681781128590652,-11872.093198100136,-0.0019410388795222389
878,-67.11494471206932,0.0,-22.531974914358866,4,-47.067053102295276,-9090.494355997193,-9071.104531013336,-19.38980920969234,-9090.489966910895,-0.004389086298033362
879,174.72353993675617,0.0,10.321139115221534,4,-35.74445470410703,-11837.551677911013,-11814.593862753034,-22.95778790902102,-11837.556480962072,0.004803051058843266
880,-48.77369540557152,0.0,156.04318947904932,4,-78.2364583694823,-4286.109477547821,-4454.334716319215,168.2252665850175,-4286.126369556157,0.01689200833607174
881,-15.918455484868478,0.0,-4.264157898116521,4,-48.59430449021323,-10024.730552036079,-10004.857446166881,-19.873117751192687,-10024.757216318603,0.026664282524507144
882,-32.711323401792725,0.0,-175.5066940820938,4,-27.53298181270238,-10848.61770855714,-10826.310001005417,-22.307700714592457,-10848.608759172801,-0.008949384338848176
883,-3.631005835696465,0.0,-9.454642720689261,4,-47.139128184365404,-10309.05212270731,-10287.200887037952,-21.85118369457868,-10309.049791205609,-0.002331501700609806
884,130.5970025879913,0.0,-10.51868893042124,4,-37.2345177968045,-12096.912356461922,-12098.231731218648,1.3193576748663662,-12096.936275172278,0.023918710356156225
885,39.28183558879964,0.0,-57.1974550458799,4,-38.272828455786005,-11134.042667597203,-11122.457940810693,-11.584737909508672,-11134.06080199491,0.01813439770739933
886,109.99513834474637,0.0,81.46769495684175,4,-47.54409868210714,-12117.513947275915,-12077.989619692677,-39.5243947086787,-12117.541002335156,0.027055059241320123
887,-60.5704461644673,0.0,28.56135561704402,4,-56.25100149332368,-8195.946032412532,-8178.075489915817,-17.870542492822324,-8195.949188331062,0.0031559185299556702
888,123.38153225332557,0.0,42.592372236419756,4,-42.59132619264353,-12114.53227182058,-12105.139446006604,-9.392840271856834,-12114.53352663668,0.0012548160993901547
889,58.1689868101417,0.0,143.25344900065468,4,-68.20944069643082,-11395.054426387493,-11138.245705593086,-256.8087720795782,-11394.99903398872,-0.0553923987718008
890,-74.42113719889367,0.0,-106.04558174002376,4,-34.82398205104489,-10088.04404648553,-10066.820981412253,-21.223052933627507,-10088.053710098204,0.009663612674557953
891,126.92856674458922,0.0,-27.709043046320016,4,-35.89822017089202,-12126.878682639617,-12132.524540997096,5.645834396202934,-12126.890713925874,0.01203128625638783
892,-20.280849757958922,0.0,187.87838960619808,4,-112.15510322174137,432.8635230233923,3470.0248184295638,-3037.1612574054884,432.8808664283512,-0.017343404958921838
893,113.07089118779908,0.0,72.89650439005405,4,-46.35177020834358,-12134.611775539388,-12106.675901218678,-27.935942303045838,-12134.636369474993,0.024593935604571016
894,-110.0939327658781,0.0,-158.0320516198713,4,-29.007408770593024,-10094.190401240683,-10072.755869089944,-21.43451288352338,-10094.18391293026,-0.0064883104223554255
895,-53.63920063557693,0.0,38.505425868347935,4,-57.8865970120754,-8190.946671600935,-8174.149338144118,-16.797344806940835,-8190.960290658203,0.013619057268442702
896,-35.41717029661348,0.0,91.9376459729735,4,-65.76910670596308,-7503.169106408805,-7490.28256698239,-12.886522167977597,-7503.154616184143,-0.014490224662040418
897,101.11023261271289,0.0,158.02500779929883,4,-73.68052829799458,-7645.08754261207,-6403.194023367917,-1241.8935482317906,-7645.106635298116,0.019092686045951268
898,127.39876323879652,0.0,37.930318668715515,4,-41.82764904406479,-12074.222104966688,-12063.912615887863,-10.3094905908269,-12074.236392442548,0.014287475860328414
899,-13.030793625960765,0.0,3.595358576600367,4,-49.71321671595199,-9992.85884268786,-9973.257678198466,-19.601178985202218,-9992.876174990544,0.017332302684735623
900,-147.11973749832924,0.0,-129.19127393744176,4,-31.283082667422814,-9270.839716831519,-9251.166137111506,-19.673551395012424,-9270.888048415374,0.048331583855542704
901,1.0629713426484506,0.0,-149.86631979774563,4,-29.4476132863639,-11015.496676309556,-10994.622116946248,-20.87456775406572,-11015.48229497665,-0.01438133290685073
902,22.06495725167613,0.0,-5.867477624314677,4,-46.150951268948916,-10649.268020066467,-10627.78651009328,-21.48153447244001,-10649.27062406053,0.0026039940621558344
903,-124.47577968242095,0.0,-5.139927310211876,4,-49.37705033368465,-7026.865430530373,-7007.497286102043,-19.36813431167056,-7026.88060103348,0.0151705031075835
904,-40.61427344605198,0.0,74.4908059635159,4,-63.56792990677699,-7756.3847458057435,-7741.4105057082015,-14.974272996335472,-7756.396838075609,0.012092269865206617
905,-82.87114938444083,0.0,-95.92801537597745,4,-36.064345137288996,-9852.923053292132,-9832.844903801504,-20.0781557831156,-9852.923694986563,0.000641694430669304
906,-27.23891013127125,0.0,8.02586941676728,4,-51.19637306201013,-9596.718831370536,-9577.116178455286,-19.602625131931322,-9596.716499458138,-0.002331912397494307
907,12.915776233715004,0.0,-20.76915419960044,4,-44.58422814668509,-10618.1549728871,-10597.251914289654,-20.90307960503878,-10618.169447974386,0.014475087285973132
908,87.7416538014729,0.0,-117.22274882455275,4,-29.689636852904684,-12040.96255532509,-12062.095860937296,21.133308755411505,-12040.916686344275,-0.04586898081470281
909,48.028694427029805,0.0,174.7971131989004,4,-97.08163849372015,-4081.802981051006,-2328.4763295166954,-1753.3266210310371,-4081.8026801234028,-0.0003009276033481001
910,-12.997075814062862,0.0,-59.42397239930152,4,-40.2120692434422,-10520.592225255623,-10499.937377881615,-20.654860209581102,-10520.59975906784,0.007533812216934166
911,2.992796578879913,0.0,-67.20938860955542,4,-38.6462908724983,-10742.735080510847,-10720.864455006349,-21.8706329024158,-10742.745453943295,0.010373432447522646
912,104.13164393027816,0.0,108.63767925880697,4,-52.01628457143181,-12080.873892587466,-11942.016281073393,-138.85765751475796,-12080.860928801332,-0.012963786133695976
913,16.270086353766004,0.0,-53.59005196381329,4,-39.92809547936386,-10798.585406314603,-10775.761132157575,-22.824269510786944,-10798.60217832484,0.016772010236309143
914,20.35540614565233,0.0,34.01687223031752,4,-51.93193066456639,-10361.991625527928,-10339.818272482968,-22.173316438465857,-10362.007028475236,0.015402947308757575
915,-59.38590965420534,0.0,102.77113290798953,4,-70.00774788991674,-5856.347880923186,-5846.278339515159,-10.069495178940898,-5856.361390522875,0.0135095996893142
916,104.47482764991175,0.0,63.477649216809965,4,-46.28253926618084,-12065.004830219255,-12061.351041563232,-3.653800475204834,-12065.01505426029,0.010224041034234688
917,-43.397436130978434,0.0,37.186842941420494,4,-57.12643155741417,-8590.984387673161,-8572.839863468049,-18.14452458032259,-8590.996742658073,0.012354984912235523
918,-6.641405272389025,0.0,-61.82947595561582,4,-39.67705757328802,-10616.52631546893,-10595.864096724392,-20.662235750067126,-10616.53961832933,0.013302860401381622
919,110.92305976398023,0.0,-77.05304917281923,4,-32.21755413629117,-12154.134677203268,-12170.92566170827,16.790978123374963,-12154.119067011712,-0.01561019155633403
920,74.49497889611945,0.0,1.1281483536623902,4,-42.984614504089734,-11251.170120509443,-11233.994589801456,-17.175557308999565,-11251.186157317941,0.01603680849802913
921,-3.4116023683630563,0.0,-69.31858207289976,4,-38.57439345673968,-10693.285581700191,-10672.02732298908,-21.258268729807764,-10693.299505976565,0.013924276374382316
922,96.2818662316022,0.0,-102.45437258811302,4,-30.624963891343715,-12088.363652634502,-12107.8214481794,19.457790837614603,-12088.400479601898,0.03682696739633684
923,-39.47057637628442,0.0,-43.854807078756224,4,-43.14649844369776,-10012.204348951545,-9991.932861187679,-20.271497724051763,-10012.21191211784,0.0075631662948580924
924,-58.471883972347825,0.0,-15.408429338911612,4,-48.18086943022675,-9181.918453798824,-9162.519458647725,-19.398979421936115,-9181.912300461538,-0.006153337286377791
925,60.22129404493243,0.0,-54.26851081707974,4,-37.50509738554503,-11256.69853220199,-11222.24877074991,-34.44975850760386,-11256.64354734754,-0.05498485445059487
926,-51.014363347711715,0.0,-8.531863906347095,4,-49.21892971087214,-9253.352113419114,-9233.960675666074,-19.391420755923125,-9253.354169558997,0.002056139883279684
927,80.06759517345974,0.0,163.38587124244563,4,-83.1855611756267,-6853.637783098389,-5415.8363886761035,-1437.8013777790338,-6853.656060027597,0.018276929207786452
928,173.5517266245932,0.0,-78.81469745913252,4,-29.185939185887687,-11960.099570734825,-11954.337333228334,-5.7622048459544315,-11960.105535185337,0.005964450512692565
929,-30.629895625493077,0.0,101.23368322863416,4,-66.43433738332897,-7484.930630404772,-7475.82178371578,-9.108832710951894,-7484.915048794703,-0.015581610069602903
930,119.43736654529519,0.0,102.67841101347953,4,-49.40138660604259,-12012.149449065842,-11862.13904987968,-150.01040583064523,-12012.16387447632,0.014425410477997502
931,-83.24643556266092,0.0,-39.39688241433946,4,-44.27388761953049,-9008.421188698772,-8988.933576571133,-19.487590734424135,-9008.423217880227,0.0020291814544179942
932,151.78721848476982,0.0,-3.877163579545876,4,-36.31005745945604,-11995.050051039358,-11986.691741076997,-8.358295647660206,-11995.053074601848,0.0030235624908527825
933,31.369017562826734,0.0,52.520000908191534,4,-53.29518392905484,-10431.801833268657,-10409.871653840459,-21.9301909567446,-10431.814099899393,0.012266630736121442
934,-97.05589979053326,0.0,-148.41506301255197,4,-30.04530449130824,-10163.763838921457,-10142.08995762745,-21.673845497010234,-10163.790012362262,0.026173440804996062
935,78.4853865535856,0.0,57.32855248655424,4,-48.604900280012565,-11319.335722855549,-11311.509082324115,-7.826677158634058,-11319.290659892587,-0.045062962961310404
936,-59.73454518254513,0.0,83.13332071680114,4,-66.6477584403803,-6576.276546728439,-6562.070525977664,-14.206055295589042,-6576.275698061004,-0.0008486674350933754
937,-60.03966068670046,0.0,-97.26688483815704,4,-35.897492769389004,-10206.43552385236,-10184.742635398052,-21.692847193506093,-10206.443803588778,0.008279736417534878
938,-30.584960460567583,0.0,11.64723673070185,4,-51.97958029211673,-9454.425975582095,-9435.225917371345,-19.200033236016893,-9454.425269691432,-0.000705890663084574
939,59.709091227815165,0.0,-50.80298758744412,4,-37.919889906715916,-11261.918212327424,-11228.890813438042,-33.02739453223756,-11261.94770260362,0.02949027619615663
940,-6.797678299594797,0.0,-66.87952487848533,4,-39.0022112727548,-10643.920332511412,-10623.10273509331,-20.81761296294724,-10643.939240925209,0.018908413796452805
941,76.9737799531384,0.0,41.10906134980562,4,-47.16383544688517,-11246.984012029487,-11231.908592132995,-15.07545979666198,-11246.972361046788,-0.011650982698483858
942,121.5935211415697,0.0,-82.55318201080473,4,-31.255003610086423,-12136.694305336938,-12147.559212488683,10.864898124487533,-12136.738977479496,0.04467214255782892
943,170.28772489791265,0.0,16.277933519653864,4,-36.51868637879609,-11862.872734948765,-11838.952208498013,-23.920502779050825,-11862.879263051747,0.006528102981974371
944,13.423781856511635,0.0,102.4282110970265,4,-60.74912235307032,-9451.620467590563,-9440.33888789848,-11.281565602677999,-9451.628067349884,0.007599759321237798
945,77.00939954235903,0.0,99.85642308587377,4,-53.40925495692572,-11357.639160426652,-11322.65195275996,-34.98723500370128,-11357.511573935484,-0.12758649116767629
946,12.729913407688422,0.0,-164.87022447482244,4,-27.86645056256378,-11191.682964828924,-11176.92998952939,-14.75298289437565,-11191.689176285325,0.0062114564007060835
947,-102.10394970622845,0.0,31.150934944525158,4,-57.1476438763986,-6548.62600634309,-6532.112169606721,-16.51386309652629,-6548.628857130017,0.002850786927410809
948,-68.25334423274616,0.0,68.11012900374237,4,-64.3105761997367,-6689.342058275783,-6673.766535263564,-15.5755619187806,-6689.36022129037,0.018163014587116777
949,-9.34255469500525,0.0,-9.618111322230957,4,-47.404140393395636,-10215.44983313164,-10194.125316082038,-21.324479715790808,-10215.457957578932,0.008124447291265824
950,52.261221858091865,0.0,-101.25799503279389,4,-32.78039321733566,-11316.885764799514,-11286.839301239326,-30.046454600097825,-11316.908564785976,0.022799986461905064
951,69.22154931322163,0.0,30.67696225680925,4,-46.791912203683836,-11159.22207491276,-11120.787988444015,-38.43410511013983,-11159.192785344747,-0.02928956801224558
952,-115.0241120802477,0.0,-51.606261362279184,4,-41.888014295228125,-8502.146794632788,-8482.586538836389,-19.560252659623682,-8502.174803788583,0.02800915579427965
953,6.380324459105808,0.0,47.801524157597534,4,-55.17765839027796,-9914.92456314444,-9896.869515295393,-18.055062640946353,-9914.929293720337,0.004730575898065581
954,68.24649463457713,0.0,-18.724118970082113,4,-41.18812759169196,-11175.912264909814,-11139.551030076107,-36.36124330962696,-11175.944867669725,0.032602759911242174
955,-179.35793400417168,0.0,-2.148900496348315,4,-46.67954764862628,-5290.614003066056,-5272.136104027685,-18.477868511229435,-5290.596584469828,-0.01741859622870834
956,-160.91437276633252,0.0,54.83109876646975,4,-58.89414812755886,-3062.6116011324466,-3047.842869540544,-14.768752943257363,-3062.6172497656853,0.0056486332387066795
957,141.35971518308565,0.0,6.88545136391965,4,-37.99851073423948,-11985.268286006427,-11979.708036487607,-5.560249139079997,-11985.274200213622,0.005914207195019117
958,-75.9170080441995,0.0,27.860341852432246,4,-56.47693899824639,-7658.43273212138,-7641.017647278232,-17.41509468195343,-7658.434453960788,0.0017218394086739863
959,28.745340545299573,0.0,49.37401382267423,4,-53.17771221388588,-10402.282225979015,-10380.231432843982,-22.05078646722554,-10402.291736802546,0.009510823530945345
960,-121.56988783635191,0.0,138.30851374241195,4,-83.5225870057322,602.840517102913,606.8742921427987,-4.033741278313834,602.8346022270947,0.005914875818348264
961,-50.47970762776554,0.0,-16.031652686170627,4,-47.908206418537226,-9394.510955256843,-9374.738331368022,-19.772591324173217,-9394.504381481676,-0.006573775166543783
962,188.95063588520264,0.0,-39.265338341115005,4,-31.229346666212876,-11803.835742379539,-11789.502960838867,-14.332781020317872,-11803.833112457554,-0.0026299219844077015
963,-4.873721628608654,0.0,-197.27573478122574,4,-25.501810023425037,-11118.057608914985,-11099.626035325366,-18.431585435327428,-11118.065411265476,0.007802350490237586
964,-24.991188797223966,0.0,74.04660520663427,4,-62.02013556395249,-8436.703528459084,-8421.259060890856,-15.444484052414175,-8436.705980443843,0.002451984759318293
965,-50.80259474531836,0.0,162.03323314593533,4,-88.42609173122668,-3523.717571918298,-3990.8790382516722,467.16149247301325,-3523.6952801362313,-0.022291782066531596
966,1.1721560470390764,0.0,53.044583419778434,4,-56.42567778005635,-9705.047892616718,-9686.531235945899,-18.516641294489776,-9705.054992207242,0.007099590524376254
967,45.084992391904464,0.0,-41.98270789517428,4,-39.793714471054834,-11174.1456480759,-11164.3636055987,-9.782054057194932,-11174.176517387074,0.0308693111728644
968,141.34354530969642,0.0,105.10224377715242,4,-47.772416595471384,-11812.958906355367,-11580.06974496345,-232.88915196328938,-11812.964109165949,0.005202810581977246
969,-40.33265214584457,0.0,-124.73279521662278,4,-32.54963772253925,-10595.599857814841,-10575.038932098818,-20.560941400401788,-10595.593297030284,-0.006560784557223087
970,191.7109904655555,0.0,-50.82705914771674,4,-30.271146594020497,-11805.198709655046,-11791.929455718364,-13.269251781380971,-11805.196076619734,-0.0026330353121011285
971,136.15990156130215,0.0,134.90472407404476,4,-55.98524234713918,-11166.371420845393,-10501.862560110887,-664.5088363484186,-11166.36125001554,-0.010170829853450414
972,89.94194113874835,0.0,-47.658369792218515,4,-36.15814203585372,-12031.011615553933,-12057.642384868339,26.630780816798993,-12030.958776004263,-0.05283954966944293
973,117.46064401513382,0.0,-27.533430135896094,4,-36.521655464290944,-12094.063924070078,-12104.787380783058,10.723437936950523,-12094.057084571488,-0.006839498590125004
974,-16.492476453163228,0.0,16.389970355030254,4,-52.00868081805659,-9744.756872169897,-9725.55168442693,-19.20517669198705,-9744.753419004372,-0.003453165525570512
975,38.22447015705225,0.0,3.3600381997424957,4,-46.2885146126993,-10778.427926929442,-10755.42762746794,-23.0002809583602,-10778.436884744948,0.008957815505709732
976,139.4358693803392,0.0,106.51062112038974,4,-48.205191478649326,-11820.455661688326,-11580.879223375072,-239.5764290981256,-11820.467319037076,0.011657348750304664
977,-152.98371025220263,0.0,109.24862979605632,4,-73.40399381885523,342.28533299476936,353.65337554984916,-11.368028965843155,342.2848085178281,0.0005244769412797723
978,19.59872036300416,0.0,23.871721454807904,4,-50.58333839423432,-10415.76773682781,-10394.219198893947,-21.548524516542706,-10415.772984181438,0.005247353628874407
979,6.1876635473379515,0.0,-128.7919816021415,4,-31.41456976397698,-10989.282846445005,-10967.9281771713,-21.354676833126888,-10989.288230199374,0.005383754369177041
980,-14.86839222135625,0.0,7.491345429378786,4,-50.45231244827147,-9901.089057513935,-9881.804010147944,-19.28505885242223,-9901.091853732041,0.0027962181065959157
981,57.15448788345923,0.0,80.04282637234418,4,-53.33993763770457,-10819.356026244375,-10795.350311875005,-24.00568174763267,-10819.395582384679,0.039556140303830034
982,91.276999932652,0.0,153.7225883555352,4,-72.45170891419279,-11434.816805088747,-10493.59551066472,-941.2212500471223,-11434.80135431014,-0.015450778606464155
983,-4.712629134657188,0.0,-72.01240834872723,4,-38.26247214753493,-10693.182172261262,-10671.940173543775,-21.24200857190155,-10693.197229085308,0.015056824046041584
984,148.06270734394155,0.0,78.94780646425441,4,-43.62965609581318,-11921.91419262402,-11823.65626398522,-98.25792048627984,-11921.939891833745,0.025699209723825334
985,-7.113424220388294,0.0,16.43232792467494,4,-51.42070587698006,-9970.452240355757,-9951.278190284867,-19.17406626398089,-9970.445640837135,-0.006599518621442257
986,23.802360744195646,0.0,-167.9631969921604,4,-27.3790374443364,-11321.927770663724,-11309.598326648296,-12.329441104118654,-11321.935312697242,0.007542033517893287
987,21.551222060015803,0.0,-33.098970226391685,4,-42.41315026975322,-10764.517483990066,-10741.81472817876,-22.70275664539148,-10764.53473624264,0.017252252573598525
988,-120.26489181677574,0.0,-134.96391149584872,4,-31.165077877089068,-9737.404625214951,-9717.463566861225,-19.94105482612584,-9737.433161744708,0.028536529756820528
989,-57.49118796398946,0.0,-43.8682031513987,4,-43.45541317739287,-9651.969117534489,-9632.366254260489,-19.60284340141942,-9651.978426609345,0.00930907485599164
990,2.5659659459929705,0.0,-11.228054418909535,4,-46.55917305129917,-10407.21327224646,-10385.745943680642,-21.467300643385506,-10407.222096680816,0.008824434356938582
991,-52.857447034658634,0.0,-16.846991740466862,4,-47.821435602262206,-9349.563596235994,-9329.84728568599,-19.7162814714765,-9349.55295488694,-0.010641349053912563
992,21.934478964895295,0.0,-54.205368807457376,4,-39.59500986452217,-10852.262293772223,-10829.1201532426,-23.14212717081651,-10852.270743592782,0.008449820559690124
993,-117.51225694951295,0.0,94.69389894324944,4,-71.34055632927162,-2784.187173825485,-2773.0115400916043,-11.175600035896199,-2784.198718908724,0.011545083239070664
994,165.07925142792274,0.0,-60.67796968467268,4,-30.939028435581523,-11987.585752319714,-11982.605228448116,-4.980490451874921,-11987.595807773952,0.010055454238681705
995,156.81184830333166,0.0,-31.826471631028628,4,-33.682512417835596,-11991.932892067478,-11986.408954181572,-5.5239138929002305,-11991.926715292364,-0.006176775113999611
996,18.2009637719949,0.0,-82.02265422120534,4,-36.27138945892572,-10929.406157223835,-10907.176189545486,-22.229967337876825,-10929.415553243898,0.009396020062922616
997,-55.05483019216686,0.0,-126.79699890567932,4,-32.416581408959715,-10454.211055473623,-10433.152558031064,-21.05848721799165,-10454.23072523316,0.01966975953655492
998,-4.950923767216708,0.0,151.41161706476902,4,-74.10664096972378,-8272.364167713604,-8496.90590273996,224.5417361981322,-8272.38701978808,0.0228520744767593
999,9.75179988170288,0.0,166.06192023296654,4,-86.63199535044006,-10279.316290806968,-10204.95076564732,-74.36550231004965,-10279.310423285593,-0.0058675213749666
1000,-71.96822256440964,0.0,168.13214302368615,4,-104.39129881996706,38.042413149632466,-518.0378097327836,556.0802441272165,38.04356930922404,-0.0011561595915736689
1001,-114.10355204387419,0.0,-37.39048246612719,4,-44.15156300493934,-8204.813211556517,-8184.728595358975,-20.084614436980548,-8204.813357412448,0.00014585593089577742
1002,-80.35878072764264,0.0,61.481605848368936,4,-63.41118552847143,-6365.5512178104445,-6349.902933714952,-15.64830494820605,-6365.554851482624,0.003633672179603309
1003,-14.075426094961827,0.0,-64.6776738096476,4,-39.52196107865363,-10540.661578707703,-10520.076003540295,-20.585589549750647,-10540.65415451092,-0.00742419678317674
1004,-112.17610524245232,0.0,-116.29791079522467,4,-33.3136446313419,-9632.778621200512,-9613.108109409355,-19.67049824411041,-9632.775569082092,-0.0030521184198732954
1005,27.308435200588587,0.0,-92.10358528266252,4,-34.719746971200784,-11102.487510633815,-11087.19529066584,-15.292231376963066,-11102.4997094637,0.012198829885164741
1006,-83.63227886807779,0.0,-128.68312126572363,4,-32.179954355955125,-10164.149079011377,-10142.51813583595,-21.63090826752039,-10164.169111048492,0.020032037115015555
1007,-83.15911634664748,0.0,-15.48658489371044,4,-48.35637232953655,-8519.123288869054,-8499.192890862785,-19.93040819687052,-8519.142297723,0.019008853945706505
1008,111.22605499535977,0.0,-60.85864921910351,4,-33.685678761008674,-12141.181918483906,-12157.40505543943,16.223130995358165,-12141.186114599097,0.004196115191007266
1009,-71.20917482860908,0.0,136.46415276510348,4,-76.31569995786812,-3547.8550872706087,-3553.7517390401426,5.896646768385461,-3547.857884207079,0.0027969364705313637
1010,-47.19010556931308,0.0,146.22223525970213,4,-73.72205039030229,-4990.321284724313,-5043.429896726476,53.10866722805763,-4990.342084341613,0.020799617300326645
1011,-48.32210712406365,0.0,19.49219268009429,4,-54.158378055720924,-8792.782298193888,-8773.732209375461,-19.05010066914959,-8792.78472528033,0.0024270864414575044
1012,-170.8618937380129,0.0,-52.414890444125724,4,-39.674648075752756,-7257.982997899539,-7237.266979273616,-20.71601348672569,-7258.007019655907,0.024021756367801572
1013,-63.975307247614936,0.0,68.33028891286533,4,-64.14120804466064,-6878.726295030189,-6863.230498795733,-15.495836068829924,-6878.7308098073645,0.004514777175245399
1014,-45.20856255437662,0.0,7.412713179542712,4,-51.87017414353603,-9118.774125878304,-9099.95174201101,-18.822383060887617,-9118.769593527284,-0.004532351020316128
1015,31.086266702205673,0.0,74.37053164645239,4,-55.83689056487439,-10291.520665730233,-10269.357926266133,-22.162695311533447,-10291.521061715632,0.0003959853984270012
1016,134.49861708672725,0.0,-21.116889833398282,4,-36.014045935826346,-12069.205034641345,-12069.729432712622,0.5243890658513434,-12069.225553190714,0.020518549368716776
1017,144.22175595351757,0.0,136.18657227514967,4,-55.348605697008516,-10351.668314366243,-9612.415723252407,-739.2525728236445,-10351.650711639284,-0.017602726959012216
1018,94.59690709942934,0.0,-85.10888646920624,4,-32.252204752404126,-12077.307278940822,-12098.53071163783,21.22343635625758,-12077.338168792556,0.030889851734173135
1019,30.519608474311113,0.0,82.33323806602982,4,-56.737097163319866,-10236.403291546752,-10214.500838590924,-21.90241063566331,-10236.409163107262,0.005871560510058771
1020,144.45635238559362,0.0,67.53626285632203,4,-42.85539950892898,-11988.381381730494,-11927.734216576082,-60.647138423496436,-11988.388138249895,0.006756519400369143
1021,-122.32364277016976,0.0,135.97528151015018,4,-82.90087521227707,475.863768867076,480.3505067506865,-4.486734168140599,475.85522804953325,0.008540817542723289
1022,-10.076593578198882,0.0,8.379409639079226,4,-50.314533745941084,-10001.064748068153,-9981.519113849847,-19.545649351524283,-10001.063763565375,-0.00098450277801021
1023,-10.09876505003619,0.0,39.69867039325889,4,-55.346491296021895,-9584.80841975022,-9567.236402060846,-17.571995938026756,-9584.813492211122,0.005072460902738385
1024,147.91912293040536,0.0,-55.422153017522724,4,-32.26809535857697,-11978.707777165242,-11978.357730748856,-0.35003461182894857,-11978.67407048307,-0.03370668217212369
1025,44.46606537399204,0.0,-78.48188205093736,4,-35.484485876299544,-11303.011768192058,-11287.932963045761,-15.078802007472156,-11303.047540057138,0.03577186507936858
1026,-195.3185288972216,0.0,-18.450862690801515,4,-42.99720984231408,-5549.024386382457,-5529.954906752814,-19.069450955141164,-5549.015603576772,-0.00878280568485934
1027,-16.401392631189964,0.0,-0.6617032758274318,4,-49.204200197945916,-9969.83674739705,-9950.264269777499,-19.572491285902935,-9969.827464554091,-0.009282842958782567
1028,29.481430265253163,0.0,-43.18984765180342,4,-40.64104794208518,-10888.549076383157,-10866.445327090343,-22.10373706937144,-10888.55543735626,0.0063609731041651685
1029,13.099559610415524,0.0,-33.946579334919875,4,-42.71463069076891,-10691.382766772014,-10669.808006565103,-21.574774904289534,-10691.382495241533,-0.00027153048176842276
1030,-42.60125913295596,0.0,-4.160775747371718,4,-49.73248578691083,-9397.537692542051,-9377.930445960797,-19.607217533400732,-9397.549550942109,0.011858400057462859
1031,-98.06802489664969,0.0,82.39392439771969,4,-68.40101793890317,-4555.324630208578,-4542.390456275101,-12.934200467284752,-4555.329965035945,0.005334827366823447
1032,-67.82455996690966,0.0,-91.64422716012794,4,-36.638697710697336,-10044.9362827412,-10024.02089762146,-20.91538529848971,-10044.958979217108,0.022696475907650893
1033,-4.6440884057646326,0.0,160.06398545316415,4,-74.9242811040333,-10451.542244137667,-10217.613894907525,-233.92827706203892,-10451.524664598674,-0.017579538993231836
1034,13.802621349672316,0.0,76.77337278008866,4,-58.17312722514603,-9771.74455892147,-9754.567459509683,-17.177092449195143,-9771.7492755032,0.004716581730463076
1035,-25.661506873218485,0.0,130.79092462948478,4,-69.09641339245086,-6944.108822170297,-6974.551901279477,30.443075529177406,-6944.1325893247895,0.02376715449281619
1036,-2.275754313121463,0.0,86.26941407690049,4,-61.13306730827856,-9078.86099529687,-9064.562256336518,-14.29874988446266,-9078.859936896022,-0.0010584008487057872
1037,35.22450150062464,0.0,-31.744229732383392,4,-41.797648555476215,-10913.340707791745,-10893.195169739505,-20.145525826745924,-10913.337809819033,-0.0028979727121623
1038,-49.741837532520066,0.0,51.72875286610649,4,-60.16829137344656,-7995.257066584018,-7979.108009749748,-16.149082789296486,-7995.242221790178,-0.01484479383998405
1039,-47.506057946482976,0.0,-49.74999689199636,4,-42.40221066623816,-9928.41405241221,-9908.461868176362,-19.952193855750473,-9928.414284854765,0.0002324425549886655
1040,-127.55682985541816,0.0,-56.94640761778331,4,-40.75482204592941,-8332.86041569318,-8313.164721141045,-19.695694134808093,-8332.869110046633,0.008694353453392978
1041,14.141292517662896,0.0,-191.81565653363302,4,-25.656498842927657,-11282.161259602773,-11270.02289185588,-12.138369539101722,-11282.188724197411,0.027464594637422124
1042,-56.497060983999944,0.0,-10.781851814295091,4,-48.95279427157091,-9148.565853456941,-9129.288563696353,-19.27727677069184,-9148.574183572116,0.008330115175340325
1043,-15.881596188935513,0.0,106.2459951540654,4,-65.10357633264586,-8104.69022540487,-8100.864856065922,-3.8253721511544563,-8104.6662490041,-0.023976400770152395
1044,53.54193556009402,0.0,-108.9455125452655,4,-31.979338393078727,-11309.983908462622,-11277.44645611046,-32.53744548810092,-11310.079788994333,0.0958805317113729
1045,-82.80072114820776,0.0,83.66355593869129,4,-68.20320297036511,-5332.216070424048,-5319.680636938388,-12.535448245945338,-5332.213526870517,-0.0025435535308133694
1046,-69.27211764184791,0.0,-137.05730214140488,4,-31.330403502272922,-10373.065935721008,-10351.48436457749,-21.581535191473225,-10373.066250779206,0.00031505819788435474
1047,-78.18293654093455,0.0,53.45012540350272,4,-61.71880821744866,-6745.399146565489,-6729.917181679591,-15.48200624698699,-6745.383643758293,-0.01550280719584407
1048,63.89131361177338,0.0,-159.05136990290626,4,-27.2545488104755,-11367.68502912085,-11344.551086499752,-23.133924959925224,-11367.631385188812,-0.05364393203853979
1049,21.960754620192088,0.0,143.65028622250742,4,-69.33000959783635,-9916.233600314608,-9888.239997729814,-27.993618781665102,-9916.246193937202,0.01259362259406771
1050,92.87399112638437,0.0,-19.695090255869133,4,-38.90997891863989,-12033.938127595698,-12061.743845374922,27.80573468388468,-12033.976750561967,0.03862296626903117
1051,-41.46986883653907,0.0,91.28691318153956,4,-66.32065472880758,-7227.8361805602535,-7213.701076493002,-14.135099112796714,-7227.82438079608,-0.011799764173701988
1052,-33.565617826954224,0.0,-19.939088155629236,4,-46.7814937761358,-9836.940289259901,-9817.438328710938,-19.501960811826788,-9836.965082011733,0.024792751832137583
1053,-86.99334977060194,0.0,-123.93310586493115,4,-32.68769279823139,-10081.92271234606,-10060.643398176411,-21.279301129385814,-10081.943412831011,0.020700484950793907
1054,2.2940545012586018,0.0,196.12918919906338,4,-118.88048113763789,2012.4282703615738,4425.898867270674,-2413.4705822575083,2012.4639865963802,-0.03571623480638664
1055,-82.62470656639587,0.0,151.88252793269584,4,-79.61711903863413,-1828.0664615480994,-1850.5037011628099,22.437319623010357,-1828.064853800111,-0.0016077479883733758
1056,37.021957705681224,0.0,-99.26341958262499,4,-33.52243538542683,-11283.273389910293,-11271.858415300325,-11.414971679831913,-11283.283435922145,0.010046011851954972
1057,-3.1362144080479846,0.0,16.708796451538483,4,-51.195218662168465,-10060.002696939358,-10040.322690381143,-19.6800171016609,-10060.001088514724,-0.0016084246344689745
1058,-143.8252459642393,0.0,-76.65866421250774,4,-37.50631874539271,-8415.481258450936,-8395.974132681711,-19.507116212909512,-8415.467561266249,-0.013697184687771369
1059,-39.56061217953843,0.0,-13.375938874529496,4,-48.06187408504751,-9612.835780084555,-9593.056666985622,-19.779087414046653,-9612.852033249039,0.0162531644837145
1060,-82.6543700588177,0.0,44.063333981912585,4,-59.86995738282597,-6877.747863174999,-6862.234590182167,-15.513308011114693,-6877.752896991316,0.005033816317336459
1061,-150.84913016597537,0.0,87.1118353225202,4,-67.39853375164064,-1463.8182376773245,-1452.3878585207012,-11.430412005186671,-1463.8295273123815,0.011289635056982661
1062,97.2452577500812,0.0,69.23779981528112,4,-47.52902099999521,-12059.87824055325,-12066.687887814523,6.809662125554116,-12059.874866222159,-0.003374331090526539
1063,38.470178809618346,0.0,-63.696882736407915,4,-37.524532120762075,-11152.43773540908,-11141.161835434465,-11.275909862423616,-11152.449486327485,0.011750918405596167
1064,-122.68635383282815,0.0,-16.765908261981224,4,-47.3505771556339,-7445.206085907307,-7424.988394225218,-20.217691960678067,-7445.198945203188,-0.007140704119592556
1065,28.74818947057186,0.0,-102.24040573423481,4,-33.534282437842236,-11167.483956920456,-11154.567451553985,-12.9165129750195,-11167.500470144541,0.0165132240854291
1066,22.343262923064547,0.0,-42.235767956477076,4,-41.14714183015885,-10807.696711690183,-10784.626409365552,-23.070292661250573,-10807.705874106703,0.009162416519757244
1067,-100.23529849277921,0.0,41.85098146572354,4,-59.40602250268854,-6226.077450194715,-6209.888730915828,-16.188727277432974,-6226.0795742475275,0.002124052812177979
1068,66.78217801813547,0.0,26.814132719869022,4,-46.548413679194,-11191.381324111542,-11159.030086092396,-32.351253530428664,-11191.379998436742,-0.0013256748006824637
1069,171.17723782919606,0.0,11.529673405453067,4,-36.09569230230797,-11863.492013167746,-11841.46017621875,-22.03181635186516,-11863.49432331467,0.0023101469232642557
1070,64.55446950806314,0.0,165.75901110321425,4,-91.2431277742075,-6760.444199777805,-5275.733393022904,-1484.7107675878774,-6760.455070160291,0.010870382486245944
1071,10.717920691689473,0.0,-33.8972458355145,4,-42.83697410262285,-10665.470290854157,-10644.22489427501,-21.245414238873085,-10665.477357910302,0.007067056145388051
1072,183.1205889812996,0.0,73.05183705573427,4,-39.90442798014229,-11543.482343597563,-11409.356567623274,-134.12578476700386,-11543.478081381665,-0.004262215898052091
1073,161.38725354545855,0.0,101.31517500286368,4,-45.27416463987406,-11618.084300944789,-11358.117677006781,-259.9666418341184,-11618.088518195187,0.004217250398141914
1074,140.53133556818986,0.0,-127.92279112808886,4,-26.982470231907563,-12142.499674911163,-12148.238461340028,5.738771020156519,-12142.414508180664,-0.08516673049962264
1075,37.1584652161664,0.0,-43.55186787943965,4,-40.125532260728406,-11017.326040869748,-11001.4562057505,-15.869835645750758,-11017.33769272559,0.01165185584250139
1076,35.03762282343825,0.0,-78.34367886858476,4,-35.96067497331019,-11162.018776520497,-11150.265762698806,-11.753021894877,-11162.034223073348,0.015446552850335138
1077,-0.5080556234880035,0.0,-44.723690108376275,4,-41.820074473165306,-10589.171088271893,-10568.58006004306,-20.591046371097335,-10589.168394221622,-0.0026940502702927915
1078,67.98251868048301,0.0,102.36523586499642,4,-54.77278061261722,-11108.882352793136,-11041.048581488996,-67.83381079605088,-11108.857895856203,-0.024456936933347606
1079,35.26561881446803,0.0,-16.626629719248683,4,-43.81674924488897,-10835.535402384286,-10812.992498050824,-22.54288336067806,-10835.539845462234,0.004443077947144047
1080,68.9159078252216,0.0,90.31091810508231,4,-53.032027268198576,-11128.995830358797,-11077.255535832035,-51.74033522826418,-11129.065124216175,0.06929385737748817
1081,-66.3374931628119,0.0,-151.74831149315355,4,-29.84468768472413,-10484.30098838306,-10463.421301937198,-20.879687710173275,-10484.323633362217,0.02264497915712127
1082,12.21074614074921,0.0,0.4121687217854396,4,-47.72099228526822,-10464.07433093027,-10443.134813092995,-20.93952068769848,-10464.08632801977,0.011997089499345748
1083,-42.19218202788311,0.0,-0.888423848473,4,-50.28839828173576,-9353.322785605154,-9333.893851808847,-19.428911681358255,-9353.316953728083,-0.005831877071614144
1084,-60.4879644244832,0.0,-70.06215729209094,4,-39.55267865240169,-9930.795290878252,-9910.634722419549,-20.1605776561804,-9930.796635278892,0.0013444006399367936
1085,-32.666662018243784,0.0,-82.50783136033765,4,-37.547019715617026,-10429.347313740682,-10408.085505670506,-21.26178679661477,-10429.353170990486,0.005857249803739251
1086,-30.509374337863825,0.0,18.44967596104488,4,-53.15348162078181,-9342.407328144756,-9324.05528954284,-18.35202749892044,-9342.418596542037,0.011268397280218778
1087,-36.54984942578436,0.0,-141.73635851973904,4,-30.71548246457059,-10714.777579737143,-10693.587979703902,-21.189605153876663,-10714.7938614974,0.016281760255878908
1088,-29.0709361371503,0.0,63.92858858105623,4,-60.80961769129675,-8507.2752499657,-8490.9225442712,-16.35271957202894,-8507.277682788545,0.002432822844639304
1089,4.362846596046216,0.0,29.24026919290915,4,-52.577297364271516,-10090.963288267147,-10071.50577742685,-19.457515771834778,-10090.954510414611,-0.008777852535786224
1090,-34.304151249266575,0.0,126.91410459034698,4,-69.78128404809284,-6531.612043376113,-6548.1471817177635,16.535151654879822,-6531.604581871423,-0.007461504690581933
1091,-0.4570101458976072,0.0,94.30419727011764,4,-61.746623647812754,-9025.77104525675,-9014.533941875072,-11.237113043489458,-9025.804536698193,0.03349144144340244
1092,141.0103203544109,0.0,15.421066329900583,4,-38.74974056031578,-11992.211089632654,-11984.516220757807,-7.694869667352882,-11992.241683958859,0.030594326204663957
1093,14.52805006216405,0.0,27.539989923248523,4,-51.5041038155945,-10313.05772729495,-10291.039474745736,-22.018203506775762,-10313.062505569296,0.004778274345881073
1094,4.594639816336326,0.0,73.36141321155652,4,-58.82069099099404,-9521.019313825509,-9505.087447227319,-15.931836197545856,-9520.999888211623,-0.0194256138856872
1095,29.990783061496675,0.0,-35.8973909299893,4,-41.57433573204895,-10860.531270375288,-10837.852831518103,-22.678422324707014,-10860.523721485753,-0.007548889534518821
1096,-143.35354192915065,0.0,49.73809677998582,4,-59.28499863015293,-4054.187559686199,-4039.122647540434,-15.064936809920933,-4054.1833015441766,-0.004258142022536049
1097,-156.49969497369486,0.0,-100.78003900179654,4,-34.14056114606102,-8658.744935416335,-8639.199737179593,-19.54517163090245,-8658.763452689413,0.018517273078032304
1098,-24.265247714950615,0.0,-13.041889868487232,4,-47.55673651761726,-9950.939954530339,-9931.284257946698,-19.655708399103794,-9950.946248712884,0.006294182545389049
1099,-19.022659586328828,0.0,-69.91749121350456,4,-38.94471260350107,-10512.216812242503,-10491.515577087528,-20.701245843504694,-10512.21767355034,0.0008613078371126903
1100,45.54535277431826,0.0,-12.984124854565392,4,-43.50956658176428,-11007.660199982505,-10993.755798709368,-13.904399446445437,-11007.671111710753,0.010911728248174768
1101,-35.64347853779882,0.0,64.77842031543094,4,-61.508628633372766,-8223.271954944876,-8207.418238874161,-15.853745595198493,-8223.28470588657,0.012750941694321227
1102,-27.66441053896554,0.0,-193.54783804087467,4,-26.012865384574365,-10921.729501411337,-10899.072653615745,-22.65684312818352,-10921.763691764481,0.03419035314436769
1103,108.30583993275292,0.0,32.08721584244219,4,-42.9935439344076,-12072.323596274273,-12081.254242881008,8.93063193525015,-12072.341663990985,0.018067716711811954
1104,136.51671479551723,0.0,138.98134615434884,4,-57.339738747684166,-10600.445070352653,-9834.418871121376,-766.0261792526302,-10600.446835494582,0.0017651419293542858
1105,-67.06814971680107,0.0,100.51926477828307,4,-70.42836683840122,-5490.045349854588,-5479.117291176089,-10.928009179026697,-5490.0654655004755,0.020115645887926803
1106,-60.0450142517043,0.0,-74.46879974090388,4,-38.927304701261875,-9988.61982692017,-9968.146314501155,-20.47352143799666,-9988.624362869155,0.00453594898499432
1107,20.608506632555642,0.0,159.02392222161765,4,-78.48267684199237,-10268.085308233227,-10203.687329247297,-64.39800083240688,-10268.096166068379,0.010857835151909967
1108,101.09054908377047,0.0,-5.745501488476504,4,-39.7919057303343,-12076.689176183963,-12100.494775562984,23.80562203585477,-12076.702434088249,0.013257904285637778
1109,16.611573130307402,0.0,62.92760439381799,4,-56.20441756822963,-10011.41496809478,-9992.644089442256,-18.770895656199517,-10011.426723533732,0.01175543895260489
1110,33.40987158269969,0.0,-112.71029713279448,4,-32.247199046982274,-11279.522820883483,-11268.438498982512,-11.084318240979439,-11279.519360125136,-0.003460758347500814
1111,-125.81887926407148,0.0,-108.36500644133052,4,-34.00641514336683,-9307.313187139845,-9287.62119772341,-19.69195976162105,-9307.310112882189,-0.003074257656408008
1112,77.80725673942833,0.0,71.20208251411083,4,-50.050292061854464,-11277.135904591823,-11260.814011162656,-16.321934686250856,-11277.108825845862,-0.02707874596126203
1113,23.90906174507643,0.0,130.55898901154922,4,-64.77590812920543,-9819.439470218455,-9810.184020801686,-9.255447730393513,-9819.442078516193,0.002608297738333931
1114,-90.43458906312705,0.0,-46.299391013747524,4,-43.11417440759196,-8969.314146465524,-8949.805611337573,-19.508511333717593,-8969.330965926782,0.016819461257910007
1115,85.57357619525098,0.0,-65.38348721790734,4,-34.62364163352652,-11959.544148572799,-11985.35924973149,25.815108532789434,-11959.486550054939,-0.05759851786024228
1116,-39.22158489324074,0.0,-92.72352672794396,4,-36.32379324929334,-10418.648394258516,-10397.318217195569,-21.3301527013889,-10418.660966899472,0.012572640955113457
1117,77.39745774249943,0.0,65.7766872124658,4,-49.58342123101737,-11244.664204025996,-11226.225441439767,-18.43880266589666,-11244.615095340749,-0.049108685247119865
1118,-46.36787283988353,0.0,-19.637042691124105,4,-47.20067853052931,-9547.46683449795,-9527.635594150837,-19.831209235579085,-9547.484768730454,0.017934232504558167
1119,-27.288471978998583,0.0,-58.1454536915018,4,-40.75835916530111,-10336.139192603287,-10314.290204021925,-21.848939987128034,-10336.144034216566,0.004841613279495505
1120,39.199022622843884,0.0,-150.58265260387117,4,-28.52949989427752,-11355.935916184239,-11333.794352036724,-22.1415499254265,-11355.906335349437,-0.029580834801890887
1121,-142.75453468547954,0.0,36.64113378520756,4,-56.53973825662687,-4734.399611835376,-4717.300733778766,-17.098864542449753,-4734.407782583606,0.008170748229531455
1122,98.90899161953902,0.0,153.9370772695702,4,-71.16163755203462,-10655.14693144903,-9642.14492877891,-1013.0019752100876,-10655.15518185649,0.008250407459854614
1123,9.386345779068717,0.0,-196.87046139178,4,-25.347101089962347,-11246.668056259654,-11233.224874846544,-13.443184710118723,-11246.723069054286,0.055012794631693396
1124,-92.69080929871042,0.0,18.92614798749273,4,-54.75777589785554,-7319.0010113814815,-7300.915490407545,-18.085519434668857,-7319.0087112089905,0.0076998275089863455
1125,26.001136859192577,0.0,192.7002863018658,4,-86.7751851778229,-1353.8415973632095,2190.578179254934,-3544.419769887382,-1353.8437630223077,0.0021656590981820045
1126,-53.66151134341645,0.0,14.541250526133402,4,-53.43654946447707,-8731.73981685087,-8712.31003181504,-19.429798798396913,-8731.729599098302,-0.010217752567768912
1127,29.229871284287018,0.0,131.3881025191772,4,-65.24828069776312,-10100.949976147138,-10064.295667788827,-36.65429203672072,-10100.961578389864,0.011602242726439727
1128,40.450213917279044,0.0,128.59070063642844,4,-63.53177110966679,-10472.264356453567,-10395.556856595258,-76.70753330636921,-10472.266381732416,0.0020252788490324747
1129,95.41671521012577,0.0,96.41583562869938,4,-50.811395579257706,-12025.631591399408,-11979.751207836158,-45.880373941375844,-12025.627648148582,-0.003943250825614086
1130,-80.21500765325248,0.0,-106.78694500815647,4,-34.71937943468754,-10012.436977671883,-9991.58006072455,-20.856920082917068,-10012.440968935367,0.003991263483840157
1131,9.903800232766283,0.0,120.41683872269707,4,-63.04555386338691,-9066.58354561788,-9070.34936903193,3.765816943060322,-9066.58533168089,0.0017860630105133168
1132,-7.716600707555292,0.0,-61.91918376868661,4,-39.700455083999884,-10603.74829696925,-10583.14205325978,-20.606261140443763,-10603.769969434028,0.021672464778021094
1133,-56.565206440001916,0.0,24.23141555259875,4,-55.29288564020207,-8439.456552859096,-8420.444277803512,-19.012265270799045,-8439.452805373741,-0.0037474853543244535
1134,-158.73019776143533,0.0,-28.111463283467444,4,-43.855065044965144,-6812.274556653861,-6792.208273619635,-20.066283817355185,-6812.261699637352,-0.012857016508860397
1135,90.69251896230521,0.0,-62.955289342181246,4,-34.56553012411127,-12048.65437733431,-12073.353898091595,24.699533469417453,-12048.612171228313,-0.04220610599622887
1136,-44.61622607888442,0.0,-24.012135386963106,4,-46.431085190175494,-9649.906989203459,-9630.219575910296,-19.687391514226704,-9649.914765863798,0.007776660339004593
1137,63.886593849319794,0.0,179.5216899673071,4,-93.38886857592566,441.77309810014435,2532.9541159650757,-2091.1810177865573,441.7557312135085,0.017366886635841183
1138,19.516772219624805,0.0,5.197546160636922,4,-47.91120598518098,-10544.566399516418,-10523.799733519318,-20.76668803206154,-10544.570704701362,0.004305184944314533
1139,92.96767464008573,0.0,-79.22815789614988,4,-32.875256321743485,-12069.70115907267,-12091.95189031558,22.250737504300687,-12069.709221172852,0.008062100181632559
1140,64.83556409976445,0.0,47.289199984379074,4,-48.96568819897056,-11190.647120852576,-11167.885456882783,-22.761694391610522,-11190.61722425736,-0.029896595216996502
1141,22.265913694867987,0.0,37.7175124606646,4,-52.26836786932867,-10368.75314467012,-10346.518673363858,-22.234438859276448,-10368.765495171809,0.01235050168907037
1142,53.140277829732675,0.0,1.6932265518559317,4,-44.73941774155478,-11114.25521554955,-11104.74633456018,-9.50888847669239,-11114.261615838683,0.00640028913221613
1143,-10.087016206005302,0.0,-35.04192987256081,4,-43.59258720642076,-10398.936133132156,-10377.384226874861,-21.551873961577506,-10398.948627041711,0.012493909554905258
1144,-65.04077466767795,0.0,-4.491749738456422,4,-50.23010288654495,-8789.0729502457,-8769.580400698433,-19.492551524228954,-8789.067739316924,-0.005210928775341017
1145,54.735924664466715,0.0,-51.82463464446285,4,-38.040608096064275,-11290.258434265013,-11265.64840166695,-24.610025176456443,-11290.278371353159,0.019937088145525195
1146,-4.255755377378224,0.0,-81.64447420068656,4,-37.02162717252942,-10739.702075849575,-10717.992618875682,-21.70946235336549,-10739.693523716982,-0.008552132592740236
1147,89.45911575261033,0.0,-26.663288566905557,4,-38.39891841822435,-12007.15684863398,-12036.313294210233,29.156452345747788,-12007.112232212414,-0.04461642156638845
1148,-132.8578713201817,0.0,-8.430762551195038,4,-48.43852525159331,-6879.3189191973115,-6859.912418963282,-19.406493685278164,-6879.339620338077,0.020701140765595483
1149,84.80852469328481,0.0,-76.74926668352617,4,-33.54584371901087,-11943.169072608358,-11966.757787905859,23.588721989647645,-11943.157849534651,-0.011223073706787545
1150,-128.5940932048659,0.0,8.279931246268179,4,-51.70457086774247,-6430.951066790362,-6412.703968379022,-18.247093339490327,-6430.954839406148,0.0037726157852375763
1151,6.844692026630431,0.0,-55.916070295158455,4,-39.99382373722331,-10729.79686517216,-10707.97731951618,-21.819555312999753,-10729.807515104338,0.010649932177329902
1152,-190.41482526196182,0.0,3.150947248574435,4,-46.65012320980139,-4763.745157671424,-4745.52284431799,-18.222315658186286,-4763.755579712961,0.01042204153691273
1153,-10.003270805221257,0.0,4.428559449381857,4,-49.67368419145298,-10050.530142796892,-10030.631441079673,-19.89871203344061,-10050.548138651217,0.017995854324908578
1154,175.02413472991412,0.0,-70.69454851286453,4,-29.704763994248417,-11924.170496710067,-11917.30039845632,-6.870075089393367,-11924.15994462573,-0.010552084337177803
1155,-163.62602397518134,0.0,-50.83908558668918,4,-40.241202029265814,-7373.207303181607,-7352.519423533899,-20.687875293844534,-7373.210964448243,0.0036612666362998425
1156,130.97641115708169,0.0,-18.019295856041197,4,-36.522730990118305,-12104.847298159859,-12106.991763033717,2.1444479508478986,-12104.843740635073,-0.003557524785719579
1157,-48.90319820962258,0.0,78.790096768986,4,-65.02561799766372,-7243.849765542869,-7228.717684151576,-15.132100727087195,-7243.874167784629,0.024402241760071774
1158,-80.67503736860769,0.0,85.51204027310938,4,-68.49430825786621,-5365.725813188504,-5353.329310624471,-12.396513767515419,-5365.738263081834,0.012449893330085615
1159,38.184714433849614,0.0,-17.787435578455252,4,-43.452189888045496,-10884.460377202962,-10863.927617293137,-20.532740946427456,-10884.474288636595,0.013911433632529224
1160,-113.05254096853143,0.0,-133.12211425853553,4,-31.45286301471051,-9818.564216299199,-9798.382600095965,-20.18162024958947,-9818.58224934163,0.018033042431852664
1161,-48.39829174446381,0.0,3.31128647706824,4,-51.2453771560782,-9105.608445445649,-9086.644028578268,-18.964413283376267,-9105.624285950142,0.015840504493098706
1162,-70.97925485798356,0.0,46.9962039649814,4,-60.20497022026358,-7268.801169907294,-7253.454552727513,-15.346635807786273,-7268.8201786722075,0.01900876491345116
1163,17.94846612518337,0.0,10.480667698974166,4,-48.793036136923746,-10481.920593049155,-10461.035249145698,-20.88535804494428,-10481.93534476587,0.014751716715181828
1164,-88.4473685355037,0.0,-59.05852287027924,4,-41.15407707529876,-9238.44326856077,-9218.625157721419,-19.81808969389017,-9238.44439398818,0.0011254274104430806
1165,117.83746601364304,0.0,58.41076413932815,4,-44.51906521221849,-12139.560724511915,-12123.831775490702,-15.72898867735784,-12139.59041314962,0.02968863770547614
1166,102.37918130208864,0.0,113.91777136607215,4,-53.28744349115914,-12075.00326518354,-11904.24386202076,-170.75945441587794,-12074.993747666336,-0.009517517204585602
1167,-3.933774445667646,0.0,104.82290959682838,4,-63.32051829008342,-8690.2645830343,-8683.937940761078,-6.326660135288612,-8690.303262485111,0.0386794508103776
1168,10.475119243142085,0.0,9.584336606204099,4,-49.185268877234584,-10375.837758225623,-10354.106790957083,-21.73093125054151,-10375.846448702805,0.008690477181517053
1169,-195.00591744384695,0.0,-9.052145523664489,4,-44.39830563712686,-5176.621750369071,-5157.926629887462,-18.69508520988801,-5176.5951911406455,-0.02655922842586733
1170,-44.55564893635352,0.0,-63.3090840321476,4,-40.344529216697026,-10129.746579146171,-10108.591940084101,-21.1546215762839,-10129.741060772913,-0.0055183732583827805
1171,-23.702147016487977,0.0,-56.25523479258725,4,-40.943774178501364,-10367.901335556786,-10346.168250286279,-21.733043746067953,-10367.896936220066,-0.004399336719870917
1172,-8.069177822015952,0.0,-194.08882657913082,4,-25.785843932813368,-11077.59110659814,-11057.95822200823,-19.63289631191123,-11077.637758926992,0.04665232885236037
1173,18.03028747603243,0.0,-35.37348416915535,4,-42.280517292391295,-10743.215651692672,-10720.876440843977,-22.339219828306383,-10743.223379361705,0.0077276690335565945
1174,-41.72728864890418,0.0,-13.069932099727223,4,-48.17970194424893,-9557.94286517907,-9538.116282413139,-19.826551552188743,-9557.939904305862,-0.0029608732074848376
1175,74.34387560692437,0.0,-176.16004629707504,4,-25.61927026291552,-11659.307576865016,-11653.821260744198,-5.486298508855115,-11659.265378696336,-0.04219816867953341
1176,134.60891652808002,0.0,-10.399798469401006,4,-36.974941033853064,-12043.028652018482,-12042.105688973126,-0.9229705089595726,-12043.0089627614,-0.019689257082063705
1177,32.146854690335395,0.0,-57.734813647540065,4,-38.6155118539074,-11007.574853162236,-10990.162963168672,-17.411890933212305,-11007.602651005673,0.027797843436928815
1178,14.384705228661588,0.0,-5.736403978412952,4,-46.675694237467255,-10540.615413423004,-10519.973069885493,-20.642363568656062,-10540.625474754452,0.010061331448014244
1179,-19.18191578913683,0.0,11.965001198850251,4,-51.43356909616433,-9739.197045044022,-9719.816170874148,-19.380861735609177,-9739.216204451535,0.01915940751314338
1180,-102.08198129133868,0.0,-114.7289427395426,4,-33.618173990461116,-9769.937064399975,-9750.000255819044,-19.936807143030858,-9769.931791841123,-0.00527255885208433
1181,14.800404822913665,0.0,-2.363114223584793,4,-47.141927907840994,-10523.37640151184,-10502.711800662039,-20.664620547416906,-10523.382657477741,0.006255965901800664
1182,-11.618875432945817,0.0,34.613427110436696,4,-54.64793379094267,-9618.151314839894,-9600.51549963719,-17.635794777794995,-9618.158006608279,0.006691768385280739
1183,73.41610980186306,0.0,19.762855547980415,4,-45.239709760955186,-11154.314368777726,-11124.83103432444,-29.483362135001396,-11154.3411584476,0.026789669873323874
1184,-100.9979110124775,0.0,-2.885588912638412,4,-50.43983562135599,-7694.694272627511,-7674.788031018043,-19.90624618891437,-7694.692806531367,-0.0014660961442132248
1185,39.35377052274596,0.0,-84.92363721495626,4,-34.99467096512193,-11266.399244102939,-11255.484669109781,-10.914573622574267,-11266.423868848677,0.024624745738037745
1186,-56.41243501474453,0.0,128.44781024558043,4,-73.0532982605443,-5023.3456176404125,-5028.963413901821,5.6178078234306215,-5023.394803807804,0.049186167391781055
1187,76.44375677765794,0.0,166.36992312100355,4,-87.30154926174284,-4586.211994702734,-2956.505306078389,-1629.7066592826898,-4586.2214494739155,0.009454771181481192
1188,-78.16609645177758,0.0,46.27434435607717,4,-60.24919465597795,-6990.339261788838,-6974.983115597703,-15.356178004921587,-6990.351470707531,0.01220891869343177
1189,49.06498205572339,0.0,-71.44751486574046,4,-36.07020807546154,-11308.85123664279,-11288.838965619567,-20.012264783114023,-11308.879701866597,0.028465223807870643
1190,-79.12900430678692,0.0,151.7079922073464,4,-78.97744778315958,-2143.6427685930234,-2168.122614718825,24.479930355335572,-2143.622844441316,-0.019924151707527926
1191,-47.052424440177056,0.0,88.4319065404113,4,-66.43603219445868,-7040.563200302933,-7025.7102613926045,-14.852960685956464,-7040.584981109401,0.021780806468086666
1192,39.95349351028172,0.0,97.71576420400636,4,-57.25767424284419,-10386.427379641844,-10364.168022049558,-22.259355619882854,-10386.441025821034,0.013646179189890972
1193,34.33921506777749,0.0,-31.24858626972966,4,-41.92183131190911,-10896.431431794184,-10875.453450281027,-20.977967344399275,-10896.450670031076,0.01923823689139681
1194,-24.22504961265323,0.0,35.082266827467166,4,-55.63859299020354,-9235.945655089794,-9219.243447795412,-16.702208089765797,-9235.947387210601,0.0017321208069915883
1195,96.94541401179833,0.0,-15.646359294140344,4,-39.057883717040546,-12058.756886890058,-12084.736914430352,25.980050503150753,-12058.778539531111,0.021652641053151456
1196,92.60233247868,0.0,56.62134725279568,4,-46.79183116423762,-12014.131425714399,-12037.659255697909,23.527848926211373,-12014.11180739633,-0.01961831806875125
1197,20.830046263427853,0.0,-76.4752521988281,4,-36.838193447801814,-10935.819130933156,-10914.016888832963,-21.802241894164688,-10935.827511613154,0.00838067999757186
1198,-67.5923977531851,0.0,15.331839168254422,4,-53.8952329714653,-8287.463543141394,-8267.883616551135,-19.579917446849898,-8287.47060712205,0.0070639806563121965
1199,43.608049612174774,0.0,64.71539291397018,4,-53.31204378335536,-10602.761720129047,-10578.561185526849,-24.200566928442324,-10602.773848529057,0.012128400010624318
1200,-62.75876741380037,0.0,39.166736891358156,4,-58.37322210940096,-7831.221364648303,-7814.664504007917,-16.5568843787979,-7831.218286868371,-0.0030777799320276245
1201,-60.56754371138332,0.0,-121.15989557853743,4,-33.056361918017735,-10364.906356896256,-10343.26370601848,-21.642611708895853,-10364.93563122321,0.029274326954691787
1202,-122.88696165481208,0.0,-86.96938656928036,4,-36.702302369322624,-9024.129125823705,-9004.379580521527,-19.749526357528243,-9024.124099610228,-0.005026213477322017
1203,-66.58666724419456,0.0,-49.16299046019116,4,-42.70320562073319,-9539.244697921835,-9519.53252885855,-19.71213889846482,-9539.25974796378,0.015050041945869452
1204,50.3222600641566,0.0,9.384127303614479,4,-46.00984306781608,-10981.798579806533,-10968.24925780141,-13.549313722652881,-10981.80774138543,0.009161578896964784
1205,85.42136903148344,0.0,3.1270232970832597,4,-41.99175107607302,-11850.900499553469,-11883.588559946056,32.68804068612322,-11850.959087422929,0.05858786946009786
1206,-4.202889859427645,0.0,-24.961591721011068,4,-44.842092961147195,-10408.608168179057,-10387.138668632211,-21.46947090504615,-10408.621300780209,0.013132601152392454
1207,-93.69145504771666,0.0,-46.67140496893751,4,-43.02388282754966,-8900.246482296328,-8880.785041161289,-19.461413930530323,-8900.241754007538,-0.004728288789920043
1208,83.08133850286306,0.0,-8.122657148657241,4,-40.9890938919309,-11750.30109870353,-11776.308185215197,26.007064072436513,-11750.29826897592,-0.0028297276112425607
1209,-185.18695399806927,0.0,36.55889613289756,4,-52.78948070051819,-3260.8454131367344,-3244.1048877912435,-16.740510524485934,-3260.8376571652325,-0.007755971501865133
1210,73.43328540723587,0.0,-67.93990739645768,4,-35.244245756211804,-11456.214744685998,-11448.989471873678,-7.225284418335316,-11456.22125101044,0.006506324441943434
1211,-30.277286278309255,0.0,29.602945835092758,4,-55.08594823578872,-9147.946210181934,-9130.766946717025,-17.17926783874675,-9147.967180583515,0.020970401581507758
1212,43.20774616353199,0.0,-158.29866673346913,4,-27.791399025761862,-11357.456771524869,-11330.740932480261,-26.715824939349435,-11357.382843296362,-0.073928228506702
1213,-47.98269365349318,0.0,-144.33874968573295,4,-30.531552321886036,-10622.766584218605,-10602.152682240674,-20.613917270475635,-10622.786677360524,0.020093141918550828
1214,-1.923211061685894,0.0,192.2238798369818,4,-105.5837118762611,65.16727427343318,3081.1508493625383,-3015.9835577978965,65.1184398944168,0.04883437901638388
1215,-94.69068688200056,0.0,-168.3566832391467,4,-28.187053686689925,-10319.333137892962,-10297.524858572851,-21.808231360083735,-10319.343790752464,0.01065285950244288
1216,-13.53582415266434,0.0,-11.202493508112116,4,-47.36323083447971,-10152.55466283937,-10131.70403514906,-20.850610842529044,-10152.558191395836,0.0035285564663354307
1217,100.16518606218953,0.0,-134.8128777359805,4,-27.82970923470621,-12104.40175893084,-12121.022453368132,16.620679210124045,-12104.40872322917,0.006964298328966834
1218,-50.10436163537424,0.0,-16.184322453406004,4,-47.87342326961849,-9406.10829900667,-9386.320675262956,-19.787590596745655,-9406.11941599938,0.011116992709503393
1219,35.580657896619044,0.0,190.37225960710276,4,-88.14881341532465,-469.52668455757794,2914.152128108084,-3383.6787984961215,-469.5510281707612,0.02434361318324818
1220,-165.86479828686976,0.0,-32.765842025188824,4,-42.75411311875827,-6784.447643521259,-6764.285718733292,-20.16192703869155,-6784.450322296172,0.0026787749129653093
1221,-51.34475481234354,0.0,9.84491782105466,4,-52.51789544255964,-8893.130481384122,-8874.016431684851,-19.114053275479282,-8893.145644046643,0.01516266252110654
1222,67.60975719260092,0.0,10.90543431404552,4,-44.67608302772056,-11179.040665464196,-11142.287105349009,-36.75356757016212,-11179.02164152336,-0.019023940834813402
1223,30.222905763374705,0.0,-127.41807008238693,4,-30.877955700111908,-11285.16975342313,-11273.952060102492,-11.217689882080188,-11285.202633599241,0.032880176111575565
1224,-88.87159621770459,0.0,124.05952516769001,4,-76.94689414356726,-2884.305082432277,-2877.4509444020932,-6.854107491997776,-2884.3175500614234,0.012467629146613035
1225,71.35333553142522,0.0,59.905932245635796,4,-49.67145865037212,-11124.293230866937,-11080.37003884486,-43.923221511907386,-11124.304444059044,0.011213192106879433
1226,-93.56321030438716,0.0,-101.6570235917054,4,-35.271869944157565,-9747.214773472453,-9727.403902374615,-19.810866241902293,-9747.215836926307,0.001063453853930696
1227,80.53167174321136,0.0,4.68832484040701,4,-42.71690808454745,-11562.738773232057,-11576.962739827795,14.223935685908257,-11562.807028490337,0.06825525828026002
1228,-17.339713840042656,0.0,45.02476005349683,4,-56.79445167458023,-9273.391478766482,-9256.332340923413,-17.059130217018694,-9273.395633486378,0.004154719896177994
1229,102.22990531177861,0.0,70.97268451595163,4,-47.21856239663351,-12058.377811402357,-12050.80908022365,-7.56873517790742,-12058.398653973305,0.02084257094793429
1230,45.76056542961569,0.0,169.2727649308098,4,-95.01636040072707,-8961.272602089432,-7526.432638498947,-1434.8399977336849,-8961.268484759175,-0.004117330256121932
1231,63.45055497262984,0.0,106.9117037469434,4,-55.98268396805178,-11079.089409928481,-11028.892944840398,-50.196491440243605,-11079.08798885092,-0.0014210775607352844
1232,-88.73204817181616,0.0,-147.05869555551917,4,-30.235756898690227,-10242.962281237564,-10221.09295767571,-21.8692740757421,-10242.943931349306,-0.018349888257944258
1233,-55.34247395992567,0.0,38.74919056820649,4,-58.00915609384082,-8120.898658871342,-8104.241322802736,-16.657354656773048,-8120.8936740387635,-0.0049848325788843795
1234,-131.98563058025786,0.0,-10.384268912733791,4,-48.127583692933825,-6970.846383655972,-6951.2824578989375,-19.563918467178237,-6970.84989115123,0.003507495257508708
1235,-24.201294788588164,0.0,-8.994168170941006,4,-48.215102920771216,-9900.984033511559,-9881.494504891669,-19.489538704053825,-9900.9902339297,0.006200418141816044
1236,104.46948041959158,0.0,114.84664114458171,4,-53.2727937994198,-12078.828142565113,-11891.468732802483,-187.35946904825124,-12078.803551347128,-0.024591217985289404
1237,115.77007914379219,0.0,-106.09998027828584,4,-29.525269871291947,-12180.48603602655,-12194.709027739293,14.222992247104365,-12180.581704622202,0.09566859565165942
1238,-39.5523685839491,0.0,62.0290955916498,4,-61.34491234476781,-8134.566785071651,-8118.634206285449,-15.932608672044037,-8134.56674817777,-3.689388086058898e-5
1239,-123.36115062210358,0.0,-4.643829553309242,4,-49.50977562237809,-7045.302491963935,-7025.943790709629,-19.358690603879374,-7045.298119325327,-0.004372638607492263
1240,5.344405631227164,0.0,-14.00168210404865,4,-46.000276743100926,-10464.24403704895,-10443.289385151133,-20.954650415131358,-10464.244667869772,0.0006308208230620949
1241,-7.785672717041539,0.0,40.59969870135002,4,-55.30503079895755,-9636.010938482004,-9618.278717917594,-17.732201430778225,-9636.009957535258,-0.0009809467464947375
1242,-159.2610650034085,0.0,-17.2763596239524,4,-45.56191235332521,-6426.155886712584,-6406.712442655243,-19.443437447486,-6426.147812644494,-0.008074068090536457
1243,101.66193718913007,0.0,-54.97524109001614,4,-34.76635318150663,-12096.32655992014,-12117.925827505474,21.599270827872495,-12096.406804759314,0.08024483917324687
1244,-39.472383916038204,0.0,-133.69438086397207,4,-31.573255956094677,-10651.499238350616,-10630.760449891364,-20.73880247978732,-10651.492041740841,-0.00719660977483727
1245,-129.70124861743315,0.0,-73.30658536749213,4,-38.36556384952476,-8635.31614631135,-8615.844588414357,-19.471536548275058,-8635.341256639662,0.025110328311711783
1246,-56.66061352275032,0.0,115.28900769505304,4,-71.52068083066142,-5527.366116454797,-5521.987993361574,-5.3780746729171245,-5527.380858699385,0.014742244587978348
1247,-80.27641291418232,0.0,128.54180816970376,4,-76.63568415936571,-3265.858989390904,-3263.16883379971,-2.69016579410316,-3265.8614092162775,0.002419825373635831
1248,42.38995279862593,0.0,-177.03538569597265,4,-26.31596327920528,-11362.907900757,-11335.282398819116,-27.625486700306826,-11362.891393673352,-0.016507083648320986
1249,3.5267681838241356,0.0,43.42554430614054,4,-54.78687560658064,-9897.53959673696,-9879.722506522125,-17.817103152287352,-9897.559490966314,0.01989422935366747
1250,172.99889378068346,0.0,83.19882282370334,4,-41.83310227041814,-11651.782512139689,-11488.843276581409,-162.93925357757342,-11651.787792308502,0.005280168812532793
1251,119.31115357871383,0.0,7.00674934095082,4,-39.70313625871826,-12113.466466577256,-12119.31728570474,5.850780189715044,-12113.487888818712,0.021422241456093616
1252,141.77242069837402,0.0,-19.725275531953873,4,-35.67539861299954,-11974.854768376477,-11972.912897782793,-1.9418630837070592,-11974.854151782214,-0.0006165942631923826
1253,-45.41164115064713,0.0,22.56790199032834,4,-54.600369765848626,-8820.232879269037,-8801.419668455452,-18.813221073689995,-8820.234755349235,0.0018760801976895891
1254,4.635468773512154,0.0,194.8469417660509,4,-109.41631815294834,1109.9840751068855,3977.6657624031714,-2867.6816653178053,1109.9453013879745,0.038773718910988464
1255,23.733749576271453,0.0,51.957468732042884,4,-54.015366715387096,-10294.737022196034,-10272.619333981967,-22.117641287468373,-10294.745503832759,0.008481636725264252
1256,-102.21394267634884,0.0,-160.64642686018345,4,-28.83405965826073,-10198.585957601646,-10176.79481082364,-21.791104363471568,-10198.617787440717,0.03182983907026937
1257,112.76902849786593,0.0,-31.96779098235876,4,-36.37251658521919,-12106.045180800049,-12120.197836545916,14.152648258580069,-12106.08664241791,0.04146161786047742
1258,39.98639175455741,0.0,-90.84836799030788,4,-34.3108451714534,-11293.403374956797,-11280.89990532538,-12.503467170256428,-11293.41953621915,0.016161262352397898
1259,86.13454935051102,0.0,106.5463718080713,4,-53.38243503466343,-11959.125449297502,-11908.86442261646,-50.26105233949278,-11959.106655873522,-0.01879342398024164
1260,-68.16743102186754,0.0,-86.65224624488104,4,-37.29668537809941,-9987.433074283746,-9966.853575745945,-20.579506678188647,-9987.440186435735,0.0071121519886219176
1261,-179.6011382930818,0.0,-18.375859159638765,4,-44.10874251942113,-5930.846022796967,-5911.59504733364,-19.250954520786657,-5930.847309662672,0.0012868657049693866
1262,-5.477200821370679,0.0,-15.602980746836627,4,-46.29565422789112,-10327.947790525688,-10306.068152256352,-21.879588008568284,-10327.951023680473,0.003233154784538783
1263,1.8765760196160979,0.0,84.6124065423066,4,-60.46062937688899,-9253.070749892495,-9240.05540684422,-13.015347699558419,-9253.066460138258,-0.004289754237106536
1264,44.99538289739612,0.0,-75.72760814886692,4,-35.769618449243886,-11301.261665148693,-11286.136357607675,-15.12530439986086,-11301.28505870827,0.023393559577016276
1265,-41.35734565213772,0.0,-58.51446788909995,4,-40.98651852129263,-10135.017679502651,-10113.870205893983,-21.147455200568768,-10135.014624480205,-0.0030550224455510033
1266,91.5218270069331,0.0,-72.38265482568903,4,-33.59851272675948,-12059.796317974116,-12083.223126079318,23.426817568084626,-12059.800588181242,0.004270207125955494
1267,23.756134280431947,0.0,-113.93673540122724,4,-32.4589238457523,-11145.09742784761,-11130.506542144403,-14.590895731491766,-11145.12953629898,0.03210845137073193
1268,-63.65135058301645,0.0,113.64430919573093,4,-72.12534780964157,-5161.054451142168,-5152.79361120694,-8.260790542827168,-5161.049300928729,-0.005150213438355422
1269,50.18293502424208,0.0,-29.407393319082235,4,-41.00923173347276,-11218.616264723665,-11208.08028952109,-10.535983574779182,-11218.612792842043,-0.0034718816223175963
1270,45.81795560930184,0.0,-24.85271989215852,4,-41.93293351660428,-11089.525443337368,-11078.262688043245,-11.262765508100697,-11089.535409063923,0.009965726554582943
1271,-43.24478266727119,0.0,-72.30249420555931,4,-39.058141672411715,-10230.214218442015,-10208.51662063681,-21.697553014041176,-10230.238738798627,0.02452035661190166
1272,-111.6914717580459,0.0,101.1371616439778,4,-73.04936011950498,-2729.8163248031833,-2719.333365343146,-10.482974027335008,-2729.832322547993,0.015997744809737924
1273,26.797380662897638,0.0,46.55277712719306,4,-53.012610389169566,-10386.032547189683,-10363.877247359938,-22.15528215875712,-10386.052382719781,0.019835530098134768
1274,-100.53976038361104,0.0,-32.41715528417212,4,-45.25862768190924,-8433.200420409972,-8413.3577521056,-19.842673489489886,-8433.203540791304,0.003120381332337274
1275,-152.04133100643966,0.0,50.130360287747074,4,-58.69399675135123,-3678.1427788593423,-3663.2094206788956,-14.933383892250944,-3678.1413153070275,-0.001463552314817207
1276,-94.3901920310896,0.0,24.99708601470352,4,-55.95385631334639,-7064.677731053137,-7047.377529917051,-17.300213440217348,-7064.691547837208,0.013816784071423172
1277,181.224876163196,0.0,61.72823532675896,4,-39.046882828309315,-11712.250304165736,-11618.401805254052,-93.84849741511934,-11712.240383740565,-0.009920425171003444
1278,3.359511234444718,0.0,174.73491249018792,4,-98.58794515451291,-12231.828909917725,-11222.225919905313,-1009.6029524933638,-12231.850004028302,0.021094110576086678
1279,-176.53413841744458,0.0,-12.08945840725996,4,-45.29131331318888,-5769.188348969372,-5750.214079912982,-18.9742409718717,-5769.187690197347,-0.0006587720245079254
1280,10.160611092492534,0.0,1.8006549002888443,4,-48.057161525204414,-10424.37079193087,-10403.089929965494,-21.28084407451828,-10424.377315638774,0.006523707903397735
1281,37.103598775576735,0.0,8.56720948122305,4,-47.073497885736494,-10741.932241609804,-10718.790987881526,-23.14124467126184,-10741.954291065167,0.022049455363230663
1282,-3.685724827643265,0.0,-9.598096858136602,4,-47.12003327527258,-10309.316077568277,-10287.464306985692,-21.85171862429455,-10309.334250529197,0.018172960919400794
1283,-55.49110189874469,0.0,-47.93982603452401,4,-42.79633158467276,-9748.14621863838,-9728.585797463928,-19.56041137945037,-9748.148738027236,0.002519388855944271
1284,-127.28095405966748,0.0,-30.505419372915007,4,-44.86550538168315,-7700.829512576472,-7680.136669432042,-20.6928439575233,-7700.819026784354,-0.010485792117833626
1285,-131.966094937692,0.0,126.00694465129872,4,-79.91419000161585,360.3417234061946,369.28096586858754,-8.939207915257295,360.33593972551535,0.005783680679257941
1286,-49.89460890081187,0.0,138.9155485346882,4,-73.1329296720916,-5076.923888759747,-5100.678968116671,23.755139765703877,-5076.883594374844,-0.040294384903063474
1287,-6.221005239664373,0.0,-12.945264740320226,4,-46.734698991835536,-10296.799991568212,-10274.988752114385,-21.81118723614852,-10296.792667472097,-0.007324096115553402
1288,104.53366926889467,0.0,-159.42963519270427,4,-25.89137384442865,-12117.207008107254,-12131.962788988341,14.755764466027772,-12117.185988809279,-0.02101929797572666
1289,-11.195630975906148,0.0,24.58148735713646,4,-53.00462272185687,-9766.475945032214,-9747.792884630628,-18.683053047834118,-9766.48567763102,0.009732598806294845
1290,0.23261330778893946,0.0,-59.048516631755426,4,-39.81587361380184,-10680.290394518837,-10659.104071129137,-21.18633596704324,-10680.308897443663,0.018502924825952505
1291,-163.10375143225767,0.0,44.9325428138184,4,-56.62225835458504,-3539.763699161625,-3524.2245701418683,-15.539123583204598,-3539.7655174603465,0.001818298721445899
1292,27.924871179259203,0.0,157.48227630620528,4,-79.15076736426182,-10459.44633367531,-10326.318990802352,-133.12728234826378,-10459.472879144369,0.02654546905796451
1293,-68.11157010026895,0.0,-66.36606930213608,4,-40.12245684730301,-9745.568662236748,-9725.944017226408,-19.62463661789244,-9745.583962636978,0.015300400229534716
1294,42.05057484749002,0.0,51.18519258456458,4,-51.99268101175285,-10630.111654529956,-10605.947549506831,-24.164129102421377,-10630.110134787192,-0.0015197427637758665
1295,-53.861617087527755,0.0,126.3481513934981,4,-72.44427728414793,-5284.347043162556,-5287.772869312928,3.425848418485136,-5284.360418100469,0.013374937913795293
1296,95.92948465199339,0.0,6.468195860235377,4,-41.456547836960915,-12043.526901498415,-12070.974504602316,27.447628579579984,-12043.52738149035,0.0004799919352080906
1297,-55.75784897641387,0.0,-3.5391673695969295,4,-50.22380799943939,-9030.383002900751,-9011.25395896672,-19.12903504451271,-9030.388371157218,0.005368256466681487
1298,-96.82293143452168,0.0,77.18034642346092,4,-67.18567271227116,-4876.484090823746,-4863.7830014700085,-12.70112668365478,-4876.479194961882,-0.004895861863587925
1299,-69.95985679891604,0.0,-2.904714852767148,4,-50.57433508724567,-8617.148633816769,-8597.25672269551,-19.891924360218532,-8617.145530067333,-0.003103749435467762
1300,150.08395294825834,0.0,63.98383894988473,4,-42.01520035783175,-11951.456893899503,-11890.82879996607,-60.62807137234404,-11951.451689337437,-0.005204562066865037
1301,-93.23367372607103,0.0,-142.5461361776605,4,-30.66142337382081,-10161.44972796401,-10139.796880036007,-21.652812857015206,-10161.456886888425,0.007158924414397916
1302,-78.05191039029765,0.0,104.1898801038539,4,-71.99996857703927,-4681.8438899454695,-4670.097556413178,-11.74631163788039,-4681.866198246024,0.022308300554868765
1303,-66.49731230777347,0.0,20.947152247805136,4,-54.94675392347236,-8184.612585679692,-8165.8545332865915,-18.75804878312386,-8184.621453726598,0.008868046906172822
1304,-68.82894217562631,0.0,163.82731496072455,4,-84.57041823023549,-1892.8607897418055,-2118.313793047778,225.4530440935382,-1892.88094680948,0.020157067674517748
1305,15.201729857887932,0.0,90.60147110792653,4,-59.45257583745637,-9660.389129433295,-9645.164562116131,-15.22454840397392,-9660.39523388202,0.006104448724727263
1306,79.35345909999239,0.0,-139.22056043802468,4,-28.24684252448731,-11789.343424242677,-11794.370757535919,5.027340778759842,-11789.254879225258,-0.08854501741916465
1307,98.65113769323473,0.0,15.308922817039926,4,-42.15255773764062,-12058.255888391746,-12083.499354744643,25.24349531112924,-12058.270701897269,0.014813505522397463
1308,53.956049806277974,0.0,22.755364278564105,4,-47.3317982811776,-11003.51511220773,-10991.058057436612,-12.457049759113719,-11003.524588048513,0.009475840783125022
1309,17.34496506336042,0.0,-30.614922046012985,4,-42.96526578247937,-10717.543416469358,-10695.524187232586,-22.019243677531872,-10717.548149948332,0.00473347897423082
1310,163.81745965844556,0.0,35.481852725143185,4,-38.488963280751875,-11882.90386489462,-11849.337410802134,-33.56642382031461,-11882.91326626029,0.00940136566896399
1311,14.734741988388146,0.0,-10.172592605306788,4,-46.00639115443811,-10576.138951599794,-10555.422733687068,-20.71623907799326,-10576.137393243001,-0.0015583567928842967
1312,-93.7337107255951,0.0,161.6239450218818,4,-83.13096368771794,-170.0595848678521,-213.9330239284058,43.873492006129815,-170.07494829258525,0.015363424733152442
1313,-94.19268205814807,0.0,93.18913146827896,4,-70.67624429634691,-4249.850580582663,-4236.757280187688,-13.093257738217112,-4249.867401842608,0.01682125994557282
1314,18.255531590867246,0.0,64.38003056416724,4,-56.20190441274821,-10043.001982423255,-10023.94515317852,-19.056843495479583,-10042.998859757146,-0.0031226661085383967
1315,-76.2712269927269,0.0,-112.04759487531616,4,-34.09926277951491,-10117.217616970365,-10095.831838791815,-21.38575717452645,-10117.233331049705,0.015714079339886666
1316,-130.38631338811885,0.0,-12.132860855917032,4,-47.88335408662385,-7075.775279066293,-7056.051046892752,-19.724224195976287,-7075.7975423716325,0.022263305339947692
1317,9.335386635695501,0.0,-62.48943130643131,4,-39.04053868443415,-10775.810285175572,-10753.429029491388,-22.381258747254172,-10775.806030158767,-0.004255016805473133
1318,-151.33521973431994,0.0,-102.29149348374611,4,-34.11343923358329,-8777.456404059443,-8757.833635169314,-19.622740245697695,-8777.443400818162,-0.0130032412816945
1319,-9.810066010324606,0.0,7.124135972710545,4,-50.09611840274667,-10022.464434177833,-10002.78163995637,-19.682807976561616,-10022.473444900399,0.009010722566017648
1320,-88.80857204802392,0.0,-152.68120013416114,4,-29.68328537175764,-10279.042593980306,-10257.158915077996,-21.88362717884882,-10279.048189476383,0.0055954960771487094
1321,-17.607674639254828,0.0,-97.8523559221902,4,-35.33590786553239,-10689.484828572926,-10668.394539195757,-21.090298699809317,-10689.49795414551,0.01312557258461311
1322,-33.33921136333969,0.0,-32.69665158244104,4,-44.7256194001695,-10001.267569652397,-9981.178841866755,-20.08873864930684,-10001.26571296988,-0.001856682516518049
1323,42.18543194287003,0.0,167.35410228966035,4,-93.97910172211755,-11395.463008781639,-10137.992029982848,-1257.4709096102151,-11395.472516661763,0.00950788012414705
1324,-58.99370840495367,0.0,-126.30632996094104,4,-32.481281692294175,-10411.540711400377,-10390.193595244598,-21.347091080295137,-10411.553363601872,0.012652201494347537
1325,77.34029425823535,0.0,-19.909994788518116,4,-40.249159254486784,-11471.90896756887,-11473.7044037342,1.7954127221497422,-11471.930319423902,0.021351855031753075
1326,26.364596607400724,0.0,-8.95066867096918,4,-45.44633411333132,-10709.185211812626,-10686.840778133152,-22.344447875036966,-10709.179975365658,-0.005236446968410746
1327,2.1094661442315927,0.0,-196.5060394563174,4,-25.473451146654696,-11179.053643398085,-11162.835986189943,-16.217666495237697,-11179.075284985767,0.021641587682097452
1328,-54.859445725969955,0.0,-122.35123504468488,4,-32.90865596660157,-10430.257961976937,-10409.036861125169,-21.221081358539003,-10430.255653320946,-0.002308655990418629
1329,-20.193587827966645,0.0,-197.67291413032575,4,-25.633602722253322,-10981.485485289644,-10959.100491887457,-22.38500088288028,-10981.508973275622,0.02348798597813584
1330,-99.4510159238714,0.0,-64.05444040418185,4,-40.2934071334434,-9093.129705192125,-9073.389204668405,-19.74048209864435,-9093.137011410956,0.007306218831217848
1331,-26.103541201039263,0.0,-15.788246407166945,4,-47.18544369713524,-9945.524585672758,-9925.857487270077,-19.667109865740372,-9945.515755493285,-0.008830179473079625
1332,-34.7136761256248,0.0,-127.67439521772646,4,-32.17234430392409,-10667.711017106183,-10646.867452804292,-20.843576412077674,-10667.731122315807,0.020105209623579867
1333,54.10709203783614,0.0,65.65958694186101,4,-52.23998025117109,-10779.397200226187,-10755.94048611257,-23.45668585816219,-10779.399684408103,0.0024841819158609724
1334,12.773817200342863,0.0,3.286333040399634,4,-48.10697594513215,-10452.373288642239,-10431.34091582045,-21.032370510211035,-10452.382517826218,0.009229183979186928
1335,123.63787445988429,0.0,29.689163703648404,4,-41.42750079761804,-12117.14809822488,-12113.906008901902,-3.242120271829488,-12117.143721564991,-0.004376659888293943
1336,111.30161933105002,0.0,-20.713358636358,4,-37.57443720239999,-12096.321879197496,-12111.006296178684,14.684409804270903,-12096.290024234893,-0.03185496260266518
1337,-98.04447536492977,0.0,-80.50151248382619,4,-37.98206703111021,-9383.121252385648,-9363.399177869369,-19.72204324251399,-9383.13737227881,0.016119893161885557
1338,1.2802310834542634,0.0,-16.46354649610703,4,-45.84674269492208,-10424.904881227305,-10403.594923991672,-21.309935525401222,-10424.905461595263,0.0005803679578093579
1339,-48.17256936241822,0.0,-27.955917418756712,4,-45.8632310152258,-9627.284745834531,-9607.580252487616,-19.704469840172305,-9627.299105129272,0.014359294740643236
1340,41.52672933437128,0.0,-193.5105058712994,4,-25.110766580071882,-11367.163310350099,-11339.038410715979,-28.12488364563837,-11367.265122533277,0.10181218317848106
1341,-67.60299784763667,0.0,-181.65048902239377,4,-27.11220764392322,-10626.617347719823,-10606.006293741535,-20.611068501692902,-10626.645300153657,0.027952433834798285
1342,36.70431242510008,0.0,28.367734367306646,4,-49.70672174524758,-10656.058049379253,-10632.77069939498,-23.287369767144707,-10656.080268433143,0.022219053889784846
1343,-69.02816746855679,0.0,12.814438448598986,4,-53.44452543076375,-8301.17971836852,-8281.357069107546,-19.822639579348007,-8301.170927449959,-0.00879091856040759
1344,-46.595590751776214,0.0,-113.86890508694788,4,-33.83171725874434,-10466.301435087307,-10445.319665596153,-20.981763928804973,-10466.321776625691,0.02034153838394559
1345,122.36056150355869,0.0,26.678877291182857,4,-41.26763842740621,-12124.5578144763,-12123.475999732254,-1.0818561401340656,-12124.57656803425,0.018753557949821698
1346,125.18178284982298,0.0,56.71221994812577,4,-43.682785366034175,-12077.977974355104,-12055.501137913721,-22.476839077673652,-12077.969632005614,-0.008342349490703782
1347,-74.4368818450381,0.0,21.65807789466689,4,-55.238363119476666,-7887.531394048691,-7869.411268780365,-18.120134728460688,-7887.539260292622,0.007866243930948258
1348,-156.83969292192126,0.0,80.57822628651067,4,-65.07102786484296,-1644.84628081251,-1631.2756151456433,-13.570703342656953,-1644.8530689175398,0.006788105029727376
1349,54.6517942139504,0.0,-73.41509401414076,4,-35.61526215195585,-11299.43612574213,-11270.403492807032,-29.032623815383396,-11299.467000350503,0.030874608373778756
1350,-5.825726988418069,0.0,76.81667154464489,4,-60.39803543950442,-9108.581859200302,-9093.795915100642,-14.785956275570587,-9108.5986828934,0.01682369309855858
1351,-79.01748510255686,0.0,168.19061162856687,4,-91.32438148779073,-195.14947666495348,-485.39017830885524,290.2407137737886,-195.18345777016094,0.03398110520745945
1352,-102.5322561892115,0.0,60.16681018414174,4,-63.33960160940532,-5376.180940529963,-5361.721346443395,-14.45957626233754,-5376.1749730350275,-0.005967494935248396
1353,119.40904454085029,0.0,61.05430424074915,4,-44.6126584645747,-12130.04136586626,-12109.574108862636,-20.467290876607212,-12130.018503142814,-0.022862723446451128
1354,-27.50405323492168,0.0,18.32194455691601,4,-52.967122837899225,-9429.900419874308,-9411.25537360873,-18.645027237274867,-9429.920108851942,0.019688977634359617
1355,46.0093171677353,0.0,3.26908408727404,4,-45.6187348273851,-10911.792058109198,-10894.498809139237,-17.293228948014836,-10911.79096467952,-0.001093429678803659
1356,41.77064154848807,0.0,-27.92396178857877,4,-41.840445567430116,-11016.869943541044,-11002.220753799646,-14.649189357876296,-11016.87231170808,0.0023681670372752706
1357,3.573924074248306,0.0,64.41380657419293,4,-57.784839061708745,-9614.809078873153,-9596.748890184661,-18.060159468084645,-9614.812746532196,0.003667659042548621
1358,160.96944734825016,0.0,-12.603156654225453,4,-34.96679116939942,-11944.247095357936,-11933.603857335398,-10.643228279262411,-11944.247954204004,0.0008588460677856347
1359,60.18013164201797,0.0,-141.93024752922054,4,-28.789259832579006,-11280.886897092136,-11248.692551151702,-32.19433364582987,-11280.894041996042,0.0071449039060098585
1360,61.47366820719366,0.0,-121.87720592680182,4,-30.526729611285422,-11268.896238089728,-11236.663125691666,-32.23310478067734,-11268.93904387752,0.04280578779253119
1361,61.15776226701383,0.0,124.95321424133228,4,-60.22590446052559,-11093.645201043448,-10953.830786951748,-139.8144540150861,-11093.677327473411,0.03212642996368231
1362,9.548557851859767,0.0,97.379131053373,4,-60.74431323166439,-9368.09767526592,-9358.641812320528,-9.455856380093161,-9368.111986300348,0.014311034427009872
1363,74.92867908477693,0.0,-155.13316525302693,4,-27.164509608453656,-11662.030068196524,-11658.418509843763,-3.6115425247231023,-11662.031438963606,0.0013707670823350782
1364,41.33755339413214,0.0,85.9327219674443,4,-55.76560764105951,-10474.89796097091,-10452.252559426233,-22.64543164399727,-10474.899199329962,0.0012383590528770583
1365,-82.87804188823638,0.0,11.130947224776785,4,-53.25509729684243,-7889.124209078269,-7869.956039157881,-19.168175233609354,-7889.11793291098,-0.006276167288888246
1366,-58.71108297902512,0.0,138.6136245240868,4,-74.4413609712365,-4428.908536685064,-4443.600042900812,14.691541829327585,-4428.923907207554,0.015370522490229632
1367,-16.979235091171898,0.0,-56.12214817744433,4,-40.78923435185415,-10449.180832716576,-10428.05617849525,-21.12464052915175,-10449.171430803643,-0.00940191293375392
1368,132.83436944797475,0.0,-12.989422836609906,4,-36.858375019913844,-12074.230837133213,-12074.561592828186,0.33074459151669194,-12074.26111876439,0.03028163117778604
1369,-0.32543526097060105,0.0,-25.95486782556352,4,-44.522306155103976,-10466.775440716572,-10445.819399277181,-20.956038871391552,-10466.803740633382,0.02829991681028332
1370,14.369870031840845,0.0,-37.458280996523825,4,-42.17046767322753,-10719.451985301612,-10697.522440408524,-21.92955813917084,-10719.47015583256,0.0181705309478275
1371,21.35759855912925,0.0,28.82331093038446,4,-51.13069704255819,-10411.313140010356,-10389.592087276114,-21.721039087613857,-10411.32651686621,0.013376855853493907
1372,87.88153749459532,0.0,-121.5329563202711,4,-29.320390452228427,-12044.188857572319,-12064.94374493819,20.754889005967303,-12044.116405489714,-0.07245208260428626
1373,-110.8088387470726,0.0,103.66672496931542,4,-73.71118090739638,-2622.0050799104156,-2611.8792997648875,-10.125792255101922,-2621.9901402266833,-0.014939683732336562
1374,-48.90631621611124,0.0,15.520203063365281,4,-53.46367108736937,-8853.201367964566,-8834.177658761166,-19.023717930563773,-8853.196719134727,-0.0046488298394251615
1375,186.14972062122627,0.0,53.07283670365817,4,-37.93470836419332,-11677.867080074298,-11599.56551924062,-78.30156122890988,-11677.871303481099,0.004223406800520024
1376,-26.378808140141086,0.0,-21.584388461461906,4,-46.26100518165539,-10010.47969899156,-9990.471648452163,-20.00806172196821,-10010.483132379428,0.0034333878684265073
1377,120.02414059974801,0.0,32.87026275765254,4,-42.02906177145661,-12131.261957451137,-12129.78052055097,-1.4814826581021414,-12131.27136417755,0.00940672641263518
1378,0.42118609322223594,0.0,-134.4799032056836,4,-30.96362012031817,-10953.08083686587,-10930.574517397657,-22.506323376534393,-10953.08349450414,0.002657638269738527
1379,-39.9104276932748,0.0,55.12435975523015,4,-60.16510131946523,-8292.132860308553,-8276.001483569575,-16.1313902537011,-8292.139744951895,0.006884643342345953
1380,-5.186996058221017,0.0,31.757791718337522,4,-53.71230659198711,-9824.649414896268,-9806.640230621444,-18.009184454689652,-9824.650444817129,0.001029920860673883
1381,127.96644914604927,0.0,-14.960196179832261,4,-37.00618681035388,-12122.422058577571,-12125.936352264329,3.5142712452361007,-12122.403108185546,-0.01895039202463522
1382,-45.036661368169575,0.0,-111.20663690040018,4,-34.13054866172829,-10467.123355424663,-10446.14610525986,-20.97724487030597,-10467.139715258432,0.0163598337694566
1383,-28.016440198708853,0.0,27.125976420933593,4,-54.51665211397736,-9262.660815303638,-9245.317200922022,-17.343615612024543,-9262.673692405766,0.01287710212818638
1384,-140.58576910834267,0.0,74.00536194153402,4,-65.02800346375689,-2812.987129459218,-2798.8536036634164,-14.133551927118313,-2812.987276385925,0.0001469267067477631
1385,17.416939307559502,0.0,65.08755120539603,4,-56.38568872961944,-10010.14059973287,-9991.359990192455,-18.780626626999595,-10010.154729871878,0.014130139008557308
1386,170.8578366269785,0.0,-27.638212111062636,4,-33.15332398770497,-11894.973267919155,-11884.164407372356,-10.808854032140749,-11894.97174033782,-0.0015275813348125666
1387,85.82207845383029,0.0,77.61423211498159,4,-49.550108324114234,-11889.81849824103,-11909.394266933768,19.5757591321976,-11889.824852534095,0.006354293065669481
1388,-23.26037351604776,0.0,-32.1706934185937,4,-44.48329032934254,-10184.665828649097,-10163.413708397373,-21.25208897400423,-10184.673558469985,0.007729820888926042
1389,71.4027517795923,0.0,162.86868031472042,4,-85.94545814956561,-8449.277613093636,-7085.53938313678,-1363.7382666310875,-8449.281958927737,0.0043458341006044066
1390,26.782895790376635,0.0,61.288533799248796,4,-54.85072896345736,-10287.262196707861,-10265.147427200487,-22.114723721114462,-10287.258543151755,-0.003653556106655742
1391,51.34767424131874,0.0,87.80958188852452,4,-54.872694068482026,-10645.663191431648,-10617.144010545422,-28.519174530916054,-10645.679941988588,0.016750556940678507
1392,41.19095143046278,0.0,12.512455668441238,4,-47.26158530545281,-10774.456178770564,-10751.466075836694,-22.990081694672924,-10774.47126775248,0.015088981916051125
1393,-125.78605509954791,0.0,-125.54061331917248,4,-32.07783321883374,-9541.829808617978,-9522.222020255409,-19.60776626348602,-9541.84104035102,0.011231733042222913
1394,95.64240655366083,0.0,-84.63408364542549,4,-32.24961144117615,-12079.707567329438,-12100.66123003092,20.953665559263655,-12079.725806478627,0.018239149188957526
1395,41.25397937085407,0.0,-60.66230877355137,4,-37.730192632758396,-11192.44308106112,-11182.361086196846,-10.082003176308955,-11192.468491843181,0.025410782061953796
1396,20.953372356781227,0.0,26.889705621762246,4,-50.895645798933316,-10417.483559476574,-10395.864220536312,-21.619327704240774,-10417.48094189627,-0.0026175803031947
1397,80.74663707757391,0.0,-117.05967654633086,4,-30.04617115361232,-11823.766044059628,-11833.688076238386,9.922039338056205,-11823.771281536981,0.005237477353148279
1398,-50.686661182872946,0.0,37.087954841825855,4,-57.47798362914109,-8336.233952185537,-8318.9220207848,-17.3119289287433,-8336.247674420682,0.01372223514408688
1399,38.96829072250612,0.0,19.757758500768695,4,-48.399522864641646,-10715.629132701004,-10692.204222535602,-23.424906164819724,-10715.65019251751,0.021059816506749485
1400,-8.281006567542926,0.0,-14.864425132074375,4,-46.53904735583905,-10280.066837943144,-10258.32579962048,-21.740987032756475,-10280.06364891397,-0.0031890291738818632
1401,-171.8413861095042,0.0,24.00349453683691,4,-51.798240379402266,-4319.116232506223,-4301.5573121208035,-17.55892562424529,-4319.1292672962645,0.013034790041274391
1402,-14.881616673243624,0.0,189.68350332542616,4,-109.9558615823838,576.8542339102773,3687.435046442854,-3110.5807847922133,576.8049822210268,0.049251689250581876
1403,-72.16395917474357,0.0,-127.07782872326605,4,-32.39436039108185,-10282.031747888219,-10260.152488589516,-21.87920711350645,-10282.042476208293,0.010728320074122166
1404,-32.34610333902162,0.0,-34.228744492289756,4,-44.45549097095814,-10038.593586160816,-10018.28495875651,-20.308636011107648,-10038.601833249508,0.008247088691859972
1405,129.83212575679477,0.0,-26.136694467519412,4,-35.85479404210783,-12122.51545441289,-12126.303700052698,3.788225515228954,-12122.54510945546,0.029655042568265344
1406,-12.160785751302008,0.0,47.07547384923076,4,-56.6973577202623,-9402.899071061662,-9385.52846176428,-17.370588944387713,-9402.900419402593,0.0013483409311447758
1407,121.30410223905275,0.0,36.71551499419723,4,-42.25847962821009,-12128.9418283299,-12124.695610123948,-4.246256125972173,-12128.943621853907,0.0017935240066435654
1408,-69.62501535562764,0.0,82.58042858321362,4,-67.25577178929954,-6082.004707742451,-6068.5611321487795,-13.443560496480554,-6082.0181869853195,0.013479242868925212
1409,125.71316346529804,0.0,57.64164243911966,4,-43.71807188935736,-12070.088153366672,-12046.164615545478,-23.923540434216022,-12070.088840213446,0.0006868467735330341
1410,44.92066247360559,0.0,-27.240556455953,4,-41.692533202533795,-11083.01726230116,-11071.345131835738,-11.672140029476056,-11083.013455243738,-0.003807057422818616
1411,-41.43067049822073,0.0,-35.066547093623214,4,-44.565623993863284,-9866.406824948717,-9846.774855316115,-19.631975209524207,-9866.413989713148,0.00716476443085412
1412,-67.49215086211555,0.0,-91.20643309050139,4,-36.69516004116259,-10045.61409639477,-10024.698865132068,-20.91523144488462,-10045.620414853793,0.006318459023532341
1413,-31.06442591845647,0.0,19.92827348124893,4,-53.441299711420214,-9300.234122320897,-9282.11444018834,-18.119675499028496,-9300.246754068194,0.012631747296836693
1414,22.552052686721478,0.0,-37.44768933935,4,-41.77595358260673,-10790.530667555204,-10767.565675337539,-22.96498540262742,-10790.537121737643,0.006454182439483702
1415,118.39561361964772,0.0,-87.5277150847916,4,-30.96647785085561,-12155.150847128334,-12167.58283810789,12.431985820783993,-12155.195941234655,0.04509410632090294
1416,24.332507409684954,0.0,-94.24629293752602,4,-34.59432448628965,-11069.765416760063,-11052.855910829583,-16.909517208433265,-11069.78699538908,0.021578629017312778
1417,29.478769190149812,0.0,52.572846054481424,4,-53.503961509930434,-10394.17426799228,-10372.158480029073,-22.015779254728365,-10394.184193829758,0.009925837477567256
1418,-58.88732001032523,0.0,-49.56041716995941,4,-42.58357706523888,-9701.526908851067,-9681.966402363754,-19.560492393668966,-9701.530064324968,0.0031554739016428357
1419,61.2852009925477,0.0,-90.57742135699,4,-33.569421576802675,-11244.455474985723,-11207.855286457081,-36.60018757376973,-11244.512720149507,0.057245163783591124
1420,14.889184856768045,0.0,102.86634795920716,4,-60.616924662145784,-9508.953181608658,-9496.942864443374,-12.01029781437823,-9508.957277932011,0.004096323353223852
1421,-72.53794419927671,0.0,-29.52239844635638,4,-45.91331477305789,-9084.467716923467,-9065.00040842562,-19.467290905224665,-9084.488367865672,0.02065094220415631
1422,-20.394804585634745,0.0,155.20072810225804,4,-78.61551377880724,-6988.0111948177055,-7326.365944504951,338.35475284057736,-6988.028039219336,0.016844401630805805
1423,-77.17120775147343,0.0,46.002072216296824,4,-60.171546717826274,-7041.363335468793,-7026.010790028812,-15.352575434625818,-7041.349640937271,-0.013694531521650788
1424,-13.654918674775079,0.0,-32.00203076059087,4,-44.16910598516327,-10332.080563280027,-10310.208450564054,-21.872062936164227,-10332.107223614887,0.02666033485911612
1425,-16.4262298023434,0.0,-38.470159751993165,4,-43.30669985124714,-10340.416673864765,-10318.55880329025,-21.857822484130462,-10340.423306457402,0.006632592636378831
1426,-19.530525326103426,0.0,-10.939300738567267,4,-47.68975125095465,-10027.01640654849,-10007.0469495972,-19.969467931496258,-10027.03597244544,0.019565896949643502
1427,-99.21386287996675,0.0,-21.725283977073005,4,-47.09644376643842,-8224.50873172397,-8204.199142434962,-20.309584489436386,-8224.531842730703,0.023111006732506212
1428,114.23490232369278,0.0,-46.787412803265674,4,-34.85616670393637,-12119.531752132838,-12133.282531592044,13.750770485003956,-12119.578755743718,0.04700361087998317
1429,0.9246555222088818,0.0,-50.26554298624713,4,-40.987173446978574,-10640.887464259855,-10620.020470310967,-20.867010721147537,-10640.902930095715,0.01546583586059569
1430,-55.245719619180214,0.0,-53.2630853754418,4,-41.97769795572022,-9822.497376354368,-9802.824814182994,-19.672562410196598,-9822.51130050505,0.013924150682214531
1431,173.94722854528206,0.0,-77.98837279477522,4,-29.227533807414932,-11954.023910516937,-11948.074907060158,-5.94897156561362,-11954.025464979726,0.0015544627894996665
1432,-25.721792023102687,0.0,-6.0469438489258325,4,-48.76720036772523,-9828.157817248537,-9808.716750981042,-19.44106445593583,-9828.173078185506,0.015260936968843453
1433,-124.18601303441989,0.0,40.9985052398717,4,-58.51295112400351,-5271.436474346455,-5254.6952300154735,-16.741228435205194,-5271.428787548232,-0.007686798222493962
1434,-96.7823872253911,0.0,70.68242302486203,4,-65.68791240266104,-5187.763294570037,-5174.0531322649085,-13.710177176239114,-5187.765858353477,0.0025637834396547987
1435,74.94217830544058,0.0,34.56332160307205,4,-46.717079086299954,-11164.566292460253,-11138.395921907962,-26.17040626410559,-11164.585880781937,0.01958832168384106
1436,-58.06478261848146,0.0,95.47420418480793,4,-68.66697037027865,-6214.039593951418,-6201.530682059935,-12.50887420013789,-6214.027222004765,-0.012371946653729538
1437,-28.88833902316086,0.0,-60.877323847664826,4,-40.40760025308047,-10334.760514842837,-10312.91151391266,-21.848952130398693,-10334.76457657994,0.004061737103256746
1438,-64.09690838902713,0.0,129.68180000998484,4,-74.36171633314801,-4417.953103128312,-4421.291138115751,3.3380793466150473,-4417.948353892201,-0.004749236110910715
1439,134.58276357665846,0.0,78.81028721075819,4,-44.89132125730844,-11992.127947567618,-11917.760674102836,-74.36728122270257,-11992.12135945411,-0.006588113508769311
1440,7.813157509783519,0.0,-17.4970370787736,4,-45.348959593398455,-10523.918719626517,-10503.299494452856,-20.619242599033043,-10523.915232010566,-0.0034876159515988547
1441,-1.4759267812496444,0.0,-49.2789161877332,4,-41.21931036801751,-10605.130819669133,-10584.489992905721,-20.640844627692804,-10605.125627638172,-0.005192030961552518
1442,-43.3550802904366,0.0,-4.7775897464565995,4,-49.650220528552104,-9388.389169207181,-9368.79012591607,-19.599014836133513,-9388.394173838642,0.005004631460906239
1443,164.30682909763726,0.0,-3.3127376042886345,4,-35.46544007586027,-11918.085545697668,-11904.4047966793,-13.680736903729443,-11918.094955682727,0.009409985059392056
1444,-67.27211146706223,0.0,-8.129161398979258,4,-49.605522018628314,-8801.208717457373,-8781.754285606448,-19.45442972537137,-8801.223824034865,0.015106577491678763
1445,-24.482580108389335,0.0,15.926404467572565,4,-52.39241522418573,-9549.231709992182,-9530.047675527705,-19.18400839019417,-9549.227347613794,-0.0043623783876682865
1446,-83.66508409973584,0.0,-59.31651865207172,4,-41.14662689444335,-9341.19652269594,-9321.374989022184,-19.8215049832686,-9341.210624920292,0.014102224351518089
1447,126.43950327408126,0.0,-38.62411517998484,4,-34.927976696892706,-12116.462737937454,-12123.213602282023,6.750841657126913,-12116.471542866375,0.008804928920653765
1448,15.813078162066104,0.0,-0.810965235236056,4,-47.30043661052463,-10528.198317389682,-10507.527041992777,-20.671295617368532,-10528.208671005099,0.010353615416534012
1449,-94.60667833726572,0.0,57.896154463711355,4,-62.848502437128545,-5847.347898059114,-5831.964902965467,-15.383019086070552,-5847.356836605559,0.008938546444369422
1450,-34.13180423979945,0.0,-15.504281214928136,4,-47.52959447237811,-9765.40239460623,-9745.873878708682,-19.52850476238186,-9765.415259090023,0.012864483793237014
1451,-136.50731558389566,0.0,142.28430704399787,4,-85.52768041501622,2103.6955338398907,2108.6114193684843,-4.91584589634047,2103.695480634287,5.320560376276262e-5
1452,79.86638016947812,0.0,-151.80005034257397,4,-27.232678340637523,-11808.864845803842,-11813.618165939946,4.753326448726377,-11808.865934407522,0.001088603679818334
1453,52.58913496646151,0.0,44.9481404232901,4,-50.151411341261756,-10834.809202596996,-10814.329100135701,-20.480073891438263,-10834.805092529305,-0.0041100676917267265
1454,8.316726620664971,0.0,-148.23614455310667,4,-29.452418624242625,-11090.464014997238,-11072.207231591934,-18.256796881119588,-11090.470004724253,0.005989727014821256
1455,2.8532061643294395,0.0,-12.066202009486085,4,-46.41960636629662,-10416.712040714623,-10395.331408078295,-21.380608219817642,-10416.722960789186,0.010920074562818627
1456,6.881508335232604,0.0,38.769860277494,4,-53.79443568514035,-10043.365270803472,-10024.795226575454,-18.570057373897313,-10043.367433620193,0.002162816721465788
1457,-57.257149236915104,0.0,-84.58468885537573,4,-37.5272934709731,-10135.46659684649,-10114.136433822106,-21.330140178365582,-10135.479013091,0.012416244509950047
1458,-82.17177559770354,0.0,40.89502115002367,4,-59.205650866923456,-7006.435064331586,-6990.766345169534,-15.668747232123506,-7006.448017215216,0.012952883630532597
1459,-133.16833482420313,0.0,-88.68318860228659,4,-36.24486956472873,-8861.4278542964,-8841.78550204525,-19.642325747789346,-8861.427755055493,-9.924090772983618e-5
1460,-163.57742790485977,0.0,7.138643935311902,4,-49.431567815555,-5348.82006412525,-5330.745517958211,-18.07454391663999,-5348.813539133024,-0.006524992225422466
1461,-73.36140559785747,0.0,21.923026410096448,4,-55.2737230041707,-7918.296116680523,-7900.162076622908,-18.134049940372208,-7918.30447824665,0.008361566127859987
1462,41.231466232917604,0.0,118.77960724459751,4,-60.63671244982285,-10404.019629991739,-10362.573238604513,-41.44640577139483,-10404.04282734984,0.02319735810124257
1463,28.839953212095867,0.0,-72.93615219355527,4,-36.9052063316134,-11034.052796793061,-11016.827941839741,-17.224860147367902,-11034.049898929252,-0.0028978638092667097
1464,-9.757247242411315,0.0,-14.789388262857651,4,-46.62016347476675,-10255.389302298703,-10233.780092533947,-21.609162813279234,-10255.38568497025,-0.0036173284534015693
1465,-33.51240684908676,0.0,26.821416121545614,4,-54.787356089619344,-9100.120452436817,-9082.568398450914,-17.552058957336357,-9100.11795134203,-0.002501094786566682
1466,-36.59497661649994,0.0,129.56601439625382,4,-70.39446150923594,-6298.460540078319,-6318.217255993676,19.756742667636196,-6298.469355764344,0.008815686024718161
1467,-129.5007364239065,0.0,-20.735920077248494,4,-46.41591053025811,-7369.375111356368,-7349.09880904576,-20.276302085177587,-7369.371600522758,-0.0035108336096527637
1468,-153.23985182845112,0.0,3.910445849624345,4,-49.55445240276203,-5800.804241937309,-5782.558150230932,-18.246068536775105,-5800.791087456088,-0.013154481221135939
1469,-12.947790736952337,0.0,-9.037377741211994,4,-47.67776135447038,-10141.203141185952,-10120.46330491049,-20.73982390217819,-10141.197715073273,-0.005426112678833306
1470,144.67095559107705,0.0,78.18549563103464,4,-43.86572449874666,-11958.077897876785,-11868.391326398989,-89.68654797237645,-11958.101633289321,0.023735412536552758
1471,-41.72768981325843,0.0,-58.21860455007483,4,-41.03629479410833,-10126.002082181134,-10104.910104477163,-21.09196242764267,-10126.012114345407,0.01003216427307052
1472,23.260437069682208,0.0,-111.03901882907687,4,-32.78248691560197,-11127.008325349685,-11111.748835092798,-15.259501446039524,-11127.012576999374,0.0042516496887401445
1473,20.35363097197825,0.0,2.1295759553844515,4,-47.4079623421767,-10578.35450029492,-10557.461804103828,-20.892720480953262,-10578.349100075777,-0.005400219142757123
1474,32.79281444720984,0.0,-3.0389217368809245,4,-45.82891616683987,-10746.098489251144,-10723.114728527597,-22.983755802606872,-10746.087152337106,-0.01133691403811099
1475,62.47580375789787,0.0,67.01951556591976,4,-51.298183415540244,-11090.01647996498,-11074.337589453033,-15.678908724163898,-11090.054174235023,0.03769427004408499
1476,-10.21153274916048,0.0,-7.607897077408152,4,-47.76453810642729,-10179.557285081912,-10158.520675807056,-21.036582615893717,-10179.573393813227,0.016108731315398472
1477,82.70529195523092,0.0,-116.08728045485876,4,-30.031769410467305,-11890.338075579666,-11904.412053729857,14.073984236806652,-11890.366206607154,0.028131027487688698
1478,-172.74413945232405,0.0,-25.861696437684028,4,-43.40639712827026,-6378.326208249857,-6358.633018851729,-19.69318378443141,-6378.325292119045,-0.0009161308116745204
1479,-101.04848657223441,0.0,-72.24928585699315,4,-39.08976757359967,-9198.285917515359,-9178.479477129178,-19.806422570551153,-9198.283791426013,-0.002126089346347726
1480,-69.42385831369994,0.0,108.10785000390506,4,-71.90114579742603,-5036.317735153184,-5025.4504485435655,-10.867267598443313,-5036.344641704265,0.026906551081083308
1481,93.57271343204768,0.0,55.977557811663644,4,-46.63292488591358,-12025.46458263763,-12048.111789938417,22.647230710823546,-12025.467407800834,0.002825163202942349
1482,54.81359299868396,0.0,4.797545454818948,4,-44.97416011999753,-11142.920628641867,-11133.45637662184,-9.464261039533401,-11142.935177550637,0.014548908769938862
1483,128.4162018382392,0.0,-135.8258004054447,4,-26.822266537546383,-12169.607027453303,-12178.952599139697,9.345578340869103,-12169.560153187875,-0.04687426542841422
1484,18.57866713000956,0.0,0.9665410416900989,4,-47.36653793460152,-10558.971414055264,-10538.211563531067,-20.759872579460957,-10558.978025698261,0.0066116429970861645
1485,-153.26522855081743,0.0,-48.520752453897295,4,-41.04396200387631,-7543.8809189601525,-7523.276664798314,-20.604251100462008,-7543.8926767470575,0.011757786905036482
1486,57.11485200814019,0.0,-55.06223274953008,4,-37.5548628777767,-11281.725235033891,-11252.286694962864,-29.438532643551834,-11281.753518247535,0.02828321364358999
1487,-86.193030587609,0.0,-151.1024863473327,4,-29.851409123352134,-10294.47283346,-10272.604177062167,-21.868605354492264,-10294.491601973854,0.018768513853501645
1488,-24.561691976757768,0.0,-163.8278810148528,4,-28.503438310754724,-10864.232373171593,-10841.769683141078,-22.462681346066177,-10864.237315986977,0.0049428153834014665
1489,-148.23169243398033,0.0,24.020055953419362,4,-53.65978221212902,-5107.6849235039235,-5090.352207045598,-17.33273126886762,-5107.679182712517,-0.0057407914064242505
1490,-9.542069314380763,0.0,65.84127119755695,4,-59.31894778637193,-9160.643021170461,-9143.532652254917,-17.110380760960215,-9160.654738999272,0.011717828811015352
1491,-29.99522361126594,0.0,-24.58175135811822,4,-45.90985743326184,-9971.817867369376,-9951.956796706401,-19.86108204686272,-9971.827464233655,0.009596864278137218
1492,-10.175508140889804,0.0,-119.07592714689109,4,-32.774591887747526,-10825.905964339414,-10803.505947474205,-22.40001249826448,-10825.932748522753,0.02678418333925947
1493,-90.77262379761343,0.0,117.02026951469239,4,-75.77188327945177,-3149.4758783108805,-3141.5575740749287,-7.9183081124716495,-3149.4796197529986,0.003741442118098348
1494,-56.755792084949114,0.0,5.433735538939461,4,-51.86737284777065,-8823.765209414292,-8804.374352193736,-19.39086341073516,-8823.77928792076,0.01407850646864972
1495,33.0665441571029,0.0,-105.04380445977115,4,-33.06281280975908,-11246.820880038695,-11236.1366999496,-10.684178292663042,-11246.861667382007,0.04078734331233136
1496,55.92209622060722,0.0,32.026443617014465,4,-48.24069129697242,-11014.08014265088,-11001.570239436976,-12.509904167314915,-11014.098221590226,0.018078939345286926
1497,-107.08201391992651,0.0,-35.23488304018635,4,-44.66755775646646,-8330.94637708447,-8310.995973527928,-19.950404913325446,-8330.938336829573,-0.008040254897423438
1498,75.41554508213632,0.0,167.11129872774782,4,-88.35545956396946,-4068.6356245337283,-2405.1509590197775,-1663.484643369778,-4068.6392130251643,0.0035884914359485265
1499,131.25685455183086,0.0,-89.28347510406512,4,-30.272375856728367,-12127.190308795169,-12134.61955737415,7.429229378851757,-12127.149020242696,-0.041288552472906304
1500,-66.34162181370446,0.0,164.32906133713877,4,-87.05770016581636,-1885.1543932715506,-2183.7387187805166,298.5843676256682,-1885.190201291698,0.03580802014744222
1501,-37.55246346576325,0.0,-22.827700497612163,4,-46.4349435378036,-9788.4460387372,-9768.93364268318,-19.512388726142778,-9788.444370145784,-0.0016685914160916582
1502,84.34998550832911,0.0,-166.3619611680208,4,-25.987163507766653,-11934.464612232137,-11944.505362929745,10.040745838090388,-11934.488806469495,0.024194237357733073
1503,166.89426838247277,0.0,102.72068887459122,4,-44.983559069688894,-11443.783030475253,-11154.511743527597,-289.27130067963805,-11443.791738218182,0.008707742928891093
1504,-115.70572775399593,0.0,49.11301468430403,4,-60.595826753458255,-5272.491302182651,-5256.542275513377,-15.949042308903849,-5272.485140609304,-0.006161573347526428
1505,-4.792634840852622,0.0,38.549116261584956,4,-54.74209962972857,-9745.70165133633,-9727.939931832827,-17.761712345854985,-9745.719506646665,0.017855310334198293
1506,-37.762623817971296,0.0,72.88162989237823,4,-63.040024260411045,-7928.530218839575,-7912.961743955766,-15.568512909693931,-7928.527194616037,-0.0030242235379773774
1507,-104.48195231103111,0.0,-24.785225258248406,4,-46.4715739312308,-8155.657754855672,-8135.306872169827,-20.350876677002155,-8155.673304057487,0.015549201815701963
1508,-104.18810938736391,0.0,-17.979702250305923,4,-47.649659170485386,-7999.674388812854,-7979.049715537115,-20.624670637069148,-7999.689102348998,0.014713536143972306
1509,170.09318829599147,0.0,-4.4509526773585595,4,-34.968852625833264,-11888.115813222978,-11872.34088860453,-15.77491982964883,-11888.12056048159,0.00474725861204206
1510,-107.56823402150482,0.0,133.6068886678703,4,-80.94434950024274,-868.6986357065497,-864.8394121766364,-3.8591795951674266,-868.6990416460922,0.0004059395424746981
1511,48.08137230907188,0.0,-168.63306712440243,4,-26.862559276053734,-11343.358977799957,-11311.494098873622,-31.864864074820208,-11343.331137149933,-0.02784065002379066
1512,68.57317559331219,0.0,-132.08017737523286,4,-29.317163182023542,-11441.768273473757,-11426.35749375751,-15.410769278970076,-11441.844224576598,0.07595110284091788
1513,-91.10628762131077,0.0,37.1312174121176,4,-58.483236483572036,-6772.164025922465,-6756.174497475564,-15.989560462552786,-6772.165361989245,0.0013360667799133807
1514,-41.399460118431854,0.0,-63.57382847736391,4,-40.256661109859365,-10181.992940738775,-10160.554376602362,-21.438530261214247,-10181.989194385533,-0.0037463532426045276
1515,-55.592358312850465,0.0,-35.547878351111876,4,-44.75736510856982,-9574.528445217882,-9554.788786699432,-19.739630415931888,-9574.542796248561,0.014351030678881216
1516,-54.130999064046506,0.0,115.89174422856485,4,-71.27700370672517,-5661.444541625718,-5657.585916380753,-3.858579823101774,-5661.449914253795,0.005372628077566333
1517,0.9405592291089167,0.0,-52.57369807401103,4,-40.66877309166039,-10654.019186977745,-10633.050908762625,-20.96829398277282,-10654.020279605318,0.0010926275735982927
1518,-110.74695332394658,0.0,0.10895078486232973,4,-50.7964744335306,-7293.33006033997,-7274.016102583244,-19.313946431824164,-7293.333157913338,0.00309757336799521
1519,-51.77383351827447,0.0,-33.152960193719345,4,-45.08484995103811,-9622.580837730427,-9602.89484612713,-19.68596787605865,-9622.58944920874,0.00861147831164999
1520,-10.132145468433514,0.0,-3.7229780791406637,4,-48.37592680838274,-10140.536531240037,-10119.853992775994,-20.682527003593286,-10140.527280736216,-0.009250503821021994
1521,-27.048876060920993,0.0,-70.81666283464517,4,-39.002617308343936,-10421.265295165977,-10399.927943740462,-21.337327060102425,-10421.27709485266,0.011799686682934407
1522,-135.55562205732446,0.0,54.724939401300794,4,-60.912073877085405,-4124.892255435976,-4110.330540275733,-14.561738563896231,-4124.896300282942,0.004044846966280602
1523,14.218158910765695,0.0,8.387515414651396,4,-48.757131464028454,-10438.488310862971,-10417.327415651695,-21.160887120634666,-10438.496993361128,0.008682498157213558
1524,-78.38306775485742,0.0,111.36002135968731,4,-73.39250297871389,-4308.722118263382,-4299.861046340458,-8.86104167390277,-4308.719113521818,-0.0030047415639273822
1525,-36.35961445069234,0.0,40.03334861861111,4,-57.24816418716011,-8763.78688269361,-8745.434884509894,-18.352006756490997,-8763.808491129632,0.021608436021779198
1526,30.666640814258987,0.0,-33.631098801187505,4,-41.83540424894949,-10858.209037707806,-10835.557674633124,-22.65134590731184,-10858.223586779503,0.014549071696819738
1527,47.33253377615257,0.0,84.21474786836681,4,-54.92396943470844,-10592.641096634463,-10566.605852449678,-26.035263257473023,-10592.653653499827,0.012556865363876568
1528,-5.811563349117868,0.0,71.70055999119538,4,-59.74517062695256,-9189.060956327576,-9173.063219248836,-15.99774852162668,-9189.046127717354,-0.01482861022122961
1529,-139.22037256318185,0.0,-93.1849967038644,4,-35.5275570812664,-8830.371942505468,-8810.738184380532,-19.633730650800594,-8830.369060864716,-0.0028816407520935172
1530,-108.92847434526227,0.0,-124.77598584475449,4,-32.403079807773274,-9784.04838582764,-9764.02036549793,-20.0280209214435,-9784.06739876764,0.01901293999981135
1531,39.63827664571342,0.0,-15.095666744356109,4,-43.70366412258169,-10894.467880341379,-10874.700872259968,-19.766989829697938,-10894.47365424014,0.005773898761617602
1532,80.44536999105907,0.0,-71.17598189261271,4,-34.40150589119728,-11759.013660562838,-11772.705420886155,13.691758949550564,-11759.09732616946,0.08366560662216216
1533,-101.72685216107502,0.0,5.349724931894758,4,-51.99484427053632,-7426.047627423249,-7406.962903544736,-19.08471638397738,-7426.059047593069,0.01142016982066707
1534,130.0279613317366,0.0,-90.50923223181616,4,-30.22566652548209,-12127.238737700281,-12135.172664874506,7.933909676930306,-12127.219138862187,-0.019598838094680104
1535,-141.86295702701128,0.0,10.370497203453137,4,-51.4368522151439,-5905.4590187518215,-5887.560697717358,-17.89831399493821,-5905.462764018173,0.0037452663518706686
1536,99.7148000211113,0.0,-16.565432348551756,4,-38.76979764132715,-12074.398713957302,-12098.904232381865,24.505540183175572,-12074.471870581174,0.07315662387190969
1537,123.09551515866693,0.0,120.13715287043024,4,-52.84910306458947,-11850.156236275536,-11526.053134140026,-324.10310962057076,-11850.170453923378,0.0142176478420879
1538,-86.68328446631912,0.0,-65.15410858188915,4,-40.26212500642433,-9370.332793493466,-9350.543509123523,-19.789253842689508,-9370.33876850322,0.005975009753456106
1539,8.710136796157963,0.0,-84.54291570880149,4,-36.29915740125199,-10849.458259829178,-10826.502291662324,-22.95595636765339,-10849.45678731673,-0.0014725124474352924
1540,121.8746127742293,0.0,39.716256784997725,4,-42.47311046419799,-12126.37948201427,-12120.109509814163,-6.270002913629533,-12126.384814786124,0.005332771854227758
1541,-40.030112039030314,0.0,-20.936008123391865,4,-46.817372750373025,-9708.493504874134,-9688.888781957981,-19.604706150189752,-9708.512336665211,0.01883179107790056
1542,-68.57013694001691,0.0,-4.204169602131519,4,-50.32585486951924,-8683.782879164217,-8664.053294839276,-19.729594352464712,-8683.777087810051,-0.005791354165921803
1543,-115.31588547055064,0.0,141.2335596960784,4,-83.67806553760872,325.6939226789268,327.69208638286324,-1.9980931257800585,325.7007183651857,-0.006795686258897149
1544,-14.705719347653343,0.0,-127.3008905485136,4,-31.965542090154887,-10821.380653442902,-10799.073942760162,-22.306706552333672,-10821.407609272714,0.026955829811413423
1545,43.85739989901435,0.0,-43.53159893907089,4,-39.68384639418669,-11155.25928705832,-11145.086018745022,-10.173280574247741,-11155.257456499116,-0.0018305592038814211
1546,-11.94109314026524,0.0,-17.84406405726425,4,-46.248442185844915,-10245.702867203676,-10224.141886890939,-21.560935458452047,-10245.697245533001,-0.005621670674372581
1547,9.543465197065228,0.0,114.46104045469369,4,-62.39210513513959,-9103.020584430902,-9096.881805136903,-6.138793278875872,-9103.049622038838,0.029037607935606502
1548,143.96082230120575,0.0,87.91209173378638,4,-45.01254322563251,-11918.50589366969,-11791.229524979193,-127.27636064925336,-11918.514133106712,0.008239437021984486
1549,-123.16708940109578,0.0,-4.235296582597746,4,-49.59204935154341,-7037.9410640423375,-7018.608108553859,-19.33294493950877,-7037.944963343921,0.0038993015832602396
1550,95.17860880187608,0.0,98.91904843733694,4,-51.21261433580914,-12019.012380964083,-11964.12784463107,-54.88452875634253,-12019.009876970866,-0.002503993217032985
1551,-93.64385227188556,0.0,28.00459678016531,4,-56.57604402213079,-6991.304274518474,-6974.4511106812,-16.853180038012546,-6991.293785634675,-0.010488883798643656
1552,-17.929372164500126,0.0,73.97083553238136,4,-61.27622330346151,-8727.515308292906,-8711.14297365383,-16.37235300327467,-8727.501046979398,-0.014261313508541207
1553,-139.0216605328591,0.0,7.498528214630692,4,-51.04852929185817,-6113.307322922968,-6095.202485535502,-18.104820837678812,-6113.3164600804,0.009137157432633103
1554,-182.9343241932964,0.0,52.12093108957829,4,-55.987202070823386,-2422.0379643220435,-2406.9115229449403,-15.126464918545992,-2422.038904378773,0.000940056729632488
1555,79.33839921960984,0.0,38.1638787903466,4,-46.54068791314383,-11401.059595818642,-11403.27749964528,2.2178637574337348,-11401.085906258606,0.02631043996370863
1556,72.02793082131035,0.0,100.1838046474932,4,-54.06845702373972,-11067.50884594317,-10994.325387541116,-73.18348740457253,-11067.567411816106,0.058565872936014785
1557,147.302502295343,0.0,-55.834673137843836,4,-32.26610272044495,-11984.57030341388,-11984.327187062723,-0.24310622436745088,-11984.573683982731,0.0033805688508437015
1558,152.60475847608703,0.0,113.24038901165729,4,-48.258439146812066,-11586.897962709094,-11227.35779151016,-359.54018320474046,-11586.910222046643,0.012259337549039628
1559,30.07805921512622,0.0,123.89501369129864,4,-62.90880028057692,-10081.28604676834,-10055.111120598542,-26.174924028673413,-10081.317307613639,0.03126084529867512
1560,85.52179137859399,0.0,112.93606098308469,4,-54.736072351248744,-11957.928082620676,-11876.912888378542,-81.01521809527556,-11957.910817756861,-0.017264863814489217
1561,-48.97211912767495,0.0,-150.4781375901376,4,-29.924212508183775,-10644.123082774517,-10623.435827563879,-20.687269609433258,-10644.141866039876,0.018783265359161305
1562,61.467175055631735,0.0,-112.70010545709093,4,-31.384913048626345,-11258.789190316127,-11225.204134006199,-33.585050633218394,-11258.985844563344,0.1966542472164292
1563,65.3528630870389,0.0,101.61821627991368,4,-54.91598475292583,-11119.993230639511,-11070.98225650551,-49.011012787390435,-11120.012136427755,0.018905788243500865
1564,-87.1993320173054,0.0,-108.19742736822202,4,-34.51604641392914,-9923.225651580151,-9902.778162026485,-20.44749725780384,-9923.215250525589,-0.01040105456195306
1565,52.640474471195546,0.0,-30.533606350075846,4,-40.69633222205388,-11259.31141687389,-11244.752092458555,-14.559325548858508,-11259.350395767413,0.03897889352265338
1566,44.51678053646778,0.0,36.745086401848184,4,-50.03537567169185,-10717.931543812365,-10693.34224566244,-24.58928838197912,-10717.932259061387,0.0007152490215958096
1567,54.29362463041918,0.0,-102.79337415180395,4,-32.562468618355815,-11304.770784248933,-11271.991485741193,-32.77929205668049,-11304.757282388351,-0.01350186058152758
1568,143.5965924721593,0.0,128.75057014319202,4,-53.137028461622336,-11251.819528902888,-10680.96983671831,-570.8496796680041,-11251.818610004884,-0.0009188980038743466
1569,-63.27525427154908,0.0,-147.77131412280005,4,-30.236623163498074,-10491.6985443938,-10470.860551842914,-20.837996115277086,-10491.668878302642,-0.029666091157196206
1570,18.85751637161905,0.0,37.59239705523823,4,-52.5520481284609,-10314.470370445371,-10292.264758596384,-22.205562701655975,-10314.45899969147,-0.011370753902156139
1571,-101.59179463608432,0.0,159.50923331537481,4,-84.33352976201284,415.5369990914257,389.5124073137904,26.024588890148234,415.5316205338177,0.0053785576079690145
1572,-9.992367214166523,0.0,-52.29872513238865,4,-41.11014898724158,-10512.977939276243,-10492.293396452105,-20.684554775866374,-10513.001354772845,0.023415496601955965
1573,-75.08439979299101,0.0,-77.41304291618013,4,-38.55818693948631,-9759.888823452755,-9740.186602659074,-19.702214865825404,-9759.904042832439,0.015219379683912848
1574,-104.24579574415718,0.0,37.6263051814215,4,-58.458598938067155,-6221.198316775424,-6204.847675629665,-16.3506544084842,-6221.205576414398,0.007259638973664551
1575,23.168539102344372,0.0,-23.263035585224642,4,-43.66661577736005,-10739.404657724896,-10716.89143871362,-22.513225678069226,-10739.412012279656,0.007354554760240717
1576,3.51001275212011,0.0,28.539743444162905,4,-52.53908700319809,-10078.62431755649,-10059.262739613543,-19.361585599524506,-10078.637562794902,0.01324523841140035
1577,-21.007949965145624,0.0,68.32537433939707,4,-60.753858673084835,-8725.191553620869,-8707.963688068987,-17.227889002955273,-8725.191050965313,-0.0005026555554650258
1578,-113.36384217237239,0.0,-113.67654715685029,4,-33.59844364657909,-9580.644646656416,-9561.03081075073,-19.613817067050903,-9580.644467356504,-0.00017929991190612782
1579,-44.155562277432736,0.0,137.4230865462184,4,-72.22299737681342,-5534.675028131424,-5560.60709535485,25.932118643089133,-5534.70847107464,0.03344294321595953
1580,151.57082775724203,0.0,73.21205478258996,4,-42.72795611443328,-11911.223717027191,-11826.050623227971,-85.17308853058474,-11911.245018357215,0.021301330023561604
1581,-80.04457777545,0.0,-123.4704836617541,4,-32.77170053653657,-10165.65177030362,-10144.028937725214,-21.622797657348972,-10165.66403349934,0.012263195720151998
1582,-3.6247054354283317,0.0,159.77716201943113,4,-74.69736943041117,-10338.791326887611,-10164.213948522269,-174.57734280354782,-10338.850319982641,0.058993095030018594
1583,-46.993238610843775,0.0,14.872460433217835,4,-53.278865971784256,-8922.49457785012,-8903.65389039847,-18.84069140172026,-8922.496684596841,0.002106746720528463
1584,49.66570919466589,0.0,-164.9563520707226,4,-27.122821439408177,-11334.65548758431,-11301.631028373884,-33.02444445800506,-11334.642984561633,-0.012503022677265108
1585,-63.7798548794033,0.0,-182.7908161939517,4,-27.013989753361308,-10664.239922334333,-10643.484989164963,-20.754945681164973,-10664.254461765937,0.014539431604134734
1586,114.17209199169912,0.0,-78.91278167433647,4,-31.900378465977777,-12157.164041809272,-12171.76135821519,14.597311321879852,-12157.134293808942,-0.02974800033007341
1587,50.92086549663906,0.0,-91.84249959725734,4,-33.79060016776089,-11319.655294552387,-11292.746264200181,-26.909018509316017,-11319.662222599658,0.0069280472707760055
1588,53.05377511226368,0.0,-8.244000026111449,4,-43.469738648835346,-11172.661972886857,-11163.005530928092,-9.656453707695352,-11172.666288979082,0.0043160922250535805
1589,-7.47720493892444,0.0,-93.31963930387661,4,-35.66837418071914,-10758.846809106635,-10736.991515333702,-21.855296598522486,-10758.836756634486,-0.010052472149254754
1590,-36.636136917927836,0.0,33.05305080285109,4,-56.04993804447579,-8887.573756360758,-8869.595823979904,-17.97793726216628,-8887.588964574194,0.015208213435471407
1591,-105.65735749416814,0.0,-34.594221383691796,4,-44.80252134027258,-8352.29540223304,-8332.36413385012,-19.931270413926025,-8352.31028640624,0.01488417320069857
1592,-87.28870345627844,0.0,-125.05459568729304,4,-32.56096801514167,-10088.097575511763,-10066.78598999335,-21.311570845457904,-10088.127796151426,0.03022063966272981
1593,151.43671737074848,0.0,-32.101338683302814,4,-33.99653951870198,-11980.283984558506,-11977.413076961848,-2.87089036364919,-11980.28727371229,0.0032891537848627195
1594,40.908352415651436,0.0,61.05340188808953,4,-53.222690096005834,-10573.336441043,-10549.91785099326,-23.418632596073255,-10573.336920049604,0.000479006603200105
1595,40.58479553929516,0.0,123.50544805754711,4,-61.94007867353015,-10420.221521379819,-10366.141608660351,-54.07993205774415,-10420.228275337897,0.006753958077752031
1596,-41.959548576549345,0.0,95.23135199428718,4,-66.93804023858796,-7088.253204797072,-7074.920340759355,-13.332876393250153,-7088.254354745981,0.0011499489091875148
1597,-61.55450213848123,0.0,84.2467036681317,4,-67.00094727799157,-6440.1952784476325,-6426.571327465376,-13.623967991986776,-6440.20308772376,0.007809276127773046
1598,39.96714149175639,0.0,163.0981070416582,4,-90.38211773909306,-12167.056529858235,-11331.414690582978,-835.6417987070326,-12167.07262429452,0.016094436285129632
1599,30.368373569226502,0.0,-88.00406210589325,4,-35.059083009908235,-11129.820323872334,-11116.061470427028,-13.758863446200584,-11129.836518441141,0.016194568806895404
1600,42.581934108148204,0.0,91.89778930460625,4,-56.28136370967509,-10477.437178463528,-10454.037775971168,-23.399436066034937,-10477.454706080223,0.017527616695588222
1601,125.42492120695671,0.0,89.91746635348464,4,-47.02960596245363,-12000.12685154265,-11902.802971640518,-97.323898178446,-12000.136052688174,0.009201145525366883
1602,57.461140383429644,0.0,-75.92595353627397,4,-35.2336850274464,-11280.522547218037,-11246.930408857486,-33.592134074353496,-11280.527282272635,0.004735054597404087
1603,93.30431470393474,0.0,-17.621751517393577,4,-39.10093492987433,-12035.799239023574,-12063.5473397554,27.748119008138993,-12035.784080265443,-0.015158758131292416
1604,-20.289931888475465,0.0,56.91378620072835,4,-58.942964972231316,-8964.930799280944,-8946.728577720633,-18.202233246666918,-8964.93169632768,0.0008970467351900879
1605,29.723523753156464,0.0,-81.80847770214766,4,-35.8056024892243,-11091.228036967917,-11076.070402822354,-15.157645179692475,-11091.230822720045,0.0027857521272380836
1606,-41.083525721471396,0.0,21.749564124913178,4,-54.27078234767289,-8966.14384611067,-8947.804531680358,-18.339316953222383,-8966.151446690868,0.007600580198413809
1607,25.59300056591399,0.0,154.2057080287639,4,-75.54151868090781,-10331.512142051286,-10232.082687737755,-99.42947748256724,-10331.518013609017,0.005871557730642962
1608,31.59023605838505,0.0,-7.741290393815574,4,-45.27215721442095,-10753.976788353855,-10730.990556405453,-22.98622647930338,-10753.994371595927,0.01758324207185069
1609,58.629953151643676,0.0,-86.87436481652347,4,-34.039062784720535,-11267.780703631106,-11231.560915051936,-36.21978705375726,-11267.76712298228,-0.01358064882515464
1610,81.01330837606207,0.0,-59.899304363721804,4,-35.521104616099045,-11763.711077217082,-11779.948489523702,16.23740790968159,-11763.693803050512,-0.017274166570132365
1611,-172.2101316684319,0.0,6.098617756220157,4,-48.60552695820599,-5137.044719296729,-5118.929204455098,-18.115515167928596,-5137.031526624581,-0.01319267214876163
1612,-72.2631187550171,0.0,-4.457362031430986,4,-50.31230239334316,-8584.699085934833,-8564.752103675739,-19.94699482823832,-8584.713825273706,0.014739338872459484
1613,141.69495879555174,0.0,-96.32601075149589,4,-29.265337676113766,-12137.684174855747,-12141.919217062665,4.235011977697787,-12137.686280099937,0.002105244189806399
1614,-67.00584542414859,0.0,24.440775442209965,4,-55.63699903057725,-8075.201936295292,-8057.086667918757,-18.11527576907071,-8075.211706185923,0.009769890630195732
1615,-125.79708177992518,0.0,104.53060659434091,4,-73.86625819453971,-1627.51765579911,-1616.233360083704,-11.284348351368287,-1627.5189025539323,0.0012467548224321945
1616,-14.670095123206135,0.0,-26.24198059764064,4,-45.07420042246341,-10273.377064518898,-10251.645993233435,-21.731020302908505,-10273.380329129566,0.003264610668338719
1617,45.51053452208091,0.0,-148.65600291025711,4,-28.552160423322768,-11350.498704432299,-11322.52275766708,-27.975933493894747,-11350.51769202709,0.01898759479081491
1618,3.5188699594581734,0.0,-10.572601452836015,4,-46.60658994378486,-10415.733318940376,-10394.347546017638,-21.38574839720873,-10415.734205478553,0.0008865381769282976
1619,81.00450455688097,0.0,-42.49283136809087,4,-37.37815447026716,-11726.177306982341,-11743.400444307244,17.223125743472878,-11726.183461043098,0.006154060756671242
1620,-34.442521521234475,0.0,76.71208125049199,4,-63.351384534572475,-7972.794073032967,-7957.362455999878,-15.431647694465733,-7972.79799228374,0.003919250772923988
1621,-47.30074491168107,0.0,-94.57416046513715,4,-36.166106962177366,-10340.591869809396,-10318.801029085387,-21.790794145469697,-10340.603865144765,0.011995335369647364
1622,-50.49685669896032,0.0,-103.47915199132808,4,-35.088087123950665,-10361.952614544123,-10340.270688473911,-21.681885074595346,-10361.93304826766,-0.019566276463592658
1623,-151.66291999855596,0.0,59.75433843065561,4,-60.822274414084774,-3155.184142124785,-3140.6271447070458,-14.557010739034308,-3155.191250900415,0.007108775630058517
1624,-96.65723462247823,0.0,-83.6641218019013,4,-37.56948714463431,-9454.433169626443,-9434.781371030038,-19.6517668081448,-9454.440749205873,0.007579579429147998
1625,-54.34502622278706,0.0,67.23160455811512,4,-63.3654408924124,-7348.537002217911,-7333.805736478784,-14.731291453106174,-7348.535841512444,-0.0011607054675550899
1626,87.00912791056786,0.0,120.42467362484071,4,-56.3312051126786,-11983.896927480104,-11837.534556214427,-146.3623863949351,-11983.880248897141,-0.016678582962413202
1627,-38.65520255422403,0.0,-106.06846491302356,4,-34.67897272742283,-10505.89223962483,-10485.143504885125,-20.748742757138512,-10505.897866941394,0.005627316562822671
1628,-25.962498215901036,0.0,-32.548935779422926,4,-44.51627910379142,-10140.499290953689,-10119.542345018273,-20.956930245296057,-10140.516418077139,0.017127123450336512
1629,20.398708900806955,0.0,60.88345407009857,4,-55.51655795078718,-10141.527962799575,-10121.345359926641,-20.182591056171912,-10141.541329744212,0.013366944636800326
1630,-82.56291728427833,0.0,-159.33498440660782,4,-29.080611522290152,-10376.590883667252,-10355.040173633659,-21.55067603427983,-10376.593416948372,0.0025332811201224104
1631,-33.13330107810529,0.0,-85.95901447939421,4,-37.106571534578286,-10445.4505090182,-10424.311419735639,-21.139074200767404,-10445.45182918788,0.0013201696801843354
1632,-4.443696608091813,0.0,44.307987426210595,4,-55.60854134485392,-9674.212336729968,-9656.208944033593,-18.003377106098057,-9674.23096440044,0.018627670471687452
1633,-109.5377804970571,0.0,152.236208227055,4,-85.05918532020193,649.8133725357842,643.2743534897337,6.539072750710138,649.8043150999548,0.00905743582939067
1634,72.2447625079351,0.0,56.58119921495859,4,-49.26381957587148,-11113.380250907368,-11069.6888103503,-43.691470014035225,-11113.383848152878,0.0035972455098089995
1635,12.440600651483582,0.0,176.8027702388288,4,-101.33006110463359,-11418.78820859949,-10051.441680266176,-1367.3464553472063,-11418.82043685042,0.03222825092962012
1636,-154.74543449827826,0.0,46.947104736286185,4,-57.78695271558566,-3745.822654732483,-3730.4924888201695,-15.330175548023592,-3745.8262868489887,0.0036321165057415783
1637,-37.06561727646965,0.0,100.54538425402627,4,-67.10801723033174,-7181.143821004804,-7170.021516196862,-11.12231651885129,-7181.136758973891,-0.007062030912493356
1638,-86.01739373921721,0.0,-115.63052983595136,4,-33.640830466180404,-10017.239435730682,-9996.30370530601,-20.935731340021626,-10017.241307893191,0.0018721625092439353
1639,97.30508511356041,0.0,-104.62592742834737,4,-30.39669087741698,-12090.871200423124,-12109.928354526473,19.05714711175528,-12090.943635808502,0.07243538537841232
1640,77.7500392894201,0.0,-33.811508142409025,4,-38.630344981601596,-11540.634579309428,-11545.573728388232,4.939129495748331,-11540.70527720143,0.07069789200249943
1641,-51.477413992669476,0.0,174.7097423248667,4,-146.6579530191679,-11059.731934716567,-10036.255517636278,-1023.4763610441188,-11059.701829427097,-0.030105289470157004
1642,142.22105896843826,0.0,106.9428952538074,4,-48.028628990731406,-11784.849037616556,-11532.640862337314,-252.2081577558756,-11784.850951066108,0.0019134495523758233
1643,33.987554337708445,0.0,61.22087378072655,4,-54.03978397509834,-10430.124974808256,-10408.14402207781,-21.980966860552694,-10430.130059802508,0.005084994252683828
1644,-132.26438645826704,0.0,-8.341355771835197,4,-48.4803961456254,-6894.282458176578,-6874.869501047123,-19.41295042374115,-6894.293418153378,0.010959976800222648
1645,94.20699866148713,0.0,-137.70596757474755,4,-27.791558629564793,-12101.432589205164,-12119.217247008099,17.78464579643641,-12101.456978241147,0.024389035983404028
1646,-30.588271183735053,0.0,38.88211906552378,4,-56.711087314291994,-8966.01305647464,-8948.250440983988,-17.762617625381488,-8966.024741878686,0.011685404046147596
1647,4.732522184280074,0.0,-12.983671357834263,4,-46.18401052091056,-10448.719633147692,-10427.635582401685,-21.084041195864955,-10448.723332513293,0.0036993656012782594
1648,36.444084526371526,0.0,-46.86921410928398,4,-39.744466385227796,-11022.953397951562,-11007.091698743174,-15.86170066365936,-11022.974234712645,0.02083676108304644
1649,-106.19113052017406,0.0,6.671710243718127,4,-52.15929771083754,-7235.685739164398,-7216.83812711974,-18.84760061335759,-7235.6755642710295,-0.01017489336845756
1650,-41.7768388621755,0.0,-119.19057269871082,4,-33.18267832293514,-10548.986762680413,-10528.396272015936,-20.59050359845935,-10548.965906630194,-0.020856050219663302
1651,-55.45713332436641,0.0,78.56666937087031,4,-65.49340589612643,-6943.852213964885,-6928.322931612266,-15.529324892376476,-6943.8498040013155,-0.00240996356933465
1652,33.234672103248656,0.0,138.96242949940992,4,-67.95087225024591,-10355.700636947793,-10261.235609547219,-94.4650207418267,-10355.705502893876,0.004865946082645678
1653,53.322614657814626,0.0,-14.693958827465721,4,-42.62505618647688,-11211.786737624743,-11200.747755056065,-11.038991831340098,-11211.763193607156,-0.023544017587482813
1654,-128.07445618629436,0.0,130.91715128965708,4,-81.54260338018652,493.2753300265979,500.3138863304053,-7.038518551906292,493.2670557024209,0.008274324176966275
1655,0.7758399698040275,0.0,-48.62679595204844,4,-41.22029859097858,-10629.575118798974,-10608.785787781408,-20.78934813916612,-10629.590218616324,0.015099817350346711
1656,-66.04417827742714,0.0,27.77422080865463,4,-56.26258199782404,-8019.884475919328,-8002.265027575998,-17.619460245042784,-8019.880840829918,-0.0036350894097267883
1657,41.78522998222442,0.0,166.89254979322476,4,-93.65336732575253,-11664.674816867493,-10447.652694481212,-1217.022029031592,-11664.667376979487,-0.007439888006047113
1658,-0.4597763807567508,0.0,-38.94792924960374,4,-42.6403496207649,-10552.230697574298,-10531.674687123153,-20.556027117471437,-10552.236511410103,0.00581383580538386
1659,-7.311859568970531,0.0,59.3771482507881,4,-58.15811950061795,-9347.939015661865,-9330.948794878801,-16.990203525137172,-9347.928567313396,-0.010448348468344193
1660,13.889543174266365,0.0,-6.481160881311876,4,-46.598883436459914,-10538.238726635012,-10517.60199196267,-20.636754558460073,-10538.239550008908,0.0008233738954004366
1661,-100.67643181451959,0.0,-143.49742648667566,4,-30.50782810400821,-10082.288749231233,-10060.93871189961,-21.3500220438857,-10082.294153931884,0.005404700650615268
1662,72.68915106405545,0.0,94.07031432279086,4,-53.15456614825997,-11075.345325172804,-11011.525336446624,-63.82002143134222,-11075.431691090225,0.08636591742106248
1663,-14.774372066406405,0.0,44.48093576031055,4,-56.495247014845766,-9365.54802566008,-9348.447201513383,-17.10080905845303,-9365.547197499025,-0.0008281610553240171
1664,-65.3110621119432,0.0,-14.61123329621677,4,-48.428044597589405,-8985.268661795093,-8966.008243611424,-19.26040242876646,-8985.266177408914,-0.0024843861792760435
1665,-68.5569179510568,0.0,-25.296377117917253,4,-46.605725155920204,-9105.521758173705,-9086.08039915619,-19.441342397548457,-9105.527760494142,0.00600232043689175
1666,112.89875263267548,0.0,71.36098098073248,4,-46.216799098325346,-12134.48196956888,-12109.322167048042,-25.159869647195503,-12134.479109435058,-0.0028601338217413286
1667,84.70402851766711,0.0,121.38612373778896,4,-56.79935423494059,-11975.017453442491,-11835.289353529673,-139.7281243744809,-11974.977504563869,-0.039948878622453776
1668,-55.55834998511472,0.0,-98.1521477774919,4,-35.76804286729992,-10269.336815468354,-10247.477562292357,-21.859201161974813,-10269.358921034222,0.022105565867605037
1669,-88.96857000130035,0.0,-7.503558675694564,4,-49.741847627780885,-8176.494273708178,-8155.940879398356,-20.55338782342177,-8176.48426452546,-0.010009182718022203
1670,-29.30775525426161,0.0,173.97459144639166,4,-89.50115981902368,-12302.93017300503,-11490.170177511452,-812.7599796326601,-12302.796396139463,-0.13377686556668777
1671,-26.675236341610862,0.0,-32.64158923713589,4,-44.52549452935088,-10128.47790377513,-10107.602877910851,-20.875014464853084,-10128.490993119916,0.013089344785839785
1672,-106.98599872312029,0.0,49.642746226984244,4,-60.94205767182864,-5631.342229136411,-5615.228116578674,-16.11412763037671,-5631.347685629416,0.005456493005112861
1673,-125.56431163062544,0.0,94.73127611172791,4,-71.16760137481026,-2307.76427761544,-2296.910108713415,-10.854142258820112,-2307.765761032629,0.00148341718931988
1674,-148.77352404317256,0.0,-83.11767363421863,4,-36.51499745170042,-8452.872327358467,-8433.388184378142,-19.48412913395712,-8452.868125171799,-0.004202186668408103
1675,-155.48917242797958,0.0,-45.851770629341196,4,-41.33068078431048,-7421.654862686798,-7400.95043857161,-20.704421120854175,-7421.6743198956265,0.01945720882849855
1676,125.37108475793104,0.0,-63.90903465101951,4,-32.70342052802409,-12114.06946662664,-12122.779467389577,8.709981056519853,-12114.090620888775,0.021154262134587043
1677,-35.66002225509118,0.0,9.333071552851663,4,-51.816627094261534,-9354.722933021902,-9335.685529988596,-19.037386302638247,-9354.728530569058,0.005597547156867222
1678,-28.960494184301588,0.0,-147.58529690114747,4,-30.06849234884784,-10791.830531023963,-10769.90115051605,-21.92937648906769,-10791.8275513102,-0.0029797137631248916
1679,-24.60092476142823,0.0,166.4264013732563,4,-76.03802045842247,-11387.251899760047,-10566.61949130294,-820.6323627815559,-11387.234584710393,-0.017315049653916503
1680,107.38306484079595,0.0,-84.4327740760076,4,-31.72922214727448,-12135.526529816529,-12153.793864267565,18.267329778934986,-12135.611542970273,0.08501315374451224
1681,90.2408899123237,0.0,-131.60811231203752,4,-28.402506549399895,-12082.422080579805,-12102.042169112725,19.620085124071302,-12082.422117609456,3.7029651139164343e-5
1682,-23.97565207594224,0.0,119.17590049674146,4,-67.56034554680055,-7365.021019220764,-7374.609003851997,9.588017625320582,-7365.04945361282,0.028434392055714852
1683,125.17965722017115,0.0,13.815073767808054,4,-39.86580795979167,-12115.721591756988,-12116.174998169567,0.4533748240320092,-12115.760653625282,0.03906186829408398
1684,45.96587092784166,0.0,111.57870887849666,4,-58.69028495908145,-10500.7225854776,-10464.438136956447,-36.28448903185498,-10500.743165771726,0.020580294125466025
1685,122.26766416417082,0.0,-142.2272391602403,4,-26.556494931846,-12202.20032493624,-12213.851246820692,11.65093443117466,-12202.21308018274,0.012755246500091744
1686,-85.23193715502828,0.0,3.0939103553904843,4,-51.715129292956185,-8028.511250318303,-8008.425475846276,-20.08577584121842,-8028.538298436203,0.027048117900449142
1687,27.01969072280565,0.0,-152.88691903276566,4,-28.598959235104658,-11317.885592385937,-11305.540761168282,-12.344827695771603,-11317.92514868507,0.039556299132527784
1688,-48.09460283199468,0.0,47.88300857888486,4,-59.367819223813605,-8158.157808823388,-8141.904369284224,-16.25346574346744,-8158.147155666751,-0.010653156637090433
1689,126.87219035386202,0.0,21.91302635486402,4,-40.46157722540795,-12093.161908211592,-12090.003994062523,-3.157931504171187,-12093.190162555626,0.028254344033484813
1690,4.301388641230807,0.0,50.51865877408886,4,-55.768402136330174,-9823.727024941687,-9805.424091812498,-18.302932921695632,-9823.734878166444,0.007853224757127464
1691,19.92028668116191,0.0,2.7591144372939214,4,-47.52975791075365,-10567.557171530732,-10546.72421444156,-20.83298039532841,-10567.556404121127,-0.0007674096050322987
1692,80.40735039726175,0.0,-1.393119389888598,4,-42.04143637989723,-11575.105720750544,-11589.213163726086,14.107414911195217,-11575.09716503581,-0.008555714734029607
1693,-48.51642231683333,0.0,96.2634763031961,4,-67.81753578613309,-6707.068537969763,-6695.119177483608,-11.949361492269654,-6707.07809233779,0.00955436802632903
1694,129.66224654565306,0.0,37.606633158769284,4,-41.60269037511422,-12048.425699013987,-12036.951046839438,-11.474650326744452,-12048.437068048781,0.011369034793460742
1695,-103.60537741304302,0.0,-145.929499237911,4,-30.237919621780843,-10068.040552654016,-10046.741970948067,-21.29856935634595,-10068.065796529614,0.025243875597880105
1696,-31.162710329480085,0.0,-34.50634382636947,4,-44.37672918004901,-10064.528291079372,-10044.059558585604,-20.46873793777301,-10064.548490998404,0.02019991903216578
1697,161.72693783127932,0.0,25.30781932467393,4,-37.87541447650618,-11914.55243964658,-11890.04304802114,-24.509363566499037,-11914.549453558324,-0.0029860882568755187
1698,96.55969769223287,0.0,152.91624787487646,4,-70.82542789028138,-11249.350087308436,-10302.307665858913,-947.0423637220446,-11249.360388978237,0.010301669801265234
1699,55.83867088832021,0.0,-48.487959014102636,4,-38.372145166785074,-11285.263097917701,-11259.523948998223,-25.739141415744665,-11285.251443117568,-0.011654800133328536
1700,100.974386422561,0.0,158.56606161322085,4,-74.0736432389055,-7286.496388329788,-6015.112235866442,-1271.384173892698,-7286.508887190167,0.012498860379309917
1701,-23.67024199010096,0.0,20.71686932655796,4,-53.15679450592341,-9497.229562560531,-9478.55990671682,-18.669633443877636,-9497.234608799467,0.005046238935392466
1702,-126.65515131679147,0.0,83.53964674490152,4,-68.15125214422584,-2962.365231503239,-2949.0473389694603,-13.317935738461154,-2962.3725031623558,0.007271659116668161
1703,-146.42745877678254,0.0,30.54101742749379,4,-55.063129591733315,-4877.5671309026775,-4860.31701937506,-17.250095234898712,-4877.556497980374,-0.01063292230355728
1704,-23.887986234437758,0.0,-19.548655375534178,4,-46.4911121781201,-10037.692937500742,-10017.56087330843,-20.13207360060885,-10037.697377280054,0.0044397793117241235
1705,0.0608822658843473,0.0,113.39154996574969,4,-63.64991752503851,-8701.676436171718,-8702.099350714265,0.4229045651943548,-8701.649724929757,-0.02671124196058372
1706,14.076719334503636,0.0,3.1807389666316106,4,-48.00385554150537,-10472.860483727844,-10451.977957761765,-20.88253397833611,-10472.873455259036,0.01297153119230643
1707,17.81502521037911,0.0,-69.1371629228148,4,-37.87083289516555,-10872.208261662552,-10849.10232869281,-23.10592156523784,-10872.229107353183,0.020845690631176694
1708,-189.20797291645448,0.0,-53.00874577487511,4,-38.64614339184421,-6886.1806824063,-6865.5764410386355,-20.604241837615447,-6886.204402938198,0.023720531898106856
1709,-34.86198238269175,0.0,-159.04814166565237,4,-29.020218992198267,-10789.607841318495,-10767.744782720274,-21.86305418377997,-10789.588732147582,-0.019109170912997797
1710,-15.52206645745004,0.0,-4.782956020833573,4,-48.490265470197926,-10039.548250324626,-10019.585382582985,-19.962878173908624,-10039.541082886151,-0.00716743847442558
1711,77.59721850126823,0.0,-4.3160380363104425,4,-42.01826272213086,-11426.13456223934,-11426.604382255244,0.46979212196393316,-11426.19631467517,0.06175243582947587
1712,-31.293762241261014,0.0,3.7862329605671285,4,-50.66371591437136,-9558.51789502575,-9538.829713230529,-19.688151079273617,-9558.528178439734,0.010283413983415812
1713,-102.91037315644239,0.0,99.11547690774707,4,-72.3522278902935,-3401.1544189507026,-3390.005909550389,-11.148510782746476,-3401.166655739964,0.012236789261351078
1714,26.732885029834204,0.0,1.6120030695881078,4,-46.883999188188824,-10665.13802178211,-10643.236261150647,-21.9017812615054,-10665.137937262598,-8.451951180177275e-5
1715,88.03233556889452,0.0,106.78699683032411,4,-53.24435656728872,-11985.08675712772,-11926.140648789346,-58.94612929991592,-11985.170902864036,0.08414573631671374
1716,87.84382677969042,0.0,2.396932695068494,4,-41.67569032125845,-11945.007231797526,-11978.069097196047,33.06185950625558,-11945.06964421895,0.0624124214227777
1717,116.18129009529488,0.0,-104.4613097417539,4,-29.642371914994797,-12179.399813388614,-12193.32972055338,13.929907606898457,-12179.447470090632,0.04765670201777539
1718,-37.068760598830124,0.0,4.087888563145155,4,-50.961568342309846,-9405.314214767808,-9385.906088618245,-19.408101085332788,-9405.320257722908,0.006042955099474057
1719,100.37319406138162,0.0,-42.042560328387566,4,-36.12069637938589,-12086.41667823936,-12109.272853857752,22.856185875081117,-12086.460487040435,0.04380880107419216
1720,-29.640027895066574,0.0,-10.702988209138278,4,-48.15892483496006,-9801.527818864028,-9782.046953131687,-19.48085947921917,-9801.515337297584,-0.012481566443966585
1721,190.2604682519312,0.0,26.586901579126152,4,-35.69493332363968,-11731.066364507837,-11688.257137257977,-42.80921451510975,-11731.061476326448,-0.004888181389105739
1722,-80.44725178248565,0.0,-37.829591100328514,4,-44.53872411289325,-9046.209981787146,-9026.699191116015,-19.51077084758636,-9046.205318091734,-0.004663695412091329
1723,-62.07261109310416,0.0,28.714391301880895,4,-56.32953986272493,-8138.063516936314,-8120.342773975798,-17.720748481175523,-8138.069631493306,0.006114556991633435
1724,-31.490732497263373,0.0,68.77826393978425,4,-61.812664793977596,-8294.213593423368,-8278.43770803822,-15.775912151142123,-8294.216133321417,0.002539898048780742
1725,57.483754554433446,0.0,3.422064984989139,4,-44.55040425646626,-11211.222547671734,-11198.114695905218,-13.10786139015363,-11211.242337039548,0.019789367814155412
1726,-15.90424950931432,0.0,42.45815858570352,4,-56.254902509548124,-9365.55102227205,-9348.565433334783,-16.98557523719404,-9365.560246400424,0.009224128374626162
1727,-6.326885951230182,0.0,127.61089825932433,4,-66.2661240397001,-8119.991026503233,-8146.236828631819,26.24581033700838,-8120.0291890480885,0.03816254485536774
1728,27.45878366403441,0.0,55.31131785351525,4,-54.05458389420974,-10338.765390454302,-10316.558416894137,-22.206937271676882,-10338.779596904078,0.014206449775883812
1729,-28.146208436455854,0.0,-158.5870346028745,4,-29.013553850425318,-10829.314116695623,-10807.088562689025,-22.225548297939177,-10829.290978192215,-0.02313850340760837
1730,103.39212217536283,0.0,-73.45227208969419,4,-32.918359106683866,-12108.462620638462,-12128.429077250712,19.966455738500514,-12108.470455942374,0.007835303911633673
1731,93.22827159967252,0.0,124.15440967222182,4,-56.76559318424808,-12025.555782979314,-11804.010168688617,-221.54564035419955,-12025.552253285914,-0.0035296934001962654
1732,-30.415710893484448,0.0,25.149502547272345,4,-54.31655372898191,-9225.575265273106,-9208.040180649357,-17.535088900621055,-9225.577316380044,0.0020511069378699176
1733,-27.109040345641418,0.0,25.600401192271214,4,-54.19718946385011,-9317.221839158768,-9299.642582795159,-17.5792505739687,-9317.23093547299,0.00909631422109669
1734,-13.332094954637515,0.0,-125.10918854848512,4,-32.17712759370686,-10823.637225905351,-10801.297909427747,-22.339312248109195,-10823.659274796046,0.02204889069435012
1735,15.561375410059917,0.0,8.044127704045444,4,-48.612527252750986,-10461.434885517034,-10440.453934140454,-20.980955816272154,-10461.44325016667,0.008364649636860122
1736,140.41115564685063,0.0,-27.55156845319815,4,-35.07533526280335,-12001.050377540305,-12000.084923998556,-0.9654481956614551,-12001.051591309873,0.0012137695684941718
1737,-101.4939169682966,0.0,-64.56931333897087,4,-40.1894595380124,-9059.446905887937,-9039.73329357811,-19.713592750811586,-9059.460752900844,0.013847012907717726
1738,23.562234783761813,0.0,-189.32136741047245,4,-25.69496632608277,-11352.54826436678,-11337.781095998538,-14.767162779602355,-11352.582972748587,0.03470838180692226
1739,-61.55224445193159,0.0,-47.75858620702617,4,-42.887302744125314,-9622.619485664016,-9602.999411311659,-19.620051922866704,-9622.62096222026,0.0014765562445973046
1740,-24.49418537962858,0.0,-82.91614955223416,4,-37.34836729043542,-10527.480049401129,-10506.83972336746,-20.640338536319426,-10527.478066837833,-0.0019825632953143213
1741,25.323849672920286,0.0,-102.27934770868212,4,-33.65863243258028,-11118.646235734588,-11103.49306202837,-15.153184877686943,-11118.667052761457,0.02081702686882636
1742,-13.168420564756731,0.0,177.08019750379364,4,-97.69905294374944,-11216.581097344506,-9356.025755564373,-1860.5553097428376,-11216.56370142457,-0.017395919936461723
1743,-62.87556555450856,0.0,-173.49324242195345,4,-27.81673493009487,-10629.229689642316,-10608.60925993704,-20.62044436895589,-10629.247749127295,0.018059484978948603
1744,5.184735535851672,0.0,-20.685731336340265,4,-45.023509550638614,-10507.837468448239,-10487.158633440144,-20.67884944396058,-10507.863449926936,0.02598147869684908
1745,-48.314143976511495,0.0,-31.906230441254753,4,-45.22266844427909,-9679.479665133907,-9659.8705861041,-19.609060486628902,-9679.48718074258,0.007515608673202223
1746,20.918461902796263,0.0,90.12532887016233,4,-58.74420492463881,-9859.614412956016,-9842.270634591066,-17.34378802415334,-9859.609200581946,-0.005212374069742509
1747,-98.9801584707736,0.0,13.453820209956387,4,-53.61115089482874,-7267.8553185922865,-7249.421247695601,-18.43406425557808,-7267.839571340121,-0.015747252165056125
1748,-104.68978974083193,0.0,-23.962171870939418,4,-46.6076377121597,-8130.557303790776,-8110.157307358665,-20.3999898856663,-8130.587783962979,0.030480172203169786
1749,11.915936910720724,0.0,23.969402308185394,4,-51.19186986564173,-10296.140145318885,-10274.260338809012,-21.879756776911425,-10296.146165005008,0.0060196861231816
1750,-162.7510613719648,0.0,-102.56338782578513,4,-33.74908815327843,-8582.499562486253,-8562.986026252938,-19.513513389388997,-8582.52556975081,0.02600726455602853
1751,81.62831480781261,0.0,87.45301866520435,4,-51.142569342028075,-11668.769788389525,-11675.711124160964,6.941323794338273,-11668.856546343362,0.08675795383715013
1752,-9.120936010937454,0.0,15.659524184854952,4,-51.42862469273839,-9932.346527186031,-9913.254793030208,-19.091749304639713,-9932.342290604385,-0.004236581646182458
1753,-45.66766330570064,0.0,52.9039521446452,4,-60.1445894627641,-8123.550335722559,-8107.452381368189,-16.097979810601558,-8123.563259316515,0.012923593955747492
1754,80.92880142177302,0.0,149.16432256852767,4,-70.27032412442196,-11951.263596547078,-11321.563059335058,-629.7005164063562,-11951.269636839083,0.0060402920043998165
1755,72.81039045435449,0.0,-82.94422685146294,4,-33.727333666214335,-11473.768316790763,-11465.839246954638,-7.929076457350128,-11473.721020383595,-0.04729640716868744
1756,-44.00422050211013,0.0,-83.75572866608161,4,-37.52605811378458,-10306.625343793623,-10284.754139490113,-21.871152163443362,-10306.628088567062,0.002744773439189885
1757,110.18715613229189,0.0,130.0621116314191,4,-57.15672170211697,-11860.893658978193,-11461.591964178146,-399.3016768810683,-11860.912734478667,0.019075500473263673
1758,17.676529464795554,0.0,74.59743175056991,4,-57.48858202991157,-9911.508541053554,-9893.324744473108,-18.183811900073568,-9911.508163561239,-0.0003774923152377596
1759,0.061991080867620355,0.0,-38.25426721085291,4,-42.7170044536121,-10554.769369957125,-10534.214391638126,-20.554995169094923,-10554.785112718135,0.015742761010187678
1760,3.266888067589717,0.0,71.18961952194572,4,-58.69999057667667,-9507.467527420258,-9490.887591504292,-16.579906405337116,-9507.458305563761,-0.0092218564968789
1761,32.876362497464605,0.0,70.5597954041615,4,-55.21517687940919,-10350.082720813003,-10327.940992476295,-22.141703575063893,-10350.080767458485,-0.00195335451826395
1762,-95.04271477767358,0.0,162.88004848389372,4,-83.66388106791973,52.62863353993577,3.3340990353436455,49.294575512002766,52.60279125240698,0.025842287528789143
1763,75.59041696947959,0.0,-91.36444896680942,4,-32.711983681214484,-11598.30528796558,-11598.006332462917,-0.29895616573303246,-11598.257270916238,-0.04801704934288864
1764,75.14811740952969,0.0,-100.86798676703658,4,-31.823409497258584,-11600.06461228572,-11598.588033183194,-1.476576662306854,-11600.132609510683,0.06799722496361937
1765,-3.1502203506674094,0.0,-19.325342119762386,4,-45.631690694565556,-10385.095404758453,-10363.432107864799,-21.663260327986166,-10385.095610358689,0.0002056002358585829
1766,-0.3268063856439953,0.0,17.610973086148505,4,-51.14009039164402,-10113.215239249204,-10093.104927157374,-20.11031142738155,-10113.22129797771,0.006058728506104671
1767,120.29643168534132,0.0,-32.11152064293042,4,-35.90990230210048,-12096.861144326807,-12106.165009101618,9.303844741115414,-12096.894587438706,0.033443111899032374
1768,-28.64094625056434,0.0,7.604402135217632,4,-51.19271869757932,-9567.741442333887,-9548.1429146607,-19.598498188046708,-9567.752077811685,0.010635477798132342
1769,-55.36080186375625,0.0,-65.54221640328835,4,-40.15917320673631,-9969.432106197622,-9949.142384227147,-20.28973168754767,-9969.420052659281,-0.01205353834120615
1770,-176.638333956503,0.0,-43.947252170128166,4,-40.5433168239378,-6884.392002530777,-6863.933493968622,-20.458509705022173,-6884.400761094497,0.008758563720220991
1771,26.512545735008747,0.0,125.3796285228646,4,-63.31581545572934,-9911.981317594074,-9894.786602598248,-17.19472913336413,-9911.966638187789,-0.014679406285722507
1772,7.911960172471513,0.0,-127.000386627257,4,-31.55645388090534,-11001.456721447721,-10980.579798062916,-20.876931105800935,-11001.46569617486,0.008974727139502647
1773,-34.95167781480391,0.0,52.13611805449602,4,-59.27544795663085,-8555.617025458412,-8538.30231460492,-17.31471698884274,-8555.624115886989,0.007090428576702834
1774,1.9576429246485885,0.0,-182.34393604339317,4,-26.585735528481035,-11137.850875973154,-11120.42690058067,-17.423987496558656,-11137.848573792038,-0.002302181115737767
1775,89.52543379972687,0.0,35.77436195586167,4,-45.04295439171929,-11964.696356071818,-11996.169692948111,31.473338269645726,-11964.76333299928,0.06697692746274697
1776,11.834041890325953,0.0,83.91804525652226,4,-59.16845496342008,-9627.889703553195,-9613.508444584453,-14.381230900746722,-9627.88879133514,-0.000912218056328129
1777,95.36735787322273,0.0,116.92202793679448,4,-54.68995194972415,-12003.718244792186,-11839.250619639897,-164.46764108586353,-12003.72746910813,0.009224315943356487
1778,-93.7598661961859,0.0,134.98572718549423,4,-79.52217773451852,-1866.0563956457604,-1863.9732772665066,-2.0831051155626543,-1866.0837986008753,0.027402955114894212
1779,25.817040172488547,0.0,79.38796161239053,4,-57.018427969739335,-10125.904755340222,-10105.739568270656,-20.16517925697726,-10125.905642030788,0.0008866905664035585
1780,-175.83019313286994,0.0,-30.626949145459935,4,-42.50605501280769,-6468.446256616323,-6448.539907969845,-19.906345881195524,-6468.463114244701,0.01685762837769289
1781,62.65442415816872,0.0,-50.7860968392726,4,-37.79170665218741,-11230.253468130379,-11193.23165725872,-37.02181208874949,-11230.152605303674,-0.10086282670454239
1782,100.61888056478577,0.0,-39.89180604147091,4,-36.32227241879972,-12087.144593084686,-12110.045493547505,22.90091134202534,-12087.10473955368,-0.039853531005064724
1783,36.773866293501186,0.0,57.58613958140494,4,-53.29860506247482,-10512.536325240302,-10490.15018020915,-22.386179453565386,-10512.53321639823,-0.003108842072833795
1784,52.172886156423324,0.0,14.606240734105732,4,-46.49487966114968,-11000.40128077339,-10987.831321733845,-12.56995304819373,-11000.40880043492,0.007519661528931465
1785,5.966005602388368,0.0,130.70595372965767,4,-65.53410848805004,-8726.836684608623,-8755.317138610484,28.480415747765672,-8726.855643613962,0.01895900533963868
1786,101.13922640480638,0.0,-42.84309676408882,4,-35.99482181386176,-12090.714679402548,-12113.242414531429,22.527743901612297,-12090.710911495325,-0.0037679072229366284
1787,126.19840681898947,0.0,-41.19102383988813,4,-34.708069082273,-12113.27092154706,-12120.176479950305,6.905536022001752,-12113.271661502178,0.0007399551177513786
1788,92.7405347144986,0.0,-118.64138756884476,4,-29.376022381853037,-12090.021340209458,-12109.434755514349,19.413411726602785,-12089.925525829985,-0.09581437947235827
1789,55.930712722808764,0.0,-44.90363582316375,4,-38.78524938518536,-11282.993586850964,-11257.984545249827,-25.00903514491156,-11282.978331657801,-0.01525519316237478
1790,-134.56614940323243,0.0,46.00729998721275,4,-59.04314005994249,-4611.509803874262,-4595.540262837119,-15.969548879312617,-4611.495778191769,-0.014025682492501801
1791,111.42247522320132,0.0,-99.23952529959672,4,-30.27053863806065,-12162.234819015152,-12178.612549271893,16.377728655493403,-12162.329566787965,0.09474777281320712
1792,-71.66199865654292,0.0,7.455287118595573,4,-52.478512782982534,-8342.909531311578,-8322.684115389497,-20.225407711070222,-8342.916267830766,0.006736519188052625
1793,-48.17726770966184,0.0,-104.59174170428459,4,-34.9394752507752,-10393.732008956636,-10372.24205567245,-21.48992195136436,-10393.754023169873,0.022014213236616342
1794,150.1682938729442,0.0,12.314548570061888,4,-37.76299059559328,-11994.733277654297,-11982.717166716335,-12.016101577799175,-11994.746270302256,0.012992647958526504
1795,99.86912733683616,0.0,-132.43117869475535,4,-28.023943081359487,-12103.405657786234,-12120.211079944123,16.80540745072781,-12103.424909840181,0.01925205394763907
1796,93.25726951862093,0.0,-9.138087928653858,4,-40.00770192007627,-12030.247076917984,-12058.654225645376,28.407167825964844,-12030.280157386806,0.03308046882193594
1797,-119.56225251680897,0.0,98.56126053883474,4,-72.35613187265515,-2410.245903447595,-2399.6906724298246,-10.555232194905185,-2410.259118264683,0.013214817087828123
1798,90.95399123672246,0.0,-43.87142698516167,4,-36.48946002962724,-12036.69075840649,-12063.107916570205,26.417170315572193,-12036.650622158713,-0.040136247776899836
1799,-53.13554183615386,0.0,-153.2601616325843,4,-29.67054732792432,-10618.83970143903,-10598.239890289773,-20.599826384229544,-10618.847539726272,0.007838287241611397
1800,-58.521101382131505,0.0,162.2330978388789,4,-85.41283273453237,-2830.347157270364,-3143.8259077647535,313.4787884346068,-2830.34158471592,-0.005572554443915578
1801,-194.39467940973012,0.0,-12.051529898624976,4,-43.999110992251275,-5315.363329639602,-5296.560000005487,-18.803295940869223,-5315.383660503037,0.0203308634354471
1802,-10.181868737010106,0.0,-31.686977094431196,4,-44.088966684681324,-10375.648531253144,-10353.926191034318,-21.72230042273276,-10375.635284635355,-0.013246617789263837
1803,-7.279808721564716,0.0,122.95445651127179,4,-65.75745396052734,-8163.308728013693,-8178.991271865104,15.682559397587053,-8163.3195671141775,0.010839100484190567
1804,-86.21676261248327,0.0,-52.646693996820396,4,-42.14859607192087,-9178.903240184087,-9159.133298822617,-19.769921924691918,-9178.89508672076,-0.008153463326380006
1805,98.57265795576181,0.0,114.50069466196081,4,-53.810451731685944,-12038.982821612126,-11880.203775724163,-158.77907577115715,-12038.965502182424,-0.017319429702183697
1806,119.88074735790008,0.0,81.86606056106562,4,-46.628533870202574,-12079.390863019406,-12020.360789086073,-59.030116390690004,-12079.411198557571,0.020335538165454636
1807,151.61470792676815,0.0,-34.98059389389195,4,-33.74737477550262,-11978.130988474159,-11975.563353156875,-2.5676171577430176,-11978.133065087257,0.002076613098324742
1808,76.8475425411773,0.0,137.610795998246,4,-63.04841017116903,-11966.716424963324,-11671.736220032819,-294.9802192444757,-11966.726460409636,0.010035446312031127
1809,-10.16862139904953,0.0,22.257074316575395,4,-52.560688347955484,-9822.23591436936,-9803.464483382122,-18.7714295989789,-9822.255787112708,0.01987274334896938
1810,-16.701932251188303,0.0,134.41338448486465,4,-68.51565310095074,-7387.94822325313,-7432.980619432812,45.03240371668466,-7387.931053623758,-0.01716962937189237
1811,-14.089611960594478,0.0,115.22842705704585,4,-65.83196907303835,-7986.513768378539,-7993.4618676209975,6.948109653110442,-7986.54648443606,0.03271605752161122
1812,159.00993048681528,0.0,-92.40386606470781,4,-28.850191779499134,-11978.393526424454,-11978.35016334901,-0.043347743864567495,-11978.397902973276,0.004376548822619952
1813,39.967332727253364,0.0,16.858421981398685,4,-47.936128553846146,-10739.51561170471,-10716.164247761048,-23.35135216377677,-10739.515392080539,-0.00021962417122267652
1814,38.703254496115576,0.0,-44.31036625244323,4,-39.928992603677806,-11051.335644699484,-11037.01760109504,-14.318048535313883,-11051.348698663738,0.013053964254140737
1815,52.585550658415144,0.0,-113.08206600712202,4,-31.606358033618807,-11316.317184251471,-11284.46486591236,-31.852310438526466,-11316.319503280167,0.002319028695637826
1816,-62.38787238821838,0.0,103.0195119648552,4,-70.38017075474232,-5665.299479816184,-5655.345110698687,-9.954330881500905,-5665.326385457232,0.02690564104796067
1817,37.34273046782946,0.0,-1.603434460284534,4,-45.69021583795597,-10790.555421461393,-10767.616435410591,-22.93896687600405,-10790.558633632909,0.0032121715157700237
1818,-33.94861664713413,0.0,72.65237179307702,4,-62.65521740188955,-8098.356164956116,-8082.5230716736205,-15.833128336518783,-8098.359671119807,0.0035061636908721994
1819,97.90205801727879,0.0,29.67609400775728,4,-43.67004044529952,-12051.988371323761,-12076.428884222678,24.440543399347362,-12051.976995518202,-0.0113758055595099
1820,88.98463581023731,0.0,-37.83655160342834,4,-37.242871936690335,-12011.611141579577,-12039.83952818407,28.228395378020252,-12011.554597801092,-0.05654377848441072
1821,60.56274552578352,0.0,-43.10643121928749,4,-38.7609379409239,-11254.390184482407,-11221.341137850977,-33.04904236858475,-11254.400143234605,0.009958752198144794
1822,101.59909064847692,0.0,-67.39625569004745,4,-33.57613108017906,-12097.6561232454,-12118.46638526707,20.810263734760152,-12097.691255574571,0.03513232917066489
1823,-35.31002891758218,0.0,13.516980039002718,4,-52.53485238613472,-9291.140347804938,-9272.51690850362,-18.62342964566342,-9291.146084651584,0.005736846645959304
1824,-43.285957084709615,0.0,15.39308488725039,4,-53.227778559781925,-9022.260153589705,-9003.710377470492,-18.549778513623373,-9022.271865908775,0.011712319070284138
1825,11.249528358144863,0.0,-27.184939023319803,4,-43.758042526535746,-10634.698110355712,-10613.709830155927,-20.98830060134054,-10634.720392909892,0.022282554180492298
1826,37.67452096763614,0.0,95.91641127620433,4,-57.30082924636077,-10336.847868111021,-10315.289561266824,-21.558277292311484,-10336.864010463485,0.01614235246415774
1827,26.027182164086238,0.0,69.87150542862953,4,-55.94305459055817,-10206.967270789648,-10185.735401105148,-21.231836054716165,-10206.988449369086,0.02117857943812851
1828,65.87480488971919,0.0,127.66181919222029,4,-60.61752698948235,-11064.486221030851,-10887.918808406343,-176.5674534436,-11064.411493253028,-0.07472777782277262
1829,63.908152472898806,0.0,116.27702442610592,4,-57.767562853402886,-11100.24019179143,-11006.080356253164,-94.15986684804811,-11100.307721883073,0.06753009164276591
1830,-72.29061927699736,0.0,97.50506304336214,4,-70.34182242356054,-5312.258372853588,-5300.472451987552,-11.785875911477225,-5312.274394421304,0.016021567716052232
1831,-68.61115542126151,0.0,-55.6607768617668,4,-41.71419742931779,-9590.710402227787,-9571.084751412996,-19.625625816077644,-9590.694774239337,-0.015627988450432895
1832,-76.28893123132124,0.0,-157.76121320307334,4,-29.251097253063843,-10424.828748384414,-10403.57789870364,-21.250829587396023,-10424.810011018017,-0.018737366397544974
1833,25.922595235038056,0.0,-89.39304123718365,4,-35.086737479998526,-11070.141440868883,-11053.528687070857,-16.612764668620375,-11070.151564919845,0.010124050961167086
1834,39.3274933702269,0.0,-6.301269561003657,4,-44.90658638788388,-10840.632853814737,-10818.848460547139,-21.78436854903192,-10840.64642391723,0.013570102491939906
1835,72.48471812697478,0.0,-33.38771890872949,4,-39.15441970484913,-11303.15206203766,-11286.732872120567,-16.41920904008364,-11303.28896522687,0.13690318920998834
1836,11.931746681931797,0.0,48.94524941880738,4,-54.809549932287396,-10048.547429123797,-10029.690675872287,-18.856765690387068,-10048.55718173592,0.009752612122611026
1837,-34.00994213292448,0.0,4.781158874974396,4,-50.9531590031175,-9474.15665645953,-9454.609834429719,-19.546791911823046,-9474.155795697985,-0.0008607615454820916
1838,-94.62519974974055,0.0,-55.079089188045984,4,-41.7003328339704,-9037.407464414404,-9017.767262441233,-19.64018091763974,-9037.407954938979,0.0004905245750705944
1839,-161.65299655949116,0.0,-21.60141692802539,4,-44.72534903741689,-6514.834610970948,-6495.184781189163,-19.649826081410424,-6514.835748892853,0.0011379219049558742
1840,20.561774977099958,0.0,-9.272286906328043,4,-45.76624288451435,-10649.397408312136,-10627.983319497489,-21.41411284765655,-10649.406378924637,0.008970612501798314
1841,5.848267144807636,0.0,-127.10005495111594,4,-31.597349990650056,-10978.954412393812,-10957.280486033153,-21.67393352358174,-10978.964790990252,0.010378596440205001
1842,51.41675716196625,0.0,-121.93583282443679,4,-30.798399076653585,-11323.649686576437,-11292.207233502977,-31.442444230662325,-11323.667472253013,0.01778567657675012
1843,2.896928709711487,0.0,-15.478848513586788,4,-45.91098325991874,-10440.251223053585,-10419.087082261514,-21.16412622030422,-10440.259360798635,0.008137745049680234
1844,-54.2440787839963,0.0,-150.52228002050134,4,-29.942726127666667,-10594.14378115419,-10573.58198734299,-20.561808855826197,-10594.174642486347,0.030861332157655852
1845,142.21579928716298,0.0,-40.893282840728624,4,-33.80617204716229,-12008.623224061315,-12008.331715900864,-0.29150534886336876,-12008.634381630245,0.011157568929775152
1846,-37.01812868473745,0.0,-100.43191534624583,4,-35.341467573743074,-10490.19797853503,-10469.363607660183,-20.834374117495,-10490.184140591075,-0.013837943955877563
1847,-74.40732291297456,0.0,73.77131203798578,4,-65.74993864130799,-6181.937856871556,-6167.895336505728,-14.042552180802698,-6181.937505746676,-0.0003511248796712607
1848,33.46885927891023,0.0,-44.01180974500466,4,-40.29722086951112,-10953.175038458865,-10934.131477253612,-19.043555331388617,-10953.176377187525,0.0013387286599026993
1849,-0.32126539647451885,0.0,-29.667660078776006,4,-43.97821756795816,-10491.842461378506,-10471.062860985405,-20.779608211712517,-10491.844753106301,0.002291727794727194
1850,-112.55834645645497,0.0,-47.736379052254335,4,-42.54374422671904,-8475.80004588002,-8456.180037237806,-19.62000895183258,-8475.792726998767,-0.007318881253013387
1851,58.66216917019123,0.0,-11.566956983470572,4,-42.61780772241271,-11250.518629173957,-11229.77893521473,-20.739692203722917,-11250.504817811357,-0.01381136259988125
1852,-3.433172604486908,0.0,32.964584431008255,4,-53.76548693330868,-9853.809481746017,-9835.930163245308,-17.879323473475633,-9853.813381566053,0.0038998200361675117
1853,-86.17433836226813,0.0,-20.950954193162953,4,-47.38322201859019,-8556.362890240654,-8536.57057842944,-19.792320024719103,-8556.370064827666,0.007174587011832045
1854,3.2896573035805847,0.0,18.36870507743706,4,-50.99760958038072,-10182.952515060442,-10162.133303337869,-20.81918624327212,-10182.967576302715,0.015061242273077369
1855,62.79220063476988,0.0,58.6144853131319,4,-50.391551577871596,-11128.894800865877,-11113.558622576707,-15.336202147802409,-11128.88053752833,-0.014263337547163246
1856,73.14265781315213,0.0,58.20918275295729,4,-49.343671595279574,-11106.987692400868,-11064.254611353892,-42.73311300160404,-11107.01302039308,0.02532799221262394
1857,-143.17815291396812,0.0,-100.34902816409102,4,-34.55916432268911,-8886.224937692079,-8866.532200064788,-19.69271366352466,-8886.232953953466,0.008016261386728729
1858,31.750233511633734,0.0,21.215725154007654,4,-49.1869462223173,-10628.42661681932,-10606.198251641981,-22.2283944605253,-10628.43719631228,0.010579492958640913
1859,-34.2019699006648,0.0,1.3286406228662864,4,-50.367392370747915,-9523.147540016342,-9503.442388332083,-19.705119970686205,-9523.153665472584,0.006125456242443761
1860,42.26623040865291,0.0,53.08453765351266,4,-52.188004594288365,-10625.51755660999,-10601.418390671495,-24.09919171495086,-10625.527789149737,0.010232539747448754
1861,167.37206681447825,0.0,-35.90992458542137,4,-32.72756094447445,-11923.206286306393,-11914.311874453853,-8.894398690653464,-11923.20194693333,-0.0043393730629759375
1862,112.01374366642665,0.0,-129.50116494600073,4,-27.83416192602976,-12157.883162054253,-12172.742820656274,14.859655073051083,-12157.873735290954,-0.009426763299416052
1863,-6.867906640710849,0.0,-84.42159807970027,4,-36.74251046222839,-10728.727609299975,-10707.16735707622,-21.560257197397735,-10728.722752210331,-0.004857089643337531
1864,154.61292065203173,0.0,79.69838846386195,4,-43.09626943065764,-11871.339115244113,-11759.640431516194,-111.69869007253848,-11871.35128374815,0.012168504037617822
1865,123.15713248457563,0.0,42.55135179419007,4,-42.60787627408784,-12116.487237428224,-12107.343296550984,-9.143957034536083,-12116.519478226508,0.03224079828396498
1866,-11.86768472047919,0.0,7.038520962933257,4,-50.2045498080632,-9976.59250267646,-9957.124154201383,-19.468363423708194,-9976.597454400788,0.004951724327838747
1867,167.85043837323522,0.0,-35.74941535246207,4,-32.71200855740273,-11918.825955749591,-11909.796201127552,-9.029742813482377,-11918.822600594827,-0.0033551547639945056
1868,83.24166870400629,0.0,-51.51135301441973,4,-36.22509677538571,-11850.24819404647,-11873.702422524811,23.454226407568736,-11850.29312664662,0.04493260015078704
1869,-34.51047581136854,0.0,23.901288743359753,4,-54.327234777847984,-9124.28348670728,-9106.542254453572,-17.741239167396397,-9124.281711818841,-0.0017748884383763652
1870,194.50051009895574,0.0,31.020037320024272,4,-35.671112471940546,-11628.285927204162,-11578.556075801169,-49.72985341128826,-11628.298636665117,0.012709460954283713
1871,25.51251466959348,0.0,4.350194253252219,4,-47.3519581135355,-10636.773417361477,-10615.210739492073,-21.562704906456727,-10636.770069860555,-0.003347500922245672
1872,-7.446286620319523,0.0,-93.9689925876617,4,-35.58970736585107,-10761.491529802817,-10739.6088729552,-21.882659330196685,-10761.49081457853,-0.0007152242869779002
1873,27.992129990627266,0.0,168.62168511541816,4,-93.78115043038144,-12206.168842171555,-11189.437626283485,-1016.7311899551188,-12206.191541944096,0.022699772540363483
1874,46.51777309745227,0.0,-43.46830219945918,4,-39.50877540533208,-11213.087616595065,-11203.150826568868,-9.936798169890318,-11213.079043000154,-0.008573594910558313
1875,38.66578921378646,0.0,-14.811870842420873,4,-43.81526996597474,-10875.89237737969,-10855.154938764217,-20.73741788960102,-10875.891285188896,-0.0010921907942247344
1876,-106.7682866623152,0.0,-38.892207582009,4,-44.076858678552604,-8420.860928813516,-8401.080085586038,-19.7808471059701,-8420.87021035194,0.009281538425057079
1877,26.92798007395819,0.0,-89.72033583477582,4,-35.00770506987667,-11086.201039757558,-11070.302045059396,-15.899006286446438,-11086.207972600103,0.006932842545211315
1878,18.60108267625494,0.0,76.02355843036445,4,-57.537059844528706,-9926.694966886786,-9908.569191383325,-18.125791816591597,-9926.713810876505,0.018843989719243837
1879,-12.758866223794135,0.0,-43.33289749457521,4,-42.48048427778735,-10419.17786349178,-10397.79870040448,-21.379137620622654,-10419.172192602928,-0.005670888851454947
1880,68.1186733421763,0.0,30.822786110017244,4,-46.89135846995309,-11175.283418530162,-11139.558161009869,-35.72527498302355,-11175.289224253142,0.005805722979857819
1881,152.34053348076918,0.0,-72.87039091718393,4,-30.638091088251983,-11976.84293015119,-11976.826283145716,-0.016634749308991677,-11976.865170844532,0.02224069334261003
1882,-187.7781591698005,0.0,51.1142624722622,4,-55.2299580906936,-2324.0437117379643,-2308.867047881954,-15.176687080716457,-2324.0493879126184,0.005676174654126953
1883,-167.7591520212113,0.0,-69.41999028825373,4,-37.56887340225184,-7765.005243597459,-7744.858273725989,-20.146962983070587,-7765.001109884788,-0.00413371267131879
1884,-47.30634807504413,0.0,8.539465535407603,4,-52.14848361973428,-9036.45060501928,-9017.602704572293,-18.847900250227948,-9036.443824466596,-0.00678055268326716
1885,124.8446959236085,0.0,26.544036005112805,4,-41.04382511245753,-12109.331866232804,-12106.252825403273,-3.079066760626722,-12109.321586239055,-0.010279993748554261
1886,37.61130624339766,0.0,23.35069554459363,4,-48.98144118360319,-10686.096388162337,-10662.741004384574,-23.355393147518445,-10686.106862767445,0.010474605107447132
1887,-64.04530066341596,0.0,13.186716896350818,4,-53.43027479358915,-8447.93725993444,-8427.997082673888,-19.94017308323954,-8447.949894274458,0.0126343400170299
1888,-103.35746578510079,0.0,-127.53025100936368,4,-32.161950764443226,-9894.616755247003,-9874.173297859536,-20.443464462311173,-9894.617528154686,0.0007729076824034564
1889,-163.00465319776163,0.0,68.9528915723857,4,-61.792350138100446,-2112.3533522289927,-2097.8968668296043,-14.456473078007559,-2112.373197727897,0.019845498904487613
1890,123.03969736234814,0.0,51.49349369023583,4,-43.41033644240404,-12110.251366560711,-12094.790213906525,-15.461159953671839,-12110.265317702828,0.013951142116638948
1891,182.9379150306941,0.0,7.294085938857835,4,-34.915833349392095,-11808.63074496,-11784.405812457073,-24.22489703881103,-11808.64053007677,0.009785116768398439
1892,36.8420691170177,0.0,47.43331955504945,4,-52.081896256604395,-10571.029053711596,-10547.993574850125,-23.035518057935064,-10571.04255604607,0.01350233447374194
1893,-49.6495413146701,0.0,106.62353991965496,4,-69.44397767397459,-6286.592429902095,-6277.950808472117,-8.641588986936148,-6286.597056539579,0.004626637483852392
1894,-42.366113745630386,0.0,-20.3245805883359,4,-46.983186493280066,-9648.042826356384,-9628.337054573192,-19.705749722229474,-9648.049043857816,0.006217501431819983
1895,-0.8302404617031113,0.0,147.19776830108677,4,-70.91083163759701,-8310.80495904443,-8465.731184356295,154.92624017414576,-8310.818233098753,0.013274054323119344
1896,64.06531812454352,0.0,-0.023405260709642158,4,-43.63571000011679,-11220.24081315465,-11189.672454547675,-30.568358615000925,-11220.237548250068,-0.003264904582465533
1897,-15.145367954532235,0.0,-9.59600284718064,4,-47.6976588970119,-10103.058911113065,-10082.610159315767,-20.44875137860838,-10103.070102251313,0.011191138248250354
1898,69.86375353709289,0.0,-141.76926797583255,4,-28.438388816659128,-11494.99067887733,-11482.44842963168,-12.542234442140321,-11494.90670091724,-0.08397796009012382
1899,112.93963064775433,0.0,38.1434381933751,4,-43.149165543657794,-12098.533887544556,-12100.467065360135,1.933135282648369,-12098.548691451755,0.014803907199166133
1900,-13.223596509053742,0.0,-166.92558161355709,4,-28.108660324356016,-10945.26369225559,-10922.530431095927,-22.733261606290817,-10945.278010130009,0.01431787441833876
1901,38.1741087459114,0.0,36.13037439758199,4,-50.55788561482945,-10642.515033910242,-10618.686757087748,-23.828299689119962,-10642.522308158399,0.007274248157045804
1902,23.438422575337274,0.0,101.18106149219588,4,-59.537043157295514,-9857.922602805404,-9840.92740415284,-16.995210264107037,-9857.933248434632,0.010645629228747566
1903,46.497965792362784,0.0,-1.2335201408282146,4,-44.97949185753752,-10953.236838792765,-10937.68238700043,-15.554439053451826,-10953.247208710533,0.010369917767093284
1904,-15.845035153912109,0.0,-34.125476876549634,4,-43.93021384964075,-10317.32972784585,-10295.460043012934,-21.869632815504445,-10317.348342836856,0.0186149910059612
1905,46.72574397247619,0.0,-116.90664075731462,4,-31.41005813821254,-11338.50424570138,-11312.998143246707,-25.506088957898996,-11338.559937317354,0.05569161597304628
1906,-6.093274799283519,0.0,-10.847648759069125,4,-47.04981722257134,-10281.845862326973,-10260.101730364888,-21.74408071482339,-10281.86033954479,0.014477217817329802
1907,0.34845756769230324,0.0,63.11023833678987,4,-57.93331365392776,-9535.92363581994,-9518.27085207321,-17.65275371667756,-9535.931468089224,0.00783226928433578
1908,101.88853190969562,0.0,-159.53754509978745,4,-25.956320154079542,-12112.657429373276,-12127.749251941343,15.091803444980103,-12112.716622824388,0.0591934511121508
1909,23.921370402081116,0.0,-140.12356038633015,4,-29.84254833616922,-11243.81719456395,-11232.047932947287,-11.76926106181868,-11243.800016287985,-0.01717827596439747
1910,178.0872618655492,0.0,14.529338209945188,4,-35.79400256295299,-11827.048277671312,-11801.083144405671,-25.965101216820102,-11827.051159076747,0.0028814054348913487
1911,63.317722667450624,0.0,142.3831657290306,4,-66.99709090818982,-11829.164245990898,-11572.056222172865,-257.1080580308622,-11829.179783621876,0.015537630977632944
1912,-198.6031505554537,0.0,4.710927972876814,4,-46.1934825966708,-4481.3129731085255,-4463.18291961236,-18.130074239768497,-4481.327071568749,0.014098460223067377
1913,99.97981520709546,0.0,-64.41277019914706,4,-33.943977522933345,-12089.005616324983,-12110.429973298737,21.424361531954183,-12089.002532477947,-0.003083847035668441
1914,8.42234937098952,0.0,-12.48639360468263,4,-46.05142664244157,-10498.085101876495,-10477.361228109961,-20.723887071472518,-10498.087208295505,0.0021064190095785307
1915,-31.63773324868671,0.0,4.863259720033581,4,-50.863212759216935,-9533.538320734668,-9513.899022086965,-19.63926804495945,-9533.534835360126,-0.0034853745419241022
1916,-2.063226065925615,0.0,20.84820156335727,4,-51.77101579010361,-10036.107371485665,-10016.754072613121,-19.353313156924525,-10036.11594644133,0.008574955665608286
1917,43.26672571718761,0.0,138.3824442510361,4,-67.02521648098644,-10664.856827231355,-10499.367815949907,-165.48897986378347,-10664.84562514977,-0.011202081584997359
1918,-43.89347443629119,0.0,48.89165434723744,4,-59.30433241891783,-8293.894944697626,-8277.455892126902,-16.439067935065466,-8293.89123876035,-0.0037059372752992203
1919,6.922556167721117,0.0,-164.3825428477817,4,-28.016757560843715,-11131.009988417341,-11113.801707599472,-17.20829370826388,-11131.034360507145,0.02437208980336436
1920,-143.14837157009154,0.0,-90.26484821161596,4,-35.78345683111942,-8703.192018100577,-8683.6516319268,-19.54035799424277,-8703.223158619581,0.03114051900411141
1921,63.77212451684946,0.0,132.90956462778541,4,-62.54189730412701,-11120.475241614535,-10913.686260721046,-206.7890203133887,-11120.451992006248,-0.02324960828627809
1922,-62.8218379926424,0.0,162.54873894527404,4,-84.22391048586444,-2502.2879493603236,-2757.704554434866,255.41661863950657,-2502.2855423274896,-0.0024070328340712877
1923,88.23858011447102,0.0,-117.09594587594108,4,-29.678536827085786,-12051.091882066463,-12072.266210872913,21.174331365123262,-12051.062683286278,-0.029198780184742645
1924,94.75415686031299,0.0,14.939617721442694,4,-42.43568889686407,-12032.24617678878,-12060.451093739688,28.204940754294196,-12032.258348936473,0.012172147693490842
1925,57.54411796820019,0.0,39.84071382674586,4,-48.96920546601616,-11028.107971689607,-11015.483218112444,-12.624759256231496,-11028.115330655039,0.00735896543119452
1926,-110.31576115746543,0.0,-119.73271596639299,4,-32.948249335133696,-9703.863460988077,-9684.063498547783,-19.799955678329482,-9703.86586607829,0.002405090212050709
1927,77.18497054597451,0.0,96.05129578450017,4,-52.839716129774295,-11340.11668966863,-11309.985245595837,-30.131471539998437,-11340.205207489083,0.08851782045348955
1928,-28.42586064395993,0.0,70.60658536501809,4,-61.82393487434823,-8375.616951969298,-8359.908306495596,-15.708666576431652,-8375.62315461671,0.0062026474115555175
1929,160.1389088144886,0.0,55.39000888517985,4,-40.36916282814536,-11892.030581066612,-11836.82365884637,-55.2069119804972,-11892.040111232027,0.009530165414616931
1930,77.40242930788222,0.0,-59.6975182631857,4,-35.82285747623502,-11600.041654073422,-11604.838142270844,4.7964772371417475,-11600.047781927076,0.00612785365410673
1931,-7.488971792717124,0.0,7.341253029766067,4,-49.98973081415955,-10071.802978656919,-10051.810114711663,-19.99287146752545,-10071.824370850663,0.021392193744759425
1932,81.27783567792797,0.0,-50.60447679312904,4,-36.481242057955605,-11757.367125762246,-11775.082687100901,17.71555375238392,-11757.450298491953,0.08317272970634804
1933,23.13603852861048,0.0,42.580806815193334,4,-52.84221275860645,-10350.41227234681,-10328.103385171733,-22.30884874756428,-10350.42399423316,0.011721886350642308
1934,-39.775509869627975,0.0,26.227313487175213,4,-55.00645733775757,-8920.392919857051,-8902.156891431756,-18.236034033125293,-8920.386132126147,-0.006787730904761702
1935,33.78039606799422,0.0,-5.932128513277739,4,-45.366723969362404,-10768.976415810846,-10745.901583542383,-23.07481993052813,-10768.9687166078,-0.007699203046286129
1936,92.4858198904077,0.0,167.0602777043236,4,-81.17500434419986,-2821.267710436918,-1109.2675032523284,-1712.0001999639153,-2821.269270456975,0.0015600200567860156
1937,19.33455086052355,0.0,-169.60085077628077,4,-27.33393515194825,-11279.165217863501,-11267.40180042731,-11.76341750186562,-11279.2028521029,0.037634239399267244
1938,44.70080947542481,0.0,30.668159234093647,4,-49.27175596545877,-10744.175602442794,-10720.229357167356,-23.946227839541297,-10744.175024341626,-0.0005781011677754577
1939,39.59476021741898,0.0,26.687174547857914,4,-49.239786444127176,-10695.03616849224,-10671.320742333668,-23.71542898701746,-10695.034821824052,-0.001346668188489275
1940,-92.03536109605882,0.0,54.35621510716638,4,-62.08245169804234,-6104.14170174164,-6088.24364528816,-15.89808948328272,-6104.128160218771,-0.013541522868763423
1941,57.903570188545515,0.0,-9.074584778689438,4,-42.975047972572916,-11246.403684914178,-11228.203537717489,-18.200147596000004,-11246.436144376423,0.03245946224524232
1942,-7.23326198291822,0.0,92.58301006322841,4,-62.41557649966815,-8792.776915991733,-8780.801615046707,-11.975320992599535,-8792.767495555896,-0.009420435837455443
1943,-125.04617612637752,0.0,138.01728010510703,4,-83.68061783092338,852.6643569088316,857.539234549883,-4.8748416946971895,852.6500924531516,0.014264455679949606
1944,8.841394587526747,0.0,-17.779751144530543,4,-45.24961240434243,-10540.90782050104,-10520.317410800431,-20.590428158482457,-10540.920883410594,0.013062909554719226
1945,-122.0781589096416,0.0,121.57261474611553,4,-78.58438732569711,-671.4530947001982,-661.6556124655395,-9.797468139636894,-671.4387097906202,-0.014384909577984217
1946,-61.00208631790063,0.0,-45.938506267755855,4,-43.16662525956345,-9608.389043496498,-9588.744019707727,-19.644999592924826,-9608.394796212677,0.005752716178903938
1947,-67.57113556516236,0.0,155.9921519329732,4,-78.26284770399599,-2854.673301450445,-2925.2676857039305,70.5944611266939,-2854.686903829248,0.013602378803170723
1948,52.35099442955969,0.0,100.65208352857961,4,-56.34133493650832,-10632.20137029835,-10598.275500840307,-33.9258601113569,-10632.20610912364,0.004738825289678061
1949,-3.8350419394640083,0.0,15.374524186087122,4,-51.032147577997776,-10059.663204917035,-10039.945028441449,-19.718186907835406,-10059.674900056427,0.011695139392031706
1950,45.5197004366181,0.0,117.7626007623354,4,-60.007874683158754,-10505.002866672634,-10457.142891801848,-47.860007790048506,-10505.029056067107,0.026189394473476568
1951,170.82073612293533,0.0,-85.47389809696227,4,-28.829753240411257,-11994.4729471338,-11990.362023705944,-4.110882256229778,-11994.478558168441,0.00561103464133339
1952,-65.11387550533469,0.0,-176.2411584694988,4,-27.577277261019614,-10622.636986730615,-10602.03554120904,-20.601460318653903,-10622.65770620004,0.02071946942487557
1953,-98.06036759554767,0.0,-34.78168298406133,4,-44.90420589078329,-8547.823689269559,-8528.172062888427,-19.651628616195804,-8547.837325229277,0.01363595971815812
1954,48.43865306360589,0.0,-49.690657601435284,4,-38.625093500237384,-11269.420306052809,-11256.153121265967,-13.26718477423359,-11269.435663796896,0.015357744086941238
1955,-122.3438262210681,0.0,141.83484229825962,4,-84.56929223504315,946.402186989289,949.952981189745,-3.5506969846430767,946.3996428378018,0.002544151487199997
1956,-123.01491289631763,0.0,127.31013228946998,4,-80.26818588111054,-171.60530700290292,-163.72875616233242,-7.876489041128279,-171.604312971745,-0.0009940311579157424
1957,-61.270528661238394,0.0,14.188870594545959,4,-53.55969991379808,-8511.03985244634,-8491.171400232875,-19.868454517731173,-8511.057211434087,0.0173589877467748
1958,-52.332378555265116,0.0,-52.38614216519762,4,-42.07422494377766,-9867.911278522775,-9848.136358483916,-19.774926553383434,-9867.907510757133,-0.0037677656418964034
1959,-127.43352562659929,0.0,-131.8275425499625,4,-31.38320869228057,-9596.639792171412,-9576.973978086955,-19.6657982343263,-9596.611993262437,-0.02779890897545556
1960,-33.26324710459342,0.0,72.07576697709,4,-62.49987401838543,-8141.4595880006955,-8125.618187344129,-15.841434564908257,-8141.460488653943,0.0009006532472994877
1961,6.34172196952607,0.0,20.213066196583156,4,-51.05478251568983,-10226.398767909033,-10205.142845273404,-21.255884764443046,-10226.40562176649,0.006853857456007972
1962,-12.687356224470014,0.0,-16.743957465924144,4,-46.45288811125786,-10222.937483244632,-10201.525563238238,-21.411880524032995,-10222.929878407123,-0.007604837508552009
1963,-61.01591908459077,0.0,-70.71420732321802,4,-39.46330900504258,-9929.073393069411,-9908.91405375936,-20.159348487420182,-9929.075736296933,0.002343227521123481
1964,-5.794789336092404,0.0,8.767689268476863,4,-50.11153342574429,-10092.597458606982,-10072.473193052652,-20.12426934127103,-10092.607118933076,0.009660326093580807
1965,0.8605966171757146,0.0,-16.349815935349504,4,-45.88437061569647,-10418.496869600991,-10397.127213510192,-21.36963187654824,-10418.508320483075,0.011450882084318437
1966,109.04231833061208,0.0,-23.3014416115428,4,-37.45952285066116,-12102.159645625234,-12118.858757161719,16.699110961564745,-12102.19946862136,0.03982299612653151
1967,47.08503689992357,0.0,34.717709859920824,4,-49.53403538263829,-10764.672684165891,-10740.922810391286,-23.74985088147128,-10764.681258972412,0.008574806521210121
1968,11.401370728152,0.0,74.12826235923549,4,-58.15333918743233,-9725.299318118055,-9707.749855308588,-17.54944788634416,-9725.310224568299,0.010906450243055588
1969,52.9208118915855,0.0,112.81376557930211,4,-58.26900804740168,-10641.3029638093,-10590.904051095858,-50.398890940675656,-10641.30774422447,0.004780415170898777
1970,49.75146347894324,0.0,-40.92512999393613,4,-39.608512078508106,-11257.830196034762,-11245.014498691626,-12.815699260181601,-11257.840698080272,0.010502045510293101
1971,55.24237962548529,0.0,20.85999810870282,4,-46.95479369756755,-11057.068249386917,-11046.341337355861,-10.726914578312536,-11057.073937036319,0.005687649401806993
1972,23.404253945102592,0.0,-128.02167455328183,4,-31.0288137603348,-11193.99037812818,-11180.870149723585,-13.120233690150728,-11193.984970514277,-0.005407613902207231
1973,8.918208194600897,0.0,82.83959652391435,4,-59.396967250941124,-9542.608537561293,-9529.399223562998,-13.209283994162716,-9542.618213437585,0.009675876292021712
1974,-43.54058554432705,0.0,-66.8167881347971,4,-39.82882572375459,-10178.592077880305,-10157.15090883117,-21.44113568055197,-10178.60765575707,0.015577876765746623
1975,-114.80740792002163,0.0,-100.7103583802539,4,-35.12126657529888,-9380.56487884107,-9360.904204221484,-19.660643534025493,-9380.593731395631,0.02885255456021696
1976,-97.20551302654208,0.0,-51.487357835054866,4,-42.22500479382277,-8912.190870269224,-8892.691510741939,-19.499332666908,-8912.170973938086,-0.019896331137715606
1977,-66.9824577440266,0.0,56.183447764435996,4,-61.91356305296808,-7139.86403432232,-7124.892832476096,-14.971235712439906,-7139.882672620095,0.018638297775396495
1978,56.34463180821686,0.0,-39.57504987505548,4,-39.389756364708994,-11278.583803640115,-11254.193390929886,-24.390407338856924,-11278.591367010653,0.00756337053826428
1979,16.927431567243104,0.0,-9.650483294257986,4,-45.94283708917861,-10604.264656867823,-10583.34878766196,-20.915892154460696,-10604.260161757626,-0.0044951101972401375
1980,-13.790730026232621,0.0,-77.53985803993201,4,-37.797473193558545,-10623.139257473438,-10602.476614340825,-20.662659423706874,-10623.144988132046,0.005730658607717487
1981,26.34329874068278,0.0,92.93919426364235,4,-58.37982695822407,-10025.341955915272,-10006.440786196035,-18.901184320383948,-10025.346833536809,0.004877621537161758
1982,-27.2029846687629,0.0,19.701061701716288,4,-53.187063479936974,-9415.56813680075,-9397.096342181067,-18.471777414555667,-9415.560862404192,-0.007274396557477303
1983,-34.60873463521603,0.0,29.202996301883605,4,-55.2668687183776,-9021.900064055022,-9004.277845511171,-17.622218878503933,-9021.912168482762,0.012104427740268875
1984,-17.291908404544294,0.0,-5.080046404989321,4,-48.53124683718108,-10004.652541549156,-9984.872011214673,-19.780543298494692,-10004.654175626736,0.0016340775800927076
1985,-14.55959394657883,0.0,-74.56196498675858,4,-38.208315076779506,-10596.318735226407,-10575.747696459915,-20.571055791399527,-10596.338191529989,0.01945630358204653
1986,0.7805159757067234,0.0,18.68758764933576,4,-51.228575406218305,-10125.848670630035,-10105.640827269233,-20.207838891654593,-10125.866576538889,0.01790590885320853
1987,129.01352980572793,0.0,125.55255584140694,4,-53.77681871048822,-11746.558292219559,-11314.956424217613,-431.60185629004866,-11746.570509338295,0.012217118735861732
1988,103.17012961058145,0.0,-102.11200330120212,4,-30.378229371300595,-12106.791041496008,-12124.84305364084,18.052004398470203,-12106.860321101633,0.06927960562461521
1989,39.03234925076397,0.0,1.2941307807814248,4,-45.94801210792361,-10798.57496340064,-10775.838336765077,-22.73660477055811,-10798.580852023091,0.00588862245058408
1990,-139.58241363624825,0.0,43.836198216697966,4,-58.2594708963506,-4513.158773566614,-4496.916286980869,-16.242483371325523,-4513.156777131065,-0.0019964355496995267
1991,-47.554458504304684,0.0,-47.58377949328404,4,-42.73444060796067,-9900.994746364444,-9881.162404950359,-19.8323504819949,-9900.992204066033,-0.0025422984108445235
1992,84.39720239700124,0.0,-122.85647035261972,4,-29.369888283793767,-11946.818468762061,-11963.251064022581,16.432598840903587,-11946.918213877261,0.09974511519976659
1993,30.3567356211722,0.0,3.9488113707472206,4,-46.95191779324307,-10692.2991658659,-10669.864281656932,-22.434900687860672,-10692.3034089497,0.004243083800247405
1994,-78.87845313128969,0.0,80.65748590994207,4,-67.36841497206257,-5677.095570527635,-5663.568215904793,-13.527348350317954,-5677.103074522761,0.007503995126171503
1995,34.78987030216802,0.0,-44.41768282323871,4,-40.16292111423036,-10978.709955363032,-10960.90468082292,-17.805271017947742,-10978.717415034664,0.00745967163129535
1996,-84.57905085823577,0.0,140.7080259087378,4,-78.90888390624556,-2271.68681703168,-2275.3053588174553,3.618576476668421,-2271.66559155842,-0.021225473260074068
1997,145.87100149251043,0.0,-39.98502559126998,4,-33.676302062873745,-11970.3689158947,-11969.359804331845,-1.00909821720323,-11970.37304525913,0.004129364429900306
1998,-9.346266743416951,0.0,-67.50664068483962,4,-38.997431386197704,-10617.338288578085,-10596.684512208929,-20.65379317997032,-10617.328402514237,-0.009886063848171034
1999,23.035763073245448,0.0,4.709209540383662,4,-47.58231902465366,-10601.427177819354,-10580.278020651072,-21.149184394427145,-10601.433221732575,0.0060439132212195545
2000,-68.74871354197323,0.0,-74.27127579070113,4,-38.99363332511656,-9834.169180688894,-9814.313311455084,-19.855872944106707,-9834.156299469332,-0.012881219561677426
2001,9.20477738898788,0.0,-6.145613217586061,4,-46.94135708714833,-10465.451080736046,-10444.518753135395,-20.932328923120384,-10465.450361952036,-0.0007187840092228726
2002,10.435843946436263,0.0,25.33497656315106,4,-51.506769430000816,-10259.006976200508,-10237.440155747536,-21.566774612565265,-10259.015518186296,0.008541985787815065
2003,27.661246551469667,0.0,-155.5422274148473,4,-28.352103703423502,-11328.475997634861,-11315.373980510984,-13.102012787616653,-11328.474022252101,-0.0019753827600652585
2004,-7.630922728995728,0.0,49.84982398979833,4,-56.74128024537558,-9497.54305825742,-9479.696988323727,-17.846042892768914,-9497.540800374378,-0.002257883043057518
2005,101.83172115400437,0.0,-50.5031575981963,4,-35.1946422517935,-12096.36731101574,-12118.190500716317,21.823194020820495,-12096.458160909968,0.09084989422808576
2006,-67.47635245484963,0.0,91.67696753776805,4,-68.82847693337867,-5839.862387484695,-5827.075779210559,-12.786588900560151,-5839.889424931791,0.027037447095608513
2007,-9.723127300984473,0.0,-46.67142711920245,4,-41.89849331565234,-10479.618900694379,-10458.733430278704,-20.885471337005146,-10479.636600995906,0.017700301526929252
2008,77.34110660291412,0.0,76.72485566150877,4,-50.659002772648435,-11253.694854068752,-11232.110958313046,-21.583932800227224,-11253.804237151306,0.10938308255390439
2009,-2.6081784224354765,0.0,-26.238588238888823,4,-44.58407918942439,-10438.03434962808,-10416.831428124875,-21.20290431547416,-10438.036717453924,0.0023678258439758793
2010,78.64146050495846,0.0,19.493259981670274,4,-44.60931925495354,-11400.832114502464,-11402.328569620704,1.4964160350568678,-11400.861171651595,0.029057149131404003
2011,-64.01666381958633,0.0,31.044037960377988,4,-56.84233746745527,-8005.092595449854,-7987.882067181297,-17.21054238462828,-8005.101894238805,0.009298788950218295
2012,59.5327466034494,0.0,-59.52189567341299,4,-36.94615679112179,-11262.851625576277,-11228.636062248263,-34.21556003033945,-11262.907831904942,0.05620632866521191
2013,-13.264225880536307,0.0,3.6688879090612367,4,-49.73831329287367,-9986.676624853288,-9967.104310912779,-19.572328476724557,-9986.669715222934,-0.0069096303541300585
2014,13.592133000814334,0.0,22.270034557574245,4,-50.81881353643052,-10335.084919931609,-10313.084202129645,-22.00067252036211,-10335.085842918073,0.0009229864645021735
2015,-24.107121230976276,0.0,-2.0979895861044904,4,-49.348871428574974,-9812.593908587607,-9793.155711299663,-19.438192536116077,-9812.59190926213,-0.0019993254772998625
2016,13.130539832608326,0.0,-43.05446280354647,4,-41.464881483019795,-10731.805375835,-10709.777817467944,-22.027570192851737,-10731.81504333593,0.009667500929936068
2017,5.380975504283082,0.0,-19.660445617255558,4,-45.163811897609925,-10503.610008612533,-10482.910909514138,-20.699112590891108,-10503.61054349801,0.0005348854774638312
2018,142.20608588688756,0.0,139.8202237147234,4,-56.80924999350207,-9794.868156298537,-8974.687641900493,-820.1804812043592,-9794.858627519572,-0.009528778964522644
2019,-28.7397705844835,0.0,-0.7700723371736067,4,-49.779222313291044,-9686.582104048863,-9666.917956204816,-19.66412915371027,-9686.582738819092,0.0006347702292259783
2020,86.3459732097286,0.0,-115.29271260835097,4,-29.919135599649007,-12006.071355722603,-12026.58105790385,20.509706851123216,-12005.98679383473,-0.08456188787204155
2021,42.18277191256886,0.0,-15.019564159664593,4,-43.51474772989116,-10944.604500719053,-10927.503967811484,-17.100520463386776,-10944.601628085786,-0.0028726332675432786
2022,10.851060243337782,0.0,-21.610817763872394,4,-44.579015980810176,-10595.324448173546,-10574.599163100704,-20.7253054778491,-10595.340144266489,0.01569609294347174
2023,52.15233021217781,0.0,96.62297267016727,4,-55.828508565056914,-10636.690072963553,-10605.015527225314,-31.674537345023996,-10636.699776584928,0.009703621375592775
2024,165.57460399977782,0.0,-88.01510757197505,4,-28.88218308634291,-11992.258859862193,-11990.339444957333,-1.919372778218695,-11992.262227110421,0.003367248227732489
2025,-15.801417025194185,0.0,132.00841964316353,4,-68.04380775701071,-7492.998417501541,-7530.190013138372,37.191611254166354,-7493.030008744821,0.03159124328067264
2026,29.524077129168695,0.0,-118.12818621492845,4,-31.829130232329607,-11243.292559116753,-11232.223511337206,-11.069046271023,-11243.31069306468,0.018133947927708505
2027,-10.000168374388702,0.0,5.960513747794105,4,-49.920080782909686,-10032.268127503936,-10012.507730448599,-19.760409701795965,-10032.259165466909,-0.008962037027231418
2028,-10.385813862703536,0.0,-72.48405570580755,4,-38.36668065052492,-10633.918196655955,-10613.185246762558,-20.73296576010298,-10633.915822130459,-0.0023745254966343055
2029,-124.52776326814302,0.0,-67.95928724431143,4,-39.24415982468674,-8635.233898701754,-8615.76789990536,-19.46597888396098,-8635.241804381456,0.00790567970216216
2030,42.22873353642643,0.0,17.812484423061047,4,-47.86451593817246,-10764.468230977895,-10741.284151820206,-23.184058612505332,-10764.475108550412,0.006877572517623776
2031,23.029936041566817,0.0,-77.73087930825936,4,-36.59082747811777,-10970.792253753423,-10950.430876235994,-20.36137941068086,-10970.78576543072,-0.006488322702352889
2032,198.99548533738752,0.0,3.6245349525018575,4,-33.514298658667784,-11655.065617157283,-11624.074384485832,-30.99120166548931,-11655.062036539699,-0.003580617583793355
2033,19.9529503112379,0.0,-35.13581385577093,4,-42.218229375404896,-10758.763875153285,-10736.182376349181,-22.581502183751304,-10758.760459853165,-0.003415300119741005
2034,68.9674497507941,0.0,-166.80553243826245,4,-26.483365852554737,-11503.417261835435,-11489.552375421079,-13.864865846617858,-11503.418682880105,0.0014210446697688894
2035,92.2400910791932,0.0,83.80796453928706,4,-49.53078492101236,-12026.550648377426,-12025.448365343183,-1.1022767693897122,-12026.54607776377,-0.0045706136552325916
2036,38.39758661909068,0.0,34.269021641869806,4,-50.305096423913746,-10652.339375726828,-10628.53525715239,-23.804137626086924,-10652.351412228198,0.012036501369948382
2037,-109.7976394477312,0.0,24.803458593606305,4,-55.672333115557144,-6486.9016152896975,-6469.925876623696,-16.975763180423712,-6486.9107133802845,0.009098090587031038
2038,51.739804430774086,0.0,-6.4055001295870415,4,-43.825265887939956,-11126.586272085106,-11117.089888737659,-9.496393307316442,-11126.604687766285,0.018415681179249077
2039,-108.84560437718052,0.0,-44.34522570626884,4,-43.15840040490295,-8490.363888124575,-8470.731007089753,-19.632882118629364,-8490.368098489875,0.004210365299513796
2040,-81.15320366443724,0.0,-19.278456577212225,4,-47.695210036797526,-8654.811085436713,-8635.171589517166,-19.639499525609725,-8654.804504991947,-0.0065804447658592835
2041,1.9281731012172423,0.0,67.0631439363134,4,-58.30718832745191,-9525.641062545787,-9508.321861743238,-17.319170770960945,-9525.644352500416,0.003289954629508429
2042,181.06427695655663,0.0,-40.79594642259456,4,-31.564287157409094,-11868.392062400457,-11856.418622437177,-11.973443771107089,-11868.394240557085,0.002178156628360739
2043,20.88792863387643,0.0,87.65040135462658,4,-58.49389133010903,-9885.168333763875,-9867.779955623782,-17.38839141829605,-9885.156152169926,-0.012181593949208036
2044,7.9101747529192865,0.0,-10.76728613476494,4,-46.33467539730513,-10478.677050763004,-10457.836695424969,-20.84036158868333,-10478.685140581112,0.008089818107691826
2045,-15.50973900891093,0.0,-42.139057786551774,4,-42.74159203511735,-10376.860695497198,-10355.157887680627,-21.702768440789317,-10376.878589921702,0.017894424503538175
2046,90.96572471851306,0.0,-90.95197820286315,4,-31.87282632982497,-12068.389522117286,-12090.526532612968,22.137015073792735,-12068.34136028612,-0.04816183116599859
2047,-16.15482905424443,0.0,15.127360822548356,4,-51.7806245756797,-9769.94971755982,-9750.732726214728,-19.216982245779406,-9769.96858914572,0.018871585898523335
2048,142.60567729561663,0.0,-78.31230832678577,4,-30.646284138161178,-12104.491226134436,-12107.136722266177,2.6454757035940735,-12104.501677102868,0.010450968431541696
2049,-34.41266315496047,0.0,39.28632483316203,4,-57.00815394047909,-8839.405086166564,-8821.16922723938,-18.235864636384434,-8839.422360395394,0.01727422883050167
2050,-7.049999687637415,0.0,63.036840571530135,4,-58.6690443459274,-9293.291369648388,-9276.499756019217,-16.79160704757211,-9293.305350863204,0.013981214815430576
2051,-76.52799457314387,0.0,-37.85149016672819,4,-44.53699190533444,-9140.054770727953,-9120.427468848735,-19.627282722040924,-9140.06363614321,0.008865415256877895
2052,-124.52755747404724,0.0,60.95324366577788,4,-62.91519634565546,-4303.699166956798,-4289.584419705692,-14.114717771194849,-4303.706073188864,0.006906232066285156
2053,-64.44924721363459,0.0,-107.55980803852044,4,-34.64137957496744,-10231.361282081802,-10209.564952783301,-21.796282351406497,-10231.383197842071,0.021915760269621387
2054,145.95008604840112,0.0,96.0571635016554,4,-45.88546640907066,-11851.836151671285,-11674.839368430901,-176.9967852895875,-11851.842044967008,0.0058932957235811045
2055,-86.59854610841808,0.0,16.205549429025176,4,-54.25161764032877,-7615.434131587962,-7597.066700193932,-18.36743257689497,-7615.432009664984,-0.0021219229774942505
2056,24.447370399069914,0.0,116.52841712179946,4,-61.387428071788676,-9798.466748517414,-9783.876466459526,-14.590279436666727,-9798.45260592351,-0.014142593903670786
2057,62.67556905941298,0.0,49.044164558662075,4,-49.385611957274236,-11157.284500167027,-11141.54338274197,-15.74114322006631,-11157.294287339,0.009787171973584918
2058,145.55204679685633,0.0,45.38159167291585,4,-40.845384904496726,-12008.899327882438,-11980.417138889983,-28.482154410832475,-12008.920696136665,0.02136825422712718
2059,-182.60940114759634,0.0,-80.59858180143408,4,-35.5673023165414,-7746.948512765736,-7726.880747251284,-20.067758886774755,-7746.932007233866,-0.01650553187027981
2060,-125.07007140152135,0.0,-56.83611261293646,4,-40.84192045602734,-8386.4516175803,-8366.812812379127,-19.63880463273359,-8386.456416482999,0.004798902698894381
2061,40.14876854544397,0.0,188.12829624957013,4,-90.46322011152846,-91.61793529797964,2990.108472611062,-3081.726398512711,-91.63010890215924,0.012173604179594122
2062,182.44539600483984,0.0,-39.687626029434725,4,-31.566158657719857,-11859.93414352075,-11847.289261942718,-12.644885363398341,-11859.93285150111,-0.0012920196404593298
2063,125.53066259677996,0.0,66.47586385848928,4,-44.547691599106685,-12054.723428269492,-12019.7247911381,-34.9986539779034,-12054.73344750898,0.010019239487519371
2064,118.25305977613489,0.0,121.5814078383514,4,-53.71241988915896,-11876.365778515323,-11556.802617823842,-319.5631545825929,-11876.38128453421,0.015506018888117978
2065,95.90847703804187,0.0,-33.84978018614729,4,-37.22730509248503,-12060.558652814889,-12085.765472717496,25.206836634424185,-12060.49784684616,-0.060805968729255255
2066,142.35481821814335,0.0,76.85963807673905,4,-43.94721130866172,-11979.448613898721,-11897.940209269249,-81.508380199537,-11979.448650791217,3.689249570015818e-5
2067,3.249778509051452,0.0,-132.2472460542959,4,-31.129548457854685,-10971.831160665239,-10949.835735649682,-21.995431777205134,-10971.843150583189,0.011989917949904338
2068,51.605399378170105,0.0,-65.27451638546373,4,-36.650950471345574,-11304.19149641887,-11281.600177903316,-22.591310464509657,-11304.18967915277,-0.0018172661002608947
2069,96.65760273405076,0.0,-25.372591755665898,4,-38.06004166185955,-12061.091626307147,-12086.596149293488,25.504542396010578,-12061.136344080938,0.04471777379148989
2070,-14.753334938096144,0.0,20.48513727637329,4,-52.57336212759616,-9732.4091550406,-9713.408168050206,-19.000975794190552,-9732.400934265592,-0.008220775007430348
2071,-97.11235220862508,0.0,-140.65814521749863,4,-30.82611817601565,-10100.926461634588,-10079.506685483735,-21.41975669215773,-10100.94552680188,0.019065167291046237
2072,-36.436645970056865,0.0,184.61551237676923,4,-127.61342604488924,641.1523289540266,2985.264095561214,-2344.1117222470034,641.1234839633272,0.02884499069944013
2073,-25.320369312845937,0.0,-1.886323072986385,4,-49.43985698258319,-9781.758446427546,-9762.271484814004,-19.48695195728966,-9781.765007217984,0.006560790438015829
2074,-12.09944421106168,0.0,-16.617879845349922,4,-46.445650398660504,-10231.978556156075,-10210.508337669598,-21.470176975185954,-10231.972116950135,-0.0064392059393867385
2075,129.54234200510444,0.0,-51.48858275777616,4,-33.584691309110895,-12123.688465960842,-12130.004432645883,6.315945774114027,-12123.694323014588,0.005857053745785379
2076,147.23007001290895,0.0,37.81260714713961,4,-40.077904380532765,-12005.056990373667,-11981.764527535684,-23.29243192472551,-12005.045724253869,-0.011266119798165164
2077,148.607172226532,0.0,-6.902819069231158,4,-36.28843477607116,-11992.901193975977,-11987.060165484589,-5.841017061540052,-11992.908511598027,0.007317622050322825
2078,109.67405843464262,0.0,24.301436981230072,4,-42.13556355429425,-12074.145477615866,-12083.724829624147,9.579333707983794,-12074.141316457404,-0.004161158462011372
2079,-126.4892254928785,0.0,-129.25703390458006,4,-31.66900858612499,-9578.46121149228,-9558.820328465536,-19.640865191123964,-9578.489684509539,0.02847301725887519
2080,117.56780197647473,0.0,91.63209586094911,4,-48.00288896981107,-12070.89007347127,-11983.575209945735,-87.3148946882345,-12070.883991430725,-0.0060820405451522674
2081,-71.11148231224702,0.0,30.46906666961612,4,-56.90779135544109,-7760.558426952333,-7743.385207007965,-17.173234359085143,-7760.561824022213,0.003397069879611081
2082,-72.23489154336235,0.0,34.837809546781294,4,-57.78480660522994,-7595.166395980851,-7578.334896309404,-16.831511472118095,-7595.174387167034,0.007991186183062382
2083,52.47021650277622,0.0,-9.537019260581518,4,-43.35548561155889,-11165.40455657443,-11155.90384170395,-9.500726805477898,-11165.409563012927,0.005006438495911425
2084,-78.94532601619107,0.0,-50.061019107012434,4,-42.58160456719801,-9293.280445539023,-9273.448299239293,-19.832120996132698,-9293.286681620833,0.00623608181012969
2085,-10.144301010046915,0.0,24.187490172090722,4,-52.86946497796142,-9797.783931410471,-9779.109013690186,-18.67491328776908,-9797.796993264565,0.013061854093393777
2086,-8.762973175742397,0.0,-19.1716917146042,4,-45.90344171087897,-10306.887911657923,-10285.042431778504,-21.845427386105463,-10306.889290538054,0.0013788801315968158
2087,123.85386026445622,0.0,-125.40340248372885,4,-27.72979734152908,-12178.67051623495,-12189.388161223404,10.717652118103802,-12178.676655028783,0.00613879383308813
2088,-15.958749136101519,0.0,-6.793271635432031,4,-48.18788899503542,-10053.935181800332,-10033.859366084256,-20.075824292641556,-10053.955518250657,0.020336450324975885
2089,116.10945628627248,0.0,108.35811912394395,4,-50.74482619622232,-12012.168480258812,-11832.607435040023,-179.56106093552089,-12012.156118025374,-0.012362233437670511
2090,140.52775504830154,0.0,95.71066735195171,4,-46.34339377214956,-11907.176611061606,-11745.32417979954,-161.85241357844015,-11907.188487207002,0.01187614539594506
2091,-23.94561204696456,0.0,-8.809701210252497,4,-48.23417345105451,-9904.317245650704,-9884.824096635648,-19.493159449578286,-9904.31034900163,-0.006896649074406014
2092,69.4554598795339,0.0,-142.270947967161,4,-28.41320736657206,-11483.86512249079,-11470.565421913283,-13.299685747881115,-11483.997919636491,0.1327971457012609
2093,-178.86316643069907,0.0,-83.94023697666454,4,-35.32901433534491,-7895.406651609093,-7875.496236520261,-19.91041281254754,-7895.420221682351,0.013570073258051707
2094,41.76765967658492,0.0,-57.13721999708032,4,-38.12881400093227,-11184.675382678523,-11174.586821809211,-10.088570139096383,-11184.661234840984,-0.014147837538985186
2095,-36.90006189475653,0.0,-13.885460691430827,4,-47.89134754628006,-9680.937008575549,-9661.264180253556,-19.672808880583087,-9680.96199651784,0.024987942291772924
2096,170.2060610749525,0.0,99.13576231737437,4,-44.134483419219414,-11428.198589877786,-11162.78791069458,-265.41070059730805,-11428.194668410793,-0.003921466992323985
2097,40.32900551498641,0.0,48.89895931550992,4,-51.90175685764966,-10616.474402014039,-10592.598477725129,-23.87595653835738,-10616.486548554776,0.012146540737376199
2098,-20.569331879589157,0.0,8.727000325688822,4,-50.97183028101553,-9749.829278293499,-9730.385992700527,-19.443273470019733,-9749.820801266105,-0.008477027393382741
2099,20.110061108314017,0.0,16.825857952054374,4,-49.540748274467795,-10472.381758251195,-10451.346826176037,-21.034944757629646,-10472.393492485517,0.011734234321920667
2100,-133.57874826804564,0.0,-65.58221062616387,4,-39.33164149879803,-8390.858594390436,-8371.288303140784,-19.570287400355436,-8390.847995522125,-0.010598868311717524
2101,-153.65534277489047,0.0,17.667474623168072,4,-52.06784466395739,-5205.078418240959,-5187.487310968723,-17.591140809228175,-5205.07686422795,-0.0015540130088993465
2102,-23.484308594976596,0.0,93.99930739761908,4,-64.62689559833598,-8032.364768418396,-8020.424936048022,-11.939836631944862,-8032.348393174392,-0.01637524400393886
2103,-27.020534072337455,0.0,-0.7142718652418483,4,-49.71245121036514,-9726.234099465571,-9706.6426474507,-19.591436730425013,-9726.246315441762,0.012215976190418587
2104,-108.382055759197,0.0,107.28245067535478,4,-74.59141520886159,-2548.438318488815,-2538.2482220307484,-10.190112526597266,-2548.4448785660716,0.0065600772563811915
2105,-90.63074284014795,0.0,49.84084212432805,4,-61.129281067810005,-6335.321152905812,-6319.414579114852,-15.906593947792379,-6335.314811277566,-0.006341628245536413
2106,74.78818149399133,0.0,66.72467112241308,4,-50.0117682125463,-11117.781432113028,-11079.781810888688,-37.999661001798245,-11117.874351693905,0.09291958087669627
2107,-94.26897834221623,0.0,104.13469417858775,4,-73.16688780187297,-3658.7042033123516,-3647.9200139646496,-10.784204018234101,-3658.7126423728937,0.008439060542059451
2108,-7.562787864754748,0.0,-183.8509575832928,4,-26.596097675352876,-11048.469676263396,-11028.100848011483,-20.36883903495903,-11048.499860558986,0.03018429559051583
2109,-75.35018051274815,0.0,57.26668134765978,4,-62.419715708242414,-6738.776439386988,-6723.264080247,-15.512400118557157,-6738.790120534289,0.013681147300303564
2110,63.041290277057726,0.0,112.11132163263026,4,-56.97380561809894,-11086.273242601119,-11020.684267153782,-65.58900129984006,-11086.277429328344,0.004186727224805509
2111,-71.70695154509929,0.0,34.737172066064204,4,-57.75409238685505,-7617.946499083449,-7601.101376673722,-16.845134734327285,-7617.949948487931,0.003449404481216334
2112,19.938656956021536,0.0,121.6888768990845,4,-62.4337301153152,-9598.844608041734,-9595.617558478632,-3.227036057722667,-9598.866238469269,0.02163042753454647
2113,-35.32383036145406,0.0,-181.51730119119733,4,-27.037429125015525,-10849.692530369244,-10827.397286971496,-22.29523643455621,-10849.703283409157,0.010753039912742679
2114,-83.69343785412221,0.0,-78.20195019780502,4,-38.4219113912316,-9614.126131890425,-9594.545822970744,-19.58028999129813,-9614.138245422653,0.012113532227886026
2115,-148.41856231286053,0.0,20.265476863134136,4,-52.922333456914465,-5267.579912180447,-5250.105234057406,-17.4747077967079,-5267.587384920803,0.0074727403562064865
2116,-126.99451254763189,0.0,-61.54729076526862,4,-40.09805812118394,-8446.58073140403,-8427.033019649036,-19.54770718624434,-8446.608541512305,0.027810108274934464
2117,-51.171087643231374,0.0,115.48098477370843,4,-70.8304756071815,-5863.804045435797,-5860.992731209967,-2.8112734358438654,-5863.81338689935,0.009341463553028007
2118,58.56938813947772,0.0,190.02256667781498,4,-87.31467364386967,811.5651828114155,3848.724168473441,-3037.1589690460905,811.5513911987795,0.013791612636055106
2119,7.574194001364719,0.0,45.920431273680926,4,-54.789542063207904,-9971.47969460941,-9953.344033233689,-18.13567787743708,-9971.480961836542,0.001267227131393156
2120,88.58869902690469,0.0,75.52009728827512,4,-49.033749421423146,-11963.504246113309,-11980.489168658574,16.984916823435068,-11963.505547259278,0.001301145968682249
2121,146.83114704390078,0.0,2.8020573207385637,4,-37.231304027600586,-11995.728385177603,-11988.602559608147,-7.125816929398223,-11995.738997722812,0.010612545209369273
2122,9.093103629293944,0.0,-6.6166821891186,4,-46.87843205368685,-10467.088085989768,-10446.168571208023,-20.919516810150945,-10467.09505248333,0.006966493561776588
2123,-23.76886898013245,0.0,-18.16743113210311,4,-46.70787387103735,-10023.89823425466,-10003.859699861636,-20.038545010946518,-10023.896873994263,-0.0013602603976323735
2124,-141.8922248551599,0.0,87.42581595833668,4,-68.25520040810451,-1900.5960047592362,-1889.0307566838046,-11.565273697290761,-1900.6114641992779,0.015459440041695416
2125,-140.40355997687163,0.0,-107.27642095734673,4,-33.818932134370904,-9049.384436594948,-9029.609740344133,-19.774680687389917,-9049.387694768247,0.0032581732994003687
2126,14.94439315013475,0.0,-80.65522716035166,4,-36.55930035923856,-10889.897971274346,-10866.866386370306,-23.03157672864701,-10889.92063843113,0.022667156783427345
2127,-19.95569802877979,0.0,72.16870493286693,4,-61.22442444991931,-8685.101772399334,-8668.58489299738,-16.516898717203,-8685.087880745672,-0.013891653661630698
2128,8.607585908153418,0.0,21.99220270784644,4,-51.152154826862336,-10253.59515804567,-10232.080436990203,-21.51467675844471,-10253.592048815612,-0.0031092300578166032
2129,-25.618604966915715,0.0,70.25751479029807,4,-61.50223262285548,-8498.59365952255,-8482.650449474244,-15.943227124916769,-8498.605496938024,0.01183741547356476
2130,-111.08857166619107,0.0,-101.40445336375947,4,-35.09515255283875,-9453.013476713586,-9433.400267353802,-19.613178600650745,-9453.011679295563,-0.0017974180227611214
2131,-36.908550936735686,0.0,133.41391721040088,4,-70.88489528947439,-6146.835390890784,-6174.47530412614,27.639949828522624,-6146.866612534607,0.031221643823300838
2132,86.20986801881244,0.0,-44.239277021693184,4,-36.76015176092807,-11957.136782972124,-11985.637694683559,28.500915289309297,-11957.202938677732,0.0661557056082529
2133,51.669183772535014,0.0,90.58820901264372,4,-55.15216261241476,-10643.643432857323,-10614.289705057789,-29.353721209960035,-10643.636775091647,-0.006657765676209237
2134,-178.07444255775695,0.0,70.5930533996538,4,-60.35318338860402,-1411.218957306356,-1396.2220130628739,-14.996930252035574,-1411.222466945669,0.0035096393130515935
2135,68.4284559675816,0.0,-24.35873423099486,4,-40.52010692551552,-11181.94937044178,-11147.26649331841,-34.682887619250344,-11181.939583258156,-0.009787183624212048
2136,-49.0751754966352,0.0,-70.6800789395848,4,-39.35762529047678,-10129.052141133883,-10107.845257131177,-21.206865440419683,-10129.050984487225,-0.0011566466582735302
2137,-27.010057926233728,0.0,-184.84291965670204,4,-26.709997858683746,-10903.864868462188,-10881.2521444048,-22.61271638428032,-10903.884317429747,0.019448967559583252
2138,-111.80117666763263,0.0,-150.00884499541598,4,-29.75556351621549,-10005.017104860539,-9983.984957310991,-21.032145402140472,-10005.028926218338,0.011821357798908139
2139,26.087387762607918,0.0,124.68619010357703,4,-63.10811528773676,-9888.055219390919,-9872.27707875345,-15.778151622725884,-9888.071722073297,0.01650268237790442
2140,-17.178662169699813,0.0,32.85729504556147,4,-54.76547164381102,-9488.92477942373,-9471.641609989978,-17.283150113912882,-9488.93161928955,0.006839865818619728
2141,136.44245982888208,0.0,0.14642076934545165,4,-37.78934938173005,-12001.712991724407,-11998.59414439559,-3.118844485544553,-12001.69292928631,-0.020062438097738777
2142,-66.89418276758202,0.0,35.373170775402734,4,-57.763964611043846,-7780.232374976827,-7763.446686143957,-16.78570765869849,-7780.25470590089,0.022330924063680868
2143,-10.602740326353649,0.0,-17.04950867109829,4,-46.31051335097765,-10260.966230857326,-10239.320249678673,-21.64593284287837,-10260.979489655589,0.01325879826254095
2144,-150.1475487151748,0.0,62.70937586972825,4,-61.62576942958662,-3046.2292029583255,-3031.839213786718,-14.3899988772723,-3046.251993956052,0.022790997726588103
2145,31.519189902623662,0.0,-32.97048351102277,4,-41.87150898371805,-10865.735821643408,-10843.335857115064,-22.39994782608783,-10865.74939025049,0.013568607082561357
2146,-80.21761402418274,0.0,-53.054522691941,4,-42.11405619616373,-9314.211504325878,-9294.376202993653,-19.83527477055937,-9314.222504420564,0.011000094686096418
2147,9.40067531369635,0.0,48.51322905487009,4,-54.99464233147367,-9986.454593986758,-9968.111516740728,-18.343093831025346,-9986.45324690345,-0.0013470833091560053
2148,-32.55396208890906,0.0,-38.171748542865735,4,-43.84752002632351,-10078.721456520921,-10058.121754524558,-20.599704498359554,-10078.73115652374,0.009700002818135545
2149,5.919140533573608,0.0,29.627204984281544,4,-52.50954309936799,-10123.069680695375,-10103.250095486357,-19.81958104306682,-10123.08221826707,0.012537571696157102
2150,-37.263416210619326,0.0,13.1054229104989,4,-52.5542103478996,-9242.252521008448,-9223.680172886317,-18.572343529326144,-9242.256791290814,0.004270282366633182
2151,63.99099186622827,0.0,-50.1651314527445,4,-37.80208134839376,-11216.275657411623,-11178.899981739125,-37.3756796081677,-11216.30634291168,0.030685500056279125
2152,16.681134901688086,0.0,15.35779784793558,4,-49.59341559358019,-10427.830838089261,-10406.525719171936,-21.305108022308872,-10427.835087210844,0.004249121582688531
2153,-37.13824738830344,0.0,-86.48777890258951,4,-37.093604312434486,-10403.32169101331,-10381.871773714998,-21.449887990402157,-10403.34192966359,0.020238650278770365
2154,-185.050077994528,0.0,-51.0997287230082,4,-39.119267053509354,-6916.71441610264,-6896.118995708282,-20.59542021617227,-6916.719148029332,0.00473192669232958
2155,-18.281589744495335,0.0,0.48139354808176854,4,-49.48873750645038,-9912.632115968241,-9893.22327074366,-19.40885725688664,-9912.627403206057,-0.0047127621837717015
2156,-59.89698289346839,0.0,34.7629806940942,4,-57.42598050538026,-8056.886451968839,-8039.995792342967,-16.890676187997716,-8056.884978182759,-0.0014737860792592983
2157,52.53360419053374,0.0,-9.38397677810059,4,-43.36953981903245,-11166.122824749096,-11156.606312948074,-9.516523737167041,-11166.132292385557,0.009467636460612994
2158,-21.349257100797523,0.0,-54.73958981036906,4,-41.10027278390327,-10386.751355868186,-10365.131582899152,-21.619736987170203,-10386.77162383405,0.020267965865059523
2159,-98.90486567410923,0.0,-46.76762461325482,4,-42.945031396036555,-8779.184681869796,-8759.755131305748,-19.429526965914043,-8779.198688021434,0.014006151637659059
2160,189.1141091625545,0.0,-60.949575516412246,4,-29.70200237513267,-11853.350261339307,-11842.016059515878,-11.334206418656493,-11853.345412667704,-0.0048486716023035115
2161,39.548455906709755,0.0,-47.598165528195935,4,-39.456433012905585,-11086.631420247302,-11073.687340222083,-12.944089777968998,-11086.649676145924,0.018255898621646338
2162,-177.51147138245344,0.0,-57.05480296426342,4,-38.72666473360846,-7244.166755289639,-7223.468975997132,-20.697772821339523,-7244.20045001194,0.03369472230133397
2163,-79.18802599782866,0.0,44.99143900019278,4,-60.00523957943727,-6990.924631664811,-6975.507733363252,-15.416929964193463,-6990.93190005683,0.007268392018886516
2164,65.15538140146519,0.0,22.497815165999846,4,-46.18705883981042,-11206.427971340843,-11178.179544597107,-28.248440237664525,-11206.413766282534,-0.01420505830901675
2165,-36.4228903898588,0.0,-146.46833196804477,4,-30.240076395790425,-10734.83382580981,-10713.471390728653,-21.362437145422902,-10734.832499505785,-0.0013263040254969383
2166,59.266960258511276,0.0,-129.31267316243787,4,-29.9218521970169,-11267.698302642048,-11232.487845161593,-35.21044755340576,-11267.711849132686,0.01354649063796387
2167,-75.24927957678167,0.0,-20.50629098184049,4,-47.47500954118931,-8837.720960129598,-8818.34460164668,-19.37634461257635,-8837.736454698312,0.015494568713620538
2168,-135.17458004464532,0.0,18.19944937971168,4,-53.320153356265955,-5816.1355145517455,-5798.650286894861,-17.485252338731254,-5816.125167407897,-0.010347143848775886
2169,-33.93454266680906,0.0,-21.76808266301832,4,-46.49536012353793,-9852.87408419833,-9833.351676012533,-19.52241116286434,-9852.870460528082,-0.0036236702489986783
2170,5.98275019056347,0.0,11.622441945071934,4,-49.782452431913015,-10294.167348790485,-10272.354867185126,-21.812431477108465,-10294.184494373938,0.01714558345338446
2171,-2.481472735624399,0.0,-39.10777142134281,4,-42.70397756553044,-10525.70482489953,-10505.087250011833,-20.617589934609576,-10525.71167250638,0.006847606849987642
2172,-20.718890517326876,0.0,34.60718976477759,4,-55.310014739242924,-9353.793754649252,-9337.040764171863,-16.752981241146134,-9353.803168755783,0.009414106531039579
2173,-91.50442958139062,0.0,-37.026991965909,4,-44.6107860786025,-8759.306134560096,-8739.883352797004,-19.422764561810602,-8759.311915227161,0.005780667064755107
2174,23.556271710474594,0.0,-8.265098819424194,4,-45.71852316883132,-10678.14481012345,-10656.295037322621,-21.849791374392762,-10678.154372047333,0.009561923883666168
2175,29.309117901538063,0.0,4.349210872100298,4,-47.08105538901984,-10679.899909517024,-10657.662107821117,-22.237819635444378,-10679.903034559484,0.003125042459942051
2176,47.0662046529854,0.0,24.06113271702437,4,-48.21544822189108,-10813.017630308283,-10791.404284888513,-21.613315812254374,-10813.032228474327,0.014598166044379468
2177,-35.24465705577265,0.0,113.11319460215907,4,-68.40584189623993,-6904.85819626995,-6904.417180221827,-0.4409852838570012,-6904.8557287456215,-0.002467524328494619
2178,-56.75931544923451,0.0,-19.921503951066565,4,-47.37136063047833,-9304.932613575345,-9285.251502277853,-19.681085843581755,-9304.949681954386,0.017068379040210857
2179,-129.8798579701119,0.0,18.865811463556096,4,-53.72077867507518,-5976.789810314375,-5959.360971883289,-17.428859091130715,-5976.781399595119,-0.008410719256062293
2180,-40.728932457934924,0.0,-38.731800423763964,4,-43.970978997708414,-9926.632047989018,-9906.796652020254,-19.835405861312374,-9926.623241272142,-0.008806716876279097
2181,-110.59021953977154,0.0,-19.73193540415949,4,-47.194093994680756,-7867.31824349623,-7846.655767601183,-20.66247654729609,-7867.329067703205,0.010824206974575645
2182,9.778241583945853,0.0,116.40966618040545,4,-62.579405251605294,-9094.642243381426,-9091.46308596212,-3.1791695670781186,-9094.62611961055,-0.016123770876220078
2183,-14.382864504274446,0.0,93.17783230544993,4,-63.40417947046347,-8464.269589029918,-8453.089214437128,-11.18037565110625,-8464.289775980555,0.02018695063634368
2184,12.21085808760844,0.0,-172.06417980544558,4,-27.26533564120788,-11207.536825816182,-11193.216990179708,-14.319841629858193,-11207.530749913605,-0.006075902576412773
2185,-112.68730391850748,0.0,139.31054512282688,4,-82.88166258368938,-37.55367694736983,-35.61593147468389,-1.9377170974084585,-37.55566972088511,0.0019927735152833748
2186,-136.35874116474074,0.0,52.46214650450123,4,-60.3592023665895,-4207.3237962768535,-4192.535735452274,-14.788090980784082,-4207.342400230977,0.018603954123136646
2187,-132.72354271318076,0.0,48.67737591324211,4,-59.737389392550334,-4556.388262575254,-4540.890224296758,-15.49806078511113,-4556.402676484047,0.014413908793358132
2188,7.050902355593119,0.0,14.530881408707257,4,-50.147621813477826,-10288.53095329262,-10266.7448227745,-21.786080866562703,-10288.538410435149,0.007457142528437544
2189,22.23410572789113,0.0,44.00881210612395,4,-53.11657638913488,-10325.68640948202,-10303.385749371877,-22.300614812199342,-10325.684594530347,-0.001814951672713505
2190,14.631269938370382,0.0,-176.82344927292556,4,-26.82897760088673,-11246.656859451588,-11233.787394414625,-12.869467424882199,-11246.645277461239,-0.011581990349441185
2191,-44.14413644195375,0.0,42.45934920319735,4,-58.13370828075366,-8443.766112935791,-8426.443099559836,-17.32301318081206,-8443.785316874597,0.019203938805731013
2192,-0.8192339965783528,0.0,11.157585874947594,4,-50.164993266043346,-10172.302996213019,-10151.494013544774,-20.808960966033055,-10172.315121039841,0.012124826822400792
2193,155.0351145331108,0.0,116.89997912621133,4,-48.816694210662625,-11384.578596755593,-10965.76554392646,-418.81305127008443,-11384.584426910977,0.005830155383591773
2194,35.162734239030144,0.0,-26.39916037001288,4,-42.51309527748695,-10883.217715404417,-10861.948013975301,-21.269684585871484,-10883.236160025,0.018444620583977667
2195,-25.968479968408854,0.0,-194.18711037988564,4,-25.950736591868615,-10933.599164273635,-10910.909143545767,-22.690018419092482,-10933.577857534787,-0.021306738848579698
2196,35.19126409569114,0.0,-44.77373522585451,4,-40.091896127618575,-10987.99944748453,-10970.61885496315,-17.380589935016467,-10987.998614046292,-0.000833438238259987
2197,-61.65417998873816,0.0,18.957637788793622,4,-54.4509865187846,-8394.240668440232,-8374.792601667443,-19.44805653371799,-8394.25846317252,0.017794732288166415
2198,-110.00595623365822,0.0,108.98058824758192,4,-75.05478466519938,-2337.789260346113,-2326.989021908575,-10.800267088179558,-2337.796636080693,0.0073757345799094765
2199,-43.44956538086917,0.0,-36.44020470933499,4,-44.393885390233514,-9842.48321257318,-9822.885625299437,-19.59758930669481,-9842.506525903951,0.023313330771998153
2200,132.91995936642118,0.0,103.47045208735635,4,-48.26310823111907,-11921.562894543616,-11727.15930549683,-194.4035513082358,-11921.5750038369,0.012109293284083833
2201,99.32891852814363,0.0,13.578136503721463,4,-41.920001703218325,-12061.878562135318,-12086.600648041876,24.722115216183315,-12061.890148760087,0.01158662476882455
2202,-31.21669914556441,0.0,-24.37869440258476,4,-45.98364099076526,-9943.894512698826,-9924.14345346263,-19.751070073207924,-9943.894715602302,0.00020290347674745135
2203,-62.677221840121426,0.0,-7.415214865083684,4,-49.66855477389552,-8914.309734641454,-8895.039131581785,-19.270592423749804,-8914.306378301244,-0.003356340210302733
2204,-150.8082446752159,0.0,87.67862756702635,4,-67.55668915579395,-1424.547721735494,-1413.247382838565,-11.300366769043613,-1424.5501710525334,0.0024493170394634944
2205,17.960747385769547,0.0,-26.12594450764408,4,-43.553606107079354,-10703.766060785723,-10681.881731175183,-21.884344720544128,-10703.780623871226,0.014563085502231843
2206,-3.403469105462297,0.0,84.30925739077928,4,-61.04023335632573,-9070.342321475558,-9055.60164358448,-14.740688641395833,-9070.365038931264,0.02271745570578787
2207,-9.206147241860327,0.0,-24.216711779262482,4,-45.16128804388686,-10337.619470440723,-10315.748460814551,-21.870960982091603,-10337.628845703657,0.009375262934554485
2208,-16.43677355630214,0.0,-58.292328588805226,4,-40.47053866633824,-10469.862603531661,-10448.897867669608,-20.96473182874294,-10469.875809404111,0.013205872450271272
2209,37.02219832295942,0.0,139.70164857668536,4,-68.099160677928,-10508.243098557268,-10379.620562816384,-128.62256441486917,-10508.254361838326,0.011263281057836139
2210,-93.01245127287643,0.0,-137.3375215006183,4,-31.20028189459984,-10122.295300903561,-10100.80058797297,-21.49468787594263,-10122.296296294535,0.0009953909739124356
2211,-0.9587517259916759,0.0,-21.49568336089771,4,-45.209116618135376,-10428.448752391125,-10407.164479979027,-21.284251558641476,-10428.457277545516,0.00852515439146373
2212,195.80055315801238,0.0,39.662635494631594,4,-36.16769794874919,-11555.279611805992,-11493.763674498492,-61.515947157434184,-11555.279449503581,-0.00016230241089942865
2213,42.761020422898625,0.0,-154.89717927385936,4,-28.084221370133395,-11357.0716048513,-11331.10658038542,-25.96501030461432,-11357.021291947252,-0.05031290404804167
2214,76.6589821992963,0.0,-81.89594306629539,4,-33.580758164029625,-11620.791381423718,-11623.403522901674,2.6121388898860616,-11620.819273951169,0.027892527450603666
2215,-159.96791377825036,0.0,-70.14145863571984,4,-37.792222430583145,-7940.558521711821,-7920.569971242716,-19.988547905559074,-7940.552658836351,-0.005862875470484141
2216,135.511136706317,0.0,-40.685643513162965,4,-34.200716323532724,-12098.692062362123,-12101.045663119616,2.3535870514025214,-12098.694801378335,0.0027390162122173933
2217,124.08175463772825,0.0,-80.85445819147431,4,-31.290833686345696,-12126.98449363491,-12136.820399068729,9.835892279606597,-12127.036808216897,0.052314581986138364
2218,-31.629189151789877,0.0,71.91259197298099,4,-62.324938429395345,-8213.166829982223,-8197.381189830363,-15.78566969379514,-8213.176377775044,0.009547792820740142
2219,-7.944375037598303,0.0,137.4652720346084,4,-68.16655326073614,-7837.115319300526,-7904.445652888064,67.3303357381686,-7837.124668896355,0.00934959582900774
2220,-53.21586348586802,0.0,-44.50374457840722,4,-43.300600238648805,-9748.363323902026,-9728.809963334379,-19.553350443709487,-9748.383089929504,0.019766027478908654
2221,27.068254727727382,0.0,-0.5146980536594561,4,-46.566173695787604,-10678.788751106407,-10656.72659316095,-22.062175777468106,-10678.791386595885,0.0026354894780524774
2222,-33.5151361842415,0.0,-82.8429066487956,4,-37.51616477136195,-10421.722713879237,-10400.402555949804,-21.320134147589314,-10421.733714992513,0.011001113276506658
2223,-90.0306537215257,0.0,-156.11527455136925,4,-29.346380699074334,-10288.797627617701,-10266.92302914336,-21.874547126222314,-10288.835796612599,0.038168994897205266
2224,-8.893794691404123,0.0,-152.2973834342779,4,-29.387368689266353,-10934.00730493971,-10911.206449447927,-22.80085376982699,-10934.036180803168,0.028875863457869855
2225,29.80635696815204,0.0,21.401286027546774,4,-49.37422790936426,-10601.039379510317,-10579.201690348113,-21.837720166501803,-10601.046761929447,0.007382419129498885
2226,42.694631661392144,0.0,48.12315885273202,4,-51.572188458361786,-10650.342572536609,-10625.871173885898,-24.471414803264988,-10650.33624205772,-0.006330478889140068
2227,-121.22313673495277,0.0,51.71965736478441,4,-60.97675178215087,-4908.020430195749,-4892.751303583988,-15.269160588117224,-4908.025700908708,0.005270712958918011
2228,-80.31259117789793,0.0,90.08548735293307,4,-69.44431756518566,-5177.780461531206,-5165.620220327627,-12.160235317125679,-5177.807107456779,0.026645925572665874
2229,-27.67744176275188,0.0,10.738313882396024,4,-51.679427283827536,-9544.988181754225,-9525.533054939542,-19.455098401566506,-9544.987821554709,-0.00036019951585331
2230,-93.56521883044405,0.0,68.12672721912091,4,-65.10282252379778,-5459.404318209008,-5445.548665841567,-13.855638792771952,-5459.418869986999,0.014551777991073322
2231,-24.780588250080008,0.0,16.865695017514202,4,-52.56802403696863,-9527.054451253562,-9507.985814235959,-19.068611927486717,-9527.050277907034,-0.004173346527750255
2232,5.132055440290478,0.0,-28.62706246595144,4,-43.86702936020684,-10561.111844118479,-10540.542888668071,-20.56897353643161,-10561.113353865767,0.0015097472878551343
2233,31.440388680369306,0.0,4.9518409656866815,4,-47.01127551211507,-10698.735164228228,-10676.160036200623,-22.57514213132855,-10698.744875684077,0.009711455848446349
2234,19.53900883332439,0.0,-56.90546706577009,4,-39.35504509923656,-10840.058658363943,-10816.915372763113,-23.14327237079297,-10840.066907179404,0.008248815460319747
2235,107.81820972956017,0.0,96.87640337943043,4,-49.67022377170443,-12104.079520864434,-12018.40940604694,-85.67016135510781,-12104.071893168802,-0.007627695631526876
2236,-35.398896074050896,0.0,-116.5873512848278,4,-33.412524248814144,-10602.682222921689,-10582.111579114155,-20.570659838783147,-10602.705115475408,0.022892553719429998
2237,8.55588594705353,0.0,27.039382835509127,4,-51.90834765109132,-10206.942461455334,-10185.975775666277,-20.966651810125136,-10206.94324940333,0.0007879479962866753
2238,-0.23090754437126076,0.0,44.39142179707139,4,-55.26056565407136,-9786.431177856695,-9768.459918986026,-17.971255537165558,-9786.445763448486,0.014585591790819308
2239,-64.63597802207106,0.0,84.62549580345039,4,-67.30708871273556,-6264.294158511768,-6250.946588428474,-13.347565534930284,-6264.285822997236,-0.008335514531609078
2240,-44.00830387010492,0.0,-92.25547292834369,4,-36.431225129290546,-10362.567149896875,-10340.870789404762,-21.696319106733217,-10362.601118468108,0.033968571233344846
2241,-43.6525777850611,0.0,-165.88089308240149,4,-28.44208542019661,-10752.961262892044,-10731.481403232707,-21.479860071173555,-10752.976768262928,0.015505370884056902
2242,14.779884551517634,0.0,108.59589302499208,4,-61.18063225227532,-9428.990088539213,-9418.41687767676,-10.573204517511178,-9428.998728770352,0.008640231138997478
2243,147.92838592634146,0.0,-82.19020658304215,4,-30.103294229616584,-12045.28194085572,-12046.376843220563,1.0948938596452809,-12045.28054070173,-0.0014001539911987493
2244,-15.118224813336184,0.0,-3.5389834476063213,4,-48.670523994118994,-10033.44755867452,-10013.536340290633,-19.911229573353296,-10033.443868651806,-0.003690022713271901
2245,7.704598825915995,0.0,42.78268797940536,4,-54.3154730263011,-10014.978012726386,-9996.638734256114,-18.33929457766258,-10014.96520794057,-0.012804785816115327
2246,-121.29078455640682,0.0,-78.78318068127602,4,-37.821478628806126,-8910.949495279494,-8891.305693998533,-19.643776205898863,-8910.94625365193,-0.0032416275644209236
2247,-148.93448343147895,0.0,61.949385273523376,4,-61.555322359811605,-3143.6578332462345,-3129.249590424828,-14.4082536455421,-3143.662524211127,0.004690964892688498
2248,-76.71657442515881,0.0,72.98100729460126,4,-65.69243210555034,-6097.002171384902,-6083.052437000743,-13.949759422255955,-6097.009460411152,0.007289026249964081
2249,-77.21747554732526,0.0,152.3514315953382,4,-78.73520983323914,-2272.8126668529235,-2301.273994398094,28.461409691933323,-2272.829569267927,0.01690241500364209
2250,21.02607720763796,0.0,-45.63280084983638,4,-40.76098870150778,-10809.16778286619,-10786.120029171077,-23.047744206166012,-10809.181217640471,0.013434774280540296
2251,-23.181365003957183,0.0,-164.07885740168086,4,-28.468494260708137,-10872.945043194526,-10850.424989230398,-22.520044406158615,-10872.956478783904,0.011435589378379518
2252,104.44652521462403,0.0,-78.26921087852264,4,-32.42396105874834,-12115.239071008622,-12134.64729059794,19.408217864010716,-12115.26622715165,0.027156143027241342
2253,-69.31301749026312,0.0,-126.3925220747216,4,-32.474390184491746,-10307.535261385872,-10285.682995339195,-21.852215450111412,-10307.548385223276,0.013123837403327343
2254,3.2524863688278747,0.0,-187.14426491389352,4,-26.18278207119337,-11163.882505671087,-11147.313817001397,-16.56869946494406,-11163.878754051413,-0.003751619673494133
2255,53.35194449097578,0.0,47.309867425087035,4,-50.333769369477885,-10843.5963129786,-10823.640369567005,-19.955914984787327,-10843.608937351552,0.012624372951904661
2256,69.88904435708041,0.0,62.879619537476295,4,-50.09278336350641,-11147.002108223323,-11106.350504293168,-40.651633477583914,-11147.033214341864,0.031106118540265015
2257,-44.59150686448359,0.0,32.8791830409848,4,-56.4081932662329,-8642.514843412599,-8624.046036083813,-18.468812043086736,-8642.509787106696,-0.005056305903053726
2258,92.24993696384936,0.0,0.9392810459995969,4,-41.15914188311109,-12015.367049204953,-12045.036606160618,29.66957197155046,-12015.374558861362,0.007509656408728915
2259,-157.84461097967593,0.0,105.22250297485743,4,-71.66999380561025,280.2530853078285,291.80629828464873,-11.55325013656913,280.24993414545764,0.0031511623708411207
2260,-49.553722768360984,0.0,-23.62414041274858,4,-46.60753250000451,-9533.82070965328,-9513.988095173134,-19.832583134357023,-9533.830548193248,0.009838539966949611
2261,151.2358108928013,0.0,-129.05793088650998,4,-26.533909962030645,-12131.494635740224,-12134.308959589593,2.814289489536345,-12131.514806523233,0.020170783009234583
2262,-73.37615661325212,0.0,16.870054954281397,4,-54.287034266794365,-8055.47866639341,-8036.567044974532,-18.911624942125048,-8055.477524010708,-0.0011423827018006705
2263,-124.86913052724205,0.0,-45.005985625494866,4,-42.640919293341724,-8121.009963726613,-8100.928301082267,-20.081660077465255,-8120.995070318405,-0.014893408208081382
2264,-26.083916228228993,0.0,183.3079476364003,4,-94.5608158916849,-8877.648036623317,-6425.74487653034,-2451.9031287017606,-8877.643552870268,-0.004483753049498773
2265,66.37404966418714,0.0,38.585401255523,4,-47.88481091106755,-11192.85423786672,-11163.4684683484,-29.38579343566209,-11192.86648307875,0.012245212028574315
2266,133.16040087276744,0.0,130.18413093398757,4,-54.760578137136854,-11578.574258471777,-11035.443677535692,-543.1306121612822,-11578.585347100412,0.01108862863475224
2267,-136.38729392517024,0.0,24.13043127688795,4,-54.426074102381286,-5525.344305004692,-5508.079186473792,-17.265142848939572,-5525.345566240214,0.0012612355221790494
2268,31.929106461377508,0.0,49.4269460869929,4,-52.8492397468681,-10464.650095200765,-10442.636101093354,-22.014018372523335,-10464.647891902803,-0.002203297961386852
2269,-84.3955931997268,0.0,115.78443312040645,4,-74.85948039365361,-3668.953702300826,-3661.126274069412,-7.8274154353813605,-3668.979989034978,0.026286734152108693
2270,-105.34450891015354,0.0,50.11659010731929,4,-61.075844996911464,-5683.616285057156,-5667.52259841411,-16.09370411960344,-5683.634325558824,0.01804050166720117
2271,28.722606598075327,0.0,-7.465084187998112,4,-45.499735817014795,-10725.105050791028,-10702.46772468135,-22.637333530903895,-10725.093958176725,-0.011092614302469883
2272,-101.01760819193703,0.0,42.58566106238225,4,-59.54901033162302,-6165.766337232297,-6149.561429947907,-16.204910773539666,-6165.77710425526,0.010767022963591444
2273,119.23966403331782,0.0,133.62923343068888,4,-57.45395305128428,-11790.821357557606,-11266.97174401065,-523.8495999608544,-11790.837733219858,0.016375662251448375
2274,115.58620168683116,0.0,109.57954674190348,4,-51.04033861409632,-12006.744011453591,-11819.408878373782,-187.3351507689753,-12006.760971218595,0.01695976500377583
2275,118.27927279000339,0.0,77.81573401653101,4,-46.349987847551425,-12106.39835647101,-12060.157856910351,-46.24054673940933,-12106.426834452508,0.028477981497417204
2276,-16.85107614770264,0.0,125.56568034888149,4,-67.33505179706731,-7587.823939365734,-7610.018079475818,22.194164639641254,-7587.804679090491,-0.019260275243141223
2277,-22.314808244713433,0.0,-187.6468430683509,4,-26.44484281341987,-10939.831686446854,-10917.119628419028,-22.712056955046744,-10939.831029025883,-0.0006574209710379364
2278,13.184401631025807,0.0,3.0476599173115284,4,-48.044495256444876,-10460.223490447248,-10439.252400195859,-20.971092100236074,-10460.230991642133,0.007501194884753204
2279,-65.20372565496773,0.0,-46.93628673614742,4,-43.04254256976354,-9535.669340258066,-9515.942470103912,-19.726839860428147,-9535.681376077313,0.012035819247103063
2280,-162.11175132944666,0.0,-73.01072476861879,4,-37.33697644588485,-7964.663687690276,-7944.7264003691,-19.937284852968027,-7964.643908631634,-0.019779058641688607
2281,5.973624042455486,0.0,53.22242714039423,4,-55.999040064696906,-9833.089534756624,-9814.740558295742,-18.348977451908947,-9833.108562770483,0.01902801385949715
2282,96.41166805735006,0.0,34.93651429715493,4,-44.32595228375528,-12042.876212403611,-12068.053848075077,25.177666647499134,-12042.903376045984,0.027163642373125185
2283,86.11040914702743,0.0,29.867370153723346,4,-44.790991824127836,-11857.992573914007,-11891.943555493403,33.9509669219844,-11858.033103576665,0.04052966265771829
2284,-33.620452419424204,0.0,38.51240483413664,4,-56.829300901940606,-8878.608420130053,-8860.510467078795,-18.09795720819275,-8878.60004217102,-0.008377959033168736
2285,-118.72089795718338,0.0,71.10132150076824,4,-65.5439582508359,-4049.9214109756026,-4036.608473282857,-13.312968024153514,-4049.920490559239,-0.0009204163634422002
2286,-1.5227506003026332,0.0,-122.0095564586214,4,-32.29663900101026,-10895.362565600952,-10872.445630151971,-22.916925883236466,-10895.368195990346,0.0056303893943550065
2287,-93.15364462855919,0.0,-106.6265033737813,4,-34.66493333896029,-9813.444767460776,-9793.425577525015,-20.019192895156888,-9813.455115053512,0.010347592735342914
2288,35.203633364756065,0.0,-22.386246396654947,4,-43.047163521225485,-10863.111297466989,-10841.209767733795,-21.90151024548382,-10863.121044203604,0.00974673661585257
2289,-99.49634595414953,0.0,53.48809009888204,4,-61.879560105815536,-5804.829601560011,-5788.994754892837,-15.834880734918405,-5804.845736867149,0.01613530713802902
2290,-56.23496068945389,0.0,-59.50798539362453,4,-41.0518010944904,-9881.85168919488,-9861.973156111317,-19.87854103916094,-9881.857329623403,0.005640428522383445
2291,-155.61824455196825,0.0,-76.45334533068963,4,-37.137405694477444,-8173.5304068978385,-8153.8379798396145,-19.69242517771299,-8173.533669182144,0.003262284305492358
2292,81.48093428600978,0.0,-120.8194099314581,4,-29.684051659816173,-11850.93563472045,-11861.91753439787,10.981905987352045,-11850.849962168742,-0.08567255170783028
2293,2.9822246856505576,0.0,-35.279347131698266,4,-43.01155537796326,-10575.224677855358,-10554.64753413128,-20.577161913182266,-10575.221381549083,-0.0032963062749331584
2294,9.990519023378038,0.0,62.90075602913316,4,-56.919644813965775,-9820.233612723869,-9801.828708024592,-18.404905468409325,-9820.243439566895,0.009826843026530696
2295,134.83100515089075,0.0,-118.4560757810414,4,-27.86646468594216,-12139.90225158344,-12147.102777370366,7.2005129738888884,-12139.924275778505,0.02202419506465958
2296,23.287575849450874,0.0,76.25467921571027,4,-56.99712216392962,-10073.088141272445,-10053.640319082573,-19.44783178992644,-10073.095547638335,0.007406365890346933
2297,74.6564483812389,0.0,3.718842717107695,4,-43.26901808573458,-11248.071545481685,-11230.897308889345,-17.174264189229106,-11248.098085698739,0.026540217053479864
2298,-0.38130269925511245,0.0,86.83972702080463,4,-60.97615294603556,-9136.463643132713,-9122.7663258308,-13.697329570998397,-9136.467878432213,0.004235299500578549
2299,57.01614417250806,0.0,-36.73473439220605,4,-39.688966552660176,-11274.913785376693,-11250.002778007758,-24.911002051596572,-11274.895108512539,-0.01867686415425851
2300,3.8198792768203993,0.0,-12.877950447396781,4,-46.24837123683532,-10435.370278980017,-10414.166327294837,-21.20393521948209,-10435.379389394606,0.009110414588576532
2301,-36.07606650517948,0.0,-0.8914925002897861,4,-50.06152456295463,-9510.476359259139,-9490.747047688634,-19.72927918247421,-9510.47953225971,0.0031730005703138886
2302,-14.873544834435586,0.0,-111.65903456385492,4,-33.675202354582346,-10769.435483600688,-10747.572881644988,-21.862602064905463,-10769.443696218106,0.008212617418394075
2303,181.63563551071164,0.0,-83.52899482942397,4,-28.49428825934925,-11897.124700645127,-11890.180630961047,-6.944048124098469,-11897.141599386032,0.016898740905162413
2304,76.493601307802,0.0,130.08173019567838,4,-60.069971316973174,-11920.394733714898,-11743.101331010605,-177.2934423070137,-11920.336367507605,-0.058366207293147454
2305,-27.838101084465738,0.0,37.80298463293771,4,-56.3509140157047,-9071.826972830675,-9054.569670717576,-17.25730094782015,-9071.844261197106,0.017288366430875612
2306,111.06284350232413,0.0,-38.33090688542764,4,-35.850094927484896,-12116.422947796915,-12132.090389319288,15.667435820313125,-12116.427915718898,0.004967921982824919
2307,-52.305015345068085,0.0,12.19736127201007,4,-52.972740885173316,-8818.423126933594,-8799.170103006167,-19.253033747927894,-8818.431353453805,0.008226520210882882
2308,-7.709285977118346,0.0,-7.266629775291799,4,-47.68757210246575,-10222.699366849303,-10201.332295288494,-21.367032836872674,-10222.694260721222,-0.005106128081024508
2309,-58.77147395073977,0.0,37.82944826698324,4,-57.97366585717841,-8016.898341506808,-8000.277263969481,-16.621098941099643,-8016.909345160477,0.011003653668922198
2310,64.75843621112243,0.0,-110.15019851340035,4,-31.490748118734526,-11299.693417144415,-11273.309558412862,-26.38385558584902,-11299.81254052017,0.11912337575449783
2311,40.571754840270394,0.0,-141.58611320969345,4,-29.285224689746407,-11352.184018114947,-11329.891580521113,-22.29242337920156,-11352.163616601016,-0.0204015139315743
2312,-91.43740318217527,0.0,36.72634718056606,4,-58.39868207277538,-6773.060036445271,-6757.0410785979075,-16.018989286336716,-6773.0826775793685,0.02264113409728452
2313,-142.69087569114765,0.0,-85.78273541096172,4,-36.3592523234148,-8625.048161933062,-8605.553200258762,-19.49493857648508,-8625.05732881994,0.009166886877210345
2314,-53.553183501615486,0.0,3.98426942967085,4,-51.52216218478487,-8944.99954793983,-8925.873485055421,-19.126059075052105,-8944.988684490878,-0.010863448951567989
2315,-45.089998702440894,0.0,-44.19894899659595,4,-43.211639451946624,-9907.49125882257,-9887.668704268344,-19.822563896703606,-9907.489528694608,-0.0017301279622188304
2316,142.26144418380102,0.0,25.38760775799459,4,-39.48201307105172,-12001.446804235871,-11989.344906884518,-12.101894738863663,-12001.440447861874,-0.006356373996823095
2317,-45.28684415254894,0.0,82.57301269365244,4,-65.3423601244241,-7300.226269628642,-7285.312422979098,-14.913857534124086,-7300.204712785342,-0.021556843299549655
2318,-42.460927507477074,0.0,43.41433924091148,4,-58.21009473456444,-8482.46424216871,-8465.035003701727,-17.429238422335107,-8482.45928272199,-0.0049594467200222425
2319,-162.13761238230057,0.0,-79.47576108058091,4,-36.51713003756911,-8112.464430935571,-8092.734616198759,-19.729812876366967,-8112.460726273396,-0.003704662174641271
2320,-115.12285014022828,0.0,-10.978701352438165,4,-48.621400109480625,-7496.429076224491,-7476.381951876048,-20.047124320984192,-7496.428251523216,-0.0008247012747233384
2321,24.735068675654794,0.0,-19.459170847804398,4,-44.09909390502711,-10737.946023153345,-10715.376150000564,-22.569879277680464,-10737.943823378284,-0.0021997750609443756
2322,15.833167200760514,0.0,-16.783738657134613,4,-44.986515352365124,-10632.577234106866,-10611.48599317611,-21.09126376339907,-10632.589189908971,0.011955802105148905
2323,22.243206920281807,0.0,47.05588059093506,4,-53.521035863894134,-10304.033468602674,-10281.839136751827,-22.19428390243033,-10304.03535545683,0.0018868541556003038
2324,-2.8294354112003735,0.0,105.99436611627075,4,-63.2880364341512,-8716.59542033046,-8710.741047780728,-5.854391136017104,-8716.586479030011,-0.008941300447986578
2325,-116.85374668319518,0.0,85.95815400017413,4,-69.0902217137598,-3352.1647675905783,-3339.008473211052,-13.156316655328204,-3352.1629311426896,-0.0018364478887633595
2326,-25.628318562563937,0.0,44.41928126777242,4,-57.322170253692875,-9019.4330036971,-9001.625086533895,-17.80791714757146,-9019.444341363323,0.011337666222971166
2327,77.61342677746309,0.0,64.3995633505703,4,-49.419288450392294,-11258.754800681327,-11242.40392110414,-16.35091905967436,-11258.741727605096,-0.013073076230284641
2328,30.16475065686631,0.0,37.62184344011443,4,-51.510123763590116,-10510.648338345605,-10488.542852479099,-22.105514149608105,-10510.65524378211,0.006905436504894169
2329,-49.24119637238124,0.0,85.03143864710937,4,-66.09215889754718,-7038.403190296554,-7023.138563685762,-15.264656951481122,-7038.41338987317,0.010199576615377737
2330,-60.64824463296966,0.0,28.65128966634901,4,-56.27093451258571,-8190.835750434448,-8172.989641821052,-17.846109074747297,-8190.8465849813465,0.010834546898877306
2331,-67.03131408045407,0.0,-16.756453768901288,4,-48.07125449504188,-8981.36202162256,-8962.082685095102,-19.279319725491977,-8981.364305891078,0.002284268517541932
2332,-108.66903953780847,0.0,116.59221784759623,4,-76.91163874305357,-1936.5392834938025,-1926.74174050159,-9.797580450737783,-1936.5358269323763,-0.0034565614262191957
2333,-45.90023575304906,0.0,92.256544082187,4,-66.9157525064611,-6979.358130320582,-6965.356405841578,-14.00174312110875,-6979.385774922985,0.02764460240268818
2334,-46.17725583183012,0.0,19.373953720514823,4,-54.05789270239163,-8859.195854500633,-8840.361603041007,-18.834260367449794,-8859.2080015861,0.0121470854664949
2335,98.05894912076938,0.0,35.34764026466725,4,-44.21763637142208,-12052.63670427475,-12075.835153104143,23.19848147832702,-12052.636381937264,-0.00032233748606813606
2336,-3.5220142033057544,0.0,184.14388180820245,4,-94.57877227053785,-8363.243782851256,-6081.101956623965,-2282.1418106253004,-8363.193433459619,-0.0503493916367006
2337,152.60582376246114,0.0,-85.05961828455841,4,-29.678292959649994,-11996.513418525634,-11996.974539819294,0.4611252731045621,-11996.522450365204,0.009031839570525335
2338,-88.28241810309962,0.0,53.456252796381214,4,-61.87293959155712,-6304.249312451474,-6288.399093334237,-15.850250357028314,-6304.256284713763,0.006972262289309583
2339,-70.60434097001088,0.0,90.43416253354678,4,-68.83944234205563,-5715.477573378393,-5702.859463178642,-12.618098125267581,-5715.469045871191,-0.008527507201506523
2340,-40.562540539498315,0.0,-47.01099307722073,4,-42.6873370513106,-10027.668496755254,-10007.277557541856,-20.390948050334135,-10027.669455979025,0.0009592237711331109
2341,93.58355676662691,0.0,-117.48698327184223,4,-29.44251574307473,-12091.19979284738,-12110.396917728565,19.19712015470014,-12091.091088073714,-0.10870477366552223
2342,66.34427091082485,0.0,105.76175819856424,4,-55.48000743913217,-11114.97427267577,-11048.959042585715,-66.01526885648815,-11114.955761447663,-0.018511228106945055
2343,-17.774748073235017,0.0,-95.59917756195982,4,-35.61237935498504,-10676.831477939882,-10655.846166202145,-20.985322821826642,-10676.855018740254,0.02354080037184758
2344,-53.32749570331812,0.0,-50.92601015490837,4,-42.30975717921298,-9830.102064834171,-9810.430455115538,-19.671610954447544,-9830.098362775434,-0.003702058736962499
2345,-3.984105457369385,0.0,51.494779994017385,4,-56.667592650130324,-9580.788572032607,-9562.546485636063,-18.242059036920782,-9580.796343961616,0.0077719290093227755
2346,99.72553676664553,0.0,81.80167668848664,4,-48.573017884242915,-12048.201388134928,-12029.101434886456,-19.099950041742915,-12048.221494074529,0.020105939600398415
2347,-46.227490500948385,0.0,12.869675609697065,4,-52.88962058549629,-8984.058089984019,-8965.291470319724,-18.76662036531412,-8984.06006684071,0.0019768566908169305
2348,-61.6009277052455,0.0,51.88722723075427,4,-60.81466351195558,-7509.18219139707,-7493.800001657358,-15.382206703410414,-7509.169980956814,-0.012210440256239963
2349,-14.76357187605539,0.0,-18.352592669478923,4,-46.29524262550051,-10201.423285247993,-10180.148721411855,-21.274529151127613,-10201.42499147466,0.0017062266670109238
2350,-51.09938900909297,0.0,-105.29044647733456,4,-34.872655873587576,-10366.72521534902,-10345.072677752476,-21.652498076394956,-10366.733716828365,0.008501479343976825
2351,25.97634083967727,0.0,147.88439930495355,4,-71.45257717855247,-10224.621171740264,-10131.98427304026,-92.63683855362729,-10224.621480229274,0.00030848901042190846
2352,-148.32633146507933,0.0,-89.84357659509858,4,-35.6869246451778,-8597.613266691744,-8578.118165823722,-19.49507888047823,-8597.639268349365,0.026001657621236518
2353,-37.62675110938243,0.0,14.960626002429645,4,-52.90000518455757,-9197.611297655178,-9179.204280102034,-18.407018220548863,-9197.607269331445,-0.004028323732200079
2354,37.86050614859497,0.0,67.77693625278653,4,-54.31054540085418,-10478.97987807717,-10456.638981254433,-22.340927295524043,-10478.9810782128,0.0012001356299151666
2355,-100.4769603880521,0.0,10.112829701342358,4,-52.93704296382969,-7320.651151644952,-7301.988463212163,-18.66267985444323,-7320.662588406594,0.011436761642471538
2356,-14.650786896265483,0.0,-5.171715855108125,4,-48.382988095879085,-10062.80569988928,-10042.693589984578,-20.11211744021977,-10062.82131326052,0.015613371238941909
2357,138.2246448698003,0.0,-143.03360017959793,4,-26.016097079953532,-12150.95917693101,-12157.804054673772,6.8448726497062315,-12150.877663139821,-0.08151379118862678
2358,-40.549397813701,0.0,-52.35750464498362,4,-41.880321742343284,-10086.246473482775,-10065.449630807965,-20.796841089540223,-10086.263822333218,0.017348850442431285
2359,-70.40833769806184,0.0,92.47650765639384,4,-69.22582826483557,-5638.779034300603,-5626.680124693306,-12.098892735635731,-5638.792156193331,0.013121892728122475
2360,-61.309883475555075,0.0,-93.72011879714628,4,-36.35279646372679,-10159.5131306393,-10138.023167864856,-21.489931611707238,-10159.539704416413,0.026573777113299002
2361,106.83018428052564,0.0,32.69757136672447,4,-43.17956262667616,-12069.313470978359,-12080.086581115935,10.773103736635086,-12069.324388984904,0.010918006544670789
2362,56.64890467350687,0.0,-159.25902305303958,4,-27.44391504181047,-11285.328123230567,-11249.645518591535,-35.68258816251883,-11285.250006816692,-0.07811641387525015
2363,-83.97810580391686,0.0,-150.63305774538298,4,-29.90864192099875,-10312.824952004477,-10290.993413498793,-21.83148920719508,-10312.83057584332,0.0056238388424389996
2364,-64.05193215498495,0.0,151.48822130594095,4,-76.73570796874087,-3412.746322365924,-3459.471340731943,46.72502826261474,-3412.7559961455786,0.009673779654804093
2365,-55.23421430206169,0.0,34.17737574944088,4,-57.13015334726007,-8243.929669472234,-8226.619934905404,-17.309735434786226,-8243.947241024582,0.01757155234736274
2366,-12.44441472038091,0.0,-103.98439027747838,4,-34.51057820203408,-10759.974473865286,-10738.173624127905,-21.800851540855593,-10759.972829930653,-0.0016439346327388193
2367,-92.88475514637905,0.0,-21.238930566037098,4,-47.27240191906311,-8383.275691149833,-8363.199274462784,-20.076419791285446,-8383.272558224036,-0.0031329257963079726
2368,139.00043796885797,0.0,-116.60960341408438,4,-27.849567842284877,-12138.784381362548,-12144.593413807284,5.809014367146336,-12138.777814632738,-0.006566729809492244
2369,115.55961228418006,0.0,-124.37076331456646,4,-28.095426585978668,-12183.286155722966,-12197.593885197059,14.307732553017008,-12183.292045278107,0.005889555141038727
2370,86.23088961950211,0.0,-29.33805987625944,4,-38.351558836481026,-11938.134488733353,-11968.287513671614,30.153023458482412,-11938.185321951512,0.050833218159823446
2371,54.54064567509121,0.0,154.82864957147717,4,-78.29888426040984,-12063.649195391363,-11543.92118882835,-519.7280145962673,-12063.668182220857,0.018986829494679114
2372,-165.58381330025378,0.0,-84.59578008464224,4,-35.76010845588791,-8160.086859080122,-8140.439762381032,-19.647093907523708,-8160.0889970047165,0.002137924594535434
2373,7.087011714805974,0.0,-167.29883867557137,4,-27.760764276285315,-11141.919894548948,-11125.045880583779,-16.874026415848718,-11141.94002795663,0.020133407682806137
2374,-13.549151968835789,0.0,-33.29441379973274,4,-43.973469383077884,-10342.56832848797,-10320.71064118594,-21.857639686992233,-10342.596847868841,0.02851938087042072
2375,-104.55173580488007,0.0,-20.878475529571162,4,-47.13974181520252,-8060.315578156058,-8039.77617904315,-20.539392854543582,-8060.306721289511,-0.008856866546921083
2376,-55.76726720492246,0.0,-45.23818303738526,4,-43.21992092573718,-9706.202955567853,-9686.64276299989,-19.560178367964763,-9706.197186817633,-0.00576875021943124
2377,141.22696589320392,0.0,-79.06366631058091,4,-30.648068717683376,-12119.225238829078,-12122.508113650614,3.2828510500434747,-12119.161252449934,-0.06398637914389838
2378,-22.192878631251148,0.0,-114.24908976029455,4,-33.49953606867351,-10721.10815684484,-10699.77198315204,-21.336177664358853,-10721.107762380258,-0.0003944645832234528
2379,105.78970338493681,0.0,7.56214528145455,4,-40.802718086053666,-12073.358675310345,-12091.022732934098,17.664068549985437,-12073.356715335523,-0.0019599748211476253
2380,-2.130090675300642,0.0,53.6992733840001,4,-56.82679838402793,-9602.022321870285,-9583.692921572198,-18.329372014806367,-9602.02530143845,0.0029795681657560635
2381,-78.1606327404104,0.0,-0.8488816003043741,4,-50.98961068565668,-8336.627744159292,-8316.204813744085,-20.42292548113442,-8336.609125587782,-0.01861857151016011
2382,-76.95175516380628,0.0,-23.417035774276723,4,-46.97391060598812,-8852.05198502364,-8832.686495466723,-19.36547283700297,-8852.052000734773,1.571113352838438e-5
2383,-48.71242241598409,0.0,-55.00647049238476,4,-41.62742221388354,-9968.176482361028,-9948.00196857328,-20.17452391083882,-9968.18416308726,0.007680726232138113
2384,-9.353886514518466,0.0,-112.1185137893205,4,-33.526717917110446,-10809.666859664927,-10787.37731200034,-22.289544893014348,-10809.671802190713,0.004942525785736507
2385,38.50025976794237,0.0,-49.53040945042485,4,-39.278276442046675,-11076.801792067452,-11063.272038965764,-13.52976168452236,-11076.812100283483,0.010308216031262418
2386,82.00308849691142,0.0,-52.351115953487266,4,-36.23638500970931,-11794.993771931346,-11814.880827420984,19.88705034612991,-11794.937648036994,-0.056123894351912895
2387,69.41002049340486,0.0,103.39848282477273,4,-54.81069897637848,-11080.125303822688,-11001.606805259162,-78.51853434050054,-11080.090480757955,-0.034823064732336206
2388,-78.98403951338776,0.0,7.5780081310763165,4,-52.55508810951639,-8111.91203730597,-8092.003732162086,-19.908303015876285,-8111.896116292969,-0.01592101300138893
2389,88.44019435531244,0.0,130.10523416589234,4,-59.02241935340521,-12016.318831299095,-11751.461492208351,-264.85735407928615,-12016.349305960057,0.030474660961772315
2390,-62.4294009305061,0.0,116.1906048382192,4,-72.33489903418946,-5133.519074335527,-5126.760242369521,-6.758790171364337,-5133.515322296851,-0.0037520386758842506
2391,-16.170811402714236,0.0,17.473876346450815,4,-52.167574035329636,-9738.013038833065,-9718.849819224757,-19.16320824940334,-9738.006516938563,-0.006521894501929637
2392,-146.50339768893284,0.0,-14.746587525281488,4,-46.6834718145149,-6693.566246201108,-6674.038155506701,-19.52808608812415,-6693.576453983361,0.010207782253019104
2393,-126.58773531263613,0.0,127.56519506606078,4,-80.41626009197778,105.82639805065334,114.15422159201705,-8.32778443172057,105.82366029544384,0.0027377552094947077
2394,-15.786112341839518,0.0,-61.78269025974586,4,-39.96823710914087,-10500.483276699066,-10479.722881665353,-20.76040284984057,-10500.479708927227,-0.003567771838788758
2395,-81.89241186060721,0.0,179.07281434660086,2,-32.40429945059948,5466.504606938677,4382.5509737683715,1083.9536414599831,5466.493544104375,0.011062834301810653
2396,58.68666384487486,0.0,53.955646788800955,4,-50.418066820797414,-10993.414782498623,-10979.285749429908,-14.129032592761268,-10993.43708004996,0.022297551337032928
2397,-131.73927066578628,0.0,-28.82726882515728,4,-44.9744244405846,-7540.202961320685,-7519.55452900072,-20.648434466659374,-7540.19052498789,-0.012436332795005
2398,-14.559590391299494,0.0,8.03387851071203,4,-50.52333906394798,-9901.305348905013,-9882.031503250319,-19.273857235592992,-9901.31424046074,0.008891555728041567
2399,70.97358333313667,0.0,-33.76276470863436,4,-39.239243137460825,-11251.502682635535,-11228.935713845398,-22.566985912114607,-11251.43198976841,-0.07069286712430767
2400,-3.7318858545101796,0.0,-23.920482288721033,4,-44.97562609808721,-10407.897407291965,-10386.422125716266,-21.475252780252294,-10407.900993965679,0.003586673714380595
2401,121.74399312932533,0.0,-97.25163397028976,4,-30.014826041331464,-12153.502900218404,-12164.605082764821,11.10217910062851,-12153.564980672947,0.06208045454332023
2402,4.5359777387355225,0.0,-24.634549212098392,4,-44.4785334345929,-10525.625482425825,-10505.01433352023,-20.611165502258523,-10525.650941189266,0.025458763440838084
2403,18.67936341090222,0.0,-119.08484902377835,4,-32.07886820352249,-11100.830532834529,-11084.020202890639,-16.810343570502003,-11100.859801270968,0.02926843643945176
2404,92.62957849919967,0.0,126.95424759622941,4,-57.6214154316621,-12051.512507266305,-11801.348540422181,-250.16400081165642,-12051.520886685177,0.008379418872209499
2405,59.423896506139364,0.0,-33.69269511218985,4,-39.916408608150924,-11262.367869073414,-11233.550736063893,-28.817127346457877,-11262.41446784886,0.04659877544509072
2406,195.28611853698845,0.0,29.592527050091807,4,-35.513271368647885,-11618.536421442737,-11569.96810044612,-48.568322625377085,-11618.545190517152,0.008769074414885836
2407,-68.13904017940649,0.0,-111.33609559588889,4,-34.19303684234955,-10215.259362501565,-10193.49931082841,-21.76000778439049,-10215.270408285789,0.01104578422382474
2408,43.67458100710509,0.0,-152.85546813415004,4,-28.236151855560205,-11355.227981846372,-11328.604150218805,-26.623817687494,-11355.25639639051,0.028414544138286146
2409,-52.870610540556484,0.0,91.4044032254309,4,-67.49216144061651,-6640.784892723754,-6627.695799902223,-13.089102552888606,-6640.787138103977,0.0022453802230302244
2410,-87.02846033361467,0.0,45.840620507701644,4,-60.28276153299673,-6632.260555323356,-6616.574656524597,-15.68592796510694,-6632.269994115053,0.009438791696993576
2411,-13.156262134192849,0.0,24.511314834681354,4,-53.12562863227883,-9718.077656846615,-9699.354326254452,-18.723318960245734,-9718.072239319781,-0.00541752683420782
2412,-68.51092184970024,0.0,-109.82623260245272,4,-34.372400436018985,-10198.865027443353,-10177.162466376809,-21.70252051991771,-10198.862585795732,-0.0024416476207989035
2413,-96.74557731676572,0.0,-53.58751690081978,4,-41.90510530376754,-8962.594451912208,-8943.0394482816,-19.554979543710804,-8962.578974192396,-0.015477719811315183
2414,-54.73400069948859,0.0,-43.306358677931705,4,-43.50930883756989,-9701.119841174666,-9681.555830384033,-19.563995822220516,-9701.119996067444,0.00015489277757296804
2415,-63.748757175679614,0.0,8.185776361896384,4,-52.50951171006471,-8563.483952015165,-8543.4731474275,-20.010816590517155,-8563.493956571956,0.010004556790590868
2416,-22.469518694335676,0.0,141.28589794241384,4,-70.30414407296189,-6864.354245665548,-6934.318602918274,69.96439308007044,-6864.370186461956,0.015940796408358437
2417,-57.55433088758111,0.0,27.1497953089226,4,-55.876919023353594,-8337.443798337703,-8319.022125539088,-18.421663878553446,-8337.446416352363,0.0026180146596743725
2418,13.816663593224277,0.0,117.20675127547621,4,-62.213375500893555,-9287.757943991099,-9284.34506105374,-3.412899958373276,-9287.785996237857,0.028052246758306865
2419,-132.87359632541964,0.0,87.72077958344198,4,-68.92979217218927,-2362.5741487914866,-2350.7750830273626,-11.799082115151155,-2362.5811280193157,0.006979227829106094
2420,13.265792311744509,0.0,-142.42516645507268,4,-29.89199122505445,-11124.626900193154,-11107.867324580562,-16.7595887274872,-11124.65996139352,0.033061200365409604
2421,75.946651905309,0.0,-39.45368868695016,4,-38.15950205356469,-11473.444138161027,-11471.976408313527,-1.4677492458962826,-11473.338933041927,-0.10520511909999186
2422,91.72160915692903,0.0,109.41761061401647,4,-53.40140409562073,-11996.965706054703,-11904.94088337702,-92.02482515062789,-11997.015225472587,0.049519417883857386
2423,-97.38490146216694,0.0,79.4329286070928,4,-67.71888373324929,-4735.641541501027,-4723.02384859948,-12.61772656326455,-4735.649559791834,0.008018290806830919
2424,5.158445332049203,0.0,152.79715622357372,4,-72.9168774918387,-9546.28873949028,-9594.200983232728,47.91225331983353,-9546.300065965797,0.011326475518217194
2425,137.11051752258803,0.0,10.889232148104453,4,-38.67597012727146,-11994.428953235249,-11989.317890242943,-5.111061433152724,-11994.429868468844,0.0009152335951512214
2426,-31.24537862240559,0.0,44.31978635171395,4,-57.67703096570392,-8844.653396808353,-8826.280629560679,-18.3727752200027,-8844.675651736914,0.022254928560869303
2427,87.41958210908906,0.0,-139.313887522521,4,-27.89948807728326,-12030.18666221861,-12048.692708262137,18.506042845449333,-12030.224578389976,0.03791617136630521
2428,20.352522225766375,0.0,-19.713842130777113,4,-44.31361397061164,-10698.387361201263,-10676.46440722307,-21.922969855455456,-10698.374836740328,-0.012524460935310344
2429,-103.31097432544196,0.0,42.83613274992129,4,-59.565594951305194,-6060.4235974483945,-6044.165791993335,-16.25780580792625,-6060.427471638929,0.003874190534588706
2430,148.5891424232903,0.0,-53.81701473062556,4,-32.36540520068382,-11971.859458752946,-11971.328290203686,-0.5311544952719881,-11971.8794947074,0.020035954454215243
2431,42.94880137612521,0.0,17.222785559829322,4,-47.72408985327384,-10777.313091101583,-10754.367864329366,-22.945204009700586,-10777.31918548056,0.006094378975831205
2432,115.81836300318896,0.0,-146.03760331929837,4,-26.49426696064218,-12175.993785157052,-12189.358576916215,13.36479137053858,-12176.056731984057,0.06294682700536214
2433,-14.30781636176808,0.0,11.361865510820378,4,-51.053093139621794,-9863.973772609443,-9844.781400275384,-19.192377639256225,-9863.979744026276,0.00597141683283553
2434,-43.761154226989625,0.0,-14.994181516064849,4,-47.91337412152099,-9538.897706392683,-9519.060686381687,-19.83698794190637,-9538.899057033432,0.0013506407485692762
2435,-99.5035613393415,0.0,-159.84392848092415,4,-28.93009714620822,-10220.490959103932,-10198.649677719519,-21.84123519476433,-10220.513913728288,0.02295462435540685
2436,-47.13748936272838,0.0,14.431220211963433,4,-53.20462822303123,-8926.827442865946,-8907.97991234433,-18.84753399234079,-8926.831000613847,0.0035577479011408286
2437,0.8170466230051731,0.0,92.20374945162989,4,-61.375946590642066,-9103.762413548267,-9092.551902042525,-11.21052127618489,-9103.755759541535,-0.0066540067327878205
2438,113.34873694875014,0.0,-63.2272897232072,4,-33.35852001054855,-12141.024957816218,-12155.81064360893,14.785679383891647,-12141.030692016508,0.005734200289225555
2439,7.290892245127966,0.0,-46.8667939487919,4,-41.1958777299391,-10693.717082818825,-10672.272325644262,-21.44476973035544,-10693.720962521282,0.003879702457197709
2440,-42.1668140515757,0.0,-66.03597017566332,4,-39.91865534344659,-10192.396486818656,-10170.892092639358,-21.50435770637109,-10192.396749346477,0.0002625278211780824
2441,65.28587783895262,0.0,-118.58174841255327,4,-30.67425153368053,-11328.709613827863,-11304.78715474667,-23.922454213689537,-11328.68408834961,-0.02552547825325746
2442,124.90723652854825,0.0,41.574078842399565,4,-42.365525997879004,-12100.105007288064,-12089.827059813457,-10.277954087078054,-12100.1039901956,-0.001017092465190217
2443,179.64326129153534,0.0,-79.31432311826464,4,-28.876393556667917,-11903.231985246224,-11896.270445441387,-6.961518329777967,-11903.244435442888,0.012450196663849056
2444,-87.52957736230799,0.0,-84.15401820997677,4,-37.58524805970649,-9625.183212768,-9605.594020952098,-19.589174536846237,-9625.193410445096,0.010197677094765822
2445,75.27272968466508,0.0,117.70022370764502,4,-56.920104519994254,-11535.687377388813,-11456.581489401433,-79.10592127689036,-11535.640162447182,-0.047214941630954854
2446,65.33840422852927,0.0,-125.51958399320098,4,-30.038628951986045,-11343.572408557464,-11320.583697558484,-22.98870382547287,-11343.592164412246,0.019755854782488314
2447,84.235775778228,0.0,167.427564448371,4,-84.6283043882619,-3175.6469109629743,-1458.0888053456022,-1717.5580972852024,-3175.64372477097,-0.003186192004250188
2448,-50.19125940064286,0.0,31.48106095725127,4,-56.403797778078754,-8487.502337922677,-8469.208732898509,-18.293596769327642,-8487.488623611975,-0.013714310702198418
2449,19.120590138296482,0.0,2.625700289299885,4,-47.56807044665847,-10556.046258337703,-10535.275466571611,-20.770813982266027,-10556.059540723885,0.013282386182254413
2450,-48.629097446163144,0.0,-116.2196262180879,4,-33.573850008627446,-10458.717873906407,-10437.685543893493,-21.032321404885916,-10458.738057683971,0.020183777563943295
2451,-15.456917625382939,0.0,-17.545059298236193,4,-46.45238047735242,-10180.95875222668,-10159.838427064586,-21.120296792001533,-10180.955885497422,-0.002866729257220868
2452,-36.744817591764885,0.0,-51.94566885589395,4,-41.86268570810156,-10147.110844044617,-10125.944342279432,-21.166480341252548,-10147.109496870768,-0.0013471738493535668
2453,-12.05462443443406,0.0,111.47194415833356,4,-65.15749563954786,-8171.9362582872745,-8173.332505424898,1.3962558586696023,-8171.92748268933,-0.008775597944804758
2454,-177.48032015033183,0.0,43.609071894636735,4,-54.93606747470532,-3106.6459948519446,-3091.0653392987756,-15.58063689172767,-3106.6266360790096,-0.019358772934992885
2455,-166.77021661301347,0.0,-98.78940602701164,4,-34.049994518351056,-8437.48201453491,-8417.998886075278,-19.48311214293293,-8437.520545931675,0.038531396765392856
2456,-41.0036644587988,0.0,6.317333508675183,4,-51.51273204597207,-9258.90320795571,-9239.934641925505,-18.968555131574572,-9258.894927590576,-0.00828036513303232
2457,147.81885067341537,0.0,-120.78658283622728,4,-27.225798331683166,-12136.541726185123,-12139.96521253612,3.42345292040498,-12136.592804692185,0.0510785070619022
2458,-53.47066189405518,0.0,-74.62458038829632,4,-38.853182888370135,-10098.213468530323,-10077.14510025496,-21.068358758686482,-10098.232822946216,0.019354415893758414
2459,-18.124612114496042,0.0,175.7147605855293,4,-97.3035037233666,-12225.919427351177,-10490.35255688495,-1735.5667884072911,-12225.971710983415,0.052283632237958955
2460,-26.43724525502796,0.0,-120.8067293003266,4,-32.826311354517166,-10712.230014022209,-10691.003858932623,-21.22616056946147,-10712.255611014698,0.025596992489226977
2461,-88.39316542555595,0.0,-73.4736991382306,4,-39.0529252019811,-9460.623361465241,-9440.940177059552,-19.683152429000238,-9460.633198064557,0.009836599316258798
2462,-143.795877277417,0.0,-2.0185338726966195,4,-49.04340695927193,-6321.173738971205,-6302.297743378273,-18.875982414196702,-6321.19214561666,0.01840664545488835
2463,-14.014254687372855,0.0,8.268051907363109,4,-50.530065902738926,-9911.092298063446,-9891.814308991447,-19.278001873900745,-9911.082621765334,-0.009676298112026416
2464,110.64496999003782,0.0,-70.90751730954234,4,-32.78690156240383,-12149.533258132093,-12166.42283451432,16.889569398066993,-12149.520881155819,-0.012376976274026674
2465,-168.34196770125322,0.0,11.507790509832166,4,-49.849116612989725,-5012.064622174267,-4994.198634542136,-17.86601582499152,-5012.090139352907,0.02551717863934755
2466,67.09409779864585,0.0,-19.790844210493063,4,-41.13282797069633,-11183.077177691453,-11145.41523780538,-37.66194504389796,-11183.085074694989,0.007897003535617841
2467,-147.80085998458108,0.0,-100.9247505411319,4,-34.36928705257294,-8815.009097237655,-8795.364079181769,-19.644990686071452,-8815.01160499078,0.0025077531245187856
2468,-38.610335227191015,0.0,130.11971395190986,4,-70.73797809486133,-6147.106308999824,-6166.742381022135,19.6361050400355,-6147.132700592214,0.026391592389700236
2469,82.30569564127472,0.0,32.99158629498373,4,-45.59751952984663,-11617.169464232802,-11638.840953818439,21.671456950088583,-11617.110314417048,-0.05914981575369893
2470,-45.64959011694836,0.0,10.91524915414249,4,-52.51594106231,-9038.857851231001,-9020.110870226046,-18.746982304466606,-9038.876498166552,0.018646935550350463
2471,47.370715834495854,0.0,-26.869721201613665,4,-41.54966164494515,-11139.964720732482,-11130.109353524238,-9.85538048737568,-11139.95511497533,-0.009605757151803118
2472,16.317934374823945,0.0,118.4319684358094,4,-62.13938264804835,-9414.69896293606,-9411.688260302377,-3.0107125647202784,-9414.70922387498,0.010260938919600449
2473,-76.38451783304036,0.0,50.1096994590304,4,-60.9958944713248,-6936.057859665708,-6920.791752784603,-15.266142164568505,-6936.051874493798,-0.005985171909742348
2474,98.61901960483263,0.0,113.48871202350716,4,-53.579032687742,-12035.374567820287,-11884.044667013412,-151.32992742877477,-12035.393863896792,0.01929607650527032
2475,-29.63700009080593,0.0,-68.1546954066891,4,-39.41408684077656,-10373.794703077972,-10352.116156151858,-21.678507499237128,-10373.804069969132,0.009366891159515944
2476,-36.49143500291063,0.0,-101.24165263172343,4,-35.23625458598796,-10500.969366445883,-10480.196515510486,-20.77285765286663,-10500.957392536642,-0.01197390924062347
2477,155.23300511762446,0.0,-28.669883669211707,4,-34.038096952916156,-11992.940235291717,-11987.691861547035,-5.248351379985624,-11992.937418961817,-0.0028163298993604258
2478,-39.706328091269505,0.0,23.73426487357053,4,-54.560723124237626,-8969.847110116585,-8951.642903175267,-18.20420925418581,-8969.842080425466,-0.005029691119489144
2479,-20.64891519739642,0.0,21.885236972378245,4,-53.172428414227156,-9560.79117529462,-9542.032740958653,-18.75841069587215,-9560.805483562268,0.01430826764772064
2480,193.48584325868316,0.0,14.06156665432335,4,-34.601000580232096,-11720.539140823612,-11685.920616185556,-34.618499625680116,-11720.533995187692,-0.005145635919689084
2481,-35.22594915341858,0.0,56.62081394640782,4,-60.08286422170096,-8438.650273190653,-8422.18863881092,-16.461641179941275,-8438.663326084863,0.01305289420997724
2482,128.08193071455463,0.0,-142.2801128850806,4,-26.37729387018184,-12179.065531951119,-12188.596254257434,9.530732722450374,-12179.059422519755,-0.006109431364166085
2483,-20.736942327722108,0.0,69.894635802736,4,-60.964291016759354,-8702.652340116836,-8685.71867400148,-16.93368793893797,-8702.667782557071,0.015442440235347021
2484,60.489898130988934,0.0,-60.079264818723786,4,-36.84461814350208,-11252.889992401713,-11217.241082132095,-35.648908672052215,-11252.836771761578,-0.0532206401348958
2485,-95.73775192899524,0.0,126.83267313984273,4,-78.2775993445271,-2206.7800524653576,-2201.4776040325,-5.302392308036463,-2206.789842708604,0.009790243246243335
2486,-44.33040819222768,0.0,-107.53675714965749,4,-34.55837634162324,-10452.793791730612,-10431.720230087023,-21.073550330786667,-10452.813697409742,0.01990567912980623
2487,-63.68064180633221,0.0,-46.253331107826234,4,-43.139180946208846,-9557.447702155505,-9537.7429937017,-19.70467932948118,-9557.449491102547,0.001788947041859501
2488,-72.73367211079386,0.0,-13.179640289834996,4,-48.75304665842425,-8754.816446588176,-8735.301866875188,-19.514578436738546,-8754.834507646854,0.01806105867763108
2489,-33.84368452812007,0.0,72.73750385623651,4,-62.65933021051416,-8100.637214215333,-8084.804686697076,-15.832562475201271,-8100.644409713498,0.007195498164946912
2490,-19.3971662496976,0.0,-98.92591079696568,4,-35.241143746143415,-10676.993936317154,-10656.016801982189,-20.977145283497453,-10676.98817952644,-0.005756790715167881
2491,72.8901243290588,0.0,-63.647781531076596,4,-35.74254728389353,-11422.124310946701,-11412.74080732029,-9.383516236073442,-11422.144183918157,0.019872971455697552
2492,-58.50026624463425,0.0,29.355418639304588,4,-56.332413157552296,-8249.370367948786,-8231.469797024663,-17.900567434071142,-8249.384397162867,0.014029214080437669
2493,-38.12174751393277,0.0,-40.984700758940235,4,-43.55789296340298,-10004.782310884075,-9984.58242693631,-20.1998942894709,-10004.80246162846,0.02015074438531883
2494,-93.31416090028875,0.0,158.92031763919147,4,-82.56220572137005,-404.32898309404413,-437.33069720600685,33.00175709582351,-404.3316560229671,0.0026729289229479036
2495,96.58284367312483,0.0,-30.598962771278558,4,-37.52160370957812,-12062.844622794228,-12088.025788798277,25.18118368493952,-12062.837342273682,-0.007280520545464242
2496,-6.286559184960013,0.0,-53.79335564604281,4,-40.770923215665015,-10571.153609671212,-10550.605941895928,-20.547684478107847,-10571.159654955374,0.006045284162610187
2497,-31.17666766581145,0.0,-114.92898222742662,4,-33.549615388102374,-10638.294939524667,-10617.603885083701,-20.69106947126838,-10638.28625634443,-0.008683180236403132
2498,-47.7659239293156,0.0,38.29784069648256,4,-57.55914784228968,-8412.47885903606,-8395.002277376178,-17.47657772733485,-8412.474192969961,-0.004666066099161981
2499,34.62489467671248,0.0,156.35154001599295,4,-79.40981967342445,-10892.550765943895,-10686.201630886026,-206.34912070442292,-10892.529547504133,-0.021218439762378694
2500,38.16672685181532,0.0,90.0637912279493,4,-56.594578442830326,-10375.486462296765,-10353.774212476403,-21.712242729171354,-10375.493295632807,0.006833336041381699
2501,73.2260299707031,0.0,144.76915794988852,4,-67.72157281753125,-12017.983257397696,-11605.395013611926,-412.58826556951226,-12017.98893810257,0.005680704873157083
2502,35.621113548622645,0.0,-86.83110215151133,4,-34.95488842317755,-11212.310365126557,-11201.696228344063,-10.614139794672793,-11212.282727789274,-0.027637337283522356
2503,30.27759449669199,0.0,-12.11916168017301,4,-44.76279207520023,-10759.453538498987,-10736.474790395685,-22.978742806952763,-10759.457216306038,0.003677807051644777
2504,78.62222548846233,0.0,76.97859921686596,4,-50.49797051306855,-11352.387530943748,-11341.911233624434,-10.476332364299104,-11352.433568981078,0.04603803732970846
2505,-140.36989322469793,0.0,32.23162603338549,4,-55.80624094619779,-5024.781585831316,-5007.628953301473,-17.15261364150597,-5024.779945355579,-0.0016404757370764855
2506,-57.369124153853754,0.0,-73.50840087449113,4,-39.04247885554645,-10023.238426194277,-10002.59327282088,-20.645160305458436,-10023.249178007194,0.010751812917078496
2507,-50.949421685139924,0.0,24.273465570651986,4,-55.111732457625884,-8617.812614053564,-8598.629927502094,-19.182693193455563,-8617.830346167397,0.017732113832607865
2508,-75.54064381458878,0.0,71.583697021325,4,-65.34731230148545,-6211.585429106961,-6197.227205173348,-14.358257380395491,-6211.587005401661,0.0015762947004986927
2509,106.86893496210861,0.0,-101.46068691869743,4,-30.278941592503454,-12128.822525537678,-12146.244723659478,17.422192225392827,-12128.886641140993,0.06411560331434885
2510,-14.35268131318545,0.0,-33.094572227394444,4,-44.03152195673323,-10330.384640304183,-10308.511466900725,-21.873123321953504,-10330.383923623516,-0.0007166806663008174
2511,65.05672572732203,0.0,59.67549867552103,4,-50.23806931806922,-11174.199888694058,-11152.028007033841,-22.171914096601203,-11174.175848263863,-0.024040430194872897
2512,-14.295895385771574,0.0,-19.312149919796802,4,-46.12519843836083,-10218.751743761499,-10197.355319755432,-21.396385319759947,-10218.747194248928,-0.0045495125705201644
2513,-26.34687614351298,0.0,41.869317147460215,4,-56.94285219594972,-9043.585766774075,-9026.021916205913,-17.56384970704909,-9043.598252863978,0.012486089903177344
2514,-3.353604263957484,0.0,61.27550708156889,4,-58.04509737866189,-9447.007559152107,-9429.78715754391,-17.220374253351544,-9447.00429429177,-0.0032648603373672813
2515,96.26272257859901,0.0,9.928764883042797,4,-41.79126649841612,-12044.918060622913,-12072.162234984984,27.244200484046114,-12044.938078246681,0.02001762376858096
2516,-177.31545406732786,0.0,-7.900309359467573,4,-45.901281564822305,-5582.821078166999,-5564.084239264866,-18.73680689209128,-5582.838276840816,0.017198673817802046
2517,-41.95764230692691,0.0,37.719903156954736,4,-57.14688533308453,-8627.936003590157,-8609.72027625493,-18.215731521665358,-8627.940950269496,0.0049466793389001396
2518,-0.13971143093098232,0.0,19.716833488910574,4,-51.455399517272404,-10093.728862292617,-10073.863201137892,-19.865665571985804,-10093.742228398049,0.013366105431487085
2519,-34.08567151407644,0.0,-52.921498476854765,4,-41.6602924817946,-10199.359212303765,-10177.890467869745,-21.468707531689116,-10199.366887300537,0.007674996772038867
2520,-53.29909971986444,0.0,52.85279881710266,4,-60.574264045862286,-7824.35836040347,-7808.359430934148,-15.998950418887487,-7824.362089345412,0.003728941941517405
2521,-188.9152203382775,0.0,9.294386319972913,4,-47.768361175154574,-4520.684143378421,-4502.740219573292,-17.943959316496112,-4520.689611513906,0.005468135484989034
2522,-99.84882216326169,0.0,71.41555524544151,4,-65.86882870025153,-4998.369699468607,-4984.910707311531,-13.459026595170911,-4998.376928158683,0.007228690075862687
2523,-143.34133549355676,0.0,-85.77955160338554,4,-36.340941011245654,-8612.445370294814,-8592.954383564282,-19.49096448321678,-8612.443856145164,-0.0015141496496653417
2524,154.93416055574428,0.0,-70.69265732054679,4,-30.68359660339531,-11969.133874427032,-11968.608423428137,-0.5254292446445132,-11969.106138377447,-0.027736049585655564
2525,-8.230095269567299,0.0,50.78491081363091,4,-56.93852327475007,-9463.852029940777,-9446.171326709798,-17.68067636936471,-9463.845023696751,-0.007006244026342756
2526,53.086418804537004,0.0,-125.92990487291233,4,-30.384476649283325,-11312.90928905835,-11279.264871302443,-33.64440937775742,-11312.967453153004,0.058164094652966014
2527,50.43683643644592,0.0,-132.74928681016607,4,-29.831330545843482,-11329.670205490256,-11298.252446761184,-31.41774875967642,-11329.684519643613,0.014314153357190662
2528,-31.591217897146716,0.0,158.5392350134873,4,-82.53190840053419,-5958.576636789183,-6411.659624960947,453.08305852083635,-5958.5660484438695,-0.010588345313408354
2529,119.19597571686454,0.0,-30.31775430730879,4,-36.147821621838304,-12095.418868251543,-12105.26602316467,9.84713568025007,-12095.404346643247,-0.01452160829649074
2530,40.45583062916233,0.0,138.10498954420285,4,-67.16667856233505,-10579.723476663015,-10435.793577881905,-143.92988990767083,-10579.715024511077,-0.008452151938399766
2531,-71.39363499265795,0.0,-50.43452442571513,4,-42.52345600747147,-9458.588608929498,-9438.80081302389,-19.787764192036956,-9458.596221037904,0.007612108405737672
2532,68.63997507956054,0.0,-37.531945289405485,4,-38.98121974964072,-11206.928892103348,-11176.592474675881,-30.336429831806544,-11206.927071531129,-0.0018205722190032247
2533,59.420633474812064,0.0,25.55053376154362,4,-47.0664452248756,-11162.582386163098,-11150.600079195729,-11.982326880357256,-11162.601387926063,0.019001762964762747
2534,8.05246954442953,0.0,-10.936381452762411,4,-46.30149145444849,-10481.916884234168,-10461.097828730613,-20.819063067925047,-10481.922333787084,0.005449552916616085
2535,-18.94725996514819,0.0,-37.472620512016825,4,-43.53564705914796,-10298.702919379524,-10276.862675824896,-21.840190609913115,-10298.706874359621,0.00395498009675066
2536,143.60448328859877,0.0,-91.98807619103678,4,-29.519806058839784,-12123.8996132814,-12127.175375815137,3.2757340148890677,-12123.920706885714,0.021093604313136893
2537,-19.829322027203514,0.0,-4.147862447259684,4,-48.80767793665201,-9936.774271185632,-9917.26027137362,-19.51401231658414,-9936.793977019941,0.019705834309206693
2538,-11.560580249435107,0.0,-24.954212993276883,4,-45.14571884995174,-10309.887536155891,-10288.032587297444,-21.854896370811485,-10309.893980032331,0.006443876440243912
2539,-60.96723615326177,0.0,-55.46373783875947,4,-41.70048013349888,-9739.358660902413,-9719.780810874348,-19.577840158643024,-9739.35314589075,-0.005515011664101621
2540,40.04883253961123,0.0,0.3510163759932822,4,-45.74086902896444,-10817.286142736253,-10795.011041933178,-22.27507630211211,-10817.29064810298,0.004505366727244109
2541,38.25535930083573,0.0,-0.491488361106545,4,-45.769476846143306,-10796.898965127646,-10774.080389627037,-22.818554588267254,-10796.908017426555,0.009052298908500234
2542,48.55516437520019,0.0,88.69085892552935,4,-55.27769106902014,-10597.300513846245,-10570.072300280166,-27.228228069964086,-10597.293327040374,-0.007186805871242541
2543,-25.25026993467068,0.0,-65.01618119613225,4,-39.75722249705577,-10405.754982599563,-10384.289514730039,-21.465438373910903,-10405.767373845025,0.012391245461913059
2544,-16.029397829702567,0.0,7.701929141521366,4,-50.55277848389507,-9871.056172798348,-9851.782270373258,-19.27390888317043,-9871.078286118798,0.022113320450444007
2545,82.20505942987305,0.0,-90.76201717023423,4,-32.3607143375526,-11856.678385695577,-11873.00375437431,16.325374699866856,-11856.74596186708,0.06757617150287842
2546,103.40926737456361,0.0,-85.94022131442178,4,-31.780821717254366,-12107.966896162316,-12127.067637323475,19.100738030931755,-12108.002434556609,0.03553839429332584
2547,95.21964106265331,0.0,-149.6373358169066,4,-26.855401342084875,-12107.354537382133,-12124.236901522301,16.882347265945683,-12107.390296479874,0.035759097741902224
2548,-89.76058724680317,0.0,-47.20234414253711,4,-42.97621321020967,-9002.022209675353,-8982.476682730547,-19.545504786992723,-9002.020931608453,-0.001278066900340491
2549,-132.99062497522078,0.0,-106.09271172399674,4,-34.125069158185475,-9154.82403188104,-9135.051729754494,-19.77228666553113,-9154.805684283783,-0.018347597257161397
2550,26.15093118947955,0.0,27.51745302147579,4,-50.53036586559952,-10502.815548120474,-10481.410517085984,-21.405055808462787,-10502.833578588681,0.018030468207143713
2551,-69.08537654376995,0.0,12.335486616133027,4,-53.35549010766964,-8310.564377005849,-8290.686651168626,-19.87771597572966,-8310.588348744039,0.02397173819008458
2552,166.2078179794045,0.0,109.71434844007388,4,-46.25295088032288,-11257.880777297829,-10894.818145660141,-363.0626155351235,-11257.875902000967,-0.004875296861428069
2553,-159.7617688281357,0.0,-107.54867507042403,4,-33.27927113067584,-8726.811197358697,-8707.207888517349,-19.603279847771184,-8726.82843470811,0.017237349413335323
2554,10.631075619801448,0.0,-6.448986804280355,4,-46.80970713441276,-10488.594225127908,-10467.818557605484,-20.775678979156112,-10488.602480517637,0.008255389728219598
2555,-107.8881498508569,0.0,-138.38779589973464,4,-30.96179567467183,-9944.175949138711,-9923.463403518848,-20.71255061516097,-9944.190269703291,0.014320564579975326
2556,-70.73023865246061,0.0,-24.0848687491772,4,-46.8303060128078,-9027.070753944563,-9007.713150617901,-19.35758559637581,-9027.072509643685,0.0017556991224410012
2557,-19.889202893948983,0.0,-149.7082893489256,4,-29.773922645151675,-10853.77106105329,-10831.316531839198,-22.454521616794224,-10853.79536462487,0.02430357157936669
2558,72.44833106423671,0.0,-108.12488022613006,4,-31.29034577220623,-11518.08697099936,-11510.294207950305,-7.792759797478599,-11518.152845313953,0.06587431459229265
2559,-114.08950831379866,0.0,-159.77286899221863,4,-28.805257537990624,-10063.42734606436,-10042.112612390058,-21.314721072244183,-10063.405307126252,-0.022038938108380535
2560,-134.72695210137107,0.0,-57.51046849839748,4,-40.450729177955566,-8184.904327069091,-8165.043582433295,-19.860743399776858,-8184.915251586604,0.010924517513558385
2561,-105.9657374858526,0.0,-71.32226773728627,4,-39.14767322076493,-9085.012393881818,-9065.256002097416,-19.756373946445418,-9085.025438075227,0.013044193408859428
2562,5.123644123953192,0.0,28.012549736433805,4,-52.33015683957268,-10122.087585650377,-10102.21598159628,-19.87160044710162,-10122.099185571535,0.011599921157539939
2563,25.627191879174077,0.0,-5.535486419737446,4,-45.96586207560109,-10686.954894998396,-10664.896595461769,-22.05831621983535,-10686.962895414354,0.008000415957212681
2564,137.82668315653763,0.0,83.85923301212986,4,-45.115298397107516,-11980.780449042859,-11883.758546984158,-97.02188555502714,-11980.79013509988,0.00968605702109926
2565,-22.305063885196596,0.0,16.431298611277263,4,-52.35563167693742,-9598.25927119762,-9579.025594018525,-19.233651682123025,-9598.277737762879,0.018466565259586787
2566,-68.9315805166476,0.0,-87.1772691297243,4,-37.22809267042626,-9980.768605152722,-9960.218345671008,-20.55026777743234,-9980.805121872221,0.03651671949955926
2567,-75.45176481631214,0.0,-86.94537630744577,4,-37.25985921094887,-9870.45459543389,-9850.38108660399,-20.07351622329803,-9870.438771290894,-0.01582414299627999
2568,38.58866204426744,0.0,-29.864738002804177,4,-41.81521859594549,-10963.569051086828,-10946.180607991617,-17.388435618556116,-10963.56166623837,-0.0073848484571499284
2569,-33.875036524288106,0.0,184.38767470801884,4,-113.11605494637021,-2458.642261783591,42.512629729940016,-2501.154826645995,-2458.6118194049504,-0.03044237864060051
2570,-75.87478156353086,0.0,150.1010373415305,4,-78.27418780630869,-2505.8429319209295,-2528.5966138299127,22.753731294492965,-2505.8564611629067,0.013529241977266793
2571,-97.86081555410568,0.0,-37.23076843314213,4,-44.50230984249109,-8605.576217224503,-8586.020630308018,-19.55558431630742,-8605.576397822282,0.00018059777903545182
2572,10.398923818249116,0.0,16.0336393330939,4,-50.13949187789224,-10330.319009680783,-10308.37430703161,-21.944655820749837,-10330.320741126938,0.0017314461547357496
2573,63.62116666217951,0.0,73.5208512872316,4,-51.8074241753977,-11113.139897670608,-11094.224972219938,-18.914948011940258,-11113.168183330448,0.02828565984054876
2574,-39.54388594766406,0.0,-125.85518061942312,4,-32.418748247198224,-10609.932285660661,-10589.347533003223,-20.584768543263774,-10609.937391894417,0.005106233755213907
2575,32.465521380932024,0.0,-71.66996728614649,4,-36.88090888435145,-11085.640163353954,-11070.913126562433,-14.727047129080479,-11085.652576997787,0.01241364383349719
2576,-53.45017199474496,0.0,-1.9257984321878525,4,-50.45500937858369,-9063.631188486452,-9044.541346594855,-19.08983476481923,-9063.645711770983,0.014523284531605896
2577,27.8297690461829,0.0,-4.818009118705699,4,-45.92150400335266,-10705.459581962308,-10683.069714228901,-22.389882350832824,-10705.469453515962,0.009871553653283627
2578,55.9333622391791,0.0,-105.55739875562195,4,-32.24043123739613,-11291.191309702886,-11256.206335145778,-34.984969499899904,-11291.29108569226,0.09977598937439325
2579,68.0981058856416,0.0,-148.69006755659785,4,-27.9377184023895,-11455.783603578095,-11440.062878168044,-15.720709392122508,-11455.832591648426,0.048988070331688505
2580,-58.43526298655777,0.0,189.5545439932883,2,-27.767506567759888,5174.582780336905,4476.082500890458,698.5003143006966,5174.572448757802,0.010331579102967225
2581,-70.96788253960999,0.0,38.04507965382896,4,-58.390137965524424,-7550.076613939847,-7533.554271393544,-16.522355916391742,-7550.085767232875,0.009153293027338805
2582,-125.4460625662296,0.0,-149.98991781604732,4,-29.592472665676137,-9831.926102940983,-9811.628190170753,-20.29791758285854,-9831.92735742998,0.0012544889978016727
2583,-27.600453337318495,0.0,3.1646326485946896,4,-50.39088617982604,-9658.221773520161,-9638.547711882306,-19.6740404466956,-9658.22917123885,0.007397718689389876
2584,-7.957519274475807,0.0,136.46058653689278,4,-67.96227433656578,-7854.529105535998,-7916.170544546041,61.64143816517171,-7854.542162377513,0.013056841515208362
2585,23.670186446155974,0.0,151.3285514496981,4,-73.2020336216239,-10211.550260625689,-10122.768822151755,-88.78138253287592,-10211.552830097196,0.0025694715077406727
2586,-92.70424682461685,0.0,-161.08075654463377,4,-28.86307312565051,-10294.141658000684,-10272.272543660423,-21.869063403628193,-10294.175507338045,0.033849337360152276
2587,-32.76215767328924,0.0,-138.66155415847848,4,-30.995836757756813,-10733.142704805565,-10711.771202064807,-21.371505005759406,-10733.153980116856,0.011275311291683465
2588,-91.39041009995108,0.0,80.48474757665393,4,-67.82892084251951,-5009.228432258342,-4996.727288918664,-12.501174020933217,-5009.218843687198,-0.009588571143467561
2589,-98.82288484752449,0.0,-96.89030390509778,4,-35.81869545884673,-9598.690140275656,-9579.092833590237,-19.597288182012157,-9598.707222653875,0.01708237821912917
2590,-92.28883151869448,0.0,176.71258869261504,2,-38.11603974503558,5554.131760116188,4298.482761606542,1255.6490328794912,5554.129041443213,0.002718672974879155
2591,56.21835012244847,0.0,-44.51829984666957,4,-38.815330968491295,-11281.863843163797,-11256.419818921613,-25.444017555034588,-11281.90940734996,0.045564186162664555
2592,77.50615933291807,0.0,45.38345634399973,4,-47.53747710686046,-11269.907132174472,-11257.411212354855,-12.495958427335694,-11269.935713843623,0.028581669150298694
2593,7.1336334930239245,0.0,-192.23467625856316,4,-25.73094388548848,-11213.307600334347,-11198.609890607231,-14.697715633822606,-11213.337524543875,0.029924209527962375
2594,-167.3833136797423,0.0,0.7191770681659315,4,-48.039546234399914,-5506.824374348951,-5488.450807402199,-18.373539464351037,-5506.842796951072,0.01842260212106339
2595,-54.038015716952856,0.0,-24.5587151844885,4,-46.53917659872808,-9445.231615835562,-9425.376510557475,-19.855071537640114,-9445.2268168574,-0.0047989781633077655
2596,10.957076864965623,0.0,24.355806552729792,4,-51.32220507501406,-10276.538059508594,-10254.809169276534,-21.728841636766273,-10276.541602875634,0.0035433670400379924
2597,-1.2805572348612853,0.0,10.72987143524087,4,-50.12868915078548,-10167.286784749633,-10146.521002582811,-20.76576236106288,-10167.298636952857,0.011852203224407276
2598,-127.88948006505741,0.0,-46.56766733217965,4,-42.30555362271183,-8086.181347733472,-8066.082434500834,-20.098910172993666,-8086.188774694918,0.0074269614460718
2599,-18.612169940841625,0.0,-18.996269334346387,4,-46.36125102263357,-10136.539631210548,-10115.739489334755,-20.800129767948835,-10136.559975692355,0.02034448180711479
2600,38.31663147056423,0.0,-92.10598220528229,4,-34.24433150117167,-11276.946237328142,-11265.69573131132,-11.250503577966896,-11276.94897846036,0.0027411322171246866
2601,94.00076874515835,0.0,-46.79939778779612,4,-36.01125709283814,-12056.478783247598,-12081.247122897874,24.768353275786204,-12056.407499337218,-0.07128391037986148
2602,-120.91706067492893,0.0,21.845519978396045,4,-54.70908998620111,-6184.171333170137,-6166.951191694605,-17.220163443404314,-6184.173970013121,0.002636842984429677
2603,-80.9502216959857,0.0,133.96245139541958,4,-77.53972458386164,-2921.7727108040194,-2922.488720371337,0.7160311020821691,-2921.7817259402814,0.009015136261950829
2604,39.07781263522301,0.0,30.02826764646437,4,-49.710266648663435,-10676.293176360028,-10652.521538790686,-23.771648564830617,-10676.305313755951,0.012137395922763972
2605,144.3307471789063,0.0,99.37299621012178,4,-46.5315267877201,-11838.319677856136,-11642.708192606835,-195.61148223175883,-11838.33996548953,0.02028763339330908
2606,-26.84615898830764,0.0,-143.93932731769866,4,-30.408028352880297,-10794.154429319367,-10772.18670864035,-21.96771681149151,-10794.135975998191,-0.018453321175911697
2607,52.23870055600248,0.0,-11.073285530923064,4,-43.1785001078636,-11168.44645086488,-11158.921498593454,-9.524964317938284,-11168.454359876603,0.007909011723313597
2608,-60.72818699879318,0.0,-26.740764378733434,4,-46.2769166229562,-9323.212234226836,-9303.43645490052,-19.77575099885522,-9323.233570675864,0.021336449028240168
2609,11.839677851290405,0.0,-99.58663490187571,4,-34.430556399555094,-10933.404782820675,-10910.885663401335,-22.51912073004156,-10933.397425550507,-0.0073572701676312136
2610,-110.1393725879014,0.0,0.7157553543415142,4,-50.92699959990089,-7293.890397694048,-7274.612882071978,-19.27750410864799,-7293.891681931006,0.0012842369578720536
2611,-38.052700997458835,0.0,53.2804409244481,4,-59.70439030020727,-8410.104106068975,-8393.536490280649,-16.567624023897707,-8410.106938057628,0.0028319886532699456
2612,102.3930835388914,0.0,-143.28194735165997,4,-27.11807010565323,-12109.712592449956,-12125.514598085452,15.8019894517819,-12109.732575132284,0.019982682328191004
2613,34.719659977805975,0.0,26.86795153858627,4,-49.683942610217784,-10639.142556918678,-10616.294041144107,-22.84854263669423,-10639.141923707013,-0.0006332116645353381
2614,20.241918540978563,0.0,18.664392111959877,4,-49.79276903718472,-10461.730303047601,-10440.603642135153,-21.126669708533278,-10461.73944414709,0.009141099488260807
2615,53.13391849690547,0.0,8.354388907515858,4,-45.596683869271864,-11070.343795902932,-11060.065041945969,-10.27875677756999,-11070.357002838977,0.013206936044298345
2616,116.66769766119856,0.0,-62.88544861561141,4,-33.225997517509605,-12131.429199715536,-12144.223633566953,12.794423431237673,-12131.438629916298,0.009430200761926244
2617,26.40816257861133,0.0,0.9165392714315922,4,-46.80986208881981,-10664.9069265264,-10643.029502933858,-21.877444344741647,-10664.91827195958,0.011345433178576059
2618,-10.272454285926651,0.0,-62.21661942286247,4,-39.742549400051914,-10573.332577126988,-10552.788533705701,-20.544059849487372,-10573.350232461109,0.01765533412071818
2619,-37.42310973020388,0.0,29.397581128207236,4,-55.450173611353485,-8932.11006739657,-8914.13364280221,-17.97642917233437,-8932.129442951275,0.01937555470431107
2620,-105.45107919829199,0.0,48.3731194083069,4,-60.69979115857351,-5750.268129246181,-5734.034360350522,-16.23377731086653,-5750.277024287409,0.008895041228242917
2621,147.63641550934202,0.0,81.18649521437759,4,-43.90601185549238,-11916.046852442427,-11810.34581230584,-105.70103435741196,-11916.045802137955,-0.0010503044723009225
2622,-10.787345677079706,0.0,109.40708288613368,4,-64.7628760520613,-8277.212207256694,-8276.096034646444,-1.1161555643403005,-8277.22942106088,0.01721380418530316
2623,-56.67931275124596,0.0,-25.444463499957003,4,-46.43567216785372,-9397.667324318014,-9377.829674386177,-19.837617144589363,-9397.662252514454,-0.00507180355998571
2624,35.45048345993381,0.0,26.6844493261115,4,-49.59734254338873,-10648.586389205586,-10625.583361054165,-23.0030515486625,-10648.616545763483,0.030156557897498715
2625,-5.438705219620016,0.0,76.63730269884923,4,-60.33418567977352,-9124.703572285065,-9110.022062503489,-14.68152200473578,-9124.71481433607,0.01124205100495601
2626,7.277080458209198,0.0,55.24845452013608,4,-56.158002063965235,-9842.167312651136,-9823.81129991267,-18.356015241714857,-9842.185087210333,0.017774559197277995
2627,-9.733092473769403,0.0,128.52066868826273,4,-66.80918127419712,-7915.850095994436,-7945.903010140517,30.052916479471737,-7915.862705660005,0.012609665569470963
2628,-157.26903219825024,0.0,-44.427212794668876,4,-41.45529658775666,-7341.61684238663,-7320.901063284329,-20.715776605370635,-7341.599825573134,-0.017016813496411487
2629,-52.3153863894239,0.0,189.8072043677294,2,-28.9014105508898,5117.866184575094,4501.268929624382,616.5972962071121,5117.837778306269,0.02840626882516517
2630,-151.89930257317627,0.0,15.153749139447523,4,-51.71600905805723,-5373.347552805324,-5355.662427516379,-17.685154228022217,-5373.345418724983,-0.0021340803414204856
2631,42.37152281685204,0.0,-158.82607160141347,4,-27.765333871140456,-11358.630484462523,-11332.627388279401,-26.00308201057772,-11358.65721119541,0.02672673288725491
2632,2.562262976379485,0.0,-11.81999665125087,4,-46.47133091074589,-10411.126397714757,-10389.693199375277,-21.433171782958468,-10411.132906583885,0.006508869128083461
2633,30.69145421961147,0.0,-142.80243133305393,4,-29.413356838298743,-11327.139956822446,-11313.691050007035,-13.448902104736689,-11327.16089807079,0.020941248343660845
2634,-113.89182070190408,0.0,-33.314392709835666,4,-44.82153784697678,-8113.87791507468,-8093.619787030981,-20.25812306247472,-8113.907552615684,0.029637541004376544
2635,109.18219149519867,0.0,31.287324495676085,4,-42.84208605853184,-12074.421806415132,-12082.440035228215,8.018209774280034,-12074.425825719623,0.004019304491521325
2636,-14.735206792111683,0.0,-0.05209189678561621,4,-49.21515373917336,-9999.57475948783,-9979.88688194034,-19.687891369569673,-9999.567110717973,-0.007648769857041771
2637,-114.17156944136428,0.0,-59.12328681088865,4,-40.7698565946337,-8680.22025599305,-8660.76546653535,-19.454768767722626,-8680.225726124047,0.005470130996400258
2638,94.94469641958531,0.0,32.86505229280288,4,-44.25122605312621,-12031.838397912758,-12058.658463962167,26.820092146905022,-12031.849468061362,0.011070148604630958
2639,100.86794936141438,0.0,12.279379544478358,4,-41.66306295358013,-12067.937677887317,-12091.119773325638,23.18212324899782,-12067.952418603243,0.014740715925654513
2640,-5.140751100193915,0.0,-153.69840964034796,4,-29.197936964782613,-10968.824825866192,-10946.47896915857,-22.345863047465688,-10968.845206112564,0.02038024637295166
2641,60.05118050278185,0.0,4.112020425018697,4,-44.42184653465544,-11232.144999407918,-11213.131140394029,-19.01386447102802,-11232.189044990866,0.044045582948456286
2642,-19.989237916094112,0.0,-0.6165254586403679,4,-49.39509320478566,-9887.699526095168,-9868.304299152484,-19.395235794552672,-9887.712755586132,0.013229490963567514
2643,36.51513461026809,0.0,59.46893798760912,4,-53.54523885269964,-10496.151955106116,-10473.876607772921,-22.27537997973952,-10496.165110168671,0.013155062555597397
2644,-44.603836648597714,0.0,-53.81005562383012,4,-41.7392207836976,-10029.765384681079,-10009.28636589224,-20.479027033430878,-10029.786343905858,0.020959224779289798
2645,-73.03943783177509,0.0,-38.32064801274276,4,-44.45409253912805,-9229.697187791273,-9209.950166750941,-19.746998950834307,-9229.710270698468,0.013082907194984728
2646,-27.6507787500272,0.0,35.9920219687632,4,-56.02751844087244,-9111.32068850051,-9094.280398868557,-17.040289476297062,-9111.338308298782,0.01761979827278992
2647,-108.32550656123175,0.0,70.73920155787349,4,-65.6822085204044,-4597.018062584757,-4583.813374825706,-13.204726916605267,-4597.018564321108,0.0005017363509978168
2648,121.1342695370434,0.0,143.02874469281605,4,-61.06888988139821,-11218.321830652092,-10440.92670631924,-777.3950766790173,-11218.329551016917,0.007720364825217985
2649,-78.19740082331934,0.0,47.00471064305615,4,-60.40019373420036,-6964.27392975731,-6948.935426990908,-15.338535577016177,-6964.281071452703,0.007141695393329428
2650,38.27373849050913,0.0,27.167772305586233,4,-49.41669778490922,-10678.328958771612,-10654.781032110375,-23.54793797965441,-10678.34535086026,0.016392088647990022
2651,-11.67829090061157,0.0,-23.73369020685874,4,-45.33513315043662,-10298.81611190431,-10276.990664996272,-21.8253942443771,-10298.82170171157,0.0055898072587297065
2652,-69.60737996030318,0.0,-163.42350977193394,4,-28.730869895358857,-10516.718486155263,-10495.994150475331,-20.724344837942148,-10516.764611484932,0.04612532966893923
2653,-85.85631498970878,0.0,-1.4600256176375206,4,-50.864077113543885,-8123.430476158917,-8102.98590127232,-20.4445706491718,-8123.424393814833,-0.006082344084461511
2654,49.10934893478423,0.0,127.16556330128928,4,-62.24905686493508,-10659.042423690522,-10553.36833150019,-105.674060029944,-10659.048698420702,0.00627473017993907
2655,-39.457250057837285,0.0,48.585454513651825,4,-58.96009733182193,-8470.388246644248,-8453.275015174971,-17.11323669521236,-8470.38583236091,-0.0024142833390214946
2656,2.4625927509129752,0.0,-149.33808733553076,4,-29.469982954303372,-11028.745626540447,-11008.333282180494,-20.412353603783924,-11028.786330940184,0.04070439973656903
2657,52.91142327487233,0.0,62.364701628251105,4,-52.03730607873972,-10762.5149961476,-10738.653467454655,-23.861501338758618,-10762.522867487989,0.007871340389101533
2658,-13.85948051977085,0.0,18.204398388401646,4,-52.14417336694021,-9784.926551559132,-9765.87231081409,-19.0542337500547,-9784.911238444009,-0.01531311512371758
2659,7.961633234812981,0.0,21.350542507917723,4,-51.10495563682142,-10247.11638982091,-10225.661064942366,-21.455282124761126,-10247.12555754608,0.009167725169390906
2660,17.586544954589485,0.0,-102.02742519113698,4,-33.96262918584635,-11012.70607836793,-10993.034678152626,-19.671406631356437,-11012.729863201052,0.023784833121681004
2661,12.042837800951567,0.0,-85.37567215326258,4,-36.090487673326415,-10880.898983189745,-10857.818369197152,-23.08060398842241,-10880.904682074173,0.005698884428056772
2662,-16.36104968658499,0.0,-14.751775211391907,4,-46.9338906687318,-10135.05746878651,-10114.309963755966,-20.747494036208945,-10135.05719480797,-0.0002739785395533545
2663,-156.68505558459057,0.0,-39.798101933394605,4,-42.16540637536418,-7224.664695761298,-7204.038208734198,-20.626485187351612,-7224.689744237109,0.025048475810763193
2664,-34.213973570507136,0.0,4.751124852915267,4,-50.95675390933269,-9469.347377422693,-9449.809522992837,-19.537824494321285,-9469.353703891118,0.006326468424958875
2665,-48.30531771477032,0.0,-144.55254568467222,4,-30.5117020711675,-10620.723016741476,-10600.116560856683,-20.606471221823693,-10620.765429756491,0.04241301501497219
2666,38.43549655167414,0.0,-18.1457462377538,4,-43.38571198300756,-10890.77073937356,-10870.543610314438,-20.22711101829863,-10890.780028589419,0.009289215859098476
2667,-126.23661056593991,0.0,-34.00904014477812,4,-44.334699962308335,-7817.640939060755,-7797.058906664366,-20.582028471455715,-7817.665119693663,0.024180632907700783
2668,53.82970111977162,0.0,77.67454946486936,4,-53.50760880089122,-10728.452949583041,-10701.886196983378,-26.566720441802538,-10728.458102692482,0.005153109441380366
2669,-24.14310506591088,0.0,-3.8641326029135423,4,-49.05787635417821,-9835.234162911182,-9815.809434886643,-19.42472746364373,-9835.229165803861,-0.004997107320377836
2670,-97.66826860258948,0.0,-41.33444611702921,4,-43.834236758283225,-8697.050961091973,-8677.597997314464,-19.45294970211493,-8697.06535910171,0.014398009738215478
2671,-103.2364192618172,0.0,66.02553548148107,4,-64.6435659748981,-5078.36052887282,-5064.424261786486,-13.936241624153352,-5078.377514919956,0.01698604713601526
2672,-13.432253800480828,0.0,-97.30451312088051,4,-35.3179910016114,-10725.577008057113,-10704.12234748753,-21.454664633536165,-10725.605516135738,0.02850807862523652
2673,4.520207764476602,0.0,16.28680638174115,4,-50.59052025892218,-10227.713319880355,-10206.418627631485,-21.294654156490115,-10227.73060140206,0.017281521704717306
2674,17.578328094524014,0.0,-37.53015312617959,4,-42.009606233537184,-10747.921277259496,-10725.548143421296,-22.373141651675166,-10747.91853401021,-0.002743249286140781
2675,14.833590562680538,0.0,-22.36049341927306,4,-44.250054244812894,-10651.570732392116,-10630.344034679772,-21.226718745028425,-10651.562809313107,-0.007923079008833156
2676,186.6060122512393,0.0,-46.90334896463201,4,-30.81807755417017,-11843.075574133993,-11830.368963333369,-12.706613139562878,-11843.077921172533,0.002347038540392532
2677,15.80259632460057,0.0,133.71990715811276,4,-65.73993970208753,-9340.907577225611,-9369.673915178957,28.766323247997054,-9340.914627047265,0.007049821653708932
2678,-52.524377801874834,0.0,9.145938174173317,4,-52.42691674642366,-8872.517270415783,-8853.327834897515,-19.189440254742664,-8872.536829291916,0.019558876132578007
2679,-146.0197790384069,0.0,-110.28089853264076,4,-33.34104660767083,-9004.259427306068,-8984.496156465582,-19.763252971258712,-9004.262698943932,0.003271637864600052
2680,111.84982793221569,0.0,-70.83206609477581,4,-32.734732275879175,-12150.799214009332,-12166.805750523346,16.00653055250759,-12150.825262867163,0.026048857831483474
2681,57.214347076942445,0.0,83.6842382656646,4,-53.71841163649236,-10809.378677907833,-10784.098078463549,-25.280569251687044,-10809.381396355317,0.0027184474838577444
2682,108.81277601754796,0.0,150.9140971834278,4,-67.18994973978685,-10621.869019694837,-9666.489773006071,-955.379217966293,-10621.857400704603,-0.01161899023463775
2683,-14.599836833518406,0.0,-13.637983907455634,4,-47.02864717438449,-10157.398082524916,-10136.487771719496,-20.910291714741046,-10157.396709179657,-0.0013733452597080031
2684,85.06978600774184,0.0,30.980002660263516,4,-45.030705851825644,-11801.555347407642,-11834.230122136256,32.67475518258808,-11801.56163680589,0.0062893982485547895
2685,-10.41768710354039,0.0,92.13595074245258,4,-62.77631823401892,-8663.395021447915,-8651.695044042204,-11.699994652373745,-8663.392201209457,-0.002820238458298263
2686,98.53682479091162,0.0,-7.562432048915516,4,-39.79049719607706,-12064.753218220352,-12090.249395129775,25.49620203796275,-12064.780132278252,0.026914057900285115
2687,68.59069018095606,0.0,-118.68642656784576,4,-30.510326056956618,-11416.837782477765,-11400.701639798985,-16.136137461610744,-11416.77916901699,-0.058613460774722626
2688,15.523574053780447,0.0,-5.352974817365506,4,-46.65690999092581,-10555.359206315592,-10534.684104222462,-20.675122772443277,-10555.360316392518,0.0011100769261247478
2689,97.11052895653378,0.0,-50.68625665513083,4,-35.442885772354416,-12072.79714939587,-12096.152871529699,23.3557333796426,-12072.805758150653,0.008608754782471806
2690,8.389644668805978,0.0,-20.597391383154736,4,-44.86311431756557,-10553.563740874672,-10532.979109554888,-20.584649953098513,-10553.558781501872,-0.004959372799930861
2691,6.479451468944831,0.0,-59.97884660709513,4,-39.47029162581344,-10743.193933958724,-10721.236351449652,-21.957590926386853,-10743.198376459908,0.0044425011838029604
2692,9.763194094356253,0.0,-15.381168244844087,4,-45.548023652395095,-10537.980728832152,-10517.381234986991,-20.59951249380523,-10537.970246944558,-0.010481887593414285
2693,195.4475685384299,0.0,-1.3314280215493013,4,-33.430100247635885,-11734.78600162993,-11707.862828353973,-26.92313768239283,-11734.788091717233,0.0020900873041682644
2694,-68.95432544471215,0.0,31.680244016554067,4,-57.0974862915101,-7806.164148943367,-7789.106584360335,-17.057580650247807,-7806.156717953084,-0.007430990282955463
2695,-153.65776232289673,0.0,75.7481184084755,4,-64.26624393332746,-2101.3117172587495,-2086.714389536642,-14.597335011724766,-2101.3136431266716,0.0019258679221820785
2696,64.00083960231109,0.0,-18.312365657385335,4,-41.47693269261998,-11220.57586127419,-11185.977717963233,-34.59814146799079,-11220.58734585764,0.0114845834505104
2697,114.11847576737905,0.0,108.22559117947608,4,-50.90626788809898,-12043.89422775658,-11872.310720400561,-171.58353826333683,-12043.881059853493,-0.013167903087378363
2698,110.54571535624305,0.0,145.81350497510462,4,-63.9066569299355,-11462.497998482062,-10677.692404776406,-784.8055821416659,-11462.504080717812,0.006082235750000109
2699,117.2758475107851,0.0,20.490186046710917,4,-41.13348070318324,-12114.278065520402,-12118.798438824499,4.520327147266563,-12114.25029209003,-0.0277734303726902
2700,21.305330499329425,0.0,43.10279387284367,4,-53.081681291338896,-10316.424814272908,-10294.161684697207,-22.263082064252764,-10316.43990182937,0.015087556461367058
2701,-0.8925801730511044,0.0,-69.45631907514081,4,-38.47844036159265,-10718.10993663437,-10696.570016948293,-21.539926706137088,-10718.107146851797,-0.002789782573017874
2702,47.6200168793191,0.0,-55.693944582005386,4,-37.95450575213233,-11277.626823788489,-11263.936826537367,-13.6899961707902,-11277.634733273937,0.00790948544818093
2703,-8.553030369851612,0.0,-32.15945458962133,4,-43.95796679878398,-10399.647824096332,-10378.100565625551,-21.54722647246465,-10399.669320983665,0.021496887333341874
2704,-69.23865111491418,0.0,-85.29925827328695,4,-37.479357370892984,-9955.145150944692,-9934.73333138953,-20.41182829308557,-9955.143332891666,-0.0018180530259996885
2705,49.51369465995669,0.0,15.830728610108942,4,-46.9222784305844,-10917.507385449348,-10901.211896430501,-16.29547013689405,-10917.511391009517,0.004005560169389355
2706,-43.54386884178159,0.0,36.55830486503038,4,-57.020270497510495,-8599.626780392871,-8581.428521562086,-18.198259937202298,-8599.625587053539,-0.0011933393325307406
2707,23.329844164184195,0.0,93.90809996071546,4,-58.83107585355699,-9911.488043105068,-9893.822450434054,-17.66561046483168,-9911.49928911041,0.011246005342400167
2708,54.676530069917675,0.0,-168.35467649360803,4,-26.7655520358204,-11296.918396337544,-11260.71736435155,-36.201013879179655,-11296.970753398526,0.052357060982103576
2709,-47.55896051534265,0.0,-120.41428792528339,4,-33.08952423472965,-10494.608070867074,-10473.794882419063,-20.813193038174862,-10494.589589337309,-0.018481529765267624
2710,-55.305533197983586,0.0,-18.347075986151854,4,-47.61393106567054,-9314.187833840446,-9294.511491884294,-19.67631606578707,-9314.206846958317,0.019013117871509166
2711,-4.810587467658652,0.0,29.629286393324534,4,-53.35076114367658,-9860.923721068817,-9842.732890361227,-18.19083681166086,-9860.931424908911,0.007703840094109182
2712,-102.57417866476985,0.0,-3.989233758435763,4,-50.205542992724716,-7676.943302145417,-7657.003128203753,-19.940178327626104,-7676.952638637959,0.009336492542388442
2713,51.37519225795528,0.0,-125.66730176281838,4,-30.452788344722297,-11324.067691647688,-11292.310728472714,-31.756954231907226,-11324.180689421022,0.11299777333442762
2714,-116.19673745222195,0.0,-35.48791570654129,4,-44.40469926112182,-8107.452584526928,-8087.221926557637,-20.230653334702104,-8107.470751188441,0.01816666151262325
2715,3.656108087492421,0.0,21.35925738697183,4,-51.429688355794724,-10159.9995875731,-10139.488689357224,-20.510881666357772,-10160.018815122336,0.019227549235438346
2716,-157.87490496619148,0.0,21.28075601204654,4,-52.439508090093824,-4901.671795510837,-4884.213934101519,-17.457884988043066,-4901.675510424624,0.00371491378700739
2717,32.03618395441563,0.0,180.95981132193776,4,-99.34670786920299,-3036.1622964732783,-959.2207461573764,-2076.941532318691,-3036.186246660753,0.023950187474838458
2718,29.442338026802897,0.0,-68.73261759876225,4,-37.38889312084629,-11021.909682146354,-11004.403401701347,-17.506283859646544,-11021.924044398775,0.01436225242105138
2719,50.17844552021444,0.0,132.89481269350324,4,-63.9757183938968,-10845.276583430828,-10695.915719727547,-149.3608349321201,-10845.336282687711,0.059699256882595364
2720,-10.251392934678066,0.0,12.856886424740305,4,-51.0484871474728,-9941.031439557044,-9921.823844317882,-19.207610240883565,-9941.023641686676,-0.007797870368449367
2721,57.26335076487833,0.0,3.0212381442428953,4,-44.52013554489946,-11209.04286968988,-11196.27403448477,-12.768844821371088,-11209.049695005553,0.006825315673268051
2722,-3.3344626375621202,0.0,90.00963994268992,4,-61.65355680521355,-8986.818146042766,-8973.529588000783,-13.288569658000691,-8986.82784417187,0.009698129104435793
2723,-73.85838034497517,0.0,-31.230543630628862,4,-45.630884538618645,-9083.600330255775,-9064.114867440969,-19.48544487122313,-9083.612229486142,0.011899230366907432
2724,139.25463178201477,0.0,-89.01137124062286,4,-29.941826909612473,-12136.979848040399,-12141.700384412195,4.7205089495446115,-12136.967883319714,-0.011964720684773056
2725,-14.280397970883831,0.0,-1.5635623505687375,4,-48.94598148257379,-10028.009890452713,-10008.155379642445,-19.854522768223475,-10028.02617457113,0.016284118417388527
2726,46.634811151499505,0.0,-64.22580581427931,4,-37.005517740548314,-11289.623305882935,-11275.10603584041,-14.517267504676838,-11289.631245274612,0.007939391676700325
2727,28.49127611750822,0.0,-106.68910950809436,4,-33.06313220520055,-11182.19103496448,-11169.658746180514,-12.532294864472359,-11182.227789396355,0.03675443187421479
2728,-19.30143999894305,0.0,-64.43795548543824,4,-39.697421836946745,-10473.843442768815,-10452.907334797323,-20.936105466092638,-10473.858809922012,0.015367153197075822
2729,167.19046801245003,0.0,69.65577804606315,4,-40.96495325961329,-11842.292254616354,-11745.990136294871,-96.30210836837307,-11842.29254407148,0.00028945512713107746
2730,-133.4574995818466,0.0,-53.47412263967218,4,-41.08390907893291,-8119.864568178412,-8099.882736861768,-19.981829085619925,-8119.891812653223,0.02724447481068637
2731,70.79222169692433,0.0,-4.9593694764388765,4,-42.61816010906731,-11165.699456203176,-11133.176366594502,-32.52310423090203,-11165.720420831574,0.02096462839836022
2732,111.25698500365219,0.0,40.044764293135266,4,-43.47717667183438,-12087.686244618577,-12089.987164870621,2.3008864876470234,-12087.69998530942,0.0137406908434059
2733,76.20393369958539,0.0,-28.04109289332058,4,-39.42903296058393,-11445.365890466801,-11443.439522238736,-1.9263904762047162,-11445.240497234357,-0.12539323244345724
2734,76.13950008190538,0.0,87.26917822053372,4,-51.92228460814877,-11202.570451161111,-11167.522294574881,-35.04818391338583,-11202.49108686477,-0.07936429634173692
2735,174.991459554605,0.0,-21.636716966700053,4,-33.34539448787352,-11877.563828808456,-11864.089161632208,-13.474671427818276,-11877.58305458241,0.019225773954531178
2736,39.60966544017895,0.0,172.04188607474262,4,-96.85253246544559,-8250.970216387304,-6733.196784634689,-1517.7734252850505,-8250.973656303437,0.0034399161322653526
2737,-0.12116483176278019,0.0,64.8197601297703,4,-58.21554005870636,-9494.865222112127,-9477.592742240553,-17.27245046326305,-9494.881548892981,0.016326780854797107
2738,3.180637379540313,0.0,18.56290167089916,4,-51.03537198724871,-10178.726517294324,-10157.956610147437,-20.769883279035987,-10178.7367570598,0.010239765475489548
2739,-45.8470590637095,0.0,-5.335365049813823,4,-49.631804501539214,-9333.228034199437,-9313.737621415588,-19.49039049643484,-9333.23112701881,0.003092819371886435
2740,-21.443647060904365,0.0,-23.051519579997898,4,-45.83742167780255,-10125.381773623722,-10104.624764386564,-20.757000463315183,-10125.393307734194,0.011534110471984604
2741,-118.64368632723503,0.0,-90.08839054727092,4,-36.385850696364045,-9153.487653753935,-9133.69635914847,-19.791279421814505,-9153.48331613759,-0.004337616344855633
2742,-114.10651795088756,0.0,109.17684807107301,4,-75.17829678939361,-2059.432532690931,-2048.1963975736126,-11.236165325642341,-2059.4399068904954,0.007374199564310402
2743,-149.46556808680614,0.0,69.40395168709443,4,-63.23565196734033,-2672.22098838872,-2658.0818479095356,-14.139136890103856,-2672.2244682850487,0.003479896328826726
2744,-107.0830579504751,0.0,-1.8377241979899654,4,-50.518455315571046,-7471.034823207693,-7451.438824637382,-19.59599389590414,-7471.035931317636,0.0011081099428338348
2745,6.212568006435645,0.0,-137.33612028999823,4,-30.551345612638464,-11023.910666833748,-11003.592150280256,-20.318525336282526,-11023.947592543287,0.036925709538991214
2746,42.414870144180924,0.0,77.313892854767,4,-54.74558478288958,-10535.096002819402,-10511.747502703247,-23.348539863820605,-10535.105851673883,0.0098488544808788
2747,159.94924156062694,0.0,92.82385496311605,4,-44.17673634665413,-11749.919071302458,-11560.53232886299,-189.386742386234,-11749.923026721082,0.003955418624173035
2748,187.70524408676204,0.0,55.879600951047074,4,-38.02686732039181,-11620.208822144688,-11534.009499111595,-86.19932229911518,-11620.212169671375,0.003347526686411584
2749,-57.88652618096768,0.0,14.990926989364446,4,-53.629641217681886,-8596.518708071288,-8576.785007795525,-19.733711701338493,-8596.524357609629,0.005649538341458538
2750,-4.507711014696731,0.0,-157.10353032785244,4,-28.872087194375506,-10985.903042865559,-10963.960800149891,-21.94225062118204,-10985.919233482373,0.01619061681412859
2751,26.80966192237034,0.0,9.25799825883417,4,-47.94163398801334,-10626.720415757372,-10605.133628341535,-21.586816041612202,-10626.728040239796,0.0076244824231253006
2752,180.69920700962578,0.0,-12.720778533426532,4,-33.63701477604453,-11825.862954170327,-11808.47311109952,-17.389834520768066,-11825.868253490977,0.005299320650010486
2753,-166.15647408328775,0.0,-15.222061942149487,4,-45.47817682250247,-6164.300262072783,-6145.029551852855,-19.270695167756067,-6164.308330708148,0.008068635364907095
2754,-150.49074618050406,0.0,46.32120247258385,4,-58.00315709422623,-3947.1147371640263,-3931.6069980501275,-15.507744598989458,-3947.1304118217026,0.01567465767629983
2755,-60.41865139455064,0.0,-36.3659328829688,4,-44.6856730189547,-9481.906924007348,-9462.0767794671,-19.83011251677445,-9481.909849335152,0.002925327804405242
2756,36.77011971437204,0.0,-123.69116582356581,4,-31.04482767802743,-11331.28341925522,-11315.70371479409,-15.579698699418845,-11331.314171595111,0.030752339891478186
2757,133.464631008825,0.0,48.78955671993384,4,-42.23180104479027,-12010.98680249187,-11989.6615270194,-21.325265955896377,-12011.006223468603,0.01942097673236276
2758,-1.073672432474392,0.0,18.213899160813245,4,-51.28746566475557,-10089.626804041078,-10069.75098260972,-19.87582669256071,-10089.635464562953,0.008660521874844562
2759,49.71021901686612,0.0,-23.73701065676652,4,-41.76552864715491,-11178.880604842414,-11169.320160766407,-9.560455948463568,-11178.868894999967,-0.011709842447089613
2760,-24.546404763043114,0.0,-2.1764440551872704,4,-49.35616014644115,-9803.52490301423,-9784.073104415327,-19.451792274521903,-9803.522651315348,-0.0022516988810821204
2761,-89.36938793328693,0.0,132.03461167232385,4,-78.48022623401974,-2374.433027438636,-2372.8678712071264,-1.5651345131618666,-2374.428391569157,-0.004635869478988752
2762,-16.258682730875442,0.0,27.34989585009747,4,-53.79696534894735,-9597.470789499865,-9579.147319181404,-18.323448119795327,-9597.496226041463,0.025436541598537588
2763,84.12769686507824,0.0,-177.60993160249708,4,-25.206198148325353,-11922.647159179984,-11930.987939755209,8.340775696719238,-11922.60043813426,-0.04672104572455282
2764,-12.072557696651048,0.0,-124.8991907492677,4,-32.17991646176765,-10831.191125908583,-10808.781953025804,-22.409167982444842,-10831.194947356553,0.003821447970040026
2765,-159.81692170284953,0.0,-56.10795887577609,4,-39.683712543613446,-7596.1624904926575,-7575.715579461852,-20.44690625897197,-7596.183186856353,0.020696363695606124
2766,12.04937448503366,0.0,77.54307724474606,4,-58.45661380544665,-9709.95455092736,-9693.599946969976,-16.354586078987563,-9709.966474950721,0.011924023361643776
2767,24.383551792386086,0.0,33.081387931090056,4,-51.4501136138922,-10434.451714576673,-10412.6758858063,-21.775829542906912,-10434.47296899283,0.021254416156807565
2768,23.506422087228028,0.0,131.87498400688833,4,-65.19545335027532,-9812.023601851572,-9804.144680029924,-7.878918066581978,-9812.014971589182,-0.008630262389488053
2769,-17.880382591232102,0.0,-47.70246875567554,4,-42.009500310395374,-10383.690909404084,-10362.039851981579,-21.651020232666774,-10383.699070378016,0.008160973931808257
2770,70.3563837929567,0.0,-100.3236049202374,4,-32.148327140729556,-11431.309393292137,-11418.085486076485,-13.223908458738752,-11431.266586247375,-0.042807044761502766
2771,29.464595789024862,0.0,103.47985542464517,4,-59.14714630663048,-10065.564130027937,-10046.113635278745,-19.450503144897663,-10065.549442682912,-0.014687345024867682
2772,17.82674334238036,0.0,-2.3900900330494577,4,-46.93257796662109,-10570.209195586229,-10549.437701567562,-20.771516263369925,-10570.205564105705,-0.003631480523836217
2773,148.3917585123754,0.0,-103.41270830946907,4,-28.45972540686126,-12103.496577508538,-12105.810087259926,2.313481220113092,-12103.497911751681,0.0013342431429919088
2774,-39.71335121927638,0.0,-12.75581745883722,4,-48.170954422973274,-9600.335684882099,-9580.542250404347,-19.793407230972807,-9600.35101817289,0.015333290792113985
2775,-56.31819668085027,0.0,78.46066051892424,4,-65.53744997685816,-6906.338254706317,-6890.821445164465,-15.516854195877698,-6906.33224336363,-0.006011342686178978
2776,-130.80697441568722,0.0,141.91256655159643,4,-85.20879153102372,1629.4968595494715,1633.4235533191343,-3.9266330372472713,1629.5185600015525,-0.021700452080949617
2777,98.83883904285506,0.0,129.70172674750538,4,-58.03671467771412,-11991.951454196877,-11668.041063810384,-323.910456692843,-11991.964710072265,0.013255875388495042
2778,-27.96677857065298,0.0,-80.65480131838541,4,-37.71009272391843,-10472.24798097182,-10451.299410311283,-20.948567214713616,-10472.263660316099,0.015679344278396457
2779,34.517040753222915,0.0,52.09659160185708,4,-52.89895281217548,-10499.614652284397,-10477.43751756598,-22.177166852472222,-10499.629925908199,0.015273623801476788
2780,29.423584708318412,0.0,46.32577106092376,4,-52.71799956405968,-10436.550468953588,-10414.530773938517,-22.019704927766696,-10436.55438306724,0.003914113651262596
2781,-52.3194373487681,0.0,-17.0071131975486,4,-47.782511126882355,-9365.426528455215,-9345.683833943203,-19.742663850419323,-9365.446846481353,0.020318026137829293
2782,184.49678142422022,0.0,59.81370574150029,4,-38.61181517164598,-11659.781310874141,-11567.100001356965,-92.68130819131048,-11659.783318256443,0.0020073823015991366
2783,-36.5062618590298,0.0,47.20962194028837,4,-58.51620377648152,-8610.265929172518,-8592.436016560603,-17.829919771159332,-8610.277074920952,0.011145748434501002
2784,-133.1149362455838,0.0,-113.98512755381073,4,-33.216010955264146,-9270.507840980661,-9250.804650665397,-19.70316267812574,-9270.52576226875,0.017921288088473375
2785,-42.583762202226765,0.0,-109.21526061530086,4,-34.34426922575968,-10481.688301507205,-10460.802597759786,-20.885703972654674,-10481.706016856304,0.01771534909858019
2786,-93.28075149327543,0.0,129.12153435296293,4,-78.45123591493287,-2250.614298984539,-2246.6973904178094,-3.9168618008852136,-2250.6224801754624,0.008181190923551185
2787,-9.16766476340762,0.0,-42.58780767137736,4,-42.46404638781012,-10460.035393063643,-10439.004355929605,-21.031029303017224,-10460.05029176155,0.014898697907483438
2788,-116.10290355917023,0.0,-5.807438548790901,4,-49.53946689450388,-7309.005062486712,-7289.3608269503975,-19.644228057735212,-7308.999212284733,-0.005850201978319092
2789,-21.51101696524158,0.0,-16.126505819895737,4,-46.94209375711515,-10046.673889488056,-10026.52973572125,-20.14416250719556,-10046.691648186303,0.017758698246325366
2790,64.26199887356489,0.0,126.15558587337256,4,-60.335214865499395,-11031.056889108459,-10858.49959982453,-172.5573281147324,-11031.051796444191,-0.005092664267067448
2791,-198.48839262910136,0.0,9.720088096982085,4,-46.98412345597619,-4247.183578704936,-4229.283614649022,-17.90000451291808,-4247.190330623968,0.006751919032467413
2792,-31.11590625882278,0.0,4.818551818109728,4,-50.832190665603775,-9547.377818586541,-9527.72187616056,-19.65591183550422,-9547.383301329926,0.005482743385073263
2793,-84.81266006987042,0.0,-136.35850421887852,4,-31.35194315465599,-10209.348458798577,-10187.56071048577,-21.787704671721286,-10209.360238656871,0.011779858294175938
2794,-141.96448922622443,0.0,0.5746737783788157,4,-49.608771796528195,-6282.364258155103,-6263.663839147074,-18.70040525842296,-6282.377009164365,0.012751009261592117
2795,-98.19214794263243,0.0,-70.92856403662121,4,-39.31481004506216,-9233.196342387988,-9213.384270112023,-19.812051876495342,-9233.197411579022,0.001069191033820971
2796,29.00631668253183,0.0,31.581362153448183,4,-50.82014331277389,-10527.561792142198,-10505.773216295422,-21.788603954553896,-10527.55660992952,-0.005182212678846554
2797,-20.918212326372796,0.0,-11.607429937504206,4,-47.64453732220646,-10005.443684726913,-9985.578372546157,-19.8653243494119,-10005.464878851042,0.0211941241286695
2798,-42.22090452895781,0.0,-1.5305909751371396,4,-50.17721934527187,-9363.476633611785,-9344.006255849758,-19.470354064804713,-9363.473969550125,-0.002664061659743311
2799,-143.42058886662517,0.0,-96.02203859444037,4,-35.07052940152764,-8805.119386050874,-8785.496490924515,-19.622866858772113,-8805.135957907929,0.016571857055168948
2800,4.947568027514568,0.0,85.39501438769364,4,-60.17244111853643,-9354.58509379468,-9342.097244015917,-12.487841624903377,-9354.607207581179,0.022113786499176058
2801,130.99373278446032,0.0,-11.23595199599085,4,-37.14186746910216,-12093.776219700556,-12094.95035715222,1.1741216173969942,-12093.75262150767,-0.02359819288540166
2802,-9.595325207884947,0.0,-55.57985844725166,4,-40.637057225063245,-10539.537347272462,-10518.954743787945,-20.5826183420411,-10539.543661389891,0.006314117428701138
2803,26.158481978181346,0.0,-123.10872598383055,4,-31.435825106336917,-11213.21469653398,-11201.102702310745,-12.111996677693089,-11213.237654188557,0.022957654577112407
2804,-76.38613991218149,0.0,141.51471963630846,4,-77.61750631996183,-2893.608218622772,-2901.762669961943,8.154477179680752,-2893.6166001347515,0.00838151197967818
2805,98.07649760177857,0.0,59.43854171270653,4,-46.51049856117398,-12062.180712794307,-12075.550297366946,13.369609010468448,-12062.178668125947,-0.002044668359303614
2806,53.38628739495986,0.0,110.28581119457267,4,-57.743197947614156,-10648.68005061786,-10603.03878757617,-45.64124278437289,-10648.681320730799,0.001270112938072998
2807,48.9690560756704,0.0,56.88026459556054,4,-51.89568240607978,-10706.540207207543,-10681.734663993799,-24.805530240101074,-10706.541260095337,0.0010528877937758807
2808,-13.286132073365302,0.0,78.93146767171287,4,-61.460004368899156,-8810.390712600189,-8794.74278251988,-15.647945647111303,-8810.382622510466,-0.008090089722827543
2809,87.22185192710552,0.0,6.102332126290022,4,-42.13621004790762,-11921.950193872883,-11955.5699162003,33.619712605264006,-11921.992818375042,0.04262450215901481
2810,9.646725473121254,0.0,51.574933598876946,4,-55.40890656626262,-9953.691907721404,-9935.388603860134,-18.30331982893374,-9953.698071726016,0.006164004611491691
2811,-10.324784187439308,0.0,-15.786492468739468,4,-46.492619909632346,-10254.617296515093,-10233.010596440141,-21.606653193693298,-10254.638486026284,0.02118951119155099
2812,-16.58992345311311,0.0,53.85161926696275,4,-58.158704213617,-9138.05491876213,-9120.527041149418,-17.527877095337196,-9138.05629388652,0.0013751243914157385
2813,47.07049914875715,0.0,132.98807829902856,4,-64.41335000752457,-10696.477541826744,-10555.022878348667,-141.45463356482074,-10696.47971906421,0.002177237465730286
2814,2.9664536742227603,0.0,24.050773321563632,4,-51.89498709097456,-10115.929868064375,-10095.98663367178,-19.943233007741533,-10115.940808558229,0.010940493853922817
2815,121.90396541789578,0.0,-108.76780637148643,4,-29.07904144145107,-12166.983504922733,-12178.21033397928,11.226830774672175,-12166.990084259982,0.006579337248695083
2816,-171.27693685309143,0.0,-91.2698157346475,4,-34.761235900550396,-8199.364795032872,-8179.786250206205,-19.57854008603287,-8199.335630925465,-0.029164107407268602
2817,-131.55526826504473,0.0,110.75908652521252,4,-75.42237065963778,-824.6919864427132,-813.6623652361415,-11.029636187400353,-824.6855253016039,-0.006461141109298296
2818,23.896557471505023,0.0,-78.94441304923362,4,-36.40596635748992,-10989.345307488371,-10969.74937633151,-19.595933580145978,-10989.34288995108,-0.0024175372909667203
2819,-14.613991403019332,0.0,8.707242677299988,4,-50.636653984083694,-9891.29726843131,-9872.043753001268,-19.253525566380457,-9891.29831714989,0.0010487185809324728
2820,1.7471250777613814,0.0,-24.433838045715074,4,-44.64722223920196,-10484.98970656134,-10464.171804088808,-20.81790840165447,-10484.991204658423,0.0014980970827309648
2821,146.37189556902132,0.0,43.78244956446854,4,-40.64075305954463,-12007.368790350112,-11979.703663675486,-27.665090978877068,-12007.359947546114,-0.00884280399804993
2822,6.73681149279362,0.0,72.05455441978008,4,-58.42978338022459,-9605.928177173979,-9588.750315866206,-17.177830801408003,-9605.930441217733,0.0022640437546215253
2823,39.24570340280365,0.0,14.030011635998141,4,-47.62528121111098,-10743.003694557936,-10719.739533500957,-23.264149194332678,-10743.018320447774,0.014625889838498551
2824,-4.122859897324776,0.0,40.70220830694725,4,-55.022626541828835,-9733.869607546201,-9716.046336394778,-17.823262962154097,-9733.859352057425,-0.010255488776238053
2825,72.22553660298274,0.0,22.504611344710664,4,-45.65595570299949,-11134.45100825541,-11098.643033167085,-35.80799923812703,-11134.470774544516,0.019766289105973556
2826,90.63780773562934,0.0,-99.90051440973613,4,-31.07603465292556,-12071.774461037094,-12093.379419426969,21.60496159241544,-12071.634686233769,-0.13977480332505365
2827,14.898959785364816,0.0,123.42593924159821,4,-62.98318995151611,-9298.278708259235,-9304.655251637765,6.376527206008037,-9298.32206173204,0.04335347280539281
2828,-78.36327316804453,0.0,-173.92516236563503,4,-27.768103069941343,-10492.88431035687,-10472.038063950557,-20.84625021773306,-10492.890939250152,0.006628893281231285
2829,-16.712243875469678,0.0,53.91359597129825,4,-58.17880592273921,-9132.980889545357,-9115.433761332843,-17.547128206443492,-9132.984621552896,0.003732007538928883
2830,122.72679591961223,0.0,70.21184584036736,4,-45.16724459850911,-12078.490209982288,-12040.64815355827,-37.842083088916596,-12078.512784978955,0.022574996666662628
2831,152.5415845527236,0.0,42.404026177204074,4,-39.989239403892164,-11971.880038244613,-11940.254401792805,-31.625589910435217,-11971.884774730399,0.0047364857855427545
2832,-33.018291781211026,0.0,-156.30638765240226,4,-29.26412258157752,-10792.881634544412,-10770.976424317576,-21.905205701842807,-10792.89265166706,0.011017122647899669
2833,-50.03027035600823,0.0,67.79724627544562,4,-63.16517546204631,-7526.067079573128,-7511.350994795234,-14.716114374060941,-7526.067526005095,0.0004464319672479178
2834,140.97939718873928,0.0,-117.37344256687318,4,-27.72075458385969,-12138.843437704803,-12144.06253415145,5.2190755086124865,-12138.842428223923,-0.001009480880384217
2835,-77.93986489023744,0.0,79.07428912166229,4,-67.00222705678021,-5790.5153474609715,-5776.911535437093,-13.60380715102586,-5790.535278738715,0.019931277743125975
2836,-65.68224347126309,0.0,-12.390516434867001,4,-48.82572690119591,-8931.207453255089,-8911.93328333296,-19.274155442986412,-8931.201127401768,-0.0063258533209591405
2837,-12.24444645234818,0.0,48.454647657233785,4,-56.925199931459325,-9376.182140902507,-9358.845729759227,-17.336392079396397,-9376.183775450212,0.0016345477051800117
2838,73.86774773863473,0.0,-52.60985774824355,4,-36.870180813767355,-11426.241467199,-11418.785221000417,-7.456262868459977,-11426.201270891348,-0.040196307652877294
2839,-11.933425083890894,0.0,-97.42793387592961,4,-35.27243793945864,-10738.858962579989,-10717.258294590862,-21.600671550791567,-10738.854376327168,-0.004586252820445225
2840,-84.80565780502837,0.0,-44.98370101966577,4,-43.36265968520397,-9075.525816115916,-9055.915933032575,-19.60986342059286,-9075.533572032473,0.007755916556561715
2841,-47.97575492037486,0.0,-112.92123468665173,4,-33.95121281936734,-10446.064708328402,-10424.94686134581,-21.11783298139571,-10446.075232926372,0.010524597970288596
2842,-172.60602060994594,0.0,-40.811010407695555,4,-41.204425991290975,-6879.533731316128,-6859.138286611647,-20.39544613530607,-6879.532005796726,-0.0017255194024983211
2843,160.16370737365588,0.0,-30.26622516357698,4,-33.60281377052067,-11975.960425381267,-11968.607994104388,-7.352409763000201,-11975.956073264357,-0.004352116910013137
2844,21.168263977114425,0.0,151.1497191552116,4,-72.6534231700249,-10115.954483027557,-10048.89972643374,-67.0547027218113,-10115.97173418896,0.017251161403692095
2845,-150.57857116732953,0.0,113.00866995360713,4,-74.75247830957302,503.86281337729963,515.3335597504102,-11.470753151286118,503.8608554964293,0.0019578808703499817
2846,-38.76654657244288,0.0,-77.64644242239304,4,-38.27399291158522,-10327.776787143936,-10305.928515942242,-21.848221693430176,-10327.768680364146,-0.00810677978915919
2847,22.775797392107567,0.0,2.6965619412056556,4,-47.31528751047282,-10609.972849004002,-10588.782527392636,-21.190348834082922,-10609.985294937725,0.012445933723938651
2848,19.625682807288417,0.0,-18.51063777940908,4,-44.52267870850544,-10685.466254042498,-10663.718986560212,-21.747285063098893,-10685.483941967901,0.017687925403151894
2849,-49.76642322486311,0.0,121.53679011767143,4,-71.36734959889242,-5725.568917841757,-5727.463929497886,1.8950498939191223,-5725.572453710946,0.0035358691893634386
2850,-117.33463423188584,0.0,82.61687821734542,4,-68.28225712993994,-3510.7056957917416,-3497.0230757414242,-13.682658444085316,-3510.7194551101106,0.013759318369011453
2851,-136.78084136886739,0.0,11.8036051572123,4,-51.98919599464667,-6018.582183546168,-6000.764313847674,-17.81786418230649,-6018.583181630597,0.0009980844288293156
2852,-73.84842748604383,0.0,20.90681449273714,4,-55.08223648893963,-7929.222227840857,-7910.962484495469,-18.259752696608388,-7929.240458915366,0.018231074508548772
2853,-15.704842381108026,0.0,-4.75042725442834,4,-48.50482982503639,-10035.215125252003,-10015.277955893705,-19.937180227674308,-10035.203708906358,-0.011416345645557158
2854,41.7111411721501,0.0,135.33403518257666,4,-65.8870548255214,-10579.06910138917,-10447.980303091514,-131.08879162408172,-10579.085958797496,0.016857408325449796
2855,37.282024250237676,0.0,6.063403434235631,4,-46.72459695574028,-10754.960303522254,-10731.842281888912,-23.118008865527266,-10754.950667068062,-0.009636454191422672
2856,-103.3946990762719,0.0,-151.93418521931193,4,-29.64967412115985,-10120.399717175063,-10098.877248987601,-21.5224425321001,-10120.412622322152,0.012905147088531521
2857,-56.1178555887903,0.0,-122.84078328427383,4,-32.858086076929126,-10420.28437159268,-10398.994412880538,-21.289936090718086,-10420.296713467964,0.012341875284619164
2858,89.45385488511263,0.0,-67.9528401155658,4,-34.136109742120205,-12042.336265328351,-12067.245945446795,24.909692672072357,-12042.271683153047,-0.06458217530416732
2859,57.13840047726516,0.0,153.5726478255988,4,-76.62635737496203,-12058.444861613913,-11556.681081450713,-501.763784644128,-12058.45443780203,0.009576188116625417
2860,-151.38405304755275,0.0,96.37374620849738,4,-69.89101881262636,-749.4894175941762,-738.6399699346151,-10.84942471408338,-749.4758226821151,-0.013594912061080322
2861,-116.9059940929668,0.0,58.327707133867115,4,-62.62496743733682,-4786.682255804765,-4772.3099108687275,-14.372339393174057,-4786.687622930066,0.005367125300836051
2862,-146.09664571170626,0.0,-17.84811529186681,4,-46.17859125887732,-6810.7932398858475,-6791.054188081712,-19.739048853143117,-6810.811575335916,0.018335450068661885
2863,110.98016284993237,0.0,-2.424483874656316,4,-39.4203143142968,-12079.659748274555,-12093.17407826485,13.51432124237039,-12079.633897612975,-0.025850661579170264
2864,-4.4497505114660845,0.0,43.60254835279522,4,-55.49978309365155,-9684.209153012216,-9666.247185320168,-17.961953504200267,-9684.211244981472,0.0020919692560710246
2865,-148.13115633292324,0.0,115.36840066605488,4,-75.66254604380703,544.046463095117,555.585322039841,-11.538867269054704,544.0399999609928,0.00646313412426025
2866,30.054733579059025,0.0,50.82054255214917,4,-53.22386856044979,-10417.371101917597,-10395.39269487148,-21.978409557074187,-10417.377715287685,0.0066133700875070645
2867,-123.71322728602824,0.0,-27.311572751321908,4,-45.514814867304615,-7710.1186328202075,-7689.426472888428,-20.69216163555743,-7710.1278574152,0.009224594992701896
2868,-194.3923698357546,0.0,42.18520867386236,4,-52.8185551085066,-2655.824285483565,-2640.151435319123,-15.672816296271916,-2655.8373473907545,0.013061907189694466
2869,10.139194321350402,0.0,5.5246912023775225,4,-48.608482656305945,-10398.625818862998,-10377.098871791004,-21.52691912319378,-10398.62968317837,0.003864315371174598
2870,-8.627835262843979,0.0,-40.15791669128022,4,-42.79495834731934,-10451.076124256153,-10429.97295328703,-21.103158868990782,-10451.09299506305,0.01687080689771392
2871,-19.135879895889172,0.0,50.955230744938916,4,-57.90789697402695,-9107.511863590735,-9089.853075806315,-17.658787335017234,-9107.537054973154,0.025191382419507136
2872,-16.982488521200633,0.0,-7.081044670050468,4,-48.19207701105267,-10035.480746476662,-10015.51237653664,-19.96838052234353,-10035.465855727685,-0.014890748976540635
2873,-2.2577571003860357,0.0,-74.9822020118539,4,-37.8080794199254,-10729.521299324173,-10707.885417650461,-21.63588784660409,-10729.514814242051,-0.006485082121798769
2874,71.69404047109565,0.0,-162.22008576235834,4,-26.737782216409695,-11573.61185549019,-11564.356349323043,-9.255486604507995,-11573.705219618842,0.09336412865195598
2875,-13.528459442489535,0.0,-39.89076660872705,4,-43.004540374928496,-10387.06679589014,-10365.429555464354,-21.637204173022457,-10387.069711021175,0.002915131035479135
2876,1.5427740583667902,0.0,-19.751216297287222,4,-45.347035607908005,-10450.51597717373,-10429.434868003673,-21.081099161279568,-10450.52758815935,0.011610985618972336
2877,-173.46419383447974,0.0,92.70822111744705,4,-66.15353631963404,20.13666587075686,31.2352577019285,-11.09863626340633,20.121279696450394,0.015386174306467382
2878,66.64004882289217,0.0,-26.485936502751894,4,-40.379497344552604,-11188.835983230229,-11151.391533210839,-37.44445516641699,-11188.810094413786,-0.025888816442602547
2879,-56.975196310010574,0.0,140.01834655853892,4,-74.26889278709962,-4506.714132464916,-4524.893876339987,18.179765446834804,-4506.735923019221,0.021790554305880505
2880,176.6507240936033,0.0,-64.04718493876166,4,-30.108646731284097,-11896.907776670529,-11889.146083984415,-7.761677364563797,-11896.920647336501,0.012870665972513962
2881,-108.053231903587,0.0,-21.85593802300491,4,-46.892061750867725,-7989.419626661506,-7968.823916234383,-20.595706784875052,-7989.4250471981595,0.005420536653218733
2882,-84.24109464809732,0.0,-69.9068474205004,4,-39.588549756774,-9488.007507426502,-9468.336417419623,-19.67105836590594,-9488.01214473673,0.00463731022682623
2883,-143.9654298669897,0.0,-134.67418580880104,4,-30.791099708789197,-9392.015576673462,-9372.41364420564,-19.601903062348676,-9392.000521797023,-0.015054876439535292
2884,-34.03051141624518,0.0,-96.96564065404628,4,-35.72907205039943,-10502.781464086629,-10482.019527910454,-20.761943511090184,-10502.807424119415,0.025960032786315423
2885,105.2494347736089,0.0,-71.30960299515637,4,-33.023183650784766,-12120.559566522299,-12140.126109923081,19.566540684921563,-12120.571506437633,0.011939915333641693
2886,118.08428825240463,0.0,-100.09766005901318,4,-29.92509581441964,-12171.269935315393,-12184.072167610373,12.802231911865695,-12171.300995363747,0.03106004835353815
2887,-101.26654466695383,0.0,88.51592100298318,4,-69.79053292397246,-4081.8058619063595,-4068.403837639898,-13.402003823583017,-4081.797537337667,-0.008324568692387402
2888,-34.48887199064498,0.0,60.98417046547642,4,-60.77528118618229,-8361.858742254955,-8345.832750982563,-16.026003800432594,-8361.879595852024,0.02085359706870804
2889,-6.990142626754736,0.0,-42.011818223478066,4,-42.466512729129136,-10484.631703126493,-10463.786002004696,-20.845704541627306,-10484.635559096561,0.0038559700678888476
2890,-21.987474879784887,0.0,-24.551928347199517,4,-45.62248813798918,-10130.94541042719,-10110.13174665592,-20.813652857805085,-10130.947616835663,0.0022064084732846823
2891,32.36881673561034,0.0,79.47745287681116,4,-56.21860747809527,-10292.145403039965,-10269.876207424886,-22.26915066215082,-10292.168838659843,0.02343561987800058
2892,54.65770763056764,0.0,21.460426898606205,4,-47.093758685481106,-11034.171921030706,-11022.787264334185,-11.38465608112409,-11034.177748825787,0.005827795081131626
2893,-147.93326147524314,0.0,-27.16778375451521,4,-44.54949730064584,-7063.99851223058,-7043.789397316564,-20.20911289126171,-7064.013709048903,0.015196818323602201
2894,-154.04545765705117,0.0,32.92975287113771,4,-54.9674726496253,-4491.951452284994,-4474.614471315081,-17.336967916173766,-4491.9610934662205,0.009641181226470508
2895,144.16572082984737,0.0,78.205009540705,4,-43.91487248956282,-11962.266949356303,-11873.411895363884,-88.85503005851064,-11962.285058871066,0.01810951476363698
2896,56.2604344520485,0.0,67.16972254363407,4,-52.13054108368732,-10838.3658110486,-10817.337716521717,-21.028067222363635,-10838.391922775003,0.02611172640354198
2897,154.54195110535795,0.0,44.74674707122119,4,-40.005469904939524,-11948.956368744917,-11913.162532062935,-35.793795377952875,-11948.972503077855,0.016134332938236184
2898,165.15831677329635,0.0,-84.9188166051738,4,-29.125317779951242,-11993.062934176152,-11991.016510185067,-2.046380902398308,-11993.07473153747,0.011797361317803734
2899,182.78884457626893,0.0,74.64271056862461,4,-40.086839684038395,-11529.904326530175,-11389.842987470214,-140.06135016252458,-11529.906950050947,0.0026235207715217257
2900,-76.15725057194032,0.0,-159.03483747923417,4,-29.13089189514306,-10433.02954207322,-10411.831686194744,-21.197838467203493,-10433.018466088297,-0.011075984923081705
2901,6.991255872572706,0.0,-100.58565810452998,4,-34.459848774170354,-10891.8937328256,-10868.872948757084,-23.02077501040762,-10891.915322354474,0.02158952887475607
2902,59.263711883078315,0.0,-163.01309707695165,4,-27.082438702196495,-11294.724163118535,-11263.16397960554,-31.56016631472859,-11294.718032576164,-0.006130542371465708
2903,-37.40221802359512,0.0,156.24263164884516,4,-79.78262757821794,-5200.91207443171,-5478.176590814145,277.26452692685655,-5200.891776459685,-0.020297972024309274
2904,-13.079001766235406,0.0,59.08595458342563,4,-58.66067837149829,-9160.335492831258,-9142.997604992393,-17.33789093097513,-9160.342586851928,0.007094020669683232
2905,119.6026831779754,0.0,138.83615207904268,4,-59.46541075834678,-11619.26655208141,-10967.732430196245,-651.5341362820778,-11619.2665512025,-8.789102139417082e-7
2906,176.8764936100619,0.0,-56.32650927235487,4,-30.660607962458716,-11885.947440493142,-11877.40856018736,-8.538870154106666,-11885.942502342965,-0.004938150177622447
2907,162.14583474272862,0.0,4.144269438215789,4,-36.20290384060205,-11928.169113488142,-11913.208841670385,-14.960255141924911,-11928.171850156255,0.0027366681133571547
2908,2.4618660989005012,0.0,-41.81897295598403,4,-42.10367925164651,-10609.884456660262,-10589.192352050068,-20.692122747950958,-10609.89217013217,0.0077134719085734105
2909,147.96258073624313,0.0,-107.58741593809326,4,-28.16793860378554,-12118.066859709537,-12120.800648395563,2.733756774863404,-12118.07355182362,0.006692114082397893
2910,47.21747676309015,0.0,25.667794234004006,4,-48.40289817198853,-10807.94204432896,-10786.086885299223,-21.855130078270427,-10807.94245496848,0.0004106395208509639
2911,56.717698024428536,0.0,-36.20124378340208,4,-39.76879805577354,-11275.395637276335,-11251.20508033207,-24.19055196865256,-11275.409542615775,0.013905339439588715
2912,7.0760058070733125,0.0,-60.76768199347114,4,-39.3455447592088,-10751.24156423469,-10729.181609828704,-22.059961573733705,-10751.252760929154,0.011196694464160828
2913,-144.50107388139958,0.0,-37.55648415913818,4,-43.06352585320694,-7456.551718913957,-7435.844320400766,-20.707397974113054,-7456.5510736994165,-0.0006452145407820353
2914,39.04936368071489,0.0,35.601067634563435,4,-50.4116921020819,-10654.898668957554,-10630.907496121867,-23.991190385553075,-10654.903033731574,0.004364774020359619
2915,96.78437416165066,0.0,9.09601911968921,4,-41.66279781309738,-12048.698015541171,-12075.593075252045,26.895086270308894,-12048.704855895361,0.006840354189989739
2916,-17.47979712205189,0.0,6.338594865399763,4,-50.40925692123903,-9854.864578559056,-9835.557239627089,-19.307342208219467,-9854.857091029426,-0.007487529630452627
2917,149.73405907955305,0.0,131.5980456598755,4,-53.238319972839115,-10589.632076390533,-9927.996149106346,-661.6358978764598,-10589.627740758891,-0.004335631641879445
2918,-43.65561476008485,0.0,44.32507766822674,4,-58.449561759390264,-8416.573111433012,-8399.466697117594,-17.10641716489582,-8416.593667708717,0.020556275705530425
2919,-131.30211859730935,0.0,-120.11347652791726,4,-32.57005098116769,-9385.447404601102,-9365.827765964461,-19.619608562738023,-9385.449080147826,0.001675546724072774
2920,7.869673139906745,0.0,-13.53276651780074,4,-45.928930369837154,-10497.26313838215,-10476.535202302697,-20.72794887397959,-10497.271788895816,0.008650513665998005
2921,-48.26847810836716,0.0,14.721745543515793,4,-53.297520816001914,-8887.716701693054,-8868.76584106406,-18.95086697122304,-8887.709756834052,-0.006944859002032899
2922,5.945510208135516,0.0,51.842245268210746,4,-55.8049890335706,-9850.238170777851,-9831.952849310752,-18.28532512023895,-9850.236556483524,-0.0016142943277372979
2923,-31.671426331342854,0.0,-110.33869748392394,4,-34.08694062425851,-10608.000992689967,-10587.417359407958,-20.583649475904714,-10608.013695509415,0.012702819447440561
2924,-89.48569741372954,0.0,-12.65199669712711,4,-48.81660878929345,-8281.238072367183,-8260.851939242248,-20.38612835937404,-8281.249580543808,0.01150817662528425
2925,75.13807672574644,0.0,-10.240953522042753,4,-41.591775789310674,-11325.324527540517,-11314.923170022397,-10.401382905646562,-11325.390765340879,0.06623780036170501
2926,-33.727447419568406,0.0,35.002138508971335,4,-56.22940468950334,-8940.754420618561,-8922.990707723684,-17.763716284865225,-8940.754181310678,-0.00023930788302095607
2927,26.223601538303896,0.0,17.746869962704356,4,-49.171023829321,-10568.078672717114,-10546.798191041595,-21.280509881531938,-10568.076515215651,-0.002157501463443623
2928,-76.67709712511397,0.0,-102.65074380110879,4,-35.23721286158777,-10022.795093100036,-10001.91246098512,-20.882634371584725,-10022.795669600417,0.0005765003807027824
2929,12.819746387659713,0.0,-17.467977527356226,4,-45.065232551166716,-10596.259330688918,-10575.492518091127,-20.766833582239286,-10596.272011686733,0.012680997815550654
2930,-157.47296729384686,0.0,-32.88494314870747,4,-43.17654494147487,-6997.372641299328,-6977.067877567078,-20.30476277544327,-6997.394933933605,0.022292634276709578
2931,-56.4031499003757,0.0,3.1423520553279314,4,-51.443746953444865,-8879.8799411823,-8860.603824330574,-19.276116700586428,-8879.868850693187,-0.011090489113485091
2932,-175.82343450063047,0.0,-67.00812324485993,4,-37.52449614987989,-7541.924122711303,-7521.5684323958985,-20.355683849210582,-7541.924917479449,0.0007947681451696553
2933,45.558445004470215,0.0,69.68531548220462,4,-53.61716677304919,-10614.100055104953,-10589.268358482132,-24.83171736290044,-10614.1131827601,0.013127655147400219
2934,11.968110948945947,0.0,18.943567026113246,4,-50.45498172691895,-10333.506191130391,-10311.539899712841,-21.96624557967759,-10333.507499470965,0.0013083405738143483
2935,-160.22151330234718,0.0,-24.70633429678585,4,-44.311649312131316,-6659.739172199501,-6639.874827026266,-19.864343251513553,-6659.75019874408,0.011026544579181063
2936,41.18838351122361,0.0,-58.3333541523483,4,-38.01789350293782,-11178.970746625611,-11168.729123646552,-10.241632421753566,-11178.958743559055,-0.012003066556644626
2937,-187.90803925117132,0.0,-46.490999762382806,4,-39.57370605991756,-6714.5504858966815,-6694.158275704559,-20.392214510373975,-6714.557144695893,0.006658799211436417
2938,107.78042878431049,0.0,-119.7368776122396,4,-28.74623297215671,-12131.934735595834,-12148.124410978091,16.189667268188714,-12131.949363197335,0.01462760150025133
2939,-127.58276553915881,0.0,107.91480609184876,4,-74.74114874787998,-1282.2699080955872,-1270.7457621822243,-11.52415641758337,-1282.2757849362458,0.00587684065862959
2940,-157.28647644689102,0.0,-37.26457291618438,4,-42.51665476342319,-7135.860105011653,-7115.3475882037665,-20.51251472183401,-7135.851867187117,-0.008237824536081462
2941,88.23205770835696,0.0,-41.67459177708827,4,-36.88806410577337,-12003.79100866471,-12032.036583422563,28.24558271413114,-12003.872361491685,0.08135282697548973
2942,-185.43907120411615,0.0,-20.688680916779603,4,-43.36600656402459,-5872.975604088594,-5853.691173984127,-19.284408889661442,-5872.9786844775645,0.00308038897037477
2943,-91.27753391716438,0.0,-2.7568138515691385,4,-50.58698155006831,-7992.257180180781,-7971.91041396544,-20.346768135878484,-7992.240965365299,-0.016214815481362166
2944,-60.276037498981964,0.0,-28.637320075990164,4,-45.95386787021072,-9364.903588121191,-9345.075502409982,-19.828054510355003,-9364.919222988265,0.015634867073458736
2945,19.541855953296775,0.0,29.156774621434288,4,-51.329105640560066,-10380.183101640403,-10358.245224524533,-21.937847942291754,-10380.184660512206,0.0015588718033541227
2946,171.5756175509494,0.0,-19.25182959117797,4,-33.74525876226086,-11889.85826675334,-11877.179955049593,-12.678310559421748,-11889.848832877988,-0.009433875351533061
2947,-79.99431082167857,0.0,-142.64863441018372,4,-30.723659108284842,-10302.246227662843,-10280.389475280928,-21.856701709200046,-10302.248717682925,0.0024900200824049534
2948,52.403259158730386,0.0,-97.2884365729287,4,-33.17757777652912,-11315.533352914297,-11285.853873883165,-29.67946977003017,-11315.502911909096,-0.030441005201282678
2949,-31.905195085136437,0.0,67.17203952510997,4,-61.589742290248786,-8315.90015660864,-8300.10269357402,-15.79748850036067,-8315.914539334186,0.014382725545146968
2950,131.0899854470459,0.0,-21.849998927602037,4,-36.165405234567494,-12109.371578593802,-12111.949532578321,2.5779363602676617,-12109.356803497934,-0.014775095867662458
2951,98.11067142829805,0.0,131.19993563688033,4,-58.63219786365767,-11981.865508474157,-11640.318996877131,-341.5465709509443,-11981.876719965552,0.011211491395442863
2952,-11.475191015320688,0.0,22.03651055025111,4,-52.6125831083892,-9792.964751682626,-9774.138864144654,-18.825882135606893,-9792.97720785982,0.012456177193598705
2953,82.79238379302139,0.0,-7.805889510210625,4,-41.05534501521338,-11733.159596663083,-11758.103246369743,24.94362646737264,-11733.18112593526,0.02152927217684919
2954,8.811392766628783,0.0,11.573273212499403,4,-49.588140809618,-10338.305256008443,-10316.38814091482,-21.917069447356855,-10338.315888626461,0.010632618017552886
2955,-20.306334268985257,0.0,162.42887736760406,4,-77.89085633446824,-9396.778393820263,-9534.980964572376,138.20255717329667,-9396.775804935618,-0.0025888846448651748
2956,17.75719681353942,0.0,-148.94444206916666,4,-29.177677591948488,-11196.844401770522,-11182.91867947804,-13.925728743622972,-11196.846576853764,0.002175083242036635
2957,-124.55295553055386,0.0,93.98631877866484,4,-70.99700396982347,-2416.1263847476635,-2405.1293649800737,-10.996989980144054,-2416.1309848588517,0.004600111188210576
2958,132.5901027431329,0.0,128.15376984720683,4,-54.16019338426169,-11685.531591481054,-11186.3929592276,-499.13865720804023,-11685.536846638137,0.0052551570825016825
2959,-118.41475415876933,0.0,-91.66559651969196,4,-36.18835286345465,-9182.571688970294,-9162.783262990704,-19.788409230821806,-9182.589388297645,0.017699327350783278
2960,-88.41900149522768,0.0,128.98621513049082,4,-77.80200920390959,-2628.8921952469354,-2625.312966335149,-3.579180948179799,-2628.887793426711,-0.004401820224302355
2961,1.0228330398351952,0.0,-13.28833409680541,4,-46.33137737334805,-10400.248484093892,-10378.71303700621,-21.535416281028372,-10400.256245971343,0.007761877450320753
2962,147.73089949381264,0.0,16.66226538078676,4,-38.31140122772669,-12000.48753608049,-11988.40703319615,-12.0804938263111,-12000.491327145804,0.0037910653136350447
2963,-96.58742552668824,0.0,37.72524568842544,4,-58.58485633311011,-6528.35525762565,-6512.267192167558,-16.088093896932435,-6528.356320558118,0.0010629324679030105
2964,27.531207406601098,0.0,-18.001709479881026,4,-44.132894755330305,-10757.558223829195,-10734.684431632943,-22.87379077423376,-10757.56545917602,0.007235346824018052
2965,86.94672742075619,0.0,69.3152063211115,4,-48.60125378626601,-11915.670070952128,-11940.284871681826,24.61479143774672,-11915.691545748385,0.02147479625637061
2966,-114.30652619958362,0.0,32.282934539774004,4,-57.085865822438706,-6026.297779361461,-6009.579410621526,-16.718380264232216,-6026.289718750377,-0.00806061108414724
2967,4.3935776512171545,0.0,-88.17036618149666,4,-35.99010872808097,-10828.513750283582,-10805.807265681085,-22.70647797817904,-10828.527114693248,0.013364409665882704
2968,72.3903710838076,0.0,28.981696044682252,4,-46.359853606172514,-11128.331543971337,-11091.216514388349,-37.11505682830962,-11128.29008792949,-0.041456041846686276
2969,155.84382942535646,0.0,-115.07900925890257,4,-27.3434559393609,-12041.472205601696,-12042.53664296275,1.064423130762351,-12041.522224129714,0.05001852801797213
2970,-123.35726757775991,0.0,43.11692478616024,4,-58.99940282733649,-5212.903574760158,-5196.3143979330525,-16.589163858347614,-5212.905734127971,0.002159367812964774
2971,4.90695470047786,0.0,-173.0805367760136,4,-27.30531616790412,-11138.261607191122,-11121.08678449289,-17.17483510398145,-11138.251992964471,-0.009614226650228375
2972,-72.86261443860039,0.0,-54.11120151010537,4,-41.95956783722642,-9482.80630804438,-9463.058091670984,-19.74818487351593,-9482.798293453025,-0.008014591356186429
2973,-11.520152196263014,0.0,-67.46452511326916,4,-39.068740764655324,-10590.356040809538,-10569.792866018954,-20.56319187366158,-10590.377068335607,0.021027526068792213
2974,-37.834597925720736,0.0,-176.7470421786789,4,-27.454802457857312,-10823.260711700566,-10801.15214785572,-22.108557382149677,-10823.302215392552,0.04150369198578119
2975,22.77920753098649,0.0,-96.91385621434141,4,-34.35121983509898,-11060.242766218707,-11042.775029737282,-17.46774727949746,-11060.265236973628,0.022470754920504987
2976,105.77030615330635,0.0,-92.1067898574184,4,-31.12904733415308,-12122.791042643385,-12141.018560597306,18.22751363561031,-12122.7070824577,-0.08396018568419095
2977,-4.029481208086037,0.0,84.02444445087401,4,-61.07709383623848,-9053.394784726474,-9038.520125700712,-14.874669528720432,-9053.412633916096,0.01784918962221127
2978,-113.3925764862467,0.0,85.59020126754805,4,-69.07271131452168,-3562.7401704177473,-3549.3317953665087,-13.408392658016135,-3562.7424035206973,0.0022331029499582655
2979,-4.766321176079203,0.0,-26.950067928107714,4,-44.572556531292065,-10414.378840943802,-10392.959152362082,-21.41966191304495,-10414.369704914036,-0.00913602976652328
2980,11.623169041252511,0.0,89.24468148305421,4,-59.74783477668427,-9548.086286707363,-9534.37958517517,-13.706677182526516,-9548.109047714126,0.02276100676317583
2981,-97.42185281910452,0.0,-124.53257990794641,4,-32.54752354378062,-9946.711854610856,-9926.056591225984,-20.655269438451125,-9946.709983330977,-0.0018712798791966634
2982,38.12150598327893,0.0,-39.50430527023555,4,-40.58589601394334,-11012.189911486796,-10996.394725282456,-15.795185718558725,-11012.205434742156,0.015523255360676558
2983,-53.74452414338018,0.0,-134.79404928203854,4,-31.54904453955182,-10513.285268366053,-10492.561781593475,-20.723495885026377,-10513.301552886453,0.016284520399494795
2984,10.89475091455243,0.0,36.32069343057804,4,-53.07718377595852,-10167.886970356974,-10147.637303553975,-20.24964442341386,-10167.886927246767,-4.311020711611491e-5
2985,51.35759741904146,0.0,-163.06036590892197,4,-27.241769467177626,-11323.371352920327,-11288.963843485397,-34.40749384260166,-11323.474795858587,0.10344293825983186
2986,23.057319579989024,0.0,5.6808681733353055,4,-47.71875960075876,-10595.737434817773,-10574.620601581084,-21.116860332145336,-10595.748279321142,0.010844503369298764
2987,12.457296007205864,0.0,68.45392678753201,4,-57.3598283695055,-9822.700138432687,-9804.335183612098,-18.364955690137137,-9822.703391420411,0.00325298772440874
2988,6.002196678524492,0.0,9.679686363458003,4,-49.488846443065704,-10309.690249672605,-10287.81492698848,-21.875272464885587,-10309.684573779698,-0.005675892907675006
2989,-7.961259605255285,0.0,129.87066410040546,4,-66.79289277355785,-7987.633833654724,-8021.368696452285,33.7348658011823,-7987.634046173778,0.00021251905400276883
2990,-74.15577078888005,0.0,15.201085845390992,4,-53.97415798879126,-8073.2520388484145,-8054.133409895738,-19.118630682384026,-8073.2493881798555,-0.002650668558999314
2991,-2.2563245738215416,0.0,28.56970351112011,4,-52.99215450172887,-9937.890587405376,-9919.508185218134,-18.382418768256006,-9937.889935407136,-0.0006519982398458524
2992,-85.56401889518376,0.0,120.19273053141578,4,-75.86548044365284,-3336.9819233962066,-3330.7387939371642,-6.2431120516005025,-3336.9909686419633,0.009045245756624354
2993,46.4578146975982,0.0,-74.70137799776002,4,-35.820318635699856,-11306.263327439277,-11289.369372648234,-16.89395074591531,-11306.299012337939,0.03568489866120217
2994,121.26439717116274,0.0,-4.7652859187816246,4,-38.441420494923335,-12114.717146100435,-12121.054579564105,6.33739954196987,-12114.738002220496,0.02085612006158044
2995,-6.685787894830456,0.0,32.28297838494719,4,-53.907872388828046,-9779.950888256377,-9761.97333265594,-17.97755070388924,-9779.954178562964,0.0032903065875871107
2996,-31.80461475046033,0.0,17.21387854171597,4,-53.007106101182416,-9326.608400586794,-9308.19048107927,-18.417909000386288,-9326.60925211809,0.0008515312965755584
2997,32.47031949653488,0.0,57.80563126749563,4,-53.813374650746475,-10419.470042780484,-10397.52052964955,-21.949520540968653,-10419.475359425087,0.00531664460322645
2998,22.642657376555963,0.0,116.17222619767429,4,-61.41918839883041,-9722.275932460687,-9709.48604484732,-12.78987301564597,-9722.263148987136,-0.012783473550371127
2999,126.78309063543095,0.0,31.046549703847063,4,-41.277617248109095,-12087.285135534172,-12080.710288216895,-6.574857093413836,-12087.297758963636,0.012623429463928915
3000,80.49074203075456,0.0,-17.456500612000916,4,-40.20918211610482,-11631.340684729115,-11646.72882999352,15.388122823421297,-11631.393201318877,0.05251658976158069
3001,0.0965014298928855,0.0,70.65488347127237,4,-58.97480431085562,-9409.657580642217,-9393.540292422611,-16.117268370954587,-9409.669435415823,0.011854773605591618
3002,31.8395568893062,0.0,69.51475625747541,4,-55.22273026906085,-10334.771569368291,-10312.578465585259,-22.193070774035046,-10334.783193287403,0.01162391911202576
3003,-100.52317403211526,0.0,-110.14100812205099,4,-34.17410095269936,-9739.237455979759,-9719.402918531943,-19.834532562719897,-9739.25794500816,0.020489028400334064
3004,54.932935429424575,0.0,73.34748092538739,4,-52.932028217934814,-10772.382703268075,-10747.776343063486,-24.606329825213702,-10772.389169717637,0.006466449562140042
3005,-140.04521506384205,0.0,85.76273314184965,4,-67.9400839262916,-2112.333107941825,-2100.2396358163755,-12.0935163067624,-2112.3262074022255,-0.006900539599428157
3006,30.32683699202779,0.0,34.940408606231514,4,-51.14155764314937,-10530.531291558627,-10508.453760162347,-22.077560574175642,-10530.52261262427,-0.008678934356794343
3007,-164.9103464237451,0.0,-107.62331676877015,4,-33.119955659348086,-8640.557241248285,-8621.004526912187,-19.552688216510738,-8640.580234721292,0.022993473006863496
3008,135.68194850725567,0.0,-136.66191478079344,4,-26.53296008585776,-12149.579172334867,-12156.995129868155,7.41595219162541,-12149.57298936005,-0.006182974817420472
3009,-10.183883967278865,0.0,17.75838522109326,4,-51.83643147714127,-9879.9302205362,-9860.973239091825,-18.956990327064325,-9879.923258632662,-0.006961903538467595
3010,-163.54589476418997,0.0,-29.43468028124226,4,-43.38939522979042,-6732.926405900948,-6712.876685284498,-20.049721445672013,-6732.941312846556,0.014906945607435773
3011,129.52047254634948,0.0,-24.899734043234123,4,-35.98805807847652,-12122.947222159453,-12126.768859831074,3.8216171470480873,-12122.975627730339,0.028405570885297493
3012,16.733749855974892,0.0,11.042502563918381,4,-48.964453124980736,-10458.642819479477,-10437.617987642574,-21.024836069139702,-10458.64495206676,0.002132587282176246
3013,-106.46648551813294,0.0,56.7636956696281,4,-62.52709028734474,-5344.555272372764,-5329.652891461303,-14.902397159464956,-5344.5644833848455,0.009211012081323133
3014,-117.20781892731134,0.0,-41.96457792017928,4,-43.337624652925356,-8234.637243560215,-8214.64953157976,-19.987711341583562,-8234.652497865669,0.015254305453709094
3015,36.30633266206049,0.0,74.98591924007657,4,-55.26926482830617,-10401.90643014157,-10379.889359760535,-22.01707358354555,-10401.92799445206,0.021564310491157812
3016,79.63948892058457,0.0,-32.969145601845895,4,-38.54956887901411,-11632.691882413585,-11644.966783489197,12.274883389897704,-11632.76973986944,0.07785745585533732
3017,-92.48140927398701,0.0,-34.563566334800484,4,-45.010057183247056,-8683.593199131063,-8664.104995300902,-19.48819548549589,-8683.603134767258,0.009935636195223196
3018,9.76913577359412,0.0,5.130000913102154,4,-48.57376745189415,-10396.068626725639,-10374.517195088309,-21.551402490820063,-10396.078015264375,0.009388538735947805
3019,-106.28441967786733,0.0,57.880242785222215,4,-62.78126046141664,-5302.530410031933,-5287.829107987574,-14.70130604949056,-5302.551738112194,0.021328080260900606
3020,-61.93986730392897,0.0,172.23010495936333,4,-165.46007861529827,-11170.58762086469,-11164.70592081638,-5.881681401013788,-11170.600098205017,0.012477340327677666
3021,88.31992498477412,0.0,-98.30536473682226,4,-31.321393086758434,-12047.087860443471,-12069.834186485028,22.746333194240737,-12046.979331756993,-0.10852868647816649
3022,183.04688583270521,0.0,63.065575498589695,4,-39.00684417523875,-11662.357226287017,-11562.379942980993,-99.9772823539062,-11662.35662055875,-0.000605728266236838
3023,-89.90087908449708,0.0,-141.72766014261737,4,-30.766651739918398,-10192.577505706377,-10170.826112117622,-21.751352798160944,-10192.59500190515,0.017496198774097138
3024,141.59132841427436,0.0,-89.69301158362121,4,-29.78494236542139,-12133.093843959783,-12136.95407039201,3.860197206625489,-12133.092173836489,-0.001670123294388759
3025,100.52688772671841,0.0,-145.02051976205652,4,-27.044901212766913,-12107.586441793588,-12123.60314663092,16.016687455440486,-12107.752801785724,0.16635999213576724
3026,89.49840622683365,0.0,-17.33074942354668,4,-39.39971075625401,-11998.638386156363,-12028.769403285727,30.13102127261894,-11998.607233477811,-0.031152678551734425
3027,-84.4501462684641,0.0,-115.98946704887786,4,-33.607043098298384,-10042.512514401866,-10021.452962154888,-21.059548552250096,-10042.512703392948,0.00018899108181358315
3028,7.6782437704419,0.0,-17.09086525879563,4,-45.4161450028955,-10519.139226586787,-10498.505320153086,-20.633923426096025,-10519.137207247399,-0.0020193393884255784
3029,-142.08899754725417,0.0,48.84125536357224,4,-59.17840009181888,-4154.00413991403,-4138.775981334063,-15.228180279150358,-4153.994796476676,-0.009343437353891204
3030,48.53807365357922,0.0,-19.281202917226764,4,-42.43583312976331,-11122.555321535687,-11112.6124110871,-9.94292258901515,-11122.561675956804,0.006354421117066522
3031,13.509407177562345,0.0,-37.614846376452604,4,-42.18913308673588,-10712.147676760773,-10690.330488341344,-21.817201287921783,-10712.163664833584,0.015988072811524034
3032,127.97651744477751,0.0,81.88432775308645,4,-45.85540490628036,-12002.890215235217,-11930.07385012663,-72.81639496850444,-12002.904745721207,0.014530485990690067
3033,-2.7461887964477807,0.0,-180.69157343258127,4,-26.78899082471553,-11086.402023708237,-11067.265166354035,-19.136869527629305,-11086.43883583876,0.03681213052368548
3034,162.98839317847114,0.0,15.181834918892674,4,-36.99474698141299,-11915.672848584503,-11895.98637578167,-19.68645111791727,-11915.680112073125,0.00726348862190207
3035,-27.62990397041661,0.0,-8.595515475081557,4,-48.4266771140269,-9818.766191746712,-9799.306926196168,-19.459262179267398,-9818.758221153481,-0.007970593231220846
3036,2.2386936005304006,0.0,-101.03050252714287,4,-34.53479224131206,-10855.414774904006,-10832.581106904732,-22.833656685504817,-10855.429161449772,0.014386545766683412
3037,18.690701611926944,0.0,29.11948978300291,4,-51.39386260697212,-10367.221286892274,-10345.207340577525,-22.013911147431866,-10367.214652469222,-0.00663442305267381
3038,-83.58657263198198,0.0,-157.62163819209087,4,-29.23771176690837,-10357.572267525,-10335.917113482641,-21.655114356110445,-10357.584285734618,0.012018209617963294
3039,-31.109749355017726,0.0,79.97174587536631,4,-63.52512375183195,-8035.996966488844,-8020.829025274632,-15.167963147711786,-8035.996060707774,-0.0009057810702870484
3040,53.94613653495142,0.0,-121.8306906216299,4,-30.741012843204498,-11306.551141652715,-11272.337908062704,-34.213225777509834,-11306.633923839709,0.08278218699342688
3041,94.32072442478285,0.0,103.58738126580224,4,-52.06546346191911,-12007.541756150384,-11934.911524264426,-72.63022889497495,-12007.583341294645,0.04158514426126203
3042,-54.356772790367934,0.0,-103.47614990129127,4,-35.10753204725486,-10319.740441542512,-10297.897919472001,-21.842472217996704,-10319.74613875525,0.005697212738596136
3043,50.295557089116436,0.0,9.602899383861256,4,-46.040810034556166,-10979.60706349085,-10965.969410052387,-13.637644737540414,-10979.608070122471,0.001006631620839471
3044,26.024941342114058,0.0,-35.67950913460632,4,-41.82889329483825,-10816.199561240464,-10793.05607216679,-23.143476589819098,-10816.209880228344,0.010318987879145425
3045,11.05928791616703,0.0,-66.81480916369044,4,-38.422922999495846,-10805.042867184051,-10782.335135394056,-22.707728081975734,-10805.063827612912,0.020960428861144464
3046,-3.264899963038378,0.0,-43.074679400059146,4,-42.16782489574829,-10541.46036492085,-10520.887763579905,-20.572617184159927,-10541.45255597433,-0.007808946518707671
3047,-102.90740931273429,0.0,-60.50541860754794,4,-40.76973429462958,-8955.77438893585,-8936.182434880544,-19.591929895173067,-8955.782095505461,0.007706569611400482
3048,1.2404365410040745,0.0,-40.2874863398879,4,-42.374440585183166,-10584.08170961642,-10563.494903006003,-20.586824857283897,-10584.088877499076,0.007167882657086011
3049,11.623994774104808,0.0,140.02734949614472,4,-67.73262000746747,-9094.064308826122,-9147.336296359563,53.27196796777435,-9094.068449189483,0.0041403633604204515
3050,11.201808403867375,0.0,-8.385529053287677,4,-46.48924858846052,-10510.75045472751,-10490.079013568913,-20.671458513209267,-10510.74960376741,-0.0008509600993420463
3051,72.21258475499664,0.0,42.823219675244374,4,-47.8618006032349,-11119.17152678935,-11078.243451306307,-40.92810346737443,-11119.238203494793,0.06667670544266002
3052,89.76589842290434,0.0,67.42960106623808,4,-48.116193483846786,-11979.371967620933,-12001.013027795452,21.641059145212157,-11979.372923965711,0.0009563447783875745
3053,-79.20624003103559,0.0,181.46974436181526,2,-30.3444626455916,5418.558521828657,4405.2392759628365,1013.3192481843213,5418.547345200568,0.01117662808883324
3054,-154.3227588996519,0.0,-20.730647493930345,4,-45.27329603600161,-6681.480239216736,-6661.735025428894,-19.745210942244114,-6681.477489283211,-0.0027499335246830015
3055,71.08573956136098,0.0,32.08443984200594,4,-46.80530790980188,-11132.831827910157,-11092.612966416773,-40.21888550434455,-11132.834315225366,0.0024873152087820927
3056,-130.30691313470575,0.0,-130.04987022727838,4,-31.52113834268136,-9532.033641111408,-9512.425805616293,-19.60781274094492,-9532.065395967034,0.03175485562678659
3057,75.30288866318784,0.0,-48.21843135891606,4,-37.237900455039274,-11473.372749369766,-11470.477375082255,-2.895391239664183,-11473.316893760684,-0.055855609081845614
3058,-149.89981314749838,0.0,-11.289982580221519,4,-47.091744868324426,-6474.814189262393,-6455.527345187476,-19.28683706326324,-6474.813413864103,-0.0007753982899885159
3059,-123.36215598533694,0.0,-6.636883101647993,4,-49.144611345921575,-7110.307272944906,-7090.797843445835,-19.50941855551707,-7110.3082699767265,0.0009970318205887452
3060,-7.53219848530022,0.0,-13.906769369666245,4,-46.65047932361722,-10284.074473588227,-10262.316370917031,-21.758051085693268,-10284.070409240136,-0.004064348091560532
3061,-70.09823518875697,0.0,-1.6674255361700203,4,-50.799504415780156,-8587.029321519658,-8567.05755972556,-19.971774753325228,-8587.016311986832,-0.013009532825890346
3062,34.25801738493047,0.0,164.41112821066753,4,-91.01937321452556,-12115.851146820434,-11322.833941274454,-793.0171811991507,-12115.852028613452,0.000881793017470045
3063,38.90743082442942,0.0,1.107676464884428,4,-45.93289975563203,-10797.806929182521,-10775.049567556882,-22.757339976225953,-10797.81731086555,0.010381683028754196
3064,-14.666545993042153,0.0,21.2801636827046,4,-52.69785678230772,-9723.797614724195,-9704.840267967369,-18.957334979425745,-9723.81860959768,0.02099487348459661
3065,46.51771842878257,0.0,-10.162969560576949,4,-43.7991188825458,-11012.811001985086,-10999.35445214111,-13.45654889376886,-11012.802895445138,-0.008106539948130376
3066,106.16828931532423,0.0,114.99511759231711,4,-53.12218060966286,-12076.764235785995,-11881.007968419242,-195.75633004435696,-12076.779605029154,0.015369243159511825
3067,-14.754916160076563,0.0,-129.6190014743855,4,-31.72295058995158,-10828.034159926377,-10805.679906426949,-22.354248895968215,-10828.042802002443,0.00864207606537093
3068,8.028390608907195,0.0,-40.346730778301136,4,-42.06255470528977,-10669.022686110407,-10647.805897779463,-21.216804650955044,-10669.0196138494,-0.0030722610081284074
3069,103.40023838333535,0.0,92.42429670714355,4,-49.50482469644548,-12051.711929873141,-11994.200913006183,-57.51104458411217,-12051.704730666264,-0.00719920687697595
3070,-37.14572682632195,0.0,-157.77983317306771,4,-29.153859939067846,-10770.34342574338,-10748.665729426395,-21.677694601184946,-10770.348535881214,0.005110137833980843
3071,23.10137747022488,0.0,-11.342843121697518,4,-45.3175098470659,-10687.810565575543,-10665.878310955502,-21.93227151186702,-10687.822326124622,0.011760549079554039
3072,-24.547905750411143,0.0,-149.80944398402931,4,-29.81197407544815,-10826.024560993,-10803.789295993949,-22.23525976112541,-10826.041700617721,0.017139624720584834
3073,77.38992622279989,0.0,129.70154661107009,4,-59.859725801233985,-11934.094363243941,-11755.555204528033,-178.5391971711241,-11934.166734883605,0.07237163966419757
3074,144.64535463111082,0.0,34.559107888653,4,-40.037389893304876,-12006.532809458986,-11987.489777431047,-19.04301723852731,-12006.559137192668,0.02632773368168273
3075,-51.696169177381044,0.0,14.012757513362583,4,-53.28252309723536,-8800.3886717333,-8781.144046883837,-19.24463613199651,-8800.393220313703,0.004548580402115476
3076,37.65255884953139,0.0,76.89318330250475,4,-55.298082590554685,-10424.840897552474,-10402.765648298182,-22.075262422055868,-10424.827939252044,-0.01295830043090973
3077,15.026372715666936,0.0,48.120066579627235,4,-54.38306225954018,-10138.749577985824,-10118.815845225245,-19.933721898805874,-10138.755147430056,0.005569444232605747
3078,-66.37849007911717,0.0,151.46978799825445,4,-77.0291972201256,-3223.4657746294406,-3266.2187303290743,42.75295957195157,-3223.4873543408376,0.021579711396952916
3079,-94.08070581900391,0.0,143.52134850489307,4,-80.84294912381611,-1315.825685470399,-1319.61448881525,3.7888488774010693,-1315.8342237832826,0.00853831288350193
3080,-0.07531409582689885,0.0,17.784204507744406,4,-51.14924700469385,-10116.86887584083,-10096.727439366296,-20.141434770374264,-10116.884361411741,0.015485570911550894
3081,95.06275053439981,0.0,-91.68059541813813,4,-31.631299718924993,-12081.468217316746,-12102.05078820793,20.582571775167796,-12081.43535514587,-0.032862170875887387
3082,60.70329922642003,0.0,42.02409294369949,4,-48.83802820254692,-11129.08117153707,-11116.384114097758,-12.69707826014972,-11129.060870130192,-0.020301406877479167
3083,17.21702417487828,0.0,13.319721009621144,4,-49.258827053148636,-10450.29472849122,-10429.187812148204,-21.106917130607293,-10450.293906839843,-0.0008216513779188972
3084,52.86287087092364,0.0,77.9011043187551,4,-53.64534402473168,-10705.87488850816,-10678.967410563897,-26.907450028223163,-10705.884627764137,0.009739255976455752
3085,-40.12673078113098,0.0,73.59735924692451,4,-63.373086441152154,-7803.829287918672,-7788.6615935059945,-15.167730728461791,-7803.840676974985,0.011389056313419132
3086,73.85481922624027,0.0,21.698853101995205,4,-45.41399732505971,-11160.725408305816,-11132.864380480112,-27.861057828352283,-11160.708204512159,-0.017203793657245114
3087,-5.025731269529311,0.0,185.83708782001838,4,-93.28846987477108,-6946.578811022546,-4300.787106882818,-2645.7916480686613,-6946.546284051776,-0.03252697077004996
3088,-2.2638225304441977,0.0,82.45793409668913,4,-60.69286726944263,-9140.733828230363,-9126.741204125274,-13.99263549143653,-9140.735258834286,0.0014306039229268208
3089,65.61389982205912,0.0,-23.74049780793654,4,-40.75415039318952,-11199.139249351218,-11161.616059286904,-37.52319239429398,-11199.138320859081,-0.000928492136154091
3090,-61.5157200432317,0.0,-62.99296918075432,4,-40.582663014950896,-9826.196408498356,-9806.447444693129,-19.74896551909521,-9826.209937243726,0.013528745370422257
3091,46.73655755844222,0.0,-23.81952766071498,4,-41.99425742915848,-11105.492340193987,-11094.858279095939,-10.634072703651995,-11105.48848097449,-0.0038592194960074266
3092,65.36343300898498,0.0,-40.16054617127158,4,-38.87070790297373,-11202.985882913961,-11165.714666005066,-37.27122225985325,-11203.01433406266,0.02845114869887766
3093,13.884308506794781,0.0,120.44499187679209,4,-62.631035794267866,-9276.692119881132,-9279.72547546202,3.033339860223527,-9276.717941164798,0.025821283665209194
3094,-51.094249048324585,0.0,-52.24925859539819,4,-42.077826177324596,-9890.06900780049,-9870.228810173034,-19.840206069838022,-9890.074807382942,0.005799582451800234
3095,-11.655808814485669,0.0,198.70397740769633,4,-132.55503062400416,3309.1919118076275,4739.630000836495,-1430.4380704696075,3309.169920449315,0.02199135831233434
3096,47.616999133164356,0.0,80.9847722335833,4,-54.55453380860966,-10607.10988256453,-10581.137174805823,-25.972719119145502,-10607.119728679349,0.009846114819083596
3097,77.32875828990208,0.0,-8.716180366995166,4,-41.53932613813829,-11428.88084250026,-11428.841970573552,-0.038898293233862485,-11428.941664906892,0.06082240663090488
3098,-17.39639297463125,0.0,-131.3171132854902,4,-31.582496613919506,-10816.231282018724,-10793.99453984061,-22.236738078660057,-10816.23828719094,0.007005172215940547
3099,4.519638980062153,0.0,-9.845860497394357,4,-46.66087529491612,-10424.520115242442,-10403.218430256771,-21.30166416674052,-10424.52498410678,0.00486886433827749
3100,49.46834388266906,0.0,-97.89508820416103,4,-33.2157240099802,-11325.703413827388,-11299.718564766294,-25.98483649368624,-11325.670260419849,-0.03315340753943019
3101,157.61178025589055,0.0,-3.319142897134004,4,-35.942001902101765,-11961.252075772045,-11949.943714259458,-11.308349452099986,-11961.262735037766,0.010659265721187694
3102,5.965681281477992,0.0,8.765529976293788,4,-49.35385651473992,-10316.056357924059,-10294.165445026136,-21.890863070309692,-10316.07206386262,0.01570593856195046
3103,-94.73281589852924,0.0,-131.7822696126466,4,-31.77655005289221,-10052.80345617388,-10031.622234535529,-21.181213841157202,-10052.797555764972,-0.005900408908928512
3104,-18.190400378170896,0.0,52.06369105808671,4,-58.00856278225899,-9118.135006024197,-9100.517343092724,-17.6176625840667,-9118.147450853536,0.012444829339074204
3105,157.39985551511126,0.0,108.80272935165141,4,-46.92873664330113,-11563.36264976079,-11239.912887946924,-323.44977198262825,-11563.373941479731,0.011291718941720319
3106,25.463360565320432,0.0,147.8297457171339,4,-71.37326724631887,-10203.748469674514,-10116.355340912098,-87.3930630711811,-10203.751246113414,0.0027764388996729394
3107,-14.725200658552389,0.0,-150.99082562534014,4,-29.59067637967615,-10889.45864947068,-10866.756363028724,-22.702276846774094,-10889.494483389148,0.03583391846768791
3108,86.06766544134099,0.0,32.507299780532655,4,-45.070047933254784,-11855.10560317004,-11888.936390868519,33.83077388362342,-11855.087354379293,-0.018248790745929
3109,-32.08201121497918,0.0,-106.21503967144504,4,-34.5789360570303,-10579.969768248739,-10559.42072873011,-20.549054725498266,-10579.970419354186,0.0006511054471047828
3110,-91.30545054259606,0.0,-109.71875660710386,4,-34.306219310893496,-9877.504688698922,-9857.237619358928,-20.26707687749901,-9877.523663442345,0.018974743423314067
3111,183.709020358475,0.0,-47.31551136045301,4,-30.946031954985987,-11863.574485989722,-11851.808119044572,-11.766370832265524,-11863.572890749414,-0.0015952403082337696
3112,23.636611368775704,0.0,15.5859563420552,4,-49.07993778018987,-10540.05097255937,-10519.047649450782,-21.003347511214837,-10540.066760196276,0.015787636906679836
3113,-18.693272765941455,0.0,-166.69571580281658,4,-28.190530624528517,-10907.243828740893,-10884.52944586003,-22.71437540883269,-10907.262100035663,0.018271294769874658
3114,84.2262947088236,0.0,-14.838888561453254,4,-40.12281806470997,-11827.055079036967,-11856.140339505446,29.085244613072884,-11827.015715860012,-0.039363176954793744
3115,-26.6381132641014,0.0,-31.625333293492023,4,-44.68238080837643,-10118.520731990735,-10097.725525813748,-20.795198444047912,-10118.519419423541,-0.001312567193963332
3116,-48.33164960238394,0.0,-97.35332477195341,4,-35.826315727983626,-10346.955218222467,-10325.19307897316,-21.762094149441843,-10346.955693630214,0.00047540774721710477
3117,25.5678865057296,0.0,70.23138926789248,4,-56.039581736823976,-10192.207199238665,-10171.186931705743,-21.020237004148186,-10192.205252301663,-0.0019469370017759502
3118,99.88120463105814,0.0,-133.82977188922237,4,-27.91484712690017,-12103.841584106081,-12120.570233381875,16.728634246678734,-12103.83880264391,-0.002781462171697058
3119,-140.72535918511127,0.0,-31.370085111191912,4,-44.197616226846414,-7378.4363060118085,-7357.854536318789,-20.5817703019319,-7378.437007777759,0.0007017659509074292
3120,74.8568218604071,0.0,113.71224818546851,4,-56.15200886129142,-11374.556522499724,-11302.574542798282,-71.98201121112899,-11374.59289799128,0.036375491556100314
3121,98.54493291060056,0.0,-9.905324850587965,4,-39.54540065368697,-12065.705583988896,-12091.111375485298,25.405816083693846,-12065.697610189629,-0.007973799267347204
3122,-70.29235238612686,0.0,22.251815584316468,4,-55.28272667322405,-8017.850675413198,-7999.591539528267,-18.259144330135552,-8017.8468831219,-0.0037922912979411194
3123,23.889701821557562,0.0,52.33998371776488,4,-54.04863194128574,-10294.840407245634,-10272.721316217252,-22.119044206475564,-10294.84963210861,0.009224862975315773
3124,51.25880972188326,0.0,45.67626482734413,4,-50.38611963014821,-10797.707163576793,-10775.374884501154,-22.332251867405642,-10797.722161775651,0.014998198857938405
3125,-81.67996185850733,0.0,82.07133073109902,4,-67.7999810036905,-5466.387052775951,-5453.368999775453,-13.018058564422251,-5466.38765839213,0.0006056161792002968
3126,21.86575167412096,0.0,-8.33561329195149,4,-45.81585254913226,-10659.819260145186,-10638.243710629324,-21.575572133327892,-10659.822960899102,0.0037007539158366853
3127,-6.689266321781858,0.0,-179.3430247632739,4,-26.95630572085896,-11041.741483405356,-11021.227728429147,-20.513765311040498,-11041.752751514752,0.011268109396041837
3128,-110.76506877350097,0.0,45.974788301415906,4,-60.06471986752437,-5620.266382676703,-5603.883182293497,-16.38319806660747,-5620.276708750666,0.010326073963369709
3129,-15.172983833763505,0.0,-198.60462079538084,4,-25.51518350568475,-11024.869977482324,-11003.584223066344,-21.285763446080047,-11024.885984317012,0.016006834688596427
3130,8.896626463264225,0.0,-14.47421490705395,4,-45.73138500618333,-10518.889311271078,-10498.253071828234,-20.63625684422517,-10518.891256745108,0.0019454740304354345
3131,-95.44872629520782,0.0,60.844860196527435,4,-63.50402447857161,-5683.122373831808,-5668.40346730427,-14.71889698100708,-5683.129460995075,0.007087163266987773
3132,-44.084003709885714,0.0,-26.99471923044123,4,-45.92892955714953,-9703.013430423069,-9683.419286068258,-19.59412762307976,-9703.016660489038,0.0032300659695465583
3133,12.91767797405939,0.0,-43.20537000134867,4,-41.45380594172122,-10730.5561909608,-10708.550415569189,-22.005787272888266,-10730.562093094559,0.005902133758354466
3134,-16.060666804296986,0.0,-92.80708787599426,4,-35.918477298244795,-10680.329509880517,-10659.304754859528,-21.024765655826503,-10680.333385536613,0.003875656095260638
3135,-61.1967214253095,0.0,8.725293839280084,4,-52.5616083109966,-8627.462362221087,-8607.602740889168,-19.859636135033927,-8627.447694450799,-0.014667770288724569
3136,-14.769122886055428,0.0,10.766480651536929,4,-50.982847880326105,-9860.795052231018,-9841.584646043817,-19.210410832358047,-9860.791782887281,-0.003269343736974406
3137,12.65001867703163,0.0,87.99874238743601,4,-59.50540441746111,-9599.322899868683,-9584.72336570981,-14.599508533411374,-9599.32552327483,0.0026234061479044612
3138,-35.17680856254474,0.0,15.90449641673991,4,-52.94906601998004,-9252.026271206556,-9233.643499624754,-18.382768091132235,-9252.027014808364,0.0007436018076987239
3139,12.68236702152183,0.0,49.68230998056947,4,-54.83988099940813,-10059.365734865856,-10040.372368385413,-18.993377296881206,-10059.367008854932,0.0012739890753437066
3140,-39.70492121632301,0.0,-15.337378442448689,4,-47.73756451368183,-9637.578184815835,-9617.83805155911,-19.74011025732134,-9637.589380988815,0.011196172979907715
3141,-50.28957960101006,0.0,-31.522647824207027,4,-45.3228569786372,-9631.601422203483,-9611.920218066653,-19.681181076984796,-9631.605091894722,0.0036696912393381353
3142,-67.51117977995051,0.0,-35.49096556267609,4,-44.890780856741266,-9309.43344665178,-9289.621526395016,-19.8118929118292,-9309.443087414786,0.009640763006245834
3143,16.61560915656228,0.0,60.99892357551493,4,-55.95633523533879,-10033.948253446299,-10015.010811034123,-18.93745757998349,-10033.967556454869,0.019303008570204838
3144,12.03643085759458,0.0,83.29708574515317,4,-59.07716065646858,-9643.178905213095,-9628.644155092927,-14.534723524817148,-9643.202347565662,0.023442352567144553
3145,-38.62055337630677,0.0,11.955233330232735,4,-52.41201908579378,-9224.027672834836,-9205.400553377443,-18.6271157076049,-9224.038767085167,0.011094250330643263
3146,-184.50886137100036,0.0,-61.8858619087928,4,-37.75931991709956,-7232.559123912738,-7211.8972916870425,-20.661824664400115,-7232.565010751459,0.005886838721380627
3147,-78.84789776103122,0.0,32.93512935976149,4,-57.51766180350191,-7400.61846485741,-7383.7682709931,-16.85020160015012,-7400.614156388517,-0.0043084688932140125
3148,52.621781889891594,0.0,96.52002596986601,4,-55.7625136130702,-10646.503901999067,-10614.590172120294,-31.913717495759315,-10646.52188150938,0.017979510312216007
3149,-25.29204197161333,0.0,-98.25640321944498,4,-35.43125881697782,-10610.190172365637,-10589.597217383316,-20.592971404114415,-10610.209896364293,0.01972399865553598
3150,77.69779015555771,0.0,-41.27948421788749,4,-37.8013457721605,-11561.677121674973,-11566.884783550586,5.20764485906942,-11561.655243333986,-0.021878340987314004
3151,-1.9630432064261394,0.0,59.9687190889574,4,-57.72146235606646,-9512.214480412043,-9494.538202752488,-17.676247420659056,-9512.227492233495,0.013011821451073047
3152,32.50283834754636,0.0,-22.267270230944565,4,-43.24300035589097,-10827.736346035344,-10804.821420473545,-22.914906707892897,-10827.746538130263,0.010192094918238581
3153,-10.63210801477006,0.0,145.70446221572752,4,-70.8724304232968,-7565.060623845152,-7702.152788510082,137.09219873796792,-7565.041358004047,-0.019265841105152504
3154,144.04178038298963,0.0,95.90634222395937,4,-46.03707835569733,-11875.060099712133,-11703.524716997412,-171.53537843702082,-11875.055228842823,-0.004870869310252601
3155,-124.26296212743746,0.0,-148.28419514673897,4,-29.773121815981558,-9829.497405914206,-9809.214771263554,-20.282639370651733,-9829.509125631765,0.011719717558662524
3156,-41.14211600612218,0.0,86.73876277776088,4,-65.60757019802394,-7374.881849137457,-7360.574445032212,-14.307404319371633,-7374.902010821125,0.02016168366844795
3157,84.76360353199566,0.0,61.683930186699705,4,-48.13376456099493,-11798.9805327773,-11827.80196346914,28.821415241969678,-11798.910090516318,-0.0704422609815083
3158,-162.0624871889265,0.0,27.526899391272625,4,-53.28296999375369,-4469.845278692037,-4452.379934936775,-17.465337153495376,-4469.838345572848,-0.0069331191889432375
3159,77.65339683829926,0.0,45.062724389541565,4,-47.484751875115464,-11279.466237454908,-11268.129318262121,-11.336957777683965,-11279.485185356283,0.018947901375213405
3160,-60.21068911231156,0.0,-67.98623650424572,4,-39.84798844818969,-9911.291483165107,-9891.229270243088,-20.062221906377236,-9911.281015607556,-0.010467557551237405
3161,-24.844524174079805,0.0,66.12489772687344,4,-60.77863521765412,-8624.242221697692,-8607.41827545707,-16.82396527087316,-8624.251843733466,0.00962203577364562
3162,-0.70927172182797,0.0,44.64418526478683,4,-55.340389277982,-9770.336322043502,-9752.32809388513,-18.008223312278048,-9770.334347840946,-0.0019742025560844922
3163,149.23895098207456,0.0,45.51753422347572,4,-40.52972794145126,-11993.75044590974,-11961.797759670573,-31.952638044889653,-11993.774811863976,0.02436595423569088
3164,-1.1396723623966374,0.0,-50.61549258251998,4,-41.0198470177616,-10617.560461799732,-10596.859467146007,-20.701012039027123,-10617.5705016022,0.010039802467872505
3165,-71.167294846754,0.0,-131.25301702609303,4,-31.9428912639697,-10319.249457817268,-10297.42699108809,-21.822417742220562,-10319.288472079515,0.03901426224729221
3166,-15.94547095692897,0.0,40.071326981826,4,-55.86471506296311,-9406.01775639331,-9389.054310944664,-16.9634293806265,-9406.022585923361,0.004829530051210895
3167,-151.90265401272765,0.0,-84.18434066451303,4,-36.28078948082118,-8414.207189479706,-8394.71275529808,-19.494422037421668,-8414.204316696494,-0.002872783212296781
3168,-121.80332146330531,0.0,52.36806405372086,4,-61.09884258374782,-4851.0843352052625,-4835.965088814604,-15.119281429782271,-4851.084411058526,7.585326329717645e-5
3169,155.41899221293252,0.0,-83.67713671400288,4,-29.65973224428102,-11977.273412895222,-11977.358630771054,0.08522981835434891,-11977.274107619514,0.000694724292770843
3170,-145.02483998175788,0.0,-129.48577385013812,4,-31.297440972480132,-9306.128903754234,-9286.47658399728,-19.65229018814447,-9306.162835902087,0.03393214785319287
3171,-67.41464359258858,0.0,33.21943145374562,4,-57.3594850511308,-7820.409199309494,-7803.483156539833,-16.926060198577268,-7820.408549849546,-0.0006494599483630736
3172,160.54457442825307,0.0,-36.20921906554583,4,-33.104270743941086,-11981.02425992718,-11974.444868806642,-6.579366720895347,-11981.032514091572,0.00825416439147375
3173,-75.39836363571321,0.0,-116.52262311333307,4,-33.57717804783351,-10166.62898960643,-10145.023929019948,-21.60502590005164,-10166.637053248678,0.008063642248089309
3174,-39.726027881812456,0.0,147.69576714465666,4,-73.45138220563906,-5470.746672235376,-5549.549039711697,78.80243244237646,-5470.733615452484,-0.01305678289190837
3175,60.51589467299288,0.0,85.22162581299689,4,-53.44096100437305,-10947.327105463191,-10925.367598520701,-21.95949515340963,-10947.32470727217,-0.002398191021711682
3176,-137.27934281871464,0.0,0.48202699076522204,4,-49.83634849301637,-6432.549308304121,-6413.73016878643,-18.81913093313837,-6432.562853561465,0.013545257344048878
3177,-30.73382796341567,0.0,-2.7586876880541134,4,-49.529385404715015,-9667.470539717535,-9647.768731808384,-19.701787373853055,-9667.469562269125,-0.0009774484096851666
3178,13.163019131441022,0.0,-56.37353608521357,4,-39.691380630766716,-10783.603620818092,-10761.02249282309,-22.581128993841855,-10783.615058020929,0.011437202836532379
3179,72.71857219411588,0.0,-116.05094223518961,4,-30.545989303042344,-11542.058992429982,-11535.005619667247,-7.053365844883157,-11542.050441651525,-0.008550778456992703
3180,-188.01592542929527,0.0,-16.967070768979422,4,-43.73861274656438,-5666.978766250017,-5647.894720261033,-19.084018481961984,-5666.980811424484,0.002045174467639299
3181,-11.920167188891964,0.0,-3.0137958021483215,4,-48.58599965033289,-10095.78632339613,-10075.468722420586,-20.317602911409065,-10095.77817511226,-0.008148283870468731
3182,66.59155231094606,0.0,-65.49389348527724,4,-35.971650451774735,-11237.42538447724,-11207.672244591795,-29.75314720817008,-11237.398975852231,-0.02640862500811636
3183,-77.73700297368694,0.0,26.738619819761812,4,-56.27865420083998,-7624.3091891276545,-7606.798366418609,-17.510830944241327,-7624.323084968738,0.01389584108346753
3184,-15.48428415690822,0.0,-50.804316357358644,4,-41.49655634251354,-10433.45393143847,-10412.199534408019,-21.254376689131057,-10433.45922634437,0.005294905900882441
3185,65.29420700157745,0.0,-30.306202258030677,4,-40.00821324506253,-11202.342005488284,-11164.767555889095,-37.57445267248636,-11202.380234418428,0.03822893014330475
3186,39.44290916803643,0.0,-13.727277870390669,4,-43.9018786203053,-10883.032562227663,-10862.763203988598,-20.26933811466478,-10883.03678601695,0.0042237892866978655
3187,108.04743381085609,0.0,2.6404438973874345,4,-40.139469200969806,-12075.987501531514,-12091.799502726344,15.812002899694141,-12075.999652544344,0.012151012830145191
3188,9.609026547314734,0.0,-165.36554647673364,4,-27.882289541811886,-11161.270658606069,-11145.22313920472,-16.047530659578022,-11161.278601370976,0.007942764907056699
3189,-21.896038879582925,0.0,-17.256815695931625,4,-46.77705705436762,-10051.892650309614,-10031.703816095294,-20.188842336735327,-10051.90368213231,0.011031822696168092
3190,-17.21459237778485,0.0,-127.39244239918554,4,-31.99151603917466,-10805.354982004872,-10783.201004081611,-22.153974745286753,-10805.3838789437,0.028896938827529084
3191,61.917638148303325,0.0,-128.98793959668777,4,-29.86472187716608,-11283.234236516015,-11252.926776842558,-30.30745071184216,-11283.284740773,0.050504256985732354
3192,18.036340296301972,0.0,-44.29795603386723,4,-41.07843424163885,-10778.065628975519,-10755.365050904375,-22.700577806718243,-10778.077275723119,0.011646747600025265
3193,-16.821223213253425,0.0,12.991270955586376,4,-51.46825929136228,-9782.391177034538,-9763.121539762022,-19.26962901949566,-9782.39844416003,0.0072671254911256256
3194,-39.00772741662051,0.0,137.96916046632847,4,-71.64013922456766,-5860.5350774950075,-5895.733016956446,35.19800755579984,-5860.561374691951,0.026297196943232848
3195,-27.331505895454573,0.0,-84.46849973103802,4,-37.20229514975968,-10503.45550777659,-10482.701047897259,-20.75446770498273,-10503.470006303409,0.014498526817988022
3196,50.772733118493,0.0,-14.671002005328134,4,-42.842580843778705,-11152.188741164957,-11142.754583020791,-9.434170390487676,-11152.193839173176,0.005098008219647454
3197,118.98622067104398,0.0,40.72019967732296,4,-42.82574028265834,-12135.169424467265,-12131.01792373377,-4.151543787200349,-12135.189374112848,0.01994964558252832
3198,-37.90296741090363,0.0,-102.85137808624836,4,-35.057581419260984,-10494.93552975419,-10474.129198480701,-20.806336104365712,-10494.927878018507,-0.007651735682884464
3199,-70.19251497843675,0.0,176.28693289750922,2,-36.30709571403511,5416.313855007521,4385.2304217699875,1031.083436976073,5416.314431459458,-0.0005764519373769872
3200,-21.325112323918866,0.0,-10.293387226078837,4,-47.87577062484037,-9980.65476066124,-9960.917990180102,-19.736783116677035,-9980.64648493776,-0.008275723479528097
3201,-52.23071337847125,0.0,69.53018364537813,4,-63.64349060876382,-7373.178588027227,-7358.458833740762,-14.719782370060459,-7373.194296693906,0.01570866667861992
3202,31.040821914875252,0.0,-35.74944677529261,4,-41.53139215893639,-10872.91784173196,-10850.623145191254,-22.294681025875974,-10872.919139385147,0.0012976531870663166
3203,62.810087135145636,0.0,-54.786747994638205,4,-37.336663939598466,-11227.881432654982,-11190.584082501675,-37.29735248030928,-11227.929819435527,0.04838678054511547
3204,56.74575378093982,0.0,107.62302728018012,4,-56.92606194834452,-10752.258576245666,-10708.936011195612,-43.32254466765075,-10752.257764541218,-0.0008117044471873669
3205,-90.33470840169558,0.0,2.503324144870334,4,-51.582370064759445,-7882.196801995254,-7862.331917785868,-19.86488838546464,-7882.225303226892,0.028501231638074387
3206,-162.97162996408028,0.0,73.66510997445668,4,-62.81860619647178,-1820.8538107460085,-1806.0380940218274,-14.815715120417453,-1820.8601807504806,0.006370004472046276
3207,16.502494962768754,0.0,6.36214791711471,4,-48.299902788758445,-10488.110740399585,-10467.292983970457,-20.817771451650128,-10488.120676726468,0.009936326883689617
3208,61.587510095779606,0.0,-160.45640824883017,4,-27.21704260186456,-11324.533519587127,-11297.029135930807,-27.50436701803017,-11324.366471374411,-0.16704821271559922
3209,98.05238647276542,0.0,-92.91011853399452,4,-31.394333678241285,-12088.430217101959,-12108.144284931903,19.71406411611873,-12088.441093480744,0.010876378784814733
3210,-79.01059167841808,0.0,-16.215111686369674,4,-48.235195005987,-8647.635196594376,-8627.952270379197,-19.682932011417957,-8647.64436461354,0.009168019163553254
3211,48.2250511694845,0.0,168.53623667649043,4,-94.55254198276253,-8871.853792959235,-7449.617844180382,-1422.2359852114687,-8871.863488953104,0.009695993869172526
3212,-4.468526085761049,0.0,13.626323091041975,4,-50.797720355572714,-10065.762169743324,-10045.950608763193,-19.81157027044961,-10065.784369448107,0.022199704782906338
3213,18.862299936881758,0.0,-4.80819600405704,4,-46.5134501768828,-10601.144852995181,-10580.185679428954,-20.95919774804314,-10601.141091463838,-0.0037615313431160757
3214,87.37358128025825,0.0,-32.91662526965895,4,-37.877459954205115,-11976.449977903894,-12006.079110456714,29.629135621392127,-11976.393300469015,-0.05667743487902044
3215,116.28639741079051,0.0,-135.69700048909468,4,-27.223269605886387,-12182.98691311689,-12196.673573857783,13.686662927383821,-12183.09207894708,0.10516583018943493
3216,-70.4300426534165,0.0,-138.8631818705307,4,-31.140509455927777,-10372.43264444266,-10350.848911356976,-21.583697076054392,-10372.453464270504,0.02081982784329739
3217,94.50640080644747,0.0,38.086600071299955,4,-44.81131088974347,-12028.087886201389,-12054.526126231434,26.4382666808609,-12028.130334061578,0.04244786018898594
3218,56.56890901392148,0.0,23.440389399230252,4,-47.125657942379064,-11085.894188187907,-11075.556336898731,-10.337859832247995,-11085.885921588275,-0.008266599632406724
3219,7.02086639227092,0.0,-26.161517612212712,4,-44.127509101468924,-10571.321073384679,-10550.72667562195,-20.5944166868482,-10571.324272578824,0.003199194145054207
3220,2.5470472742450894,0.0,-10.645972761036996,4,-46.64678675182652,-10403.061775591916,-10381.555124113343,-21.506622069181805,-10403.067342369775,0.005566777859712602
3221,-43.010334763197676,0.0,-134.71089537447003,4,-31.494515705766656,-10621.831316195736,-10601.217247306839,-20.61408435683292,-10621.835733595593,0.004417399857629789
3222,-20.249024791623206,0.0,2.7830107524969523,4,-49.96919669989,-9837.037537394595,-9817.666014378949,-19.371522750536112,-9837.036463130684,-0.0010742639115051134
3223,48.559633463604364,0.0,105.86943794407208,4,-57.49291425652022,-10552.780940261948,-10519.076420746418,-33.70454028394767,-10552.768260428757,-0.01267983319121413
3224,78.93613769381002,0.0,76.03631828362872,4,-50.35856828165888,-11374.953828338232,-11367.346966982663,-7.606897282166849,-11374.82285567884,-0.13097265939177305
3225,-125.68836418382669,0.0,-100.15392950448472,4,-34.98755377163076,-9187.060450185716,-9167.286202306243,-19.774230152655427,-9187.093650191726,0.03320000600979256
3226,-109.15170747500669,0.0,153.7225098470257,4,-85.22314704018741,721.5478668429986,712.6971688419635,8.850730476629549,721.5435480660232,0.0043187769754240435
3227,13.174669423038488,0.0,153.20474065721686,4,-72.41859913678849,-9926.034958234635,-9888.51767641218,-37.51730401205452,-9926.013200372774,-0.021757861861260608
3228,-1.4257169104169412,0.0,-68.95322287539767,4,-38.56045224058117,-10710.91843659075,-10689.46010067615,-21.458343624397084,-10710.922637598302,0.004201007552183
3229,107.12760733476321,0.0,-33.63400074047397,4,-36.54699212814958,-12113.181287847534,-12132.069505329495,18.888218685396076,-12113.108327873462,-0.07295997407163668
3230,16.953405387581768,0.0,61.331278999551444,4,-55.961809369298486,-10039.84068336486,-10020.847288651134,-18.993409220143047,-10039.845735759753,0.005052394892118173
3231,-163.94766254128973,0.0,111.21771776599665,4,-72.6168624067762,1097.4579344372455,1108.924857992789,-11.466908846344838,1097.4552599662397,0.0026744710057755583
3232,28.854688829983623,0.0,-12.275816902251224,4,-44.83278768219678,-10746.35734066544,-10723.523189333326,-22.83415160301846,-10746.37338187361,0.01604120816955401
3233,-139.42482474291992,0.0,122.8777407670916,4,-78.6308557893728,607.5796593804862,617.3277676047132,-9.748081745772392,607.5745798031836,0.005079577302581129
3234,112.76325885333353,0.0,-52.995786084968174,4,-34.34533910729781,-12130.302316189898,-12145.219731233527,14.917408001985724,-12130.298543198907,-0.00377299099091033
3235,30.349320518135606,0.0,111.59900375862917,4,-60.16918936215059,-10062.495043323612,-10042.580482249925,-19.914568748994192,-10062.512060106861,0.01701678324934619
3236,-3.8570477480826186,0.0,9.646061429259143,4,-50.1268426347684,-10124.75613272825,-10104.372840625456,-20.383287435961577,-10124.74931429575,-0.006818432499130722
3237,37.14640585554453,0.0,-181.9110088215331,4,-26.036852984827828,-11368.015073571223,-11344.228421974361,-23.78663710784795,-11368.008497905033,-0.006575666189746698
3238,3.531379570542988,0.0,-127.91909842621028,4,-31.566963585826873,-10958.66842215298,-10936.367460332083,-22.300967039132964,-10958.670912584852,0.0024904318725020858
3239,187.30494813058073,0.0,-28.794618426467146,4,-32.0661890180896,-11797.112451811363,-11781.456831578695,-15.65561553821528,-11797.114277566827,0.0018257554638694273
3240,-68.37022417756965,0.0,59.550149003455054,4,-62.637208647794445,-6969.284750859176,-6954.069405293004,-15.215383635879009,-6969.297182148892,0.012431289716005267
3241,-129.58131475090764,0.0,-76.00336420127633,4,-38.00080789892585,-8691.70373224186,-8672.212142668635,-19.491563530220976,-8691.725275575167,0.021543333306908607
3242,-3.306573511318793,0.0,93.77985387065586,4,-62.046019685801404,-8929.296571815095,-8917.443025546836,-11.85356008727463,-8929.276906906474,-0.019664908621052746
3243,1.4256281837049358,0.0,159.64068984861916,4,-74.9405197680945,-10120.834199181465,-10021.460381922912,-99.37381043860829,-10120.852457426668,0.018258245203469414
3244,-5.645507087666952,0.0,-21.2568131005653,4,-45.45430649655733,-10365.099533202158,-10343.309799940987,-21.78969094506305,-10365.108793692385,0.00926049022746156
3245,-49.16820913871429,0.0,28.776545632778138,4,-55.86344116154599,-8580.496740636341,-8561.721950746443,-18.774789892946288,-8580.515913573588,0.019172937247276423
3246,83.13568002883673,0.0,60.20784401646117,4,-48.215224589433085,-11681.180783296788,-11705.326023831143,24.14521803951512,-11681.278008656911,0.09722536012304772
3247,-22.869798215607407,0.0,-13.008478585578885,4,-47.50301419222743,-9980.66156431624,-9960.892644759952,-19.768931912677925,-9980.676742047814,0.015177731573203346
3248,54.770500574087876,0.0,107.23870113550592,4,-57.073494220588124,-10685.071533121174,-10642.884471084943,-42.18704097427685,-10685.089276566086,0.017743444912412087
3249,-29.33510958347442,0.0,102.03145562611844,4,-66.37192313901254,-7528.889129442767,-7520.631631668998,-8.257485575773797,-7528.882820901689,-0.006308541077487462
3250,132.3379584026422,0.0,114.46767467578682,4,-50.531996279996626,-11815.990366310203,-11520.709198194267,-295.2811749494568,-11815.995521326622,0.00515501641893934
3251,25.993140679240938,0.0,97.49799209940926,4,-58.87464720494809,-9981.736540807673,-9963.382450453215,-18.354107340800066,-9981.763969714264,0.027428906591012492
3252,14.320616097598132,0.0,2.597638094629716,4,-47.90169917356045,-10480.745225772893,-10459.911575611475,-20.83366130987534,-10480.750459716832,0.00523394393894705
3253,-52.26095881631038,0.0,56.852824374973935,4,-61.27082878319938,-7754.179569018358,-7738.512452962237,-15.667136884200055,-7754.182081443961,0.0025124256026174407
3254,-158.55254664649453,0.0,36.94540578490808,4,-55.39443631458815,-4134.044376842039,-4117.035916853569,-17.00845228755418,-4134.034006050419,-0.010370791620516684
3255,-93.83612569951289,0.0,-47.61316473128331,4,-42.87280772751291,-8915.179446114425,-8895.703114302472,-19.476305132107974,-8915.168583108765,-0.010863005660212366
3256,-86.17509705574092,0.0,-103.53839423248914,4,-35.09084480137001,-9887.490362249122,-9867.226388342064,-20.26398180077644,-9887.492211557646,0.0018493085244699614
3257,23.077844755771157,0.0,4.0009317790096155,4,-47.478694581831846,-10606.343011911604,-10585.159964277484,-21.18307497931959,-10606.34434914053,0.001337228926786338
3258,-32.72950691141937,0.0,-52.32218004716716,4,-41.71776493933133,-10215.167425017475,-10193.620739093862,-21.546645841341046,-10215.182604255597,0.015179238122073002
3259,-36.017939888162644,0.0,13.302719778504342,4,-52.53080248967329,-9274.63407057296,-9256.02764322644,-18.606419318894144,-9274.634080226513,9.653553206590004e-6
3260,35.964412243916044,0.0,46.17388182505497,4,-52.01773160071012,-10563.135913994756,-10540.237130946995,-22.898820859314107,-10563.14530634784,0.009392353083967464
3261,61.664728342684505,0.0,54.677647944395844,4,-50.11525327815468,-11106.149647159244,-11092.617860709524,-13.531805228182606,-11106.120211551848,-0.029435607395498664
3262,-8.56459378418348,0.0,-68.48641523428623,4,-38.84265594586328,-10632.397359420538,-10611.66238463182,-20.734990809668503,-10632.397023068475,-0.00033635206273174845
3263,-117.18731881351448,0.0,68.41588391172301,4,-64.94537824879859,-4269.783744940502,-4256.3688840339855,-13.414881908654074,-4269.7870256646775,0.0032807241750560934
3264,-12.892358122441026,0.0,16.608285845832206,4,-51.823213784671104,-9829.38148372537,-9810.327596285766,-19.05388656323789,-9829.392654566689,0.011170841318744351
3265,60.22989158935676,0.0,-46.92336827545565,4,-38.338428090745005,-11257.299535101854,-11224.104557173045,-33.19497376909374,-11257.31890862186,0.019373520006411127
3266,29.904641354675643,0.0,-21.2841806514971,4,-43.54100250201738,-10794.647902219891,-10771.538099482405,-23.10979005703293,-10794.650163086531,0.002260866640426684
3267,61.35233983036125,0.0,163.30413380101422,4,-90.06489648316841,-9780.01785687063,-8488.325771533135,-1291.6921154380927,-9780.015573480048,-0.0022833905823063105
3268,-51.375048656469595,0.0,155.31935698670526,4,-77.51326534361931,-4148.082330466995,-4282.283038134416,134.20074522012933,-4148.113079403672,0.030748936676900485
3269,-3.320177388837438,0.0,-44.427159057184525,4,-41.97731116026952,-10549.627624789684,-10529.069123565974,-20.558517336643767,-10549.635118327365,0.0074935376815119525
3270,-101.76110010055037,0.0,0.7140991099299688,4,-51.10744531051129,-7565.141893321988,-7545.594112547426,-19.54777880704122,-7565.1507164776485,0.008823155660138582
3271,25.81754132068703,0.0,14.770132902005637,4,-48.788449728051326,-10580.382295910911,-10559.117965031925,-21.264359586667098,-10580.40158831413,0.019292403218059917
3272,11.483392033023069,0.0,148.7632178784666,4,-71.16191796597498,-9452.286755918616,-9500.059078170676,47.77232003685814,-9452.310697995714,0.023942077097672154
3273,-4.997391494876279,0.0,185.743198672339,4,-93.30204635107019,-7028.296136119213,-4399.113417865164,-2629.1826561619578,-7028.299168446494,0.0030323272812893265
3274,-126.76881374240773,0.0,22.199130121066705,4,-54.53334662977678,-5955.493146624879,-5938.252107239984,-17.241065726965005,-5955.509378108348,0.016231483468800434
3275,-98.2772828528781,0.0,-15.401662964563197,4,-48.21414266089352,-8100.7746795533385,-8080.205584600219,-20.569088655967835,-8100.778528398516,0.0038488451773446286
3276,99.31314721835201,0.0,96.34799731110348,4,-50.44083625307915,-12022.697325519171,-11962.351542569224,-60.345785848718016,-12022.693208453853,-0.004117065318496316
3277,182.00348931666736,0.0,-24.781895544232345,4,-32.67519320299254,-11836.935393041733,-11821.731693374933,-15.203700054158254,-11836.950009580889,0.014616539156122599
3278,3.741745162597366,0.0,38.6487204251049,4,-54.04919420247945,-9964.953893589503,-9947.015258024017,-17.93865239051035,-9964.97777528968,0.023881700177298626
3279,10.531062235607418,0.0,-7.202610601416801,4,-46.70475238145867,-10492.38319879248,-10471.629426518502,-20.753784931264363,-10492.391352790277,0.008153997796398471
3280,114.59094814687906,0.0,-82.75675003805864,4,-31.543317468540252,-12160.537829749283,-12174.960677763724,14.422843450458695,-12160.624198266438,0.08636851715527882
3281,-4.133089239532475,0.0,-24.795767381633592,4,-44.86360507083778,-10408.428282554421,-10386.957006314102,-21.471247550224167,-10408.434135816053,0.005853261631273199
3282,83.41358823080384,0.0,-81.60465181233937,4,-33.16318958592945,-11895.140038875252,-11915.48177618006,20.341742846169613,-11895.201306145698,0.061267270446478506
3283,-86.22952491233745,0.0,134.08073899929326,4,-78.36240045498361,-2499.637221352748,-2500.053401353584,0.4161877901571595,-2499.649086964789,0.01186561204121972
3284,102.62461658389311,0.0,-92.72504665827293,4,-31.214286679855466,-12103.756847391172,-12122.530859039642,18.774006715080876,-12103.896827880377,0.13998048920439032
3285,-75.46162240158002,0.0,-129.18244212515694,4,-32.1564201404556,-10260.904920610668,-10239.031083456895,-21.87378586161361,-10260.92229194465,0.01737133398091828
3286,-39.27640288806291,0.0,72.36375965519801,4,-63.08901641820682,-7876.036686251155,-7860.591500193502,-15.44522503105583,-7876.041739817152,0.005053565997513942
3287,11.643264131857356,0.0,48.776108666260555,4,-54.813832053444045,-10042.996565396299,-10024.200852583135,-18.795726011954805,-10043.003773257095,0.007207860795460874
3288,-18.546805933776806,0.0,77.96729722054853,4,-61.9121102386342,-8617.383317509657,-8602.286429450356,-15.096903491531885,-8617.390143278219,0.006825768561611767
3289,131.21083818119996,0.0,80.34914171536204,4,-45.37890700421687,-11992.133282823215,-11918.66228242474,-73.47102172180773,-11992.143171806105,0.009888982889606268
3290,16.802039888058932,0.0,25.242197786310587,4,-50.99915030838347,-10363.589527409355,-10341.636462175387,-21.953027952721087,-10363.596573701578,0.007046292223094497
3291,-38.464248240249134,0.0,-23.807159570978094,4,-46.30158303604995,-9781.738725312503,-9762.22183246991,-19.516884656474016,-9781.733133438403,-0.005591874099991401
3292,-48.22586773215293,0.0,-176.194419837103,4,-27.545964714502478,-10757.031918994824,-10735.543668875005,-21.488250082705452,-10757.023332967168,-0.008586027655837825
3293,-64.81893152849202,0.0,18.789141995418785,4,-54.494298862169266,-8295.001550735982,-8275.740912782507,-19.260628902027342,-8295.018813875515,0.017263139532587957
3294,-42.6465806191359,0.0,41.86263395020155,4,-57.936788619441565,-8512.110084308328,-8494.477303623382,-17.632779223969997,-8512.107009181915,-0.0030751264130230993
3295,-8.640455650767697,0.0,-19.314127103355702,4,-45.87644039651326,-10309.77603981607,-10287.922144991584,-21.85384247627577,-10309.783724391837,0.007684575766688795
3296,-45.262589247493835,0.0,-152.832484556906,4,-29.674706409345376,-10688.527887977807,-10667.579550342245,-20.948346896720277,-10688.531398718764,0.00351074095669901
3297,21.824387866342487,0.0,34.95127290057828,4,-51.93205846752638,-10379.574700458488,-10357.447206797071,-22.127465717608903,-10379.576405014155,0.0017045556669472717
3298,-62.737389703109734,0.0,90.26919878253514,4,-68.18762808657347,-6153.594254670884,-6140.436227151878,-13.157998923441804,-6153.597980434473,0.003725763589500275
3299,2.459143157420049,0.0,-112.94208741676505,4,-33.18943492691704,-10896.87418473394,-10873.903514263719,-22.970661574389457,-10896.890601532074,0.01641679813292285
3300,-109.87917797319699,0.0,58.91134844358289,4,-62.94871850336464,-5086.857960887446,-5072.446412994288,-14.411538093661418,-5086.869838189477,0.011877302031280124
3301,12.130020349143514,0.0,6.372832927000779,4,-48.603636429257655,-10421.447344842527,-10400.138437050917,-21.308890053969396,-10421.453726157162,0.006381314635291346
3302,-1.9488612956624431,0.0,-92.30882145040454,4,-35.66025359544432,-10796.308203714898,-10774.006973309857,-22.30122986488895,-10796.338598919501,0.030395204603337334
3303,90.29624204336116,0.0,15.273400155636532,4,-42.84476167108162,-11983.891472802592,-12015.570513637434,31.679045573745686,-11983.870017759682,-0.021455042910019984
3304,46.76744558836608,0.0,-40.85120559042193,4,-39.81803665079014,-11205.0559744092,-11195.245274788518,-9.810708761892533,-11205.055622167602,-0.0003522415991028538
3305,-127.04027876876332,0.0,-132.09333490073823,4,-31.361821169786474,-9605.652208141664,-9585.976433378088,-19.675759859990972,-9605.63720072207,-0.015007419593530358
3306,-109.69010538608104,0.0,115.37088973897896,4,-76.64419509105646,-1947.60785976292,-1937.380360508365,-10.22755815583216,-1947.611369982918,0.0035102199979064608
3307,-24.677145833575118,0.0,172.00096241710116,4,-87.89782743356204,-11987.50824530916,-11378.95883997735,-608.5493892497315,-11987.48492867407,-0.023316635089940974
3308,-98.6178661826406,0.0,-121.62390479792269,4,-32.86271605393104,-9899.239240090497,-9878.809483680487,-20.429763730673795,-9899.266962648644,0.027722558146706433
3309,-56.32483650518007,0.0,-133.01951787769494,4,-31.746985782755285,-10477.198212130945,-10456.281876075072,-20.91633479114614,-10477.200539804491,0.0023276735464605736
3310,-100.27882260335454,0.0,-3.2911836866178255,4,-50.3755016387611,-7728.7771335550715,-7708.8023805538205,-19.97475815551964,-7728.786209252196,0.009075697124899307
3311,-6.6211457578566275,0.0,68.34835392593034,4,-59.37915726120811,-9216.270575976638,-9199.575331004358,-16.69525278393851,-9216.281683183812,0.01110720717406366
3312,195.05283743992206,0.0,5.322342638540883,4,-33.90239045578619,-11722.631406070892,-11692.513872048514,-30.11750267197031,-11722.627197280175,-0.0042087907168024685
3313,-8.077791398957228,0.0,-39.37775915027042,4,-42.88745474833609,-10453.08101469224,-10431.994129118093,-21.086874501586713,-10453.07700876511,-0.0040059271286736475
3314,51.952688091300345,0.0,32.29571878102016,4,-48.725595239877805,-10885.52634532125,-10867.678019923489,-17.848301990007723,-10885.52639552932,5.020806929678656e-5
3315,-107.29150050133546,0.0,24.436719737313197,4,-55.65627340790828,-6595.460789410913,-6578.468274978528,-16.992539064926635,-6595.461976616691,0.0011872057775690337
3316,81.49467242153474,0.0,-64.42374669637249,4,-35.015345976631565,-11793.428700209513,-11810.750337948208,17.321635886301113,-11793.388322954757,-0.04037725475609477
3317,-16.86975810783286,0.0,12.567124652579365,4,-51.401208077047116,-9786.895767658443,-9767.621552332048,-19.27420751022758,-9786.882033670663,-0.013733987780142343
3318,-17.752333551577742,0.0,-7.738452251918442,4,-48.12326528105813,-10026.780520927565,-10006.851674313906,-19.928857945794128,-10026.797080469922,0.01655954235684476
3319,-141.33454895322842,0.0,-74.03479481185674,4,-37.93288627324496,-8410.32491269151,-8390.808253949941,-19.51665048589877,-8410.312427719877,-0.01248497163396678
3320,60.52424746270444,0.0,55.44845202579383,4,-50.343314314735515,-11059.353938787275,-11046.234082921097,-13.119866665655794,-11059.379113201738,0.02517441446252633
3321,-162.17447089394952,0.0,43.68749735519433,4,-56.45040712071409,-3643.4848848900597,-3627.7126884855497,-15.772185930119695,-3643.4984873273816,0.013602437321878824
3322,43.82579943864809,0.0,104.56235168434608,4,-57.75736054714109,-10461.078056400354,-10433.91590753681,-27.162184651910458,-10461.07797870276,-7.769759395159781e-5
3323,-163.1521377857621,0.0,-61.587399069393236,4,-38.792719674080125,-7665.0476794946935,-7644.736332287613,-20.31134032602689,-7665.0202647220885,-0.027414772604970494
3324,-163.1140495737942,0.0,-70.58174079849618,4,-37.61011438211195,-7887.063724853469,-7867.028841262856,-20.034880315314844,-7887.068932728523,0.005207875054111355
3325,-9.296648249034366,0.0,-79.4748225993563,4,-37.42908072309699,-10683.157897592178,-10662.055554926741,-21.102353377471932,-10683.152642335119,-0.0052552570596162695
3326,120.20661194570118,0.0,-67.2164092786447,4,-32.662302081123556,-12124.637239619275,-12135.715633840784,11.078382472968457,-12124.627728824811,-0.009510794463494676
3327,26.780896644030424,0.0,-104.82200005912608,4,-33.32756564700413,-11149.64207483667,-11135.770985139437,-13.871099018223513,-11149.67369531838,0.031620481709978776
3328,67.27765669169355,0.0,-105.957946534141,4,-31.769426562270418,-11351.581923596166,-11331.098246423091,-20.48367600978046,-11351.788200970503,0.20627737433642324
3329,77.80844568366813,0.0,114.31831524660961,4,-55.85092168512478,-11681.171041631893,-11621.449453696434,-59.7216158235579,-11681.263195838008,0.09215420611508307
3330,0.5290577231445089,0.0,-103.3644961428797,4,-34.308987103029,-10850.420289189087,-10827.654234125199,-22.76604500215324,-10850.418913020996,-0.001376168091155705
3331,16.724205046923796,0.0,52.53672717281558,4,-54.82083758399113,-10132.709891391445,-10112.763122433196,-19.946760620030776,-10132.709097531493,-0.0007938599519548006
3332,-52.071306906617785,0.0,30.90446020617522,4,-56.37611649019198,-8436.608608386778,-8418.386504581462,-18.22209445659885,-8436.622969044149,0.014360657371071284
3333,41.868323748375424,0.0,121.7915565303981,4,-61.34841951851713,-10441.856868587314,-10390.296857000574,-51.560041658927176,-10441.869862324656,0.01299373734218534
3334,-72.01873763873742,0.0,65.3536749237863,4,-63.928985260935605,-6610.488815138235,-6594.886003262499,-15.602839914973224,-6610.50292332504,0.01410818680506054
3335,-110.37352302440075,0.0,-57.426638336133905,4,-41.10192539906443,-8730.735481617992,-8711.2837106189,-19.45174682566852,-8730.735094723934,-0.00038689405846525915
3336,77.7461316963938,0.0,-72.87105531617055,4,-34.42094633871121,-11646.420944328793,-11652.211305256376,5.790356301792494,-11646.467306625362,0.046362296568986494
3337,-17.035572643743265,0.0,-57.803713957442035,4,-40.55548819432562,-10459.283125821772,-10438.237924980269,-21.045191910630642,-10459.293747319452,0.01062149768040399
3338,-8.906163173897964,0.0,-10.474483444279098,4,-47.248430674004894,-10231.259306276152,-10209.818488688928,-21.440776654210346,-10231.263612373075,0.004306096923755831
3339,-153.08588285079082,0.0,-61.440193060866335,4,-39.22945497468988,-7875.822453248667,-7855.689948598756,-20.132500095619623,-7875.831131385109,0.008678136441631068
3340,-145.94016689162058,0.0,5.519882751183031,4,-50.292725311067386,-5966.489518910265,-5948.302840094892,-18.186656855993103,-5966.495701608345,0.006182698080010596
3341,-23.371512791915446,0.0,13.233779041014861,4,-51.87700545861009,-9617.757920563103,-9598.337347221133,-19.420548831034086,-9617.77077502934,0.012854466236603912
3342,91.69363065584301,0.0,40.301625178449086,4,-45.29205087881642,-11998.202207832166,-12026.829955472844,28.627762080526576,-11998.197777510235,-0.004430321931067738
3343,-57.50610284323387,0.0,39.51654025084437,4,-58.246685960700596,-8019.400856488057,-8002.880047450915,-16.52083262850602,-8019.3973824241575,-0.0034740638993753237
3344,-95.85760193999307,0.0,22.049267015078513,4,-55.3454928902316,-7107.15876755619,-7089.471115764556,-17.68765986182173,-7107.159001765825,0.00023420963589160237
3345,-73.4960812468534,0.0,34.2282103656293,4,-57.68954006192918,-7565.2461382066585,-7548.376908452406,-16.869240597518854,-7565.233749014313,-0.012389192345835909
3346,32.24937753093467,0.0,57.85007203575494,4,-53.84338944603188,-10414.586313832235,-10392.630567338936,-21.95575135884244,-10414.598584802578,0.012270970342797227
3347,-33.062862743734996,0.0,33.4621825138987,4,-55.923972564447745,-8990.014140740292,-8972.48672438835,-17.527416789620258,-8990.004000579074,-0.010140161217350396
3348,-4.3585441975648225,0.0,-57.516876498640016,4,-40.18707602105472,-10618.887747182052,-10598.201717596296,-20.686046619977947,-10618.887740027485,-7.154567356337793e-6
3349,135.98732189470022,0.0,-22.89811446127916,4,-35.76037300099387,-12052.15281455886,-12052.182497529602,0.029676625999097504,-12052.17289559358,0.020081034719623858
3350,-174.3172836864806,0.0,-69.61336150757336,4,-37.26249010122032,-7638.088724224897,-7617.842591774061,-20.246125091680835,-7638.072179741563,-0.016544483334655524
3351,140.82812299012744,0.0,-135.98129220813655,4,-26.412744319995657,-12145.676258905085,-12151.592421383479,5.91615040813129,-12145.652325330457,-0.02393357462824497
3352,119.82775161192357,0.0,39.8305323911873,4,-42.669319805948206,-12133.82467237499,-12129.367622415442,-4.457091085032194,-12133.855266888517,0.030594513526011724
3353,14.069916417747342,0.0,-120.42030415440227,4,-32.07463698220878,-11048.806365611483,-11029.868218634327,-18.93815757704151,-11048.83670345644,0.03033784495710279
3354,3.664531044579317,0.0,-11.58947575904041,4,-46.44780967102852,-10424.554709512142,-10403.249931615552,-21.304756804529312,-10424.55834971419,0.003640202048700303
3355,-170.35471058379386,0.0,65.47533684505487,4,-60.205173572778165,-2038.7583201858138,-2024.2085346590138,-14.549779030760408,-2038.7611862135507,0.002866027736899923
3356,76.63042549151746,0.0,-121.84929801221301,4,-29.833426786197602,-11684.953336692395,-11686.066360049866,1.1130319037680245,-11684.96251490001,0.009178207614240819
3357,176.84271534646405,0.0,42.68120951339257,4,-37.92460633750896,-11844.65282690309,-11794.582861357478,-50.0699501762157,-11844.662399007244,0.009572104154358385
3358,-56.23860960094384,0.0,17.782711050026737,4,-54.09570765940456,-8588.733705244962,-8569.120428564385,-19.61328564863495,-8588.727985705309,-0.005719539653000538
3359,-14.127282180780595,0.0,-28.5388022754909,4,-44.70517844491816,-10299.865297726008,-10278.031429013523,-21.83381591978778,-10299.873249586512,0.007951860503453645
3360,-57.3492137267244,0.0,102.69210524320057,4,-69.7648787317581,-5981.193040867443,-5970.852389367665,-10.340601438106557,-5981.183761492502,-0.009279374941797869
3361,163.59358683972647,0.0,-40.205042093189775,4,-32.610024848920254,-11965.19405665922,-11957.993750100035,-7.200284284683499,-11965.212467985497,0.018411326276691398
3362,164.89415444441448,0.0,-83.18090906483872,4,-29.264158632975395,-11993.403371241597,-11991.286575746823,-2.116752550623411,-11993.400615893179,-0.0027553484178497456
3363,2.518353094095413,0.0,-36.08269935926888,4,-42.917774566195845,-10574.119492102554,-10553.54785047193,-20.571659711909657,-10574.135851659825,0.016359557270334335
3364,180.5619527490765,0.0,-32.43994268055743,4,-32.20316073660018,-11860.94317848117,-11847.6177507184,-13.325433343123919,-11860.94784861424,0.004670133070248994
3365,135.34085714001796,0.0,137.8670184976395,4,-57.10437844168945,-10896.985782271908,-10166.194791124803,-730.7909566409734,-10896.964255820174,-0.021526451733734575
3366,-126.49172410916451,0.0,-80.8342474682552,4,-37.42790124802458,-8846.0568500054,-8826.45564161464,-19.6011804188174,-8846.062730850443,0.005880845043066074
3367,5.876493856558086,0.0,120.62798084233778,4,-63.58522742204741,-8863.075987432474,-8868.262891768414,5.1868948021673384,-8863.095038552816,0.01905112034182821
3368,-6.5595919963173,0.0,-32.44424893266779,4,-43.83855954345936,-10427.217647579026,-10405.911055499346,-21.306569881214156,-10427.206381512875,-0.011266066150710685
3369,26.218366653714504,0.0,16.577712891544667,4,-49.00847230877038,-10575.346351640905,-10554.052522011798,-21.293858390629676,-10575.335860345791,-0.01049129511375213
3370,27.037268585108308,0.0,-67.24162351062643,4,-37.69274442055079,-10976.097205475719,-10956.565682431718,-19.53152273127984,-10976.108045839159,0.010840363440365763
3371,-8.694072179437738,0.0,174.92054156227525,4,-95.75758173408096,-12425.916159749237,-11112.25559169043,-1313.6605502491966,-12425.907280355972,-0.008879393264578539
3372,51.64662775534899,0.0,-12.655251888763328,4,-43.02671575758606,-11162.670460336532,-11153.220198610266,-9.450273912775964,-11162.672894980982,0.0024346444497496122
3373,-140.78454122340324,0.0,116.35270997737568,4,-76.53957813303343,171.26312693061863,182.56697441085652,-11.303872582372257,171.26844217522745,-0.005315244608823377
3374,65.92567516774342,0.0,159.4892007293105,4,-83.1823624401305,-11733.77933044987,-10683.871962393143,-1049.9073461859896,-11733.78455149135,0.00522104147967184
3375,-91.44183207870711,0.0,64.39811223896872,4,-64.2572796784436,-5723.601513039492,-5709.289626425078,-14.311865320038859,-5723.612512544793,0.010999505301697354
3376,51.08726202409034,0.0,-157.36335891233307,4,-27.706208496004262,-11325.681730868222,-11291.816693072431,-33.86502403183059,-11325.723307508322,0.0415766401001747
3377,-86.4050276746547,0.0,93.59405433271314,4,-70.45828000340572,-4677.9073548769775,-4664.6776251381325,-13.22969246927796,-4677.913441395592,0.006086518614210945
3378,60.61879953864125,0.0,6.094656916706104,4,-44.616886093165185,-11230.474082483875,-11210.646450942008,-19.82763725914475,-11230.49887438122,0.024791897343675373
3379,30.845077723121197,0.0,138.99565105075857,4,-67.97990677476001,-10258.029477969965,-10182.04129945219,-75.9881156983173,-10258.008973768403,-0.02050420156228938
3380,52.97716240438153,0.0,-21.319983130791677,4,-41.81695605771874,-11233.671283426213,-11221.35756366889,-12.313726113497932,-11233.694044063453,0.022760637240935466
3381,71.8816756573874,0.0,-29.242298498443493,4,-39.685961287384806,-11265.958638745742,-11245.858133031947,-20.10052525777155,-11265.962538020507,0.0038992747649899684
3382,-94.82710035747112,0.0,0.6442152236345018,4,-51.19098109175772,-7790.099985390802,-7770.2618564678705,-19.83813376535208,-7790.101277953523,0.0012925627206641366
3383,-75.24400874326321,0.0,-1.2988406239334598,4,-50.89999409702242,-8431.215120723007,-8410.919324931394,-20.29579844966373,-8431.240875833599,0.025755110591489938
3384,90.95872151856192,0.0,-176.72748602259867,4,-25.053172817992294,-12086.144041261883,-12102.79639993677,16.652341960937825,-12086.233669519928,0.08962825804519525
3385,-116.61004309470215,0.0,122.38965289661195,4,-78.69494570270699,-994.3256554669919,-984.7889983067868,-9.536616968850074,-994.3251229442097,-0.0005325227821231238
3386,-12.639408981114096,0.0,34.86037066208124,4,-54.76361196992914,-9586.436516109145,-9568.89934072035,-17.537153963996218,-9586.437950759253,0.0014346501084219199
3387,-56.91294021907526,0.0,-27.025142215253577,4,-46.17516599375202,-9417.257289965642,-9397.405575561623,-19.851681213210437,-9417.266795781448,0.009505815805823659
3388,-83.19786418648984,0.0,43.76205983000332,4,-59.814628684706484,-6865.466575807302,-6849.930398171851,-15.536213044324034,-6865.475494061782,0.008918254479794996
3389,-38.77900517718294,0.0,93.22954798957947,4,-66.31784082075578,-7303.007795578362,-7289.543891783155,-13.463889757685212,-7302.995424591527,-0.012370986834866926
3390,176.3556539252337,0.0,68.13545152323152,4,-40.023968287732984,-11747.581604119241,-11641.514010213508,-106.06758727907946,-11747.593714239336,0.012110120094803278
3391,38.14782154642913,0.0,21.49007199965122,4,-48.69443493105284,-10699.412507646792,-10676.02065132418,-23.391859279773378,-10699.410775469472,-0.0017321773193543777
3392,148.68393516783706,0.0,-21.96779144381785,4,-35.020720946813235,-11978.568461892633,-11975.365618978178,-3.2028319210548086,-11978.569952384174,0.0014904915406077635
3393,27.818631154435725,0.0,-13.42343562251254,4,-44.740961423030186,-10741.37992140934,-10718.634418972462,-22.745505138155334,-10741.390707574808,0.010786165468744002
3394,127.51601910245172,0.0,39.77386657215388,4,-41.97836419918429,-12071.136231065275,-12059.760883961773,-11.37534636238811,-12071.152239737015,0.01600867174056475
3395,-23.675711136591243,0.0,114.98453656946737,4,-67.09250939606433,-7485.254552924996,-7489.824545703927,4.570030524927724,-7485.252161037466,-0.002391887529483938
3396,-172.40899017096112,0.0,-21.476471585765566,4,-44.09969341426753,-6229.383824613654,-6209.922024179422,-19.461788715343197,-6229.407605798068,0.02378118441447441
3397,-170.95989196693967,0.0,100.1102182130387,4,-68.48067141987164,510.4567875041984,521.3158247223228,-10.859037404839656,510.44598530179337,0.010802202405045591
3398,80.75824436575027,0.0,63.535629401713045,4,-48.88135470353245,-11495.447754006853,-11504.334394962467,8.886605858035532,-11495.536213390786,0.0884593839327863
3399,114.41684018966045,0.0,-26.500773688542733,4,-36.80842525546222,-12097.265514723786,-12109.947134016282,12.681607619408648,-12097.35060882853,0.08509410474471224
3400,113.53479823562228,0.0,-21.648210639342228,4,-37.340261720607224,-12093.925690163633,-12106.95086409186,13.025163096841945,-12093.979960301976,0.05427013834378158
3401,-21.917433796647433,0.0,-28.816403932992483,4,-44.95406372504128,-10175.614579309302,-10154.447298246732,-21.167253139926927,-10175.613883302181,-0.0006960071204957785
3402,164.51583563140565,0.0,91.96689912703496,4,-43.64745271139967,-11701.23170587365,-11505.826792267297,-195.40492879865653,-11701.243410873414,0.011704999764333479
3403,78.87621879115845,0.0,125.12976296107058,4,-58.366427410288026,-11907.529601316413,-11767.646299312966,-139.88333626167426,-11907.573996037321,0.044394720907803276
3404,157.71371076583182,0.0,-77.86096823073196,4,-29.996704869850753,-11973.084959254795,-11972.45055095743,-0.6343835427304444,-11973.111224646573,0.026265391777997138
3405,112.90586580559749,0.0,50.70262282469645,4,-44.29728287099192,-12114.467117900918,-12110.397674046846,-4.069488139121825,-12114.462508911884,-0.004608989034750266
3406,-59.80774895976953,0.0,-4.830613299288059,4,-50.08021980782712,-8942.623361709706,-8923.401934676513,-19.22141704230441,-8942.615399091486,-0.007962618219607975
3407,-51.03988880161049,0.0,14.642973006715485,4,-53.375859373995034,-8807.314908043609,-8788.114336987019,-19.200582099762002,-8807.325107086579,0.010199042970270966
3408,-82.852308416951,0.0,37.74229534530342,4,-58.55909945666192,-7085.868149547491,-7069.943494811042,-15.924674179873701,-7085.853385529061,-0.01476401843046915
3409,-171.51727118161452,0.0,-76.03754435030812,4,-36.57931875031765,-7849.989794125363,-7829.970204042013,-20.01958632820907,-7849.997593934654,0.007799809291100246
3410,42.83448202078794,0.0,66.37655341848298,4,-53.57313157636394,-10584.766654835172,-10560.85278362124,-23.913910246056876,-10584.769687019892,0.0030321847207233077
3411,-92.15227702633584,0.0,32.28478533333988,4,-57.47138315365215,-6900.787474812499,-6884.419630129449,-16.36786526052313,-6900.797427777431,0.009952964932381292
3412,119.79931378381022,0.0,66.35687068091883,4,-45.071068286790144,-12119.04113112201,-12091.285797339837,-27.75537083063713,-12119.07316488802,0.032033766008680686
3413,-39.86482567096275,0.0,-36.576123413202914,4,-44.28922743356577,-9917.343292830934,-9897.561087490989,-19.782215148107674,-9917.368257540747,0.02496470981350285
3414,44.24752218962645,0.0,-64.2249206823903,4,-37.13099834806651,-11262.728509099845,-11251.289862020374,-11.438647517164547,-11262.740257125426,0.011748025581255206
3415,-7.658906836358666,0.0,-13.303782557472255,4,-46.74913314393537,-10277.080591285481,-10255.356163814718,-21.724376605523354,-10277.087964954033,0.007373668551736046
3416,141.57304665197054,0.0,-6.871623441730022,4,-36.80333672611267,-11975.283775086917,-11972.14769053558,-3.1360823082017357,-11975.282083476535,-0.0016916103813855443
3417,44.7335054292097,0.0,14.068231623656809,4,-47.15338421080375,-10821.250616934774,-10799.802215308562,-21.44837271092441,-10821.25824322304,0.007626288264873438
3418,47.466050293674115,0.0,71.08039147546886,4,-53.555067926093486,-10636.466218784204,-10611.015260262277,-25.45096643701053,-10636.475816528075,0.009597743870472186
3419,-94.52534159984086,0.0,-108.6765462629255,4,-34.40597735587458,-9815.892003131183,-9795.852314660837,-20.03969176916637,-9815.923017757439,0.031014626256364863
3420,-50.43462455744418,0.0,-105.73624575739977,4,-34.81548202991223,-10376.600429334154,-10355.003618268232,-21.596774573895235,-10376.599172077696,-0.0012572564573929412
3421,-109.82159200085823,0.0,149.0691287539007,4,-84.55119330637321,443.78033548222044,441.17688768259035,2.603512501639732,443.7707966732559,0.009538808964521195
3422,-18.344565370274427,0.0,-26.874098162403996,4,-45.12044985958654,-10219.131769008147,-10197.694093380038,-21.437636390539524,-10219.148020151706,0.01625114355920232
3423,14.295521143430578,0.0,42.91559795140202,4,-53.71701841294906,-10177.547559293755,-10157.116841269362,-20.430691403214364,-10177.555785658104,0.00822636434895685
3424,-172.6013405630642,0.0,-75.42354931091467,4,-36.61061108234014,-7814.225216044599,-7794.170911707146,-20.05429927220492,-7814.224517194038,-0.0006988505610934226
3425,-13.681696056670468,0.0,163.96553922251172,4,-77.68640974646758,-11256.305342687514,-10626.198108934934,-630.1071475349821,-11256.298899247402,-0.006443440111979726
3426,-19.814941320435608,0.0,0.005154450321316957,4,-49.488689638880366,-9883.594518213687,-9864.208892590765,-19.385633870865963,-9883.610706298026,0.016188084338864428
3427,72.73044095000095,0.0,-68.39276676156534,4,-35.246525670493206,-11430.34470100718,-11420.971302854137,-9.373409272104821,-11430.347219924723,0.0025189175430568866
3428,15.021249902399502,0.0,23.168213084239987,4,-50.84052902496105,-10350.546713146656,-10328.565375755057,-21.981296020047434,-10350.557664706019,0.01095155936309311
3429,156.4570209410686,0.0,-16.083614788808216,4,-34.98611186915503,-11983.325399109293,-11975.143969256747,-8.181412057787092,-11983.333396582993,0.00799747370001569
3430,-21.31628068333039,0.0,5.027810302860442,4,-50.39604721996084,-9782.109839215487,-9762.672348732733,-19.437481159738997,-9782.101614352045,-0.008224863442592323
3431,-58.55851433704351,0.0,-165.18929538633137,4,-28.558496587057697,-10627.824417075763,-10607.204828970605,-20.619602965176007,-10627.82379145805,-0.0006256177130126162
3432,-72.04237491325732,0.0,-154.59244095721883,4,-29.56352878052343,-10446.44022655319,-10425.330011871794,-21.110202034011934,-10446.446808321403,0.00658176821343659
3433,10.85269309071769,0.0,-78.15217657467339,4,-37.00943857833484,-10844.159102785536,-10821.176376653062,-22.98271478323187,-10844.157256407985,-0.00184637755046424
3434,-22.030889800559045,0.0,17.29405529999898,4,-52.48491418865423,-9592.673158629364,-9573.50032107722,-19.172812028040294,-9592.662018763263,-0.011139866101075313
3435,11.884027957548906,0.0,6.906656241133349,4,-48.69844800556739,-10414.204592775724,-10392.825477091797,-21.379094798244235,-10414.212239578173,0.007646802449016832
3436,-96.37712218383649,0.0,-88.68542063616917,4,-36.90425135985992,-9529.941285835368,-9510.34790438564,-19.593354265412213,-9529.944260152342,0.002974316974359681
3437,137.53468129755473,0.0,-141.53074607158655,4,-26.139441124738816,-12150.636693048524,-12157.643205181159,7.006507062648467,-12150.677958434248,0.041265385723818326
3438,48.47016104353409,0.0,26.148084323303575,4,-48.33772698447726,-10831.238724646779,-10810.578562412984,-20.660130956285972,-10831.24131047682,0.002585830041425652
3439,37.624729884199446,0.0,-143.62104082545028,4,-29.174846028329636,-11350.235197725677,-11330.528083840107,-19.707101500504805,-11350.275416592747,0.04021886707050726
3440,-8.041633889827967,0.0,142.08431865308322,4,-69.2862751883579,-7767.448728498534,-7868.907064288599,101.45835301021424,-7767.484418175303,0.03568967676892498
3441,-131.212235259885,0.0,-82.25250790156468,4,-37.12501006214544,-8780.011232808185,-8760.453159603163,-19.558043521066228,-8780.005029547618,-0.006203260567417601
3442,-22.347246472609157,0.0,-105.23725316967662,4,-34.54220258633617,-10678.645363229503,-10657.672924089857,-20.97244984281509,-10678.660935998098,0.015572768594211084
3443,-19.31248102345363,0.0,-28.65273731608709,4,-44.88324698171325,-10219.102850322552,-10197.655892020966,-21.446918914439834,-10219.109045014508,0.006194691955897724
3444,111.13272526944858,0.0,19.045004265258626,4,-41.51079432203241,-12076.640876815673,-12085.862925132771,9.222025354083694,-12076.646118482713,0.005241667040536413
3445,-122.35639644812372,0.0,-94.07366477271309,4,-35.80627973651111,-9150.286688402564,-9130.500160067295,-19.786513366976337,-9150.298481603772,0.011793201207183301
3446,-138.40258770394948,0.0,53.17033231500361,4,-60.38338574233868,-4082.4850915273255,-4067.7929043065924,-14.69221557807286,-4082.4908490073717,0.005757480046213459
3447,-14.37906834254687,0.0,-8.556695825983716,4,-47.82600678114847,-10107.142876730893,-10086.6752192304,-20.467656107102773,-10107.136722686688,-0.0061540442056866596
3448,98.69236926235695,0.0,-9.610528644175336,4,-39.56552167298117,-12066.382005629339,-12091.716369397389,25.33438825080794,-12066.407574918852,0.025569289513441618
3449,110.04349137441511,0.0,-92.09089768200508,4,-30.937933515065904,-12153.635475554896,-12170.735132797934,17.09965381011206,-12153.643494658187,0.008019103290280327
3450,15.01066498138193,0.0,123.09204517396931,4,-62.92340392520126,-9309.642953939136,-9315.60962282406,5.966653654028577,-9309.609705324337,-0.0332486147981399
3451,3.7494203151574914,0.0,-15.756661003936575,4,-45.825646905529474,-10453.87677302753,-10432.832593270841,-21.044172381759264,-10453.890116551856,0.013343524326046463
3452,-157.36676766230815,0.0,89.2667797678779,4,-67.30964263729297,-983.00406526576,-972.0029680435943,-11.001122174147444,-983.0060014467354,0.0019361809753490888
3453,-13.36988759475999,0.0,-69.64578914450635,4,-38.82952605062746,-10580.843477176064,-10560.29475777799,-20.548735937393683,-10580.84594856865,0.0024713925868127262
3454,13.05756520329963,0.0,16.340456864539618,4,-49.998396053184244,-10367.281211271304,-10345.455593481267,-21.825580240449803,-10367.292712168894,0.011500897589939996
3455,37.031813264976726,0.0,-91.3490666467157,4,-34.38401907092267,-11255.330456061845,-11244.781938133881,-10.548516685613935,-11255.349963784229,0.019507722383423243
3456,-114.11745186710502,0.0,27.393738305310485,4,-56.082544545841266,-6224.304874172175,-6207.436235473566,-16.868661884733598,-6224.306918127847,0.0020439556719793472
3457,61.528744562906915,0.0,39.868951237074384,4,-48.498878657524294,-11161.10476915575,-11146.733045002651,-14.371748694553446,-11161.128620342783,0.023851187032050802
3458,1.8221782923045617,0.0,-15.485036711842683,4,-45.96478936730849,-10425.667873014547,-10404.366398687465,-21.301453078321405,-10425.670865640384,0.002992625837578089
3459,13.311033763678124,0.0,-39.85122632712257,4,-41.89227379176435,-10720.003633949511,-10698.104471511231,-21.899175138768168,-10720.00002989127,-0.0036040582417626865
3460,5.297517507054471,0.0,-32.84535673488774,4,-43.25051961032998,-10591.057981657079,-10570.422080089646,-20.635920649297603,-10591.081828731796,0.023847074717195937
3461,35.98476906040869,0.0,-12.795669494692481,4,-44.28208579315604,-10826.41869956076,-10803.801028719874,-22.617649597537646,-10826.434677345638,0.015977784878487
3462,-30.094300482455196,0.0,-75.53740219067141,4,-38.42472415245114,-10415.396115637086,-10394.018143634552,-21.377945883757263,-10415.396305122904,0.00018948581782751717
3463,-8.947612358799846,0.0,-5.210915668286264,4,-48.07616393936084,-10179.477272939022,-10158.458698666858,-21.018547920368547,-10179.485429289913,0.008156350890203612
3464,130.2011818368386,0.0,-75.65988693365918,4,-31.450866706533407,-12122.413744685216,-12129.648377635918,7.234610974077277,-12122.40149609891,-0.012248586306668585
3465,84.16487011606561,0.0,23.128407068223897,4,-44.31202410574069,-11752.956072535535,-11783.325880180591,30.36978194578237,-11752.99458566443,0.038513128894919646
3466,15.412994042865224,0.0,50.196318015459035,4,-54.635123189880034,-10124.943161994299,-10105.148260843196,-19.794895493656213,-10124.9476750272,0.004513032901741099
3467,113.47414414462594,0.0,-37.78018009620296,4,-35.764795483153065,-12111.072638047119,-12124.985270867906,13.912624643667026,-12111.101164123182,0.028526076062917127
3468,112.34604343697123,0.0,-134.46273354957523,4,-27.44986681428238,-12158.58425837454,-12173.139279637347,14.555017509214819,-12158.532826006756,-0.05143236778349092
3469,22.95169124387532,0.0,16.170149496339853,4,-49.21846000475078,-10524.627970515403,-10503.66232002438,-20.965674075465618,-10524.628807281286,0.0008367658829229185
3470,-105.7645886673906,0.0,165.60151419812584,4,-86.30317232519533,1278.674536124654,1234.5606283243235,44.113929328308295,1278.6707021836273,0.0038339410266416962
3471,-12.436638666106196,0.0,39.79908583778896,4,-55.546147870733364,-9516.157180061908,-9498.815096466213,-17.342062549257435,-9516.161675600075,0.004495538167248014
3472,41.21405793125237,0.0,29.141191162597263,4,-49.40640486466324,-10704.48053365313,-10680.508969969449,-23.971561080055544,-10704.488290319663,0.0077566665331687545
3473,-62.73779488683956,0.0,-136.98144584987335,4,-31.34008222566738,-10436.246900354457,-10415.071099341234,-21.17578406453692,-10436.25157831382,0.00467795936310722
3474,69.11975741666821,0.0,17.322139530839102,4,-45.307246644031345,-11158.414598582705,-11119.817234870214,-38.59737695629659,-11158.408851918997,-0.0057466637081233785
3475,-111.46248330907899,0.0,66.70975523832232,4,-64.67973069465341,-4642.307627593948,-4628.627144673807,-13.680478797883627,-4642.313503492727,0.00587589877886785
3476,-40.50203574677816,0.0,33.938793692624195,4,-56.40149666493969,-8751.155079940578,-8732.762196882084,-18.39288972828329,-8751.147873981958,-0.007205958620033925
3477,-178.09707073505206,0.0,-22.514133540405467,4,-43.579802314025045,-6123.072710652834,-6103.635850876621,-19.436845928065544,-6123.089703935182,0.016993282348266803
3478,118.39051204556053,0.0,101.24447274980413,4,-49.28276668738255,-12027.715929478252,-11889.825544110818,-137.89040086754966,-12027.709456508714,-0.006472969538663165
3479,190.23661594816582,0.0,59.9040492815015,4,-38.143629615539254,-11519.503453554653,-11420.383915770688,-99.11953433291964,-11519.503918036371,0.00046448171815427486
3480,46.39316528276714,0.0,-14.22179496729535,4,-43.275726993846526,-11036.134998521207,-11023.411053950686,-12.723947421537568,-11036.129154263812,-0.005844257395438035
3481,-179.77961182878965,0.0,28.676620328508616,4,-51.903949508946944,-3843.1334346702247,-3825.5148535287676,-17.61857737184133,-3843.1293679120263,-0.004066758198405296
3482,-59.50763529992346,0.0,11.994331460475875,4,-53.121595455028135,-8609.872233363769,-8590.05301263033,-19.819234236465395,-8609.881895254528,0.009661890759161906
3483,37.28335762285612,0.0,121.13245800966507,4,-61.57650693714391,-10306.1070681209,-10267.393823471519,-38.713202332189034,-10306.125091002099,0.018022881198703544
3484,-110.12897626955102,0.0,24.23174908639802,4,-55.54611417426499,-6495.704654192207,-6478.691330253616,-17.013347983080365,-6495.707420924808,0.00276673260032112
3485,-23.402453854674636,0.0,49.85110048571072,4,-58.058335403665595,-8991.326780197225,-8973.206553447199,-18.120230242704388,-8991.31994159971,-0.00683859751552518
3486,-91.5221362029648,0.0,-156.77541200413694,4,-29.274490886441157,-10278.69543591358,-10256.81068018906,-21.884704094443887,-10278.673537626648,-0.021898286931900657
3487,16.050562455984437,0.0,28.44907786954319,4,-51.512388333264795,-10330.976103859744,-10308.888095837774,-22.087962134458046,-10330.983567314059,0.007463454314347473
3488,-110.40180891163659,0.0,150.01245078381353,4,-84.8298684292456,564.9372523263148,561.384004595248,3.5533111068926337,564.9412267191082,-0.003974392793338666
3489,-31.88999552182128,0.0,-3.94537992237069,4,-49.37660018901863,-9657.001783226748,-9637.281480632832,-19.72028105889046,-9657.004181645201,0.002398418453594786
3490,-86.58981667847145,0.0,10.491971851735101,4,-53.134641682341815,-7781.804888790919,-7762.739100746604,-19.06579311424408,-7781.802930828159,-0.0019579627596613136
3491,-42.07789750560524,0.0,131.22750445741931,4,-71.34629212815584,-5877.03798303765,-5895.647485459877,18.609545503072308,-5877.0306973761935,-0.007285661456080561
3492,-179.26378534225904,0.0,-30.93873572834201,4,-42.25393808792941,-6396.321306020837,-6376.458265285722,-19.863036528165768,-6396.303066691517,-0.01823932931984018
3493,195.7183226083499,0.0,-25.025650508105954,4,-31.81838048210741,-11750.8961858511,-11732.728220572502,-18.167941344922596,-11750.91323589802,0.017050046921212925
3494,18.78904473026841,0.0,7.617820336725505,4,-48.315390516275805,-10515.871207028975,-10495.108330290132,-20.762897595457748,-10515.875547063413,0.00434003443842812
3495,43.860329279313184,0.0,-16.194294483721222,4,-43.22403258029444,-10989.181545484917,-10974.164595297982,-15.01694463106961,-10989.192004966537,0.010459481620273436
3496,-186.50042098779076,0.0,38.82486358722367,4,-53.070250602561984,-3091.953833576779,-3075.6386992390667,-16.315108506503044,-3091.985691517056,0.0318579402769501
3497,-117.0410261310734,0.0,71.07994056152626,4,-65.59064393307533,-4135.717141269097,-4122.451208688626,-13.265964660875214,-4135.711598917072,-0.005542352025258879
3498,137.7761721829104,0.0,-71.55338172676942,4,-31.425785006417218,-12130.386916911577,-12134.520038166667,4.133099411809755,-12130.430861449906,0.043944538329014904
3499,5.036116367606506,0.0,64.6383739300482,4,-57.664878146290675,-9655.028669651623,-9636.790107719813,-18.23853744531505,-9655.019505958087,-0.009163693535811035
3500,68.31024568278494,0.0,41.96883758710407,4,-48.08582953040106,-11172.993872360852,-11137.696159390078,-35.297734507719085,-11172.968065521929,-0.025806838923017494
3501,-169.48292289670852,0.0,12.721354790311384,4,-49.97467735723578,-4922.437155619866,-4904.621785020127,-17.815404360641082,-4922.446766676053,0.009611056187168288
3502,-9.45081632656601,0.0,15.041224865902144,4,-51.35030763519985,-9932.320429291365,-9913.205533360107,-19.114911014148216,-9932.316401677968,-0.004027613396829111
3503,-143.7184554812739,0.0,-25.934516594311816,4,-44.94693078828261,-7137.71448523046,-7117.484089207719,-20.23039332214874,-7137.697981504485,-0.016503725974871486
3504,63.14951190732224,0.0,13.74544231486716,4,-45.32948677672358,-11220.625536790023,-11196.177176389403,-24.44836818729687,-11220.626576900322,0.001040110299072694
3505,49.03943101326497,0.0,124.70738340684954,4,-61.521093378535895,-10624.191551886126,-10534.715622633386,-89.47590230818581,-10624.198143036027,0.006591149900486926
3506,58.243196963149224,0.0,89.67851429208484,4,-54.24397421955125,-10832.61930578838,-10806.07570774424,-26.543576641404133,-10832.626772426705,0.007466638326150132
3507,-74.91205442557161,0.0,-140.06770419882403,4,-31.005806933490803,-10336.178176436284,-10314.419007925248,-21.759122666258506,-10336.199716639989,0.021540203704716987
3508,30.327011815343212,0.0,-20.652695271892377,4,-43.60010248205676,-10796.33168438135,-10773.221535139539,-23.110135903198326,-10796.339320475081,0.007636093730980065
3509,-70.22257770498832,0.0,45.10154280723412,4,-59.793918333339334,-7361.780721367982,-7346.208434294624,-15.572301900885309,-7361.776710618865,-0.004010749116787338
3510,-54.77479474287004,0.0,-96.13772871262951,4,-36.01650970034975,-10264.194304206667,-10242.344339333758,-21.84991327417193,-10264.204840092249,0.010535885581703042
3511,-50.135348117824236,0.0,97.15041235764073,4,-68.13222699905937,-6587.336016517917,-6575.825320091227,-11.510682576966591,-6587.3322754294395,-0.0037410884779092157
3512,-59.511647281511316,0.0,-144.19263661835078,4,-30.59140025886839,-10508.448482950651,-10487.698682268572,-20.74980874303689,-10508.444350838727,-0.0041321119242638815
3513,37.43243643779239,0.0,50.48024982249333,4,-52.38869406705892,-10564.638882885349,-10541.677962317744,-22.96096086885138,-10564.645453681593,0.006570796243977384
3514,22.64450669135958,0.0,-17.010485832255007,4,-44.55745074044991,-10708.593452286274,-10686.449037908476,-22.144429422408823,-10708.58218481507,-0.011267471203609603
3515,-4.773607975753271,0.0,-12.028417911441991,4,-46.80416831854985,-10311.59950395284,-10289.741973323285,-21.857478645688882,-10311.610249034558,0.010745081717686844
3516,-75.26443476255938,0.0,-0.9856184574173209,4,-50.95696011961983,-8423.75123077296,-8403.441328386369,-20.30990432720878,-8423.77318027362,0.021949500660412014
3517,0.25722232448513166,0.0,11.32271184243772,4,-50.118979938070574,-10192.401877531347,-10171.401065456706,-21.000782944499594,-10192.396909965357,-0.00496756599022774
3518,-70.72047547969134,0.0,10.05030008141345,4,-52.950141979597085,-8312.495218959504,-8292.446977680827,-20.048231699201477,-8312.492151811311,-0.0030671481927129207
3519,-144.37927518412587,0.0,-35.448040010205595,4,-43.39556944527529,-7401.241603648458,-7380.57301163348,-20.668591840687665,-7401.227928389145,-0.01367525931345881
3520,-5.6839208013627625,0.0,10.112828190337124,4,-50.31863940922099,-10079.506191113433,-10059.510051019251,-19.99614659801106,-10079.518988962254,0.012797848821719526
3521,106.80968339882666,0.0,2.9307689378380624,4,-40.259050604676894,-12076.760498956972,-12093.811613305594,17.051120973535216,-12076.769730206855,0.00923124988366908
3522,-58.62783049396556,0.0,-73.89350252381719,4,-38.9980626317659,-10006.274809516077,-9985.71651396499,-20.55830386979113,-10006.2740998627,-0.0007096533772710245
3523,-83.08658446065608,0.0,-148.22336293999302,4,-30.150201440850267,-10306.657004415805,-10284.808804486254,-21.848149852284884,-10306.64464759708,-0.012356818724583718
3524,137.9572588447949,0.0,92.62741997927071,4,-46.16881003374495,-11945.513409556896,-11807.9147857485,-137.59859634560988,-11945.51313346265,-0.00027609424614638556
3525,-4.038876420269896,0.0,35.11915924584732,4,-54.147664635572646,-9810.920276969951,-9793.162236631679,-17.75803891146597,-9810.928475537989,0.008198568037187215
3526,41.0651424246656,0.0,34.20558300826798,4,-50.053040624964645,-10683.569636960296,-10659.31452383236,-24.255118872752192,-10683.58493860424,0.015301643943530507
3527,34.45794329745493,0.0,140.04966846791373,4,-68.36896828961747,-10424.809134984007,-10314.616205014601,-110.19295374433491,-10424.808145880063,-0.0009891039444482885
3528,13.978424442727658,0.0,-5.166198605155484,4,-46.78567230346279,-10530.400458091124,-10509.75733487275,-20.643142934784475,-10530.411976428348,0.011518337223606068
3529,41.243329444416986,0.0,-6.3771816442385845,4,-44.74484990072021,-10872.745934797473,-10852.545620164388,-20.20029136888569,-10872.743758060744,-0.00217673672887031
3530,-135.75681306188997,0.0,140.63246331971393,4,-84.94797963351543,1902.9284554427584,1907.8141151043833,-4.885604626461001,1902.9288647462756,-0.0004093035172445525
3531,-95.57912638404599,0.0,8.62787221435397,4,-52.7171800590563,-7532.453218446847,-7513.523239585953,-18.929974034732528,-7532.458910588104,0.0056921412569863605
3532,-94.61498078537917,0.0,-31.83355449242069,4,-45.44267164405067,-8571.361494887236,-8551.714158440587,-19.647338787621226,-8571.37108075418,0.00958586694287078
3533,-165.19629089421153,0.0,90.78745634447996,4,-66.78037678519021,-497.38569191687503,-486.3927161067054,-10.99301193552239,-497.37258456735856,-0.013107349516474187
3534,-130.56161912701356,0.0,-10.806940389393418,4,-48.111945702436934,-7027.38050507032,-7007.75023730727,-19.63025951879213,-7027.375783482272,-0.004721588048596459
3535,-71.12930663200048,0.0,11.151952348730545,4,-53.161261899156095,-8273.924613304105,-8254.010981231982,-19.91362307779523,-8273.942734135617,0.018120831511623692
3536,118.03158319579514,0.0,46.371141439665514,4,-43.41801347166396,-12138.232970787598,-12131.779569832224,-6.453441398191529,-12138.219886013361,-0.013084774236631347
3537,-13.184618152270557,0.0,-4.799578469216816,4,-48.36676958399676,-10089.530795619074,-10069.237712632994,-20.293086093117793,-10089.547276698362,0.016481079288496403
3538,-171.96365455515513,0.0,-62.80073745585362,4,-38.24057043224865,-7512.1040469091,-7491.671594155724,-20.432447206987973,-7512.075739930763,-0.028306978337241162
3539,85.41889190895313,0.0,-64.68544652494248,4,-34.704450554145645,-11953.651656716189,-11979.416895351518,25.765245607570787,-11953.69608461846,0.0444279022703995
3540,-32.47137127010831,0.0,14.222386844707252,4,-52.51936374382005,-9359.572650367423,-9340.830412515475,-18.742223185096826,-9359.585689665353,0.013039297929935856
3541,-1.3804084391567593,0.0,46.116725505358765,4,-55.6228894527765,-9731.946655398116,-9713.796811443883,-18.149834843626955,-9731.95897184651,0.012316448393903556
3542,129.93570047249918,0.0,-101.77791699526853,4,-29.325917267554896,-12133.414872672476,-12141.738682057006,8.323795781264058,-12133.407229989765,-0.007642682710866211
3543,-174.21722712372554,0.0,-33.89710052060891,4,-42.11827074604868,-6618.253332901858,-6598.1654854156195,-20.087847681937166,-6618.264068210047,0.010735308189396164
3544,-188.03374752406785,0.0,30.806876089560788,4,-51.46306930214454,-3485.93972523019,-3468.4611178069727,-17.47860803795818,-3485.9479908438407,0.008265613650564774
3545,198.7934075936747,0.0,14.609835360428393,4,-34.252248085666984,-11608.834134016975,-11571.508509171786,-37.32560675486714,-11608.827125706483,-0.007008310492892633
3546,-57.05497978640731,0.0,0.0024700206603430167,4,-50.89152863813949,-8923.949535973068,-8904.73457677549,-19.21495342522913,-8923.96088143787,0.01134546480170684
3547,77.99733264059869,0.0,71.55481426558059,4,-50.05723081942692,-11291.354815566465,-11276.568490085963,-14.7863665143277,-11291.390325577804,0.035510011339283665
3548,-54.48034782078238,0.0,-37.95159572744517,4,-44.35498948273557,-9632.396101283512,-9612.747175454662,-19.648903262061264,-9632.398159268767,0.002057985255305539
3549,176.2934901024408,0.0,57.45087417558609,4,-39.11380976508894,-11812.204693652202,-11735.755964474902,-76.44871849160239,-11812.205746712609,0.0010530604067753302
3550,-122.2132364696868,0.0,-19.19691023338176,4,-46.9416132909737,-7529.36224911861,-7508.965375571574,-20.39687679815043,-7529.355793175489,-0.006455943120272423
3551,-17.195253909761988,0.0,-0.3019873398256444,4,-49.30421845048616,-9947.387213076794,-9927.892591028989,-19.49463525408303,-9947.396584914273,0.009371837479193346
3552,68.19867369628479,0.0,-11.75278981536433,4,-42.00484432076448,-11171.574974218482,-11134.080875521193,-37.49410556374837,-11171.597829687655,0.022855469173009624
3553,-110.45275593829825,0.0,13.186467507498403,4,-53.309193661837654,-6879.089637806626,-6860.819525208281,-18.270117158672004,-6879.096492940249,0.006855133622593712
3554,83.2973343781543,0.0,8.132325892606469,4,-42.78076156844146,-11723.298309690617,-11750.461420206477,27.163081488396656,-11723.313715770613,0.015406079995955224
3555,-3.007243514214165,0.0,-34.16499066627086,4,-43.44130781295985,-10485.521105752778,-10464.692706644386,-20.828403785573727,-10485.523783447426,0.0026776946488098474
3556,-106.33767312030935,0.0,-10.692161515838935,4,-48.89505358915237,-7750.568774500892,-7730.216019972462,-20.352760130297327,-7750.5768851777875,0.008110676895739743
3557,-52.13325757155261,0.0,-64.3124537536145,4,-40.302245064204214,-10012.472422464783,-9991.977118053097,-20.495313171760813,-10012.471252745632,-0.0011697191512212157
3558,-35.833758284122986,0.0,-23.87130119641774,4,-46.213161700691025,-9839.40537170721,-9819.883087667515,-19.522284876530698,-9839.395971412692,-0.009400294517035945
3559,21.72035733454577,0.0,-20.172127319619662,4,-44.172890133099436,-10713.487605602253,-10691.330137613653,-22.157482647864988,-10713.483517361019,-0.004088241234057932
3560,31.6554761868719,0.0,-29.2267671670402,4,-42.362622408318444,-10849.760524205054,-10827.063088151823,-22.697417657701337,-10849.775421768552,0.014897563498379895
3561,-95.57793603891604,0.0,-54.8780475040842,4,-41.720380699911324,-9012.639498437726,-8993.02636290568,-19.613113618310173,-9012.664100817345,0.02460237961895473
3562,-92.86884182063032,0.0,163.80156402485488,4,-83.62057680510767,-64.10620667297586,-124.65836332134843,60.552178074824184,-64.13370945704166,0.027502784065802643
3563,-103.75399616143417,0.0,-117.69058472707883,4,-33.25842840324034,-9779.201396730034,-9759.222135214135,-19.979261252337125,-9779.229633201632,0.028236471598575008
3564,83.18513298737409,0.0,-26.625669740248107,4,-38.918642609797836,-11799.815158876061,-11825.240985991511,25.425813575814303,-11799.825814986378,0.010656110316631384
3565,-117.73998670854634,0.0,30.590958824485252,4,-56.617403214919186,-5959.451570272253,-5942.623556620252,-16.82802668667445,-5959.4500260008635,-0.0015442713893207838
3566,16.49660192039056,0.0,31.455936705276393,4,-51.90013407041603,-10317.729807214722,-10295.623584122512,-22.106174563042195,-10317.72822566153,-0.0015815531914995518
3567,95.9131086596871,0.0,-119.81216479447119,4,-29.167742969651094,-12095.083164079952,-12113.485126254813,18.401952954713956,-12095.172904987274,0.08974090732226614
3568,84.39733297053786,0.0,-39.01144642672992,4,-37.46093612606428,-11880.95700242285,-11908.245976963597,27.288970584786693,-11880.900345774648,-0.056656648202988436
3569,-92.25185993820774,0.0,44.63885752858325,4,-60.04708007074787,-6455.9814514671225,-6440.0759892390115,-15.905481850294402,-6455.974717715126,-0.006733751996762294
3570,-14.978625123203818,0.0,-4.859885349800168,4,-48.450058376419,-10052.138794541,-10032.098709833557,-20.04009369484629,-10052.155243450314,0.01644890931311238
3571,186.76825184723705,0.0,28.31131297503875,4,-36.085065148670104,-11780.448644803308,-11738.579887655544,-41.86873900962815,-11780.45551856023,0.006873756921777385
3572,27.763933730795358,0.0,178.76039601352076,4,-100.82372216973386,-5526.949417359637,-3731.169191769026,-1795.7802172183551,-5526.943033054595,-0.006384305042047345
3573,83.13028167129752,0.0,-158.1597217364555,4,-26.62850283966769,-11903.881298771848,-11913.107793170822,9.226493200691392,-11903.816508787493,-0.06478998435522954
3574,17.610324077253285,0.0,-6.102692149168231,4,-46.410134138707136,-10591.43810679658,-10570.578011165302,-20.860118750431234,-10591.454934236983,0.016827440402266802
3575,-41.90661026623313,0.0,-14.803135794958076,4,-47.892735983971626,-9579.274036550241,-9559.46196570823,-19.812041533523416,-9579.282453416447,0.008416866205152473
3576,-128.4724632371421,0.0,-21.173075169482246,4,-46.379655016579335,-7411.050761529227,-7390.717240588419,-20.333521557534034,-7411.05538339266,0.004621863432475948
3577,1.7987008495890084,0.0,178.4571055446604,4,-101.6873531545916,-11599.4743686291,-10163.392531363552,-1436.0817534698942,-11599.430756722833,-0.04361190626696043
3578,-142.42439226595704,0.0,25.800049020698943,4,-54.3925653791734,-5235.093178703283,-5217.848843069895,-17.244345204983208,-5235.092629047821,-0.0005496554622368421
3579,9.360153644145857,0.0,159.36114815552227,4,-75.93235788425504,-10074.90459003248,-9999.687703529757,-75.21686433166731,-10074.90145389058,-0.0031361419005406788
3580,73.77542789087431,0.0,26.862056867919215,4,-45.99784778883476,-11147.574594934093,-11117.419641104096,-30.154984651096708,-11147.617918015203,0.043323081110429484
3581,63.65370824946226,0.0,155.24205795996008,4,-77.98228371274698,-12029.073214644257,-11330.380481864891,-698.6926974362505,-12029.080307918013,0.007093273756254348
3582,-165.37783531542942,0.0,93.37484928203725,4,-67.43855816868259,-288.8635041882694,-277.88837176861927,-10.975168113389307,-288.8653596137813,0.0018554255119056506
3583,140.59215418697622,0.0,41.5353578508924,4,-40.971731061085485,-12006.22726518805,-11985.446785039907,-20.780468784153733,-12006.236000849165,0.008735661114769755
3584,-21.124199828616906,0.0,2.833842756901549,4,-50.02215320917115,-9815.966220764498,-9796.56773721898,-19.398479365609766,-9815.98066270315,0.014441938652453246
3585,-24.05435217070958,0.0,44.73035799308475,4,-57.26257652725345,-9063.41510414298,-9045.772094526797,-17.643008622100787,-9063.429334660796,0.014230517816031352
3586,24.021685455776876,0.0,-22.728224261827975,4,-43.692102685309436,-10744.830356609478,-10722.221450587873,-22.608910447485016,-10744.839517188077,0.009160578598311986
3587,-113.35577695715739,0.0,148.48850774516865,4,-85.03948457312897,711.20316480109,709.4874300436992,1.715772799990269,711.1876509414159,0.015513859674115338
3588,15.021907366751357,0.0,-4.5416763021687405,4,-46.80847685512738,-10542.072894235018,-10521.420530957517,-20.65238354546648,-10542.080029062916,0.007134827897971263
3589,39.11855487257538,0.0,-76.46726381351519,4,-35.97162069024598,-11227.89068523834,-11217.703108647027,-10.187579534423534,-11227.890822376623,0.00013713828229811043
3590,-38.811322413775756,0.0,22.226492025113725,4,-54.24974715704983,-9025.550431114774,-9007.434716134638,-18.11571738677801,-9025.564171527883,0.01374041310918983
3591,-100.6315089353117,0.0,-57.064797183624144,4,-41.321327163461326,-8941.300659002007,-8921.742879872234,-19.55775402349385,-8941.303721969241,0.003062967234654934
3592,-8.368499026064576,0.0,89.89748634556918,4,-62.25274502473897,-8795.8395068192,-8782.709902658444,-13.129623067380038,-8795.857671829683,0.018165010482334765
3593,130.1455724816598,0.0,126.34096551506218,4,-53.88103292247243,-11739.647671445762,-11288.518788769894,-451.12887178754073,-11739.653835050805,0.006163605043184361
3594,-10.989993334470876,0.0,-190.24135064965972,4,-26.123426928094567,-11036.45768248324,-11015.629491520544,-20.82820087104676,-11036.494108413664,0.03642593042422959
3595,-64.46995216194006,0.0,-165.06081545438298,4,-28.579165712098895,-10572.856261958856,-10552.286757501388,-20.569517832236322,-10572.852270627682,-0.003991331173892831
3596,23.20045769355203,0.0,-56.26250881209755,4,-39.26929500223859,-10873.944786168948,-10850.984263277456,-22.960511772489124,-10873.956791172162,0.012005003214653698
3597,54.59914064389624,0.0,71.67155506969827,4,-52.80078051059078,-10769.406909828509,-10744.909631135644,-24.497249264562242,-10769.430198435157,0.023288606647838606
3598,10.450824735565233,0.0,36.7751948041092,4,-53.183070341119354,-10152.968576781326,-10132.951759814741,-20.01680064236507,-10152.972107659143,0.0035308778169564903
3599,157.71408542696295,0.0,80.90124977049658,4,-42.936465172009115,-11850.492550304376,-11728.802443916231,-121.69011343358896,-11850.514481811088,0.021931506711553084
3600,-58.55002021246897,0.0,56.457643781357966,4,-61.55977968161008,-7497.937250386933,-7482.845306731512,-15.091965983390612,-7497.951847435946,0.014597049012991192
3601,35.17159940962395,0.0,2.08515960319795,4,-46.350796145066106,-10748.910607283839,-10725.843023091682,-23.06757534906902,-10748.920608135682,0.010000851843869896
3602,-2.2911828293707255,0.0,-12.039650613936091,4,-46.68138465088677,-10347.202444082332,-10325.339804524585,-21.8625935116098,-10347.216209481387,0.013765399055046146
3603,0.14031467594510885,0.0,55.63356497093961,4,-56.89740579901906,-9639.523954974422,-9621.086188156925,-18.4377409332472,-9639.544347605426,0.02039263100414246
3604,35.10216985585641,0.0,-27.550157088998258,4,-42.363609011971505,-10888.403331066549,-10867.302200363685,-21.10111470422985,-10888.409184124625,0.005853058075445006
3605,14.740874625608285,0.0,1.29995546785038,4,-47.68274778847656,-10496.471964080765,-10475.71940798023,-20.752572353709073,-10496.47652130303,0.004557222264338634
3606,-124.55952151361625,0.0,-146.7818484816304,4,-29.915253725024026,-9809.609001134757,-9789.402205584875,-20.20679900817669,-9809.650667833577,0.04166669882033602
3607,73.70489528587521,0.0,14.177257524771042,4,-44.576463284061894,-11175.676090536563,-11149.74682276104,-25.92929538739348,-11175.741665958887,0.06557542232440028
3608,-162.3333642747879,0.0,32.51394510026419,4,-54.20601043375406,-4221.1704378864315,-4203.7803774402955,-17.390051002168356,-4221.163429262555,-0.007008623876572528
3609,77.50999172615865,0.0,48.97006063604678,4,-47.903793565811476,-11264.159660426321,-11250.74471165458,-13.414986169345607,-11264.225155557797,0.06549513147547259
3610,167.11875977061965,0.0,-7.0951091175344665,4,-34.97481767577508,-11904.441981114185,-11890.638664612672,-13.80330888248442,-11904.445251426687,0.003270312501626904
3611,32.49481081203023,0.0,69.64815273848309,4,-55.16070303891774,-10347.420711077368,-10325.265256694453,-22.155427811015635,-10347.413896985685,-0.006814091682826984
3612,-33.36136141000534,0.0,-72.35290188970376,4,-38.90720638897661,-10356.952065827005,-10335.193530172284,-21.758491929084332,-10356.940094889598,-0.011970937406658777
3613,13.384527437793766,0.0,21.967821995961064,4,-50.79061595275092,-10333.999636926683,-10312.002344167713,-21.99724725445475,-10334.010975836361,0.011338909678670461
3614,130.5328467432594,0.0,-119.04704997146743,4,-27.97676538007266,-12145.026035564786,-12153.559617919702,8.533575791220164,-12145.024728027256,-0.0013075375300104497
3615,-177.91923762142667,0.0,-30.452340784412044,4,-42.40660785536447,-6411.779574517626,-6391.918660420122,-19.860910194385447,-6411.784206620331,0.004632102704817953
3616,-63.61644320724654,0.0,-5.765222037297135,4,-49.97964392525095,-8854.904816203712,-8835.545201981824,-19.359609031055637,-8854.900816449393,-0.003999754319011117
3617,-36.058057086271695,0.0,-64.15496116146494,4,-40.08318561984711,-10264.812541563957,-10243.018171400774,-21.79431900479221,-10264.82572011066,0.013178546703784377
3618,-138.5682650133269,0.0,17.162268022666897,4,-52.93059692580159,-5740.203366489022,-5722.653397172298,-17.549993314747546,-5740.192190068951,-0.01117642007102404
3619,59.10394716841025,0.0,136.83238101323792,4,-64.6335685132132,-11046.857549703233,-10800.455997220659,-246.40158927649128,-11046.897917310063,0.040367606830841396
3620,-119.1079674625353,0.0,-67.0170482235225,4,-39.50770946750705,-8731.891740471265,-8712.412043973003,-19.479669550700695,-8731.887549074994,-0.004191396270471159
3621,96.8460039020023,0.0,10.20660117116431,4,-41.773256703422824,-12048.83457757409,-12075.67834593104,26.84379502990029,-12048.845091671792,0.010514097701161518
3622,18.548225833992294,0.0,30.537228992657248,4,-51.60318269983394,-10355.912507286575,-10333.813885695961,-22.098582349174855,-10355.92601249919,0.013505212615200435
3623,-27.352268722796634,0.0,-179.23722711655944,4,-27.179381640439722,-10887.85972271422,-10865.314660605709,-22.545052890141804,-10887.864073680048,0.004350965828052722
3624,-79.60611295084358,0.0,-30.42552461557117,4,-45.775896533815576,-8924.22420898224,-8904.852072761523,-19.372113206716385,-8924.234269811148,0.010060828908535768
3625,14.108966011874315,0.0,-48.777815652924374,4,-40.65458707345637,-10762.680025094769,-10740.2773526078,-22.402677707173932,-10762.678552461111,-0.001472633657613187
3626,-9.717775096408127,0.0,-76.10414811460565,4,-37.87448186351924,-10661.39810291587,-10640.476873609121,-20.921242818486387,-10661.405069410734,0.006966494864173001
3627,-118.51715134425103,0.0,116.04112136711635,4,-77.07310766448276,-1299.262705257653,-1289.3592304751448,-9.903516885644681,-1299.2713064865172,0.008601228864336008
3628,75.11689008446884,0.0,-28.201539958502963,4,-39.51313155404684,-11394.578372421598,-11388.139872502446,-6.438521670520125,-11394.688948178036,0.11057575643826567
3629,-105.25978681224107,0.0,130.45977024751272,4,-79.98032651583698,-1264.8760754815803,-1259.6008123006773,-5.275196802427311,-1264.8689775162575,-0.007097965322827804
3630,45.03743166354544,0.0,-15.113501891264388,4,-43.270855375178485,-11009.413937486794,-10995.426756700423,-13.987179271987296,-11009.411356962479,-0.0025805243149079615
3631,41.72678919555188,0.0,65.37607328710472,4,-53.59483571669048,-10569.743299799677,-10546.181353887194,-23.561988538264508,-10569.747292112716,0.003992313038907014
3632,61.34922227186087,0.0,-114.8541254229667,4,-31.185302709666093,-11260.432248874404,-11226.935670837624,-33.49657188726427,-11260.551929414825,0.11968054042154108
3633,-31.391671559512236,0.0,-3.8819397471953963,4,-49.367170006460675,-9667.833056480229,-9648.129036516515,-19.703999432560163,-9667.83823096105,0.005174480820642202
3634,121.51875413110655,0.0,-125.95040650563335,4,-27.76675393245921,-12188.899740683244,-12200.54536584278,11.645633722980438,-12188.88247064082,-0.01727004242457042
3635,-77.89942411533328,0.0,-30.17047563759222,4,-45.81876818146694,-8962.359554827153,-8942.979449353137,-19.380083373114022,-8962.365907956704,0.006353129550916492
3636,72.9732439595008,0.0,-70.24827880332626,4,-35.032667504133485,-11445.07836341035,-11436.64418373571,-8.434190337044853,-11445.088740145373,0.010376735022873618
3637,59.50066666492793,0.0,-99.83467809534704,4,-32.69868132778555,-11258.100036822134,-11221.119371020395,-36.98066260928845,-11258.08257402957,-0.017462792564401752
3638,-63.347107703408014,0.0,-17.194786700657676,4,-47.94793510374722,-9087.510164185722,-9068.192106003804,-19.31804421496388,-9087.5264527468,0.01628856107890897
3639,4.314692478420521,0.0,13.051437205655587,4,-50.111344647163584,-10253.354473289792,-10231.82234676395,-21.532082266088132,-10253.34708410127,-0.007389188522211043
3640,197.9127074078138,0.0,14.18516377734125,4,-34.28813344171507,-11629.079311821546,-11592.317455432756,-36.761834871138355,-11629.081304048561,0.0019922270148526877
3641,135.41710500087328,0.0,132.52037464796987,4,-55.26778868423073,-11369.552030447696,-10764.148751785255,-605.4032828616007,-11369.56450202614,0.012471578444092302
3642,69.83306867003732,0.0,38.94005322280433,4,-47.640946740591374,-11150.733070114748,-11111.151003272475,-39.58208809800322,-11150.69882998605,-0.03424012869800208
3643,80.03470820891879,0.0,-30.08373150784553,4,-38.83435780187134,-11644.653641575656,-11658.438930876559,13.785270948987572,-11644.675792294209,0.022150718552438775
3644,28.24930934250983,0.0,-132.27100009332244,4,-30.467087978449396,-11275.234677917624,-11264.098276533909,-11.136398365081453,-11275.23202935439,-0.002648563233378809
3645,63.87870988630088,0.0,-158.96673341690027,4,-27.26170840755179,-11367.341943955045,-11344.170559027434,-23.17136731206839,-11367.170850106893,-0.17109384815194062
3646,37.30117695854242,0.0,-71.15081175467013,4,-36.69291497974449,-11168.105341600767,-11156.97246542322,-11.132884518696146,-11168.09686845442,-0.008473146346659632
3647,-103.36077803252748,0.0,-25.80055684849998,4,-46.321579772204345,-8209.267594363106,-8189.007708578591,-20.259881553406434,-8209.252806586084,-0.014787777021410875
3648,-3.0794244718855515,0.0,85.03294782311083,4,-61.08666931507051,-9070.014806865263,-9055.3451952757,-14.669622393045724,-9070.042503807881,0.02769694261769473
3649,-16.29056342680619,0.0,42.13630524270486,4,-56.23268801793138,-9359.046489665685,-9342.089905001612,-16.956571696874935,-9359.055037966597,0.00854830091157055
3650,145.65252503897742,0.0,53.14259625802711,4,-41.4832061427952,-12005.580776532219,-11968.140214725428,-37.440525638990216,-12005.590682745042,0.009906212822897942
3651,-10.33234380915329,0.0,-24.443037804308364,4,-45.17313037713215,-10323.611907894956,-10301.737346077729,-21.87451061851751,-10323.626043561115,0.014135666158836102
3652,166.35903992801246,0.0,43.878211580640084,4,-38.90999075182578,-11876.08631599075,-11832.383454381226,-43.70284766001156,-11876.08519280638,-0.001123184369134833
3653,-130.99165739361732,0.0,111.98945811615243,4,-75.79823316361004,-769.8387277342028,-759.0165264083133,-10.822231914587267,-769.8489708022337,0.010243068030831637
3654,61.89641341687685,0.0,-20.933440459923222,4,-41.28752383489132,-11241.819549715112,-11211.065823172048,-30.753723015220967,-11241.811954785311,-0.007594929800688988
3655,-122.59567560889036,0.0,50.94228789148808,4,-60.74597605796061,-4884.54418690398,-4869.167929769577,-15.37628856091972,-4884.549320210851,0.00513330687135749
3656,118.40978938032278,0.0,18.46096934217001,4,-40.84800264541318,-12120.693330184813,-12124.93566268757,4.2422872691789815,-12120.67293914867,-0.02039103614333726
3657,-158.12756845420623,0.0,-87.64417342609369,4,-35.64876628219737,-8367.387333895656,-8347.885067781377,-19.50225508901774,-8367.406666929148,0.019333033491420792
3658,34.916269775997854,0.0,18.03975882866029,4,-48.50704949018408,-10678.864852301493,-10655.987091195258,-22.8777769306548,-10678.859262822363,-0.0055894791294122115
3659,57.564368786714425,0.0,-12.107474080985991,4,-42.627470147685706,-11250.187039445009,-11231.725626843592,-18.461412323831443,-11250.169372978622,-0.017666466386799584
3660,86.41672376771245,0.0,119.20538652788875,4,-56.090451757872636,-11981.029878981082,-11849.551685837261,-131.47821319218562,-11980.979856676866,-0.05002230421632703
3661,-89.33794405046727,0.0,68.66699394894249,4,-65.16198980048426,-5644.946214584082,-5631.092061211354,-13.854145797147506,-5644.948914907672,0.002700323590033804
3662,11.54409389212556,0.0,33.52478161816925,4,-52.61352813164141,-10209.101356423142,-10188.195451234566,-20.90586918671924,-10209.108492333984,0.007135910842407611
3663,-6.169903155264058,0.0,149.54308504106658,4,-73.06042850517832,-7980.369467255256,-8187.075202794213,206.7057294856609,-7980.3433396540595,-0.026127601196094474
3664,109.10896902871656,0.0,-58.051442991158545,4,-34.06038457213503,-12136.845027050464,-12154.659722156475,17.814688445186047,-12136.853867275082,0.00884022461832501
3665,-157.31841026666632,0.0,-120.13315505524564,4,-31.984631495134376,-8980.08203467461,-8960.320336643219,-19.76167962413927,-8980.11084955525,0.028814880641220952
3666,17.243236005465857,0.0,-149.77932546392375,4,-29.11304407323718,-11193.6836533128,-11179.584629001794,-14.099031322255613,-11193.662969168929,-0.020684143872131244
3667,62.92363830604521,0.0,-36.33292647508311,4,-39.428576348382464,-11230.062182518735,-11194.304392579083,-35.75778850754399,-11230.026205755437,-0.03597676329809474
3668,-114.47758095533591,0.0,42.18516236785016,4,-59.148594060760615,-5620.587997484969,-5604.049640044592,-16.538346554668127,-5620.602627363807,0.014629878838604782
3669,-21.310047106232716,0.0,-23.557945434932456,4,-45.75243375407569,-10133.273368772268,-10112.453468706717,-20.81988843524133,-10133.275931728023,0.002562955754910945
3670,21.763023675216264,0.0,145.9221053468208,4,-70.18266304213648,-9968.771601641856,-9927.958014247417,-40.81359649392494,-9968.760474301784,-0.01112734007256222
3671,31.464058997315764,0.0,73.77193087376772,4,-55.72815393907588,-10302.635839603687,-10280.45020306117,-22.185593937437726,-10302.647769943651,0.011930339964237646
3672,-109.97753411949596,0.0,93.37278968840624,4,-71.02842941222322,-3310.904342495314,-3299.26862725024,-11.635691330785635,-3310.900866736894,-0.0034757584198814584
3673,-52.30054124480295,0.0,0.8853497072298345,4,-50.928318405997196,-9041.572470978119,-9022.521799490332,-19.050665836760672,-9041.56280658962,-0.009664388499004417
3674,-136.97286639517762,0.0,7.205302753334461,4,-51.099970200504934,-6192.240254686328,-6174.080348806242,-18.159892374167928,-6192.233877470722,-0.00637721560542559
3675,-27.31071775530257,0.0,-97.79798668177631,4,-35.522428637148316,-10584.648595795896,-10564.100175845253,-20.548435755505714,-10584.675097797153,0.02650200125754054
3676,-67.55627462390213,0.0,78.44981833747282,4,-66.3138755856175,-6348.220409167452,-6334.248509126076,-13.971936888922723,-6348.2243448559675,0.003935688515412039
3677,1.54806276802341,0.0,197.79373648706323,4,-125.72102123447718,2639.447534300433,4641.204164002961,-2001.756617404463,2639.497812166025,-0.050277865592306625
3678,-26.565428294140204,0.0,-50.604531570879345,4,-41.821275499373215,-10291.526129783633,-10269.686849778547,-21.839227071744833,-10291.530757808858,0.004628025224519661
3679,4.666497811373574,0.0,-20.676722173436225,4,-45.052052710342565,-10500.382522173346,-10479.66563825975,-20.716896248192164,-10500.38831941511,0.005797241763502825
3680,169.5225551825495,0.0,-14.096182202998454,4,-34.27354034215329,-11896.12264605274,-11883.081057735517,-13.041584422791988,-11896.125805718426,0.003159665686325752
3681,-23.032762506397663,0.0,166.2748443343814,4,-76.7304440157525,-11503.862897060531,-10673.998577344619,-829.8642220500233,-11503.80830224719,-0.05459481334219163
3682,35.137167296244314,0.0,-30.21758050971495,4,-42.00614837288226,-10903.40984519101,-10882.866307067557,-20.54352448886094,-10903.415132751736,0.005287560725264484
3683,-25.944090695794415,0.0,-73.84464164897334,4,-38.573134405200356,-10453.402451896647,-10432.315815252743,-21.086624871162506,-10453.413041074778,0.010589178131340304
3684,79.91068063450258,0.0,81.96982468351725,4,-50.8022814339376,-11486.795453578565,-11486.125624007118,-0.669853274979524,-11486.698785398647,-0.09666817991819698
3685,-50.1889536859304,0.0,-84.56790831740734,4,-37.476959070579476,-10234.444465772118,-10212.69289836115,-21.751520896204195,-10234.456552831323,0.01208705920544162
3686,25.293450907783203,0.0,14.266132924493164,4,-48.75990962806626,-10575.441052912605,-10554.242524725922,-21.198556168975337,-10575.460198693558,0.019145780952385394
3687,-101.0543655615775,0.0,-131.36535778124681,4,-31.76870343429332,-9965.672348846685,-9944.894375590116,-20.777977944199172,-9965.68845640569,0.016107559005831718
3688,66.46992149644524,0.0,-9.941216910004067,4,-42.31930544644446,-11190.432206123462,-11153.079516052705,-37.35269259205174,-11190.414069433538,-0.018136689923267113
3689,-147.6633274802276,0.0,-23.583952758817496,4,-45.14679859578582,-6956.945126411834,-6936.910514075687,-20.03461064806613,-6956.9684054119525,0.02327900011823658
3690,5.372782707876697,0.0,188.49680879166903,4,-93.14223028218917,-4839.235934319124,-1918.3654533055021,-2920.8704490616915,-4839.238131703416,0.0021973842922307085
3691,-1.7267547542318398,0.0,52.250999057203174,4,-56.576089421175965,-9634.779317320428,-9616.359734136331,-18.41955805197148,-9634.79754508937,0.018227768941869726
3692,-54.38046016412434,0.0,25.121284582116893,4,-55.385636803313204,-8490.858456891425,-8471.841170845531,-19.017278346903957,-8490.874052819008,0.015595927583490266
3693,-12.061977149464253,0.0,31.489247855470225,4,-54.17799421434157,-9650.608578567711,-9632.628412191756,-17.98014939041847,-9650.61149651711,0.0029179493976698723
3694,69.7199160229939,0.0,115.38514763950081,4,-57.13798157541508,-11037.232215628319,-10923.059437103257,-114.17280474463082,-11037.125475783443,-0.10673984487584676
3695,-91.42019180383284,0.0,-34.770721143166625,4,-44.98606842235732,-8714.611042737686,-8695.153479316368,-19.457551484158373,-8714.606753341754,-0.004289395932573825
3696,-70.58647784264858,0.0,-57.3700849640441,4,-41.46108721862624,-9575.430411431249,-9555.796343506321,-19.634041303641943,-9575.431271737236,0.0008603059868619312
3697,73.82525797803007,0.0,148.47586204658322,4,-70.59027071333327,-12002.402800105809,-11474.233047109374,-528.1698038689752,-12002.417893808266,0.01509370245730679
3698,-175.76729025495382,0.0,-22.13683889858593,4,-43.78632798168011,-6167.894444841221,-6148.446034256754,-19.448397652792725,-6167.890005830501,-0.004439010720489023
3699,-53.486144703700525,0.0,-28.82108678215119,4,-45.821897139963106,-9522.438034561568,-9502.61108247367,-19.82692079811056,-9522.451285027506,0.013250465937744593
3700,-68.26226807319844,0.0,-140.92775909583384,4,-30.92998571210637,-10405.286856734283,-10383.906985059459,-21.379845363866416,-10405.292939468485,0.006082734202209394
3701,-111.92576176456751,0.0,-65.78533473802841,4,-39.83614536922931,-8861.169273807169,-8841.626247261753,-19.542997963485487,-8861.16975261198,0.00047880481179163326
3702,-52.82993450516382,0.0,50.63694784916511,4,-60.13241101188607,-7903.327509492168,-7887.168009420862,-16.15952602301753,-7903.3124884944245,-0.015020997743704356
3703,-11.635687009211114,0.0,7.625564699143509,4,-50.28600057060249,-9974.602019557582,-9955.153804287513,-19.448230274943832,-9974.600022767398,-0.0019967901844211156
3704,108.4105744852584,0.0,153.98151239358344,4,-69.28109055609357,-9142.189210629656,-8056.365458705668,-1085.823779982082,-9142.1997100439,0.010499414243895444
3705,53.417449999126944,0.0,-52.0758932064079,4,-38.07749312897354,-11292.583311787474,-11270.228734766175,-22.354571569475237,-11292.576944303608,-0.006367483865687973
3706,23.516998606072995,0.0,21.703099822603697,4,-49.95269339338338,-10496.049563303708,-10474.925141097356,-21.12444410894084,-10496.056180206384,0.006616902675887104
3707,-40.43305441423064,0.0,22.37011958384069,4,-54.351776053677625,-8973.886340822226,-8955.610923048853,-18.27541994890908,-8973.895447225306,0.009106403080295422
3708,64.42372576705935,0.0,106.13057628255896,4,-55.73855415377073,-11104.396697443883,-11050.432390273014,-53.96434151462993,-11104.381912097115,-0.014785346767894225
3709,-23.253790974314487,0.0,-145.95421006214747,4,-30.1736667505825,-10822.830892283384,-10800.606405951938,-22.22448131375443,-10822.832426067178,0.0015337837940023746
3710,21.064061372681806,0.0,-20.007043444514572,4,-44.23275545233299,-10706.588758299402,-10684.540622207649,-22.04815151533631,-10706.577214132409,-0.01154416699318972
3711,66.58307791061672,0.0,-34.026808816059216,4,-39.510402001002866,-11192.914141217188,-11156.262709800005,-36.65143875239151,-11192.862903275643,-0.051237941544968635
3712,56.37628043503205,0.0,-6.650008206638202,4,-43.3894751875743,-11230.02932602375,-11215.996980951651,-14.032350899295594,-11230.066735051423,0.03740902767276566
3713,91.35871782678046,0.0,-12.959729964010608,4,-39.735757308790525,-12016.42528520556,-12045.694838180072,29.269564987513984,-12016.424232124838,-0.001053080721248989
3714,181.35954254828223,0.0,-10.03833170591099,4,-33.7890685077759,-11815.23300372239,-11797.03005161436,-18.20293918978035,-11815.235965362932,0.0029616405427077552
3715,-19.088798999153628,0.0,-35.685970776627734,4,-43.80718544269667,-10282.746852676131,-10260.957432196396,-21.789368198030438,-10282.747144124376,0.00029144824475224596
3716,111.97645455807077,0.0,-65.70561046754112,4,-33.19800483582798,-12145.746843997325,-12161.536302547365,15.789452685153359,-12145.749103457283,0.0022594599577132612
3717,-31.41488045103915,0.0,106.83484123733271,4,-67.1900149296432,-7296.295794914705,-7290.087306783881,-6.208488568455923,-7296.299792163829,0.003997249124040536
3718,103.85457017071982,0.0,-0.6145235930572754,4,-40.11519253779966,-12081.109064457733,-12101.831652553656,20.722605623293127,-12081.114800366657,0.0057359089241799666
3719,3.079763772565193,0.0,28.266114272534242,4,-52.53148728120264,-10071.521284264118,-10052.21913048659,-19.30216282751812,-10071.526754878725,0.0054706146074749995
3720,35.26967558173263,0.0,7.214302697190526,4,-47.03421071203126,-10727.826041409631,-10704.794721160251,-23.031316890212704,-10727.84969773296,0.023656323328395956
3721,-98.65623094032298,0.0,-152.813746269044,4,-29.603517261104603,-10179.336784187564,-10157.607261986803,-21.729483372026564,-10179.365989672056,0.029205484492194955
3722,-59.09720774891796,0.0,-151.52749324089865,4,-29.858179705207675,-10552.519067021654,-10531.92231035784,-20.596769144006366,-10552.542966967732,0.02389994607801782
3723,102.63701900961378,0.0,-145.60135509568875,4,-26.938752932588805,-12110.591017671946,-12126.256764388463,15.665730462615059,-12110.728358916786,0.1373412448392628
3724,-7.434774619192064,0.0,20.21475110995942,4,-52.04744755160746,-9915.182169115622,-9896.321962898037,-18.86022083995945,-9915.1732374084,-0.008931707221563556
3725,-3.869344338777039,0.0,-125.00742859471507,4,-32.025815625325194,-10887.28131336281,-10864.421447472154,-22.859855261662137,-10887.287200478648,0.0058871158380497945
3726,3.656933839903131,0.0,13.89424340201594,4,-50.28517067850311,-10233.557534338232,-10212.195585363997,-21.361909487568443,-10233.55255330849,-0.00498102974233916
3727,24.460627164731946,0.0,131.63734534393816,4,-65.18920181887458,-9856.396309956595,-9843.470767642322,-12.925547655365714,-9856.397720828127,0.0014108715313341236
3728,-46.84643107198285,0.0,31.802756318770687,4,-56.316152229013866,-8591.790382045006,-8573.308149863695,-18.482232374226292,-8591.780156227947,-0.010225817059108522
3729,116.56970397572763,0.0,-14.57066523024948,4,-37.837246356653864,-12087.345418336263,-12097.35045098339,10.005010076211752,-12087.331761445614,-0.01365689064914477
3730,68.03680750962096,0.0,-134.5538790711609,4,-29.12611179445938,-11431.054317902284,-11414.6669260015,-16.387380915045625,-11431.027454048419,-0.026863853865506826
3731,99.00353744407052,0.0,-10.953950523896472,4,-39.40315379454337,-12068.5643159365,-12093.673824251031,25.109532274795537,-12068.57724118042,0.012925243918289198
3732,-104.01943342284436,0.0,-90.52974283646348,4,-36.570662312068414,-9421.165113513514,-9401.506935065867,-19.658146799575274,-9421.158676483537,-0.0064370299769507255
3733,23.734856747461514,0.0,52.018871426281585,4,-54.02315797311545,-10294.312796217742,-10272.198012329158,-22.114736960744327,-10294.314422307027,0.0016260892844002228
3734,108.39733370758415,0.0,0.29508174099124984,4,-39.87816827135056,-12077.891698555233,-12093.594969668373,15.703271867684059,-12077.881194412814,-0.010504142419449636
3735,-109.32650210640328,0.0,19.254613646306012,4,-54.54681635347586,-6708.455255338968,-6690.965740272631,-17.4895313948836,-6708.45187189093,-0.0033834480373116094
3736,-164.6674718743274,0.0,60.99147367714019,4,-59.84119139163694,-2548.680255165185,-2533.924416244588,-14.755860547732995,-2548.6761061304633,-0.004149034721649514
3737,-63.45950620360816,0.0,36.64812227683951,4,-57.91056798927298,-7873.518494779766,-7856.840014557519,-16.678501097276783,-7873.511328773925,-0.007166005841099832
3738,83.95300450258947,0.0,-164.5031196040945,4,-26.134592967569148,-11924.490423314659,-11934.177387892567,9.686960864496008,-11924.540495069032,0.05007175437276601
3739,-64.21768892026734,0.0,124.64558807768138,4,-73.7391943240483,-4639.210518093268,-4639.027781068649,-0.18268517845547144,-4639.218269127059,0.007751033791464579
3740,14.685133098071066,0.0,-139.61248968762484,4,-30.12781760471461,-11130.606122216574,-11114.194743141421,-16.41139195497529,-11130.621949814395,0.015827597821044037
3741,99.08758602352233,0.0,-45.37401834634682,4,-35.86202569803479,-12080.820969102473,-12103.933749953776,23.112791469854194,-12080.763453160864,-0.057515941609381116
3742,-10.380983657960643,0.0,122.98836166962488,4,-66.17282063138775,-8003.530100818282,-8021.055550688754,17.525461110842144,-8003.560923293892,0.030822475609966205
3743,-79.19497411241528,0.0,-86.40161918007863,4,-37.32441592985454,-9800.20962186045,-9780.360184505851,-19.84943753035498,-9800.204868301385,-0.004753559063829016
3744,-1.73660577829877,0.0,39.37663742360968,4,-54.621209693357784,-9814.278757115517,-9796.545452881213,-17.733303678240905,-9814.294060192899,0.015303077381759067
3745,141.20678807614715,0.0,-71.7387066097512,4,-31.24656866210265,-12104.201122433726,-12106.89087527479,2.689734043648223,-12104.22937758808,0.028255154355065315
3746,-98.66228054360543,0.0,18.69811000665066,4,-54.643458126038425,-7113.740894394058,-7095.731534895286,-18.009363336259977,-7113.738683041361,-0.0022113526974862907
3747,32.63233174205878,0.0,98.094324261936,4,-58.15026847255356,-10201.329947734594,-10180.104222031548,-21.225685356231047,-10201.350201848732,0.02025411413887923
3748,-13.775044466578885,0.0,-27.548468970922308,4,-44.84116731382285,-10297.385894977991,-10275.5594289389,-21.82641331292902,-10297.393348863747,0.007453885755239753
3749,-111.51612830453912,0.0,-33.992160828115296,4,-44.77048299676371,-8190.307448257336,-8170.156735750596,-20.150709698177227,-8190.300125897726,-0.00732235961004335
3750,43.11240644274897,0.0,-17.65460099638994,4,-43.090753061525035,-10981.728683219084,-10966.239564941563,-15.489111445601543,-10981.743252802651,0.01456958356720861
3751,-14.44614497991395,0.0,96.23109673960704,4,-63.77195340995627,-8395.263856703405,-8385.080992815927,-10.182858105911594,-8395.269920935554,0.006064232149583404
3752,4.31639109543274,0.0,182.87890286866178,4,-97.12058513135686,-8489.432087388966,-6431.755181205595,-2057.676911688233,-8489.454492953138,0.022405564172004233
3753,-56.78693111435326,0.0,-31.43800149470986,4,-45.443491698937265,-9487.9779702349,-9468.13522453538,-19.842713384963012,-9487.983643115835,0.005672880934071145
3754,125.10379645587889,0.0,109.64258324850758,4,-50.16043104462441,-11920.412882039156,-11700.903466395572,-219.50938220716793,-11920.401760290133,-0.011121749023004668
3755,69.8849046258288,0.0,17.41151588310039,4,-45.26385540970961,-11148.321499940937,-11109.343246996099,-38.978267942324614,-11148.287433000703,-0.034066940233969945
3756,-115.16360863119505,0.0,57.69995209433062,4,-62.53884860913004,-4897.401661778004,-4882.945525365166,-14.456138661265772,-4897.397470558139,-0.004191219865788298
3757,-10.914563131820648,0.0,21.46878905824521,4,-52.483586154485636,-9814.157191188136,-9795.326667684827,-18.830520754870744,-9814.178705201724,0.021514013587875525
3758,38.958718669635026,0.0,105.42359682093827,4,-58.36650082645952,-10334.870585146737,-10311.426070205172,-23.444490323365862,-10334.87537755792,0.004792411184098455
3759,-23.14367827277649,0.0,-140.85345902437172,4,-30.677932226206647,-10808.42361194721,-10786.304853900505,-22.11875392220335,-10808.44518902367,0.021577076460744138
3760,-10.46259099484162,0.0,-65.00766767939506,4,-39.368520348850346,-10588.387939761855,-10567.827489346535,-20.560467532385818,-10588.408278377525,0.02033861566997075
3761,162.21583259605055,0.0,-45.73298023906178,4,-32.252712455062785,-11983.267913271484,-11977.39989943985,-5.86798612714442,-11983.291220373489,0.0233071020047646
3762,-100.99234265349668,0.0,-96.47679280358611,4,-35.846418407493715,-9556.276414693502,-9536.690154803937,-19.58623663803667,-9556.283888747263,0.007474053760233801
3763,104.58428414723424,0.0,122.41516999808104,4,-55.21394154441899,-12014.246792810329,-11751.518523918792,-262.72834349491404,-12014.258229721858,0.01143691152901738
3764,162.0919345668926,0.0,-27.947374814800668,4,-33.67014005032641,-11957.372744522909,-11948.911670218315,-8.461057146212726,-11957.379514629976,0.006770107067495701
3765,38.48099095698781,0.0,73.93716038533849,4,-54.886847095251845,-10460.568421137785,-10438.311178876562,-22.25726779249946,-10460.584110660731,0.01568952294655901
3766,9.967650067520301,0.0,42.63286154226311,4,-54.084996518428014,-10074.850155774235,-10055.897176125372,-18.95298724383737,-10074.847867631728,-0.002288142506586155
3767,79.5595204280355,0.0,83.27061233362957,4,-50.98726879431563,-11463.003733227022,-11459.18919260418,-3.8145628184391955,-11463.056529491954,0.052796264932112535
3768,-44.26789047940438,0.0,191.0338288196738,2,-30.830046523481343,5005.144445397115,4544.0573424307695,461.0871451036895,5005.147581355667,-0.0031359585518657696
3769,40.609659917616945,0.0,-28.82539724580868,4,-41.80722825615678,-10997.96631192931,-10982.347802273314,-15.618506329284823,-10997.9625084156,-0.0038035137113183737
3770,-70.50568883281127,0.0,-60.63471691416646,4,-40.97171471088914,-9622.596732535265,-9603.00965452318,-19.587057550866987,-9622.6076165348,0.010883999535508337
3771,-164.29026254507966,0.0,10.753999408867992,4,-50.023674545911824,-5169.801638984547,-5151.90419137268,-17.897467683972025,-5169.814582368466,0.012943383919264306
3772,12.858511811765789,0.0,-17.28692623408367,4,-45.08914518791221,-10595.64550964339,-10574.881646345211,-20.76388427778818,-10595.65365723591,0.008147592519890168
3773,-181.64839497285345,0.0,81.07777210947815,4,-62.094645629249264,-564.4538889408446,-550.9542814177859,-13.499634860341079,-564.4581505216036,0.004261580758907257
3774,90.6105175217154,0.0,-61.72974222437462,4,-34.69193734536229,-12047.202963348136,-12072.062282263441,24.859331734066238,-12047.17968038346,-0.0232829646756727
3775,98.23602345541727,0.0,-72.79271277202183,4,-33.2341696649345,-12083.260056163688,-12104.446900881758,21.18684835278353,-12083.27407616883,0.014020005140991998
3776,-30.249341005765583,0.0,86.71773294315126,4,-64.43215898137284,-7899.729581735592,-7885.90843642947,-13.821160507386189,-7899.726442159407,-0.003139576184366888
3777,69.28919439303557,0.0,106.19106109246908,4,-55.29496515495492,-11069.09747622203,-10983.515517715357,-85.58199174523097,-11069.176493607414,0.07901738538384961
3778,44.613319542687485,0.0,166.84688445599258,4,-93.7286561114229,-11198.118701995125,-9937.959116546937,-1260.1595436440293,-11198.131631435386,0.01292944026135956
3779,-8.126068714285728,0.0,-32.934600401899,4,-43.82786426400855,-10410.215012373581,-10388.757194963648,-21.457789006619077,-10410.232887848588,0.017875475006803754
3780,-36.496061512094585,0.0,6.699794760701623,4,-51.39294447077648,-9376.835638417875,-9357.606669652117,-19.22894834278652,-9376.843418153065,0.007779735189615167
3781,175.24394897476333,0.0,-21.529960848123476,4,-33.33728628415578,-11876.366541235842,-11862.773161723253,-13.593383910186645,-11876.389109537407,0.02256830156511569
3782,-39.18385691078091,0.0,-52.28818971773548,4,-41.8630854228489,-10109.229709627367,-10088.292058765433,-20.937642368347642,-10109.24443038495,0.014720757582836086
3783,34.5233153382012,0.0,35.99510673213294,4,-50.87923915923732,-10594.488670178345,-10571.53104723195,-22.9576576702951,-10594.487754829608,-0.0009153487371804658
3784,-49.36754154863989,0.0,-16.73979692766408,4,-47.76157644672021,-9432.781982147273,-9412.96335082201,-19.81859724794164,-9432.791932915517,0.009950768244380015
3785,30.749316941487212,0.0,-27.662171001179864,4,-42.62851104265115,-10831.845813075843,-10808.859260559895,-22.98653464822165,-10831.854207983835,0.008394907992624212
3786,51.04557549114883,0.0,82.54403755440798,4,-54.340468417540635,-10656.306634800174,-10628.820478924867,-27.48614344061157,-10656.308891011753,0.002256211579151568
3787,22.91135261339958,0.0,-4.885820932244226,4,-46.23384864790312,-10654.16041873593,-10632.590245187419,-21.570197293027547,-10654.155345156245,-0.005073579684903962
3788,34.955770493195836,0.0,-48.19170750248195,4,-39.66628563852412,-11003.32040972639,-10986.415383467953,-16.90502575156861,-11003.328398133699,0.007988407309312606
3789,-0.20799368234572574,0.0,118.72734198546799,4,-64.28222509572016,-8593.026642972563,-8601.17464798592,8.14800622963743,-8593.055505237882,0.0288622653188213
3790,145.92137335128754,0.0,-114.21504286011152,4,-27.763892984903514,-12137.36305422903,-12141.067608936242,3.704522596382119,-12137.377956524491,0.014902295461070025
3791,52.534076916444505,0.0,-78.77631031415918,4,-35.11786727280366,-11309.73800822434,-11282.867105309666,-26.87089189890537,-11309.770367402096,0.03235917775600683
3792,-37.445401628256036,0.0,182.19106704115066,4,-123.55223416581656,-2434.6011207671245,-231.98826782503158,-2202.6127974315577,-2434.5939685216367,-0.007152245487759501
3793,-97.21039457392394,0.0,-92.5764486721751,4,-36.3879224471957,-9568.523880281904,-9548.939189967557,-19.584668108054323,-9568.545803999872,0.021923717968093115
3794,-59.93395775357658,0.0,77.2750096293911,4,-65.57747975823794,-6771.922706571716,-6756.532380481902,-15.390375962612278,-6771.915687169879,-0.0070194018371694256
3795,-61.81473753205534,0.0,29.783836277974817,4,-56.52870928451483,-8119.115938089414,-8101.571160175532,-17.54478616133999,-8119.118882548451,0.002944459037280467
3796,92.80531132484272,0.0,-72.51888542671934,4,-33.52286739650626,-12065.347606015679,-12088.228375150804,22.880777379826267,-12065.371785718527,0.02417970284841431
3797,187.4019334031472,0.0,20.624644721097376,4,-35.50319752127117,-11789.395650103188,-11753.95109132651,-35.444529701693334,-11789.393335991592,-0.002314111596206203
3798,98.27956783903981,0.0,160.78161004704492,4,-76.1651005893753,-6191.09076046482,-4809.138900282072,-1381.9518300801167,-6191.1084863875485,0.01772592272845941
3799,-0.5118099545786864,0.0,13.826564189182157,4,-50.56145872408938,-10150.58285758761,-10130.024525688545,-20.55831883572776,-10150.580596265618,-0.0022613219916820526
3800,-32.27788589153516,0.0,-24.590470219470298,4,-45.984573305319074,-9924.273333755049,-9904.584338378478,-19.68900587814861,-9924.27363198464,0.0002982295918627642
3801,47.44372181997528,0.0,-132.20510197982932,4,-29.956586781403978,-11341.680888464067,-11313.449715724795,-28.231160329297992,-11341.684750896997,0.0038624329299636884
3802,-120.01599680529466,0.0,63.53364333820436,4,-63.69563267616469,-4385.53690457684,-4371.647613493638,-13.889258680246538,-4385.535345937911,-0.0015586389290547231
3803,-70.29984319742037,0.0,152.1486775427587,4,-77.69224321149323,-2859.5516427322927,-2898.875367574219,39.323744086259964,-2859.553317300681,0.0016745683883527818
3804,45.914937831305544,0.0,-132.2694499140747,4,-29.990361993625903,-11345.363309422573,-11318.744375296747,-26.61892103337485,-11345.38099364851,0.017684225937045994
3805,37.02984426155867,0.0,52.9562440477193,4,-52.72750487569678,-10543.783808174629,-10521.121487711593,-22.662358789829582,-10543.77788271162,-0.005925463008679799
3806,5.295341103922837,0.0,-52.43281044852285,4,-40.51967648201086,-10700.017140295478,-10678.550778467277,-21.466372787920307,-10700.015274569534,-0.0018657259442989016
3807,8.978052003603414,0.0,-11.798909431865916,4,-46.120378265971844,-10501.4685540236,-10480.762360611956,-20.70620790649208,-10501.48039337903,0.011839355429401621
3808,-10.625513926251177,0.0,-24.708811799573756,4,-45.145019467203774,-10321.434177350611,-10299.561271728982,-21.872854165628727,-10321.433070363413,-0.0011069871979998425
3809,86.34908395287867,0.0,-35.74457563029905,4,-37.65253449650417,-11950.82686014114,-11980.288154249421,29.461295330597682,-11950.888500494442,0.061640353302209405
3810,36.473148859355696,0.0,2.0505808413209436,4,-46.2481921498781,-10763.508306003287,-10740.420267166846,-23.088024932638362,-10763.535569015452,0.02726301216534921
3811,2.722790440347233,0.0,72.09374668843044,4,-58.871342200619786,-9476.791364144972,-9460.752495957071,-16.038840390763678,-9476.80335316504,0.011989020067630918
3812,87.48032527461362,0.0,-97.89408339705845,4,-31.3994700381201,-12031.040375101325,-12053.973486241352,22.93311916037822,-12030.960178824273,-0.08019627705289167
3813,77.0375222897218,0.0,40.59633656395425,4,-47.10176464912175,-11251.736564092174,-11237.253312410698,-14.483291783425772,-11251.714486419532,-0.02207767264189897
3814,45.97875417445816,0.0,-51.666559123672286,4,-38.53495705593225,-11240.754807320398,-11230.062476672745,-10.692334603802738,-11240.755360228715,0.0005529083173314575
3815,-2.2980722751697127,0.0,17.49668406483749,4,-51.26114417519668,-10070.002942584175,-10050.270981197782,-19.73197033358274,-10070.00991465249,0.006972068315008073
3816,-62.365220160819945,0.0,-122.86107047146993,4,-32.86769859082587,-10356.898361643793,-10335.216033698522,-21.68228653200644,-10356.90997014051,0.011608496717599337
3817,128.4863830606955,0.0,-88.27676814611206,4,-30.47498236799351,-12126.331287702691,-12134.761881965353,8.430578191154492,-12126.356913115433,0.02562541274164687
3818,23.597146696928085,0.0,-87.4828580369517,4,-35.40411172108925,-11027.475466446527,-11009.093862495854,-18.38160972224508,-11027.48197025254,0.006503806012915447
3819,-14.7224173996364,0.0,-129.0657450286318,4,-31.780329523317015,-10826.58699820909,-10804.243835815621,-22.343157913844852,-10826.605033518044,0.01803530895449512
3820,-154.21632138004568,0.0,-62.85980442431244,4,-38.99039302730802,-7886.128589303049,-7866.021230194222,-20.10735494294007,-7886.144083750167,0.01549444711781689
3821,-156.6311294067097,0.0,87.58922859276457,4,-66.93874133850437,-1144.0961809489536,-1132.8428189613512,-11.25339227938706,-1144.1151602352516,0.01897928629796297
3822,123.34610419190624,0.0,-148.4858335181099,4,-26.086511660826215,-12205.073114923396,-12216.378944352156,11.305843643003941,-12205.039835797337,-0.0332791260589147
3823,105.41786632097381,0.0,-124.32081570236079,4,-28.470436718768124,-12118.129803744045,-12134.490000687714,16.360185806089238,-12118.145301674076,0.015497930031415308
3824,-44.71145742947684,0.0,-41.61778828341068,4,-43.605641346433366,-9882.827579840974,-9863.103531326284,-19.724056280367105,-9882.851356045197,0.023776204223395325
3825,-1.4184969275851063,0.0,-56.954783106225435,4,-40.15828700616913,-10650.900678837785,-10629.984259467768,-20.916435008136222,-10650.91372431138,0.01304547359541175
3826,64.27900012214441,0.0,-187.5618645222524,4,-25.109109275622956,-11413.589871846158,-11392.493945743867,-21.095901798414662,-11413.576472986959,-0.01339885919878725
3827,4.16861273945632,0.0,-85.77175622505476,4,-36.28592498333486,-10818.696472110369,-10796.071936694509,-22.62453074139049,-10818.71159865797,0.015126547601539642
3828,-139.2248269543151,0.0,71.80134170951473,4,-64.62040784549852,-3005.283058866684,-2991.3446579141337,-13.938423384232866,-3005.274192211339,-0.00886665534471831
3829,-26.647330475745452,0.0,-48.679978254485384,4,-42.10387273580221,-10275.487495513235,-10253.695742942957,-21.791700608428226,-10275.503849762717,0.01635424948290165
3830,-53.86591165888708,0.0,-56.8856361487646,4,-41.415964057637325,-9894.254604150367,-9874.357112525704,-19.897500293873946,-9894.273871552548,0.01926740218186751
3831,35.901054660179796,0.0,-57.28792495644659,4,-38.46015436441962,-11070.530301151563,-11056.132174601718,-14.398134772075426,-11070.549850193307,0.019549041744539863
3832,-8.108207154855094,0.0,-187.98604226970704,4,-26.2685131176921,-11057.071664677618,-11036.907845352376,-20.163830590465682,-11057.04694061929,-0.024724058328501997
3833,-148.10256114873496,0.0,3.155671939437365,4,-49.73164891671931,-5991.34844715789,-5973.005742744143,-18.342679324234332,-5991.353991677153,0.0055445192629122175
3834,5.877704455919878,0.0,12.45720319775172,4,-49.915374916804105,-10285.690638024158,-10263.926074372761,-21.764514051553885,-10285.684999184372,-0.005638839786115568
3835,-36.743644859605226,0.0,-3.1565791303345847,4,-49.698819082278305,-9528.675861081185,-9508.902211041239,-19.773617495494648,-9528.681741416349,0.005880335163965356
3836,102.73802083027913,0.0,-142.89957399735084,4,-27.135998895367972,-12110.412712577558,-12126.194671447374,15.781943051426365,-12110.292911359793,-0.11980121776468877
3837,41.14570212613374,0.0,138.07320113893266,4,-67.09487211017115,-10596.80708788651,-10448.07885222049,-148.72821925562604,-10596.836748019688,0.02966013317927718
3838,126.80884483932617,0.0,15.055600390843038,4,-39.850572419039,-12099.776590461064,-12098.733126174031,-1.0434892652753662,-12099.779385245087,0.002794784022626118
3839,101.09226695760077,0.0,-171.1670015986136,4,-25.17583642873971,-12115.52706154819,-12130.218254015288,14.691170471313322,-12115.464675110963,-0.06238643722645065
3840,46.66668838889476,0.0,95.75213099254903,4,-56.30087192136639,-10545.20608517778,-10518.152669850733,-27.053449189717195,-10545.204304629127,-0.0017805486531869974
3841,57.872473548856554,0.0,-82.02764308869844,4,-34.570443510893845,-11276.139740095505,-11241.221955845314,-34.917780832060146,-11276.157761680102,0.018021584597590845
3842,11.341016344286412,0.0,-100.6338506423197,4,-34.32647058717372,-10932.442617246354,-10909.883880115192,-22.558738311831085,-10932.457775689092,0.015158442738538724
3843,17.43631530177498,0.0,101.55812500530223,4,-60.20273649195686,-9631.06950238142,-9617.338236540269,-13.731245655703539,-9631.087848833462,0.018346452041441808
3844,-130.09937764491778,0.0,-119.33858696992559,4,-32.67815418247991,-9393.489093552716,-9373.871438936942,-19.61762444228853,-9393.487154715536,-0.0019388371802051552
3845,-52.14184277854536,0.0,-141.39111827052702,4,-30.85347144614719,-10566.060395357837,-10545.492401230944,-20.568007577224254,-10566.074844837836,0.014449479998802417
3846,-105.35656718541912,0.0,-45.63278663752042,4,-43.02190724285832,-8601.918387971184,-8582.411028244162,-19.507352460000135,-8601.93054163163,0.012153660445619607
3847,28.164436214386207,0.0,-61.85009693159607,4,-38.31044217435508,-10964.937821943273,-10945.217210563595,-19.720609563794035,-10964.964421474198,0.02659953092552314
3848,-31.686099084595458,0.0,-124.70878211467108,4,-32.461892044706,-10682.236826376793,-10661.28181797424,-20.95501851355182,-10682.252108538347,0.015282161553841433
3849,-10.365874062351145,0.0,45.941667395122366,4,-56.3635369050614,-9478.098042186348,-9460.5297652197,-17.568253200734212,-9478.096420630525,-0.0016215558225667337
3850,-112.18058934478482,0.0,-2.4726228266165378,4,-50.272564910047066,-7328.304110313124,-7308.810288144515,-19.493813624759145,-7328.309210204454,0.005099891330246464
3851,-7.067106419928314,0.0,120.28321603780918,4,-65.41824714396466,-8230.613173317915,-8242.3653440854,11.752192177424854,-8230.632671649897,0.019498331981594674
3852,71.67355955570532,0.0,0.47324318916942015,4,-43.180465195020766,-11165.513650280354,-11134.742699790982,-30.770968251029526,-11165.564008824023,0.05035854366906278
3853,-113.63140895424002,0.0,147.83750666916646,4,-84.9471269085825,685.9346280843963,684.8482443331167,1.0864227047825294,685.9187706577587,0.01585742663758083
3854,-14.363070463121357,0.0,0.6137611583913987,4,-49.30313582025503,-9999.679215423426,-9979.999819128385,-19.679410219972855,-9999.70024815266,0.021032729233411374
3855,160.56175187667907,0.0,-83.92838084461218,4,-29.407913061442787,-11978.873103952901,-11977.98417453309,-0.8889004550613632,-11978.874783921827,0.0016799689256004058
3856,-31.749751851910005,0.0,-102.45438434495487,4,-35.02527376465007,-10561.664379552358,-10541.106383691907,-20.558009995059283,-10561.660892908778,-0.0034866435798903694
3857,-147.0036437894484,0.0,88.2459970482858,4,-68.06109809202171,-1576.7811825538022,-1565.5331477125187,-11.24805660633391,-1576.7900931940324,0.00891064023016952
3858,161.372851182393,0.0,-64.14222330847198,4,-30.864329716190827,-11993.2570748078,-11990.406302565727,-2.8507372116881156,-11993.265759092996,0.008684285196068231
3859,150.2829340035925,0.0,-114.59807316443296,4,-27.57455077931278,-12111.652734157455,-12114.04422483279,2.3914598743147617,-12111.656954534736,0.004220377280944376
3860,-61.667629651921324,0.0,47.93852002596477,4,-60.03636007546706,-7626.232765719677,-7610.345868848657,-15.886913142408874,-7626.229993569561,-0.002772150116470584
3861,104.9408506140393,0.0,28.87683227436858,4,-42.97704616455239,-12066.566195724265,-12081.139823080113,14.573636173498873,-12066.567156558729,0.0009608344644220779
3862,-43.036075227754445,0.0,-58.76751355191423,4,-40.97878200520785,-10109.710514666047,-10088.71093323383,-20.99957149011967,-10109.721089994455,0.010575328407867346
3863,47.66769658914148,0.0,-144.23976756135755,4,-28.882948988051663,-11343.181219385477,-11313.532122408636,-29.649084695997267,-11343.171786178653,-0.009433206823814544
3864,25.263091990663327,0.0,14.566083887718092,4,-48.80447722317725,-10573.064953757765,-10551.875562106845,-21.189419404713362,-10573.078085427598,0.013131669833455817
3865,72.85836992723554,0.0,97.25685239630569,4,-53.56168366562895,-11078.973390412326,-11013.078091309219,-65.89532871434976,-11078.951716917687,-0.02167349463888968
3866,78.45508853563574,0.0,-34.560338009256725,4,-38.48149213611649,-11577.888348150478,-11585.615064687709,7.726698079402135,-11577.93497701783,0.04662886735241045
3867,-13.975709750667264,0.0,-67.22437743295025,4,-39.17297885080781,-10558.090268753107,-10537.539015802753,-20.551268175537146,-10558.109336405714,0.01906765260719112
3868,-154.59144541032478,0.0,93.33066572356628,4,-68.71341180244517,-814.6884829925491,-803.8490843496244,-10.839414437148363,-814.7191507500019,0.03066775745276118
3869,149.58518758796583,0.0,35.605299166472136,4,-39.69542194625136,-11997.485361522155,-11974.06957318832,-23.415751523694446,-11997.485491337095,0.00012981494000996463
3870,181.36346416226124,0.0,11.860594481461478,4,-35.35476956804626,-11817.253581636476,-11791.43624709,-25.817298773761042,-11817.259526484302,0.005944847825958277
3871,-56.595052898587795,0.0,-46.83317616860097,4,-42.9812608588283,-9710.95512891723,-9691.396713078457,-19.558402275323406,-9710.962137263594,0.007008346363363671
3872,145.40772193541025,0.0,64.73334671123196,4,-42.51318970825552,-11988.431781524492,-11932.308759584292,-56.12299287029214,-11988.444924708368,0.013143183876309195
3873,66.56765887261814,0.0,10.399377079826392,4,-44.6879940032066,-11193.082070597315,-11158.554367067782,-34.52770853377663,-11193.075848230044,-0.006222367270311224
3874,-64.99387259352748,0.0,-79.16764932059691,4,-38.30096651204056,-9957.289892016972,-9936.924859107081,-20.365042005261547,-9957.319025291818,0.029133274845662527
3875,-60.353210937487866,0.0,-21.601579411215248,4,-47.14255111952255,-9244.787483862012,-9225.18644922827,-19.60101388476312,-9244.811205688913,0.023721826901237364
3876,28.76101331944812,0.0,6.027975818626394,4,-47.35094384789528,-10666.346867949118,-10644.278327025731,-22.06856111874224,-10666.362122853314,0.015254904195899144
3877,-113.13168671956036,0.0,77.11381513228966,4,-67.11828853179593,-4019.7972220224287,-4006.463484357501,-13.333776633155695,-4019.8045477290707,0.007325706641950092
3878,68.76530708910087,0.0,48.51445529428215,4,-48.73720228349703,-11166.27116303562,-11130.050025534909,-36.22116081523575,-11166.326870872315,0.05570783669463708
3879,18.365989826208274,0.0,-6.63874323162286,4,-46.28319594431366,-10605.582206835652,-10584.611800300649,-20.970430532052998,-10605.588560179891,0.006353344238959835
3880,46.22406115633824,0.0,-176.91392051991315,4,-26.25680274800793,-11351.947927270923,-11321.139421437696,-30.808490021664408,-11352.01193992276,0.06401265183740179
3881,-99.6689521720441,0.0,171.71964206659376,4,-90.39944377628267,1615.1557975309122,1470.3260660930712,144.8297728788176,1615.159414379224,-0.003616848311821741
3882,104.18212964964363,0.0,-46.93133871464197,4,-35.409574506937254,-12109.121324495503,-12130.238812778045,21.11748971680729,-12109.09444789917,-0.026876596333750058
3883,-7.354803367493082,0.0,-14.38118519701539,4,-46.56936125361146,-10290.696700216882,-10268.907865854271,-21.788782293631222,-10290.697427726329,0.0007275094467331655
3884,-45.03531450319907,0.0,104.72165832783782,4,-68.63607186656517,-6612.789383955815,-6604.424729168771,-8.364620538731842,-6612.810573272249,0.021189316434174543
3885,-35.75700942998986,0.0,-18.49759591443526,4,-47.089787909853,-9769.720700647797,-9750.197990006805,-19.522700329536473,-9769.715210668965,-0.00548997883197444
3886,53.25083083993032,0.0,-122.80280371724415,4,-30.66879629391556,-11311.814429541242,-11278.269264394476,-33.54515725989784,-11311.922890893204,0.10846135196152318
3887,-20.5744195943162,0.0,21.24663838461486,4,-53.061145086054964,-9572.31066563398,-9553.469075797648,-18.841565620851114,-9572.309409091165,-0.0012565428150992375
3888,140.99104368955943,0.0,106.31541386160282,4,-48.02630772747965,-11804.091915595125,-11561.474577160565,-242.61732713750695,-11804.09789616012,0.00598056499438826
3889,23.849967558862524,0.0,92.16830888912726,4,-58.60125302697422,-9943.312354255637,-9925.298408451661,-18.01396312442886,-9943.31318155478,0.0008272991435660515
3890,58.227317539455264,0.0,11.66839146199723,4,-45.50214787809259,-11192.83881205638,-11180.493262359647,-12.345563489997643,-11192.834388253845,-0.004423802534802235
3891,-52.46033550502241,0.0,-84.35605900563814,4,-37.52358356299887,-10201.951216208947,-10180.321938822031,-21.629237790130453,-10201.963614212109,0.01239800316216133
3892,121.07343052311339,0.0,119.50748350920023,4,-52.867094955696196,-11875.177903529484,-11568.272238520301,-306.90566372843875,-11875.175469412356,-0.002434117128359503
3893,35.17305567252615,0.0,43.75571913049609,4,-51.7979812036874,-10563.27977170217,-10540.424359301811,-22.8554489397113,-10563.283412750221,0.003641048051576945
3894,8.478263033311936,0.0,12.513796163887726,4,-49.74976955602553,-10326.61400183705,-10304.69109012718,-21.922863803471653,-10326.623993602007,0.009991764956794214
3895,-55.14245320832331,0.0,-46.403214216489665,4,-43.03038073125948,-9734.637649986273,-9715.082754328012,-19.554884391334927,-9734.652400535597,0.01475054932416242
3896,52.41372848828576,0.0,-102.82960844107632,4,-32.61788783743104,-11316.345136001131,-11285.909887860646,-30.435239396399126,-11316.398041283383,0.052905282251231256
3897,26.362869672242567,0.0,-24.584747432903278,4,-43.30573636525125,-10773.626025435498,-10750.668552233494,-22.957468204614425,-10773.635246204543,0.00922076904498681
3898,-180.78156581078719,0.0,75.20631297933328,4,-60.926588364363276,-1013.837331778392,-998.6367363272312,-15.200570776486632,-1013.8376933849344,0.0003616065423557302
3899,-70.14220817488949,0.0,48.623229503986515,4,-60.50855523583387,-7251.056522493305,-7235.811287228064,-15.245255597787366,-7251.056325561761,-0.00019693154445121763
3900,79.25294969336434,0.0,94.97499568430442,4,-52.400307594054624,-11516.780270945543,-11503.746050110823,-13.034243938087574,-11516.87683642981,0.09656548426755762
3901,95.08912907079727,0.0,-114.10397934189429,4,-29.672238451244798,-12091.618118423305,-12110.595075028097,18.976950413690787,-12091.760745649372,0.1426272260669066
3902,31.788125893780315,0.0,-23.87728320022607,4,-43.07221905884208,-10826.707253664563,-10803.737618169944,-22.96961717047762,-10826.708613766887,0.0013601023238152266
3903,118.34468477026209,0.0,64.78655094891245,4,-45.06020469541405,-12131.998131345224,-12108.441987080403,-23.55618626954281,-12131.993538113504,-0.004593231720718904
3904,-141.71608433407383,0.0,-56.90462428859029,4,-40.29777496861888,-8015.01855504389,-7994.967726444206,-20.050825492295772,-8015.028504037125,0.009948993234502268
3905,113.30851241378774,0.0,40.33924748503815,4,-43.31632811733879,-12104.719324348709,-12105.627804963662,0.9084368893543997,-12104.713669634282,-0.005654714426782448
3906,-70.78716338188633,0.0,34.160973108758306,4,-57.62183942064309,-7668.780414666866,-7651.884617294599,-16.89581083332486,-7668.784391434378,0.003976767512540391
3907,-48.393457481651595,0.0,-47.707499634812194,4,-42.72959679740286,-9886.133433992105,-9866.346016106203,-19.78742605388313,-9886.141946563077,0.008512570972015965
3908,40.76720070579228,0.0,-23.969742764427814,4,-42.43581731613217,-10971.178376290578,-10954.656448818689,-16.521919878324972,-10971.184523959466,0.006147668887933833
3909,18.413510768076364,0.0,-7.166960065479539,4,-46.20421031843736,-10609.502412021147,-10588.503885959919,-20.99855017973454,-10609.519199457214,0.01678743606680655
3910,161.44390109364502,0.0,-24.77320070619894,4,-33.9634978024234,-11957.973087026578,-11949.243592778912,-8.72947831280973,-11957.971695968918,-0.001391057659930084
3911,-127.0110629557833,0.0,142.4960933404823,4,-85.15442358628187,1377.5516650486838,1380.9067256307198,-3.354987400320414,1377.5356866825703,0.015978366113586162
3912,15.582251793540035,0.0,116.62306502038801,4,-61.96611546384554,-9382.756237965094,-9377.365636859484,-5.390613122194531,-9382.794118769432,0.03788080433878349
3913,12.360185041500246,0.0,42.086550060545335,4,-53.78142077017402,-10140.60896559814,-10120.763842582108,-19.84511122565079,-10140.62195693129,0.012991333151148865
3914,0.7331769151748393,0.0,-33.39648292673819,4,-43.38735371138414,-10531.584310940136,-10510.989353799765,-20.594973210039427,-10531.579596857311,-0.004714082824648358
3915,-86.06251814746642,0.0,-164.64071512094526,4,-28.572647617165067,-10374.920182474892,-10353.362026038676,-21.558122142106686,-10374.93511519337,0.014932718477211893
3916,69.4184862959969,0.0,24.886502813050484,4,-46.13668871228308,-11155.235070198796,-11116.342533344614,-38.8925541416766,-11155.268258781352,0.03318858255624946
3917,59.40098295920831,0.0,51.60805718093719,4,-50.06984320956053,-11033.806189642968,-11020.761160265343,-13.045035758656253,-11033.812490273831,0.006300630862824619
3918,-13.597655565057112,0.0,57.20344586490033,4,-58.42003243328358,-9176.398881093135,-9159.077855829226,-17.321024264320123,-9176.410341639657,0.011460546522357618
3919,-36.63759038306944,0.0,-44.54832882169038,4,-42.97386211071964,-10072.757715933354,-10052.125413424292,-20.632305455283078,-10072.766923787625,0.009207854271153337
3920,-23.322076199609327,0.0,-1.7595395268075078,4,-49.36827510211742,-9826.150483953083,-9806.730282295828,-19.420199372314563,-9826.148856851934,-0.0016271011481876485
3921,-20.72539493197738,0.0,-43.78818851962138,4,-42.65802094794152,-10320.793755957187,-10298.921621173007,-21.87208326622647,-10320.809046683764,0.015290726576495217
3922,-69.04908640273268,0.0,98.88856928507172,4,-70.3213358207323,-5442.107329680072,-5430.830890554776,-11.276386094712192,-5442.117773444368,0.010443764295814617
3923,-11.639321831415408,0.0,-23.876561263625888,4,-45.31187669268854,-10300.498882375417,-10278.666601671452,-21.832228032989082,-10300.512217788753,0.01333541333588073
3924,107.1421505227579,0.0,-37.09789982305863,4,-36.20226969957709,-12116.175792199163,-12135.155215562865,18.979423456390194,-12116.145083815285,-0.030708383877936285
3925,-128.64756782692808,0.0,-44.038470024293815,4,-42.67048786580724,-8007.351272148958,-7987.1373067289005,-20.213960497140157,-8007.367021316754,0.015749167796457186
3926,110.79592383858285,0.0,-97.95691225005085,4,-30.405357686253502,-12158.329093812312,-12174.960260443188,16.631164599406564,-12158.399819107206,0.07072529489414592
3927,23.515513428727736,0.0,-59.06481359029176,4,-38.89494634233647,-10889.539181562332,-10866.829473476146,-22.709699448293723,-10889.54733856289,0.008157000558639993
3928,-25.202181491144362,0.0,25.62704384360142,4,-54.084323476877024,-9373.410237284801,-9355.690914517718,-17.71931160944438,-9373.424614866832,0.014377582030647318
3929,-147.48423454345016,0.0,-1.5181634032348,4,-48.92617539412476,-6189.974756187816,-6171.217678805827,-18.757060316681674,-6189.990201666695,0.015445478878973518
3930,-18.536214436973637,0.0,78.73804902111277,4,-62.019464937198734,-8600.873976677978,-8585.966466253365,-14.907525448323883,-8600.878335603245,0.004358925267297309
3931,156.53750181563993,0.0,29.425215903456465,4,-38.61928275028989,-11952.955396428335,-11929.034504396022,-23.920856235694746,-11952.964809268591,0.009412840256118216
3932,-35.59621302803328,0.0,-132.51380418891338,4,-31.6629311792263,-10682.469357369797,-10661.52863850555,-20.94072895938117,-10682.476396867061,0.007039497264486272
3933,-58.97583229571779,0.0,154.24380323974432,4,-77.04927417524412,-3650.7818727923386,-3733.1192076351163,82.33736485557756,-3650.7884142784237,0.0065414860850978584
3934,75.13210494025746,0.0,-133.34463042187065,4,-28.91764659932336,-11647.619262040127,-11645.276644156495,-2.3426057368067763,-11647.628035715186,0.008773675059273955
3935,-136.24587005017986,0.0,54.347868123407935,4,-60.7846846358313,-4114.360072674061,-4099.768849079194,-14.591249428043158,-4114.363586157399,0.0035134833387928666
3936,16.7319085417749,0.0,75.50148658132434,4,-57.69857420648907,-9873.386313697956,-9855.436723008223,-17.949600092810524,-9873.379522755176,-0.006790942779844045
3937,126.3189548574196,0.0,-30.263633697622442,4,-35.70272533080428,-12122.963893489641,-12129.225694248933,6.261776110817863,-12122.973685641315,0.009792151673536864
3938,9.073244738220142,0.0,-33.6157876562307,4,-42.95659276217124,-10644.625141773213,-10623.603001293166,-21.022159652844717,-10644.630014922128,0.0048731489150668494
3939,1.9739012787304424,0.0,13.387150521696075,4,-50.32280206478125,-10205.958804911275,-10184.847639891339,-21.111131940183437,-10205.962401025945,0.0035961146695626667
3940,-125.80831122751192,0.0,-155.42171501366488,4,-29.07277766028475,-9882.816548492481,-9862.299225094686,-20.517329315430615,-9882.849609685734,0.033061193253161036
3941,30.472156658539017,0.0,185.19667439320534,4,-94.84538060332348,-1599.813739781971,1045.0004025449052,-2644.814134558683,-1599.8187105180475,0.004970736076529647
3942,-38.977641202137576,0.0,-25.031126210954902,4,-46.11657679571679,-9786.97632190668,-9767.459700044268,-19.516614527857577,-9786.974157151046,-0.00216475563502172
3943,-52.16431582676193,0.0,-1.4580539238540031,4,-50.50403657586182,-9090.645771270214,-9071.569169063347,-19.07659557967856,-9090.646707032449,0.0009357622348034056
3944,67.3123474314469,0.0,-42.7649573979913,4,-38.46704975786896,-11203.02313369175,-11169.822999269409,-33.20014453911286,-11202.921340304176,-0.10179338757370715
3945,160.3516004515995,0.0,-21.324515427588917,4,-34.30867945351495,-11962.057732771447,-11953.162990155111,-8.894727246547403,-11962.06154690159,0.003814130142927752
3946,-124.29407611669367,0.0,34.97126598283601,4,-57.25040093194872,-5524.34126790435,-5507.50060573614,-16.840651783479647,-5524.352612967831,0.01134506348080322
3947,12.257776853525769,0.0,34.87724998126294,4,-52.7474510301579,-10211.834152815907,-10190.902799788297,-20.93131603737166,-10211.828597984833,-0.005554831073823152
3948,-105.9448482385372,0.0,76.77944170074406,4,-67.14016245216432,-4412.211107741184,-4399.301996542711,-12.909143412225939,-4412.212578808926,0.0014710677423863672
3949,-32.3085177261513,0.0,-35.948853585718794,4,-44.18564408903204,-10058.773170253322,-10038.323912175578,-20.44926428534864,-10058.786585255037,0.013415001714747632
3950,-50.19238394837686,0.0,48.5594480500792,4,-59.60759373668256,-8060.120989798534,-8043.918602201039,-16.202417224124474,-8060.110513077581,-0.010476720952283358
3951,-4.08683026945803,0.0,-40.762441105082665,4,-42.53232780784431,-10515.005353861294,-10494.341284777483,-20.664082477150025,-10515.01192978882,0.006575927525773295
3952,-139.72348795689928,0.0,-81.34180123786842,4,-37.0151660866741,-8594.566151994646,-8575.086327779107,-19.4798038586875,-8594.590621954583,0.02446995993705059
3953,24.010138779573115,0.0,185.47945735379486,4,-94.85351800533417,-2791.559412793673,-173.9891383413672,-2617.570253855037,-2791.555067504283,-0.0043452893896755995
3954,33.5149451920898,0.0,-158.91626420567468,4,-27.94186152804149,-11353.304693583337,-11335.118295515442,-18.18638724445466,-11353.39627882743,0.09158524409212987
3955,-28.047033723754986,0.0,3.6182874194430874,4,-50.488200763167676,-9640.925546250619,-9621.240039796676,-19.685483456189292,-9640.927482826215,0.001936575596118928
3956,36.94284777726409,0.0,-134.39191428754393,4,-30.028570440131993,-11342.139957498679,-11324.543927512543,-17.596021228356676,-11342.129211256,-0.01074624267857871
3957,-12.656823816536374,0.0,112.76580044396061,4,-65.37722579126684,-8113.944977992525,-8117.113623066796,3.1686529403593244,-8113.964664543778,0.019686551252561912
3958,-21.864374625889237,0.0,184.14221037162187,4,-96.7416710261423,-6300.887938521144,-3483.31602217964,-2817.5718808383726,-6300.878006979728,-0.009931541416335676
3959,55.07061105137574,0.0,-36.166989312401604,4,-39.86617794743656,-11277.280781558655,-11256.332146735404,-20.948630904445285,-11277.318590865862,0.037809307206771336
3960,-25.36699450483885,0.0,185.77567443873232,4,-102.35314078333076,-3919.5576507859873,-1122.2940773116757,-2797.263514809007,-3919.5618153845503,0.004164598562965693
3961,-54.08763785040905,0.0,-173.9160138338432,4,-27.762623524036652,-10705.193910922831,-10684.157644306917,-21.03627356384786,-10705.204831701203,0.010920778371655615
3962,-109.19391159120548,0.0,117.0313195180891,4,-77.04891526298432,-1870.6454759826565,-1861.0529103400333,-9.592595732780971,-1870.6487247896055,0.003248806948931815
3963,-103.84299711382177,0.0,-44.19405817166985,4,-43.27802539928227,-8607.643177834236,-8588.133236337842,-19.509934632914653,-8607.652803885743,0.009626051507439115
3964,89.45767223420877,0.0,-18.74128757930902,4,-39.25043187708344,-11999.44880711023,-12029.465241490601,30.016438513627385,-11999.45350529161,0.004698181381172617
3965,103.31938862353802,0.0,-156.6952195162531,4,-26.117367505032416,-12114.030522017578,-12129.060303778355,15.029764665344238,-12114.05889896482,0.028376947242577444
3966,-67.15792722679433,0.0,62.75412052118462,4,-63.21655095892867,-6917.905524646717,-6902.566723331542,-15.338832501194076,-6917.916643726145,0.011119079427771794
3967,145.42634101639234,0.0,-111.58814336272445,4,-27.972873555668457,-12137.494114325675,-12141.238300905336,3.7441546507201084,-12137.504229326849,0.010115001174199278
3968,26.847083020047265,0.0,-164.0539295585545,4,-27.643695237895606,-11337.127875093232,-11323.41105873097,-13.716811456111198,-11337.138070796069,0.01019570283642679
3969,93.96890130810645,0.0,26.17745811349349,4,-43.661190620853326,-12023.572039231432,-12051.852202411019,28.280184109930588,-12023.53750481174,-0.034534419692136
3970,-81.05103799252622,0.0,144.24074898130092,4,-78.65527489518392,-2373.2451565193155,-2381.270506705328,8.02540099913649,-2373.267903308362,0.0227467890463231
3971,-18.97110531594474,0.0,32.88649182773589,4,-54.897044587346166,-9436.04252590388,-9418.974044363451,-17.068465047526185,-9436.050833971361,0.008308067481266335
3972,88.96761707909593,0.0,-76.56204944808637,4,-33.32176424733052,-12043.401550926117,-12067.761299005211,24.359759417289254,-12043.412753141258,0.011202215140656335
3973,-19.521902727007724,0.0,-178.1682477778251,4,-27.204097449485936,-10932.869913500796,-10910.128606954697,-22.7413041122083,-10932.893443913088,0.023530412292529945
3974,24.25572228479028,0.0,49.07347803353219,4,-53.58989784161993,-10324.611421814505,-10302.341215516662,-22.270162818375855,-10324.626428374222,0.015006559717221535
3975,66.18832863288335,0.0,175.51008926050756,4,-93.29032960499806,-666.6480142412161,1253.7059370188445,-1920.353959778325,-666.6587537067483,0.010739465532196846
3976,74.11779681542332,0.0,-163.7398848000877,4,-26.537140210190707,-11644.749131649869,-11639.44017176361,-5.308942521961679,-11644.81770308583,0.06857143596062087
3977,3.3362058544242545,0.0,-15.11525043438618,4,-45.94213369014485,-10443.83363821251,-10422.701256678807,-21.132368876383122,-10443.836951922834,0.003313710323709529
3978,-13.872425181625916,0.0,-56.49764676169343,4,-40.645849576842544,-10490.499205884402,-10469.68061127686,-20.818599212660672,-10490.516545655655,0.01733977125331876
3979,-51.036126438067214,0.0,-106.47301064526887,4,-34.730424741699565,-10374.713058448868,-10353.105480971288,-21.607540422811322,-10374.716717673373,0.0036592245050997008
3980,15.936786956403623,0.0,-1.8087500385016608,4,-47.14626889401838,-10537.139472438826,-10516.471318786529,-20.668174108315853,-10537.141832551382,0.0023601125558343483
3981,102.81572613463823,0.0,-130.42829793966806,4,-28.082741315353317,-12108.430943407455,-12124.858889681278,16.42793237850625,-12108.438373714484,0.007430307028698735
3982,-61.412165522441434,0.0,167.37617542296314,4,-97.92073565398988,-2408.514793842899,-3287.8558894423986,879.3410895469228,-2408.4902460361754,-0.02454780672360357
3983,106.06593026639287,0.0,-80.19399281309266,4,-32.17106558332812,-12126.390816277739,-12145.25454354166,18.863723774396835,-12126.36749017421,-0.023326103528233944
3984,-31.360009182822953,0.0,0.49601988642946615,4,-50.106240544719704,-9605.708683633458,-9585.965372915289,-19.74328317456558,-9605.715084508342,0.00640087488318386
3985,46.31174523973064,0.0,-130.6438368428579,4,-30.128647232793696,-11344.058142446007,-11317.206489559445,-26.85164003916446,-11344.110568043134,0.05242559712678485
3986,-39.762531676344125,0.0,-5.868498311944089,4,-49.342475998686865,-9496.104488633007,-9476.324105336122,-19.7803498003536,-9496.109451869608,0.004963236600815435
3987,-16.29804485991031,0.0,12.583295584710799,4,-51.37056484485416,-9800.399020775158,-9781.150520516485,-19.248494145896597,-9800.408929986563,0.009909211405101814
3988,68.06003426105744,0.0,-127.67295051464134,4,-29.726383575742712,-11419.136162795296,-11402.411015365964,-16.725139040708953,-11419.171516188753,0.035353393457626225
3989,167.85933053199545,0.0,-48.783869061343715,4,-31.705297405519826,-11943.314273377406,-11935.864264920694,-7.449986853268688,-11943.315872222583,0.001598845177795738
3990,171.01348352891023,0.0,73.90442869515356,4,-41.03242810782918,-11780.866345100785,-11663.693742474788,-117.17259404917479,-11780.8758361209,0.009491020115092397
3991,34.32767141846233,0.0,-22.267828764683866,4,-43.12236528720543,-10850.586231562887,-10828.225944081018,-22.360267538078393,-10850.583022297094,-0.003209265792975202
3992,61.97676405376218,0.0,93.87497202579266,4,-54.26189430162359,-11000.52383081281,-10974.02066539719,-26.503173482722183,-11000.536723949917,0.012893137107312214
3993,58.339947525872695,0.0,-132.7981910036592,4,-29.636647549298683,-11271.373406642271,-11235.415990118849,-35.957405659182754,-11271.336757522191,-0.03664912008025567
3994,56.43965408611045,0.0,116.60868649082795,4,-58.69559319261782,-10793.614603092386,-10728.741445020862,-64.87313304287696,-10793.637030355074,0.02242726268741535
3995,-62.85902767256819,0.0,-12.916475386891028,4,-48.69251707977802,-9018.162744829393,-8998.921743438937,-19.240987213177608,-9018.177689100425,0.014944271031708922
3996,26.650419938132607,0.0,-12.742497379984915,4,-44.90662867975513,-10727.75561177935,-10705.198242135193,-22.557377957048,-10727.769889078125,0.014277298774686642
3997,60.01126520367358,0.0,-186.89793178726373,4,-25.26786450661446,-11331.472007947634,-11303.214339320251,-28.257645240003647,-11331.38512518063,-0.08688276700377173
3998,19.12895835917255,0.0,-169.75945487824228,4,-27.324884936764644,-11277.23509672261,-11265.438094013522,-11.797002900730911,-11277.263314830278,0.028218107667271397
3999,3.573136946268848,0.0,-21.91597387438391,4,-44.926272105609605,-10493.372467295276,-10472.613218922039,-20.759258039210167,-10493.382032269497,0.00956497422157554
4000,-17.520812118831493,0.0,4.062680714091101,4,-50.03693937873646,-9883.710802914726,-9864.37542419361,-19.335387240391285,-9883.72256456409,0.011761649364416371
4001,124.87882616228426,0.0,101.47857066258669,4,-48.697145343176395,-11958.37902574916,-11801.44208886772,-156.93691667106617,-11958.399458162328,0.020432413168236963
4002,-101.86577120610758,0.0,62.413121395641504,4,-63.84886415978335,-5307.244762606648,-5293.082201277757,-14.16252223003163,-5307.244349600042,-0.0004130066054131021
4003,92.42120638079459,0.0,19.854913441042847,4,-43.14325511958558,-12009.155142795122,-12038.96955929577,29.81443025629235,-12009.117861433837,-0.037281361284840386
4004,93.53456516826036,0.0,42.594664836393605,4,-45.346375356435864,-12019.225964739202,-12045.720542899155,26.494603870794737,-12019.199384298063,-0.02658044113923097
4005,124.08519127482606,0.0,-68.55441609635012,4,-32.35692983294187,-12117.16534519244,-12126.613319070122,9.447956283823476,-12117.175221351728,0.00987615928897867
4006,66.41101089351547,0.0,-126.70638715205992,4,-29.885472133231808,-11372.523903147245,-11352.099653194695,-20.4242420671331,-11372.521357072304,-0.002546074940255494
4007,-23.407713381784276,0.0,73.72533935480274,4,-61.81183805892967,-8509.744134082312,-8494.156014423083,-15.588134169802426,-8509.729744793218,-0.014389289093742264
4008,-111.01016039360948,0.0,-84.70660380608174,4,-37.22772371407532,-9207.731938698676,-9187.938042437916,-19.793877686887512,-9207.748173744392,0.0162350457158027
4009,-88.05794628385404,0.0,148.18046510518693,4,-80.28002568344273,-1558.8676874038545,-1570.015625094822,11.148012601341023,-1558.8939390025307,0.026251598676253707
4010,40.984209454731065,0.0,124.8651895811686,4,-62.30494338038006,-10445.547134319984,-10384.83645586297,-60.710707756867365,-10445.55993318781,0.012798867825040361
4011,-42.08991899212086,0.0,-45.87295617005687,4,-42.893483181285276,-9985.811145569158,-9965.650828343732,-20.16032776181329,-9985.822257512942,0.011111943784271716
4012,-84.99268446461542,0.0,82.00786264333482,4,-67.93895617775775,-5287.841107001434,-5275.201421268117,-12.63970177717507,-5287.841833264535,0.0007262631015692023
4013,-41.32146634693284,0.0,7.066632588962172,4,-51.65835818984361,-9236.291888687316,-9217.390425027725,-18.901455209398083,-9236.312567241239,0.02067855392306228
4014,-18.250612887912347,0.0,54.546945074777675,4,-58.40667343634067,-9072.089655109905,-9054.287705755243,-17.801952785702046,-9072.084035020673,-0.005620089232252212
4015,-2.163195836887041,0.0,-67.38822830030662,4,-38.788334970242424,-10696.530624970494,-10675.224420735392,-21.306213967093615,-10696.54789388962,0.017268919125854154
4016,26.203422154476048,0.0,-6.380289218278851,4,-45.81160958380109,-10696.487383822794,-10674.289565045034,-22.197834769486093,-10696.4964803276,0.009096504805711447
4017,-97.97843029803701,0.0,-144.73112564698772,4,-30.405423070248958,-10124.364873234823,-10102.841834620902,-21.523012402264595,-10124.36134568468,-0.0035275501431897283
4018,92.31613144782088,0.0,113.25101868603274,4,-54.14163843012572,-11989.102260064497,-11868.334500492763,-120.76776072370328,-11989.09859243682,-0.0036676276777143357
4019,-54.20501944395167,0.0,3.111711532971776,4,-51.382089114715605,-8943.539710959256,-8924.39613533545,-19.143571249881216,-8943.556941006544,0.01723004728773958
4020,68.90134733348864,0.0,11.934333144457073,4,-44.70799133766939,-11160.767119931963,-11122.316630542557,-38.45049972814039,-11160.7532991781,-0.013820753862091806
4021,-52.08891444438893,0.0,-27.202794754800173,4,-46.06410951050446,-9529.698697315558,-9509.872417687868,-19.826248478668862,-9529.694861466416,-0.0038358491419785423
4022,-142.26351919363663,0.0,-95.57162599437616,4,-35.155846226433525,-8817.942888289757,-8798.310578408044,-19.632282099876313,-8817.944791941247,0.0019036514895560686
4023,-35.426444884851236,0.0,-26.313804445884415,4,-45.805499772859974,-9879.697529601583,-9860.106091753922,-19.591444969587986,-9879.707033669045,0.009504067462330568
4024,-45.078393517266505,0.0,-95.6640062209322,4,-36.012056664013585,-10372.176302551257,-10350.537549832132,-21.638714274672065,-10372.182232678517,0.005930127259489382
4025,159.09544456106914,0.0,-50.41759490983032,4,-32.05732709899827,-11993.01242953183,-11989.316625819049,-3.69577274355693,-11993.046847253709,0.0344177218794357
4026,-35.924455399027934,0.0,-39.3292716552915,4,-43.759432845326074,-10027.900991147679,-10007.59477417482,-20.3062262198607,-10027.897689723744,-0.0033014239343174268
4027,43.087917310319064,0.0,-2.5172339233664762,4,-45.10763653714882,-10884.979399274276,-10865.779799066042,-19.199577395112005,-10884.997372831758,0.017973557482036995
4028,91.28219287901129,0.0,48.426635590241744,4,-46.13257627455475,-11993.46377684896,-12020.891752257312,27.427990408307753,-11993.462837299629,-0.0009395493307238212
4029,-86.59000504101613,0.0,-112.81243703680938,4,-33.968307588869344,-9980.87946921492,-9960.135762988559,-20.743711999884592,-9980.86518272195,-0.014286492971223197
4030,36.614749619874864,0.0,9.612799287121655,4,-47.25158830836347,-10732.002250069714,-10708.877946072907,-23.12429794206541,-10732.030199034187,0.027948964472670923
4031,-44.604784423963274,0.0,27.07101495002634,4,-55.371261709915245,-8757.420171280703,-8738.656497935448,-18.763682591383763,-8757.432763481773,0.012592201070219744
4032,54.90822892965307,0.0,67.287372034418,4,-52.311030572473236,-10795.11934416889,-10772.169146500752,-22.950169360628568,-10795.119338903907,-5.264982974040322e-6
4033,-39.18410804210174,0.0,1.0526012775411968,4,-50.51685125569345,-9399.925211155749,-9380.43704851313,-19.48813626277274,-9399.92250358807,-0.0027075676789536374
4034,9.991172170027218,0.0,-1.7543088678641185,4,-47.54241541529599,-10446.439496317156,-10425.355380709405,-21.084108068010554,-10446.445090669678,0.005594352522166446
4035,-159.75325173301215,0.0,33.042636645900124,4,-54.52647780224628,-4284.792688888594,-4267.437517826382,-17.35516105118142,-4284.805774555106,0.013085666511869931
4036,-46.02694696921528,0.0,-113.38574249916614,4,-33.883721998008824,-10469.498398882775,-10448.53651114256,-20.961883382241414,-10469.4901975773,-0.008201305476177367
4037,-76.87802034312703,0.0,-75.63997409590955,4,-38.8030704249257,-9704.474847494697,-9684.858284877146,-19.616551843497408,-9704.465077030765,-0.009770463931999984
4038,23.75354386459543,0.0,-162.29017883975092,4,-27.85747376532492,-11308.428768033973,-11296.620983419292,-11.807782332520246,-11308.423428393813,-0.005339640159945702
4039,47.94867254834731,0.0,-77.07061494677033,4,-35.49270540936788,-11312.763265886482,-11293.09601110321,-19.667248050235802,-11312.801944364977,0.03867847849505779
4040,35.99714251983395,0.0,-77.3013449518796,4,-36.03460904339327,-11174.24652442152,-11163.00193547018,-11.244596231478601,-11174.248207064187,0.0016826426672196249
4041,-21.89078429921801,0.0,164.7435144127861,4,-75.7868685882445,-10998.066977121378,-10496.979906346887,-501.08704215868687,-10998.038855285062,-0.02812183631613152
4042,160.10241463524267,0.0,-71.71963082837254,4,-30.349506784543088,-11982.336763887964,-11980.693030578004,-1.6436959915101808,-11982.339320938188,0.002557050223913393
4043,-52.30358507282918,0.0,-69.27761972186039,4,-39.592066349459756,-10062.902169512707,-10042.07856403361,-20.823606326854453,-10062.91963079064,0.017461277933762176
4044,-71.51359733548439,0.0,138.74497642944195,4,-76.5601307656954,-3419.117219613737,-3425.934803658999,6.817581592965782,-3419.141362248809,0.02414263507216674
4045,-22.929557671949123,0.0,125.86393116559188,4,-68.13531569928426,-7251.202216933287,-7271.8019425054845,20.599733991341658,-7251.1821056480085,-0.02011128527828987
4046,45.89579729169105,0.0,-8.690120071480935,4,-44.04679212501531,-10988.024509920038,-10973.545803643954,-14.478700453927036,-10988.027748524726,0.0032386046877945773
4047,32.20162245012873,0.0,-33.21777388111573,4,-41.79646746050404,-10875.859358256812,-10853.812203432659,-22.04713909205459,-10875.878535851883,0.019177595071596443
4048,25.804855541763256,0.0,57.65835075131046,4,-54.516545335425604,-10293.168481996461,-10271.036199297323,-22.13223676397997,-10293.167729117828,-0.0007528786336479243
4049,-61.98173908384972,0.0,-144.28579237013412,4,-30.58600240619378,-10484.856414989123,-10463.983401372052,-20.873015075938273,-10484.860511379678,0.004096390555787366
4050,177.63093877425803,0.0,-45.959324362858275,4,-31.38076974872097,-11879.969886685978,-11870.050436314472,-9.919448367054938,-11879.965786921692,-0.004099764286365826
4051,-92.30332657306884,0.0,-9.911044365334147,4,-49.27480818470897,-8137.963203257899,-8117.388960680695,-20.57423644376839,-8137.956368686509,-0.006834571389845223
4052,18.842144139553128,0.0,41.7086902491864,4,-53.119955236899024,-10283.506959229448,-10261.536917001002,-21.969992101750584,-10283.51895868038,0.011999450933217304
4053,-79.8943702538761,0.0,-66.05418795952508,4,-40.16581516821865,-9516.2980236693,-9496.638329649217,-19.65966319196714,-9516.299036957094,0.0010132877941941842
4054,45.350267008800735,0.0,152.38058224473187,4,-75.71716886111078,-11025.855975222028,-10718.183760727943,-307.6722504832346,-11025.824273731407,-0.03170149062134442
4055,-54.02463739092887,0.0,-6.06682832001101,4,-49.73057711575418,-9126.900488552263,-9107.726237887815,-19.17424062173293,-9126.915869535218,0.015380982955321088
4056,44.52867568582712,0.0,-49.06146216647687,4,-38.947619732270354,-11200.231115085922,-11190.44630118525,-9.784822978658571,-11200.25284662398,0.021731538057792932
4057,-1.5614039046651544,0.0,-28.24691094876089,4,-44.24233594334899,-10465.41671224309,-10444.446033677563,-20.970674970752988,-10465.430432674264,0.01372043117407884
4058,-78.45892572710025,0.0,96.91813276354075,4,-70.6719877387505,-4983.480537387884,-4970.695163382208,-12.785342357999546,-4983.47633260232,-0.004204785564070335
4059,-57.2366355440665,0.0,-106.48696728091059,4,-34.75461410640632,-10307.574375350723,-10285.71250248326,-21.861821582667705,-10307.592913869446,0.0185385187232896
4060,-145.20286419138205,0.0,24.338704665027528,4,-53.925522623725485,-5200.259933761706,-5182.952412890146,-17.3075362457116,-5200.26334498912,0.003411227414289897
4061,-12.596033341648923,0.0,155.08979107571028,4,-77.53186164984584,-7912.628117318598,-8212.351631914475,299.72354242067905,-7912.638796753404,0.010679434805751953
4062,57.65685251877807,0.0,-5.061423012072033,4,-43.48628999630805,-11237.928220982612,-11221.630194445072,-16.298029672796066,-11237.932999429955,0.0047784473426872864
4063,12.63086015647915,0.0,-68.88680901233532,4,-38.1028622272799,-10825.184538173618,-10802.270203109509,-22.91432671558583,-10825.204687247193,0.020149073574430076
4064,-3.020673320980976,0.0,11.31980462098568,4,-50.33655519704711,-10124.181077106123,-10103.831554510743,-20.349518253516983,-10124.19941004355,0.018332937426748686
4065,-13.206203108676172,0.0,63.68748262721092,4,-59.35492329979863,-9076.57516654218,-9058.968161201561,-17.60701960836371,-9076.565232367559,-0.009934174620866543
4066,-107.87016286109048,0.0,-59.354205625076325,4,-40.85939210764379,-8824.959279773508,-8805.46997935399,-19.489270945899822,-8824.97190822753,0.012628454021978541
4067,45.94890614662301,0.0,-0.09226082362256277,4,-45.17973921131124,-10932.4252115017,-10915.931785982784,-16.493409177728136,-10932.429314378449,0.004102876748220297
4068,-14.266787208511296,0.0,69.26837531696496,4,-60.24881659985656,-8947.143326918247,-8929.360745947808,-17.782603554157703,-8947.16167505513,0.01834813688219583
4069,138.729276967576,0.0,-139.81409884968485,4,-26.218561994304533,-12148.80323647348,-12155.430441043369,6.627197314884044,-12148.761038882565,-0.04219759091574815
4070,130.63548192072892,0.0,-13.634966004313187,4,-36.94659072310385,-12101.45647033018,-12103.204967769187,1.7484802393061842,-12101.48560467106,0.02913434087895439
4071,60.155480809169674,0.0,96.08800434336356,4,-54.78780409636291,-10906.787360670261,-10878.10449065225,-28.68285965375675,-10906.80752456584,0.02016389557866205
4072,94.70419987334775,0.0,-77.85154173350548,4,-32.924697921306816,-12074.195517084763,-12095.973671010717,21.778159714482918,-12074.197261624333,0.0017445395696995547
4073,-153.5093832925974,0.0,-63.69695455772975,4,-38.90409209166545,-7921.341204646372,-7901.2730081898835,-20.06819310727734,-7921.357680352205,0.016475705832817766
4074,-95.76629087789844,0.0,75.02815931697714,4,-66.66455865629734,-5037.817116113337,-5024.741995667746,-13.075162455710844,-5037.826336787944,0.009220674606694956
4075,-176.53391615538294,0.0,91.78748295503362,4,-65.4733156976257,77.02649635544012,88.19869457062153,-11.172243182968424,77.02212705285726,0.004369302582858836
4076,-4.155402342314549,0.0,165.71556201856714,4,-82.2003026103656,-10454.919867092563,-10285.206763885908,-169.71312917295373,-10454.94918738814,0.029320295576326316
4077,12.275177827726981,0.0,-124.69870219928508,4,-31.6790748819164,-11044.492874469674,-11025.251125491275,-19.241759251850695,-11044.505480225735,0.012605756061020656
4078,-46.64004279671341,0.0,117.40077274134369,4,-70.4423996646507,-6079.625308877107,-6079.368038841465,-0.25723736786965296,-6079.625859357356,0.0005504802484210813
4079,162.22614783924257,0.0,45.66579554591319,4,-39.40959058382536,-11887.121040141943,-11844.05168579785,-43.06933084128226,-11887.136769828721,0.015729686778286123
4080,-126.48948199129238,0.0,-116.24311472692526,4,-33.09015224259274,-9407.53954816826,-9387.926520763682,-19.612997087766026,-9407.538749741741,-0.0007984265193954343
4081,-14.665351949225082,0.0,194.95468062970704,4,-128.60009553786531,2625.0235654743187,4632.117649890254,-2007.0940613093592,2625.0882118317463,-0.06464635742759128
4082,-140.74532653901423,0.0,-53.11340903170982,4,-40.88210130313212,-7945.564654039912,-7925.404931626576,-20.159718151745587,-7945.58138448271,0.016730442797779688
4083,-98.00684724930274,0.0,94.49945742485107,4,-71.08962871223858,-3958.402619855721,-3946.0496865342147,-12.352911269392736,-3958.3901735922796,-0.012446263441233896
4084,-10.003044656524228,0.0,-11.841526305098691,4,-47.089753202719564,-10224.556080844033,-10203.155446725614,-21.400594629913833,-10224.563257799733,0.007176955699833343
4085,35.73584886006134,0.0,46.71005848442602,4,-52.107407852033454,-10556.13797980724,-10533.332850948016,-22.805165991714823,-10556.143706942721,0.005727135481720325
4086,-75.95210609138638,0.0,82.5726883621397,4,-67.6146262459929,-5752.149436426209,-5738.658839782081,-13.49058424928888,-5752.149545136881,0.00010871067206608132
4087,107.45547237101839,0.0,-87.77555729786519,4,-31.4309452914283,-12135.934269268777,-12154.021289526887,18.087015957636957,-12135.818623116296,-0.11564615248062182
4088,15.729185952670122,0.0,-163.56579826766594,4,-27.91983054469128,-11219.855408322996,-11206.353102735357,-13.502309938961343,-11219.885749308763,0.030340985767907114
4089,95.11348700940486,0.0,-130.9831705053411,4,-28.291104772605834,-12099.276091289183,-12117.197789255837,17.921686612966184,-12099.289621439319,0.013530150135920849
4090,-20.280850328261145,0.0,-158.83936803775455,4,-28.918503258631173,-10876.27266650744,-10853.701598868332,-22.571057891419382,-10876.30308035829,0.030413850849072332
4091,54.93971400686611,0.0,81.60536468131119,4,-53.78293543280237,-10743.862521720686,-10716.912774341523,-26.94971460253528,-10743.853611122087,-0.00891059859895904
4092,-66.45439968880594,0.0,21.2097861108913,4,-54.99647370238882,-8179.342484439545,-8160.626447297491,-18.716033900198905,-8179.355120595042,0.012636155496693391
4093,56.66916370946727,0.0,-5.483593815561993,4,-43.511350024140064,-11229.922634956241,-11215.66701890683,-14.255621698421805,-11229.934791623671,0.012156667429735535
4094,140.095900969159,0.0,51.114389248851225,4,-41.820492756329145,-12009.226181751399,-11979.733768052865,-29.492397817068507,-12009.248155742687,0.021973991288177785
4095,-46.293894491103885,0.0,-38.372569336010834,4,-44.14739887989724,-9809.05023421368,-9789.483804702315,-19.566426338820403,-9809.066328735598,0.016094521917693783
4096,58.689866186690516,0.0,170.62890948696216,4,-94.31178279261205,-4641.774461322141,-2987.9528841789556,-1653.8215450384628,-4641.776983602056,0.002522279914956016
4097,-15.294306231641555,0.0,-101.37310696386507,4,-34.87076675244571,-10726.515599905288,-10705.070271462984,-21.445332188774668,-10726.52973792149,0.014138016202196013
4098,11.581575123847593,0.0,164.55307811612923,4,-84.02703266025841,-10213.005939490553,-10172.039595514843,-40.966354943235665,-10212.997754443204,-0.008185047348888475
4099,88.34917210125464,0.0,-97.73144867432957,4,-31.371916825975195,-12047.260707040567,-12070.034582917624,22.7738830762855,-12047.254372588817,-0.00633445174935332
4100,-86.02243493586012,0.0,-18.84871816448822,4,-47.751073811367476,-8514.753788197708,-8494.862532990637,-19.891264817822837,-8514.761540006259,0.007751808550892747
4101,13.189155993381611,0.0,-142.23937565575034,4,-29.911507076097912,-11123.114051286628,-11106.297868368234,-16.816196081532077,-11123.153570052937,0.03951876630890183
4102,-35.836210156461114,0.0,6.0832159023506716,4,-51.257149771873785,-9404.969772656541,-9385.636349707731,-19.333399163258097,-9404.984463638842,0.014690982301544864
4103,-72.00429901591768,0.0,42.7944816386668,4,-59.37734247013143,-7362.297788116168,-7346.5351587510595,-15.762642842001103,-7362.3014774909125,0.0036893747446811176
4104,13.746543258162172,0.0,-18.40877407524336,4,-44.8756391498504,-10614.868373082154,-10593.968824057767,-20.899570372023458,-10614.883298046336,0.014924964181773248
4105,35.70729194202214,0.0,35.93725704970672,4,-50.76132617281537,-10611.70529359941,-10588.464732323553,-23.240595548482325,-10611.709728155223,0.0044345558126224205
4106,-25.00321812241789,0.0,-45.303502254385954,4,-42.55626415428139,-10272.457604086589,-10250.682794747267,-21.774757795255386,-10272.462854017762,0.00524993117323902
4107,-146.6241500038754,0.0,36.96131273514883,4,-56.33324471650253,-4572.847197899449,-4555.773658693435,-17.07352890417627,-4572.845058210196,-0.00213968925345398
4108,138.99941623835315,0.0,56.30640129988546,4,-42.36683945970903,-12008.601323382745,-11973.876046674817,-34.725269196658815,-12008.603705598938,0.0023822161929274444
4109,-7.617185475752917,0.0,-28.718896875108072,4,-44.42827656111606,-10389.072662155333,-10367.440917870183,-21.63170872886953,-10389.063119956287,-0.009542199046336464
4110,133.8658467115336,0.0,68.44810029842044,4,-43.94227931767174,-12002.31424159011,-11954.122953609216,-48.191307192765386,-12002.337167904852,0.02292631474301743
4111,-56.808358557679355,0.0,-171.6977756977218,4,-27.965644408299756,-10673.481136197666,-10652.662501420995,-20.818646158627,-10673.497044272266,0.0159080745997926
4112,-87.87439779182418,0.0,-102.06755534193837,4,-35.2629418403208,-9843.84694489998,-9823.756945734416,-20.090004865778432,-9843.863156364247,0.016211464266234543
4113,-3.630752838848515,0.0,26.65481749293858,4,-52.79637695439466,-9927.51786081469,-9909.025212662937,-18.492664263219126,-9927.517198030135,-0.0006627845559705747
4114,-105.83298827043986,0.0,63.81389639260494,4,-64.12167586725471,-5053.188097527567,-5039.157664104089,-14.03039543091151,-5053.185358315813,-0.002739211754487769
4115,41.190609694875825,0.0,67.61205121525903,4,-53.89332806294608,-10550.74880340242,-10527.443339359479,-23.305507249472566,-10550.755946746645,0.0071433442244597245
4116,-97.18517054698447,0.0,-66.27013189556946,4,-39.99820827312996,-9177.37539088701,-9157.576035242162,-19.799337970659113,-9177.387478656614,0.012087769604477216
4117,35.62680700727806,0.0,-119.86924147067641,4,-31.451601415925452,-11320.239920630773,-11306.42689244393,-13.813024531650616,-11320.28254736633,0.04262673555786023
4118,-29.06050554470885,0.0,-111.93352885488588,4,-33.86516160990487,-10644.46300726348,-10623.737564700565,-20.725457299552684,-10644.488029507154,0.02502224367344752
4119,18.836200563338902,0.0,-133.33005362779417,4,-30.632991768385942,-11156.255683241481,-11141.210326507273,-15.045367320361079,-11156.250719103591,-0.0049641378900560085
4120,-52.078474658344625,0.0,-25.050014465302148,4,-46.42092656995585,-9497.746985132871,-9477.896798419115,-19.850154021238158,-9497.769703363563,0.02271823069168022
4121,24.974264593238882,0.0,108.59407854763764,4,-60.226403555565945,-9855.718021644743,-9838.872098047657,-16.845932248702734,-9855.724988475935,0.0069668311916757375
4122,1.9279401727445142,0.0,25.49997040317216,4,-52.1973778966003,-10075.755525474538,-10056.278104602057,-19.477429213137032,-10075.758397448857,0.0028719743186229607
4123,168.7338180943448,0.0,12.96614205935489,4,-36.38654177955691,-11879.019498841206,-11857.466244804735,-21.553234173721172,-11879.023776346321,0.004277505115169333
4124,7.2753344711615675,0.0,-8.199832537099873,4,-46.750984171480276,-10451.837937228,-10430.791610628301,-21.04632003020782,-10451.847502885956,0.00956565795604547
4125,61.290078726032334,0.0,173.991820677592,4,-94.44821634272634,-2106.2244691541823,-285.03994768556703,-1821.184515234425,-2106.2366543300286,0.01218517584629808
4126,117.86503516660454,0.0,-90.93594072955149,4,-30.698933087312373,-12161.177164452902,-12173.924087373489,12.746918778566808,-12161.232069981059,0.054905528157178196
4127,-156.2616415766066,0.0,-114.81222467175225,4,-32.579554977379466,-8910.614801013919,-8890.8823082666,-19.73247113955594,-8910.617556901847,0.002755887928287848
4128,9.523513913319995,0.0,33.46303902456467,4,-52.77814231816336,-10165.706658853756,-10145.437525558391,-20.269112462927673,-10165.709224894721,0.002566040964666172
4129,150.50258783703978,0.0,-96.68122108558548,4,-28.881427670660308,-12054.820045905732,-12056.096795434922,1.2767354770082489,-12054.822648813315,0.0026029075834230753
4130,9.606218600075566,0.0,23.81066889244482,4,-51.34616162815672,-10256.51254876247,-10234.970107969824,-21.542395693668762,-10256.527860192831,0.0153114303611801
4131,131.66944156241695,0.0,-38.333463111467076,4,-34.634867910814314,-12124.683519608618,-12128.79013474661,4.106596442860406,-12124.690923752642,0.007404144023894332
4132,109.71189812627759,0.0,-147.7361289498157,4,-26.566117308428183,-12139.713098233284,-12154.184732682817,14.471625072543278,-12139.82103652693,0.10793829364592966
4133,6.6438528157968815,0.0,40.30043456310667,4,-54.0432145173801,-10018.630598278556,-10000.295651069471,-18.334963139673516,-10018.62114562356,-0.009452654996493948
4134,98.43895374837669,0.0,0.23088443998624375,4,-40.610616626845236,-12061.356570309772,-12087.10795457292,25.751411112896392,-12061.37189729904,0.015326989267123281
4135,-9.232740870972592,0.0,109.4500356624012,4,-64.55611321060407,-8348.444347380788,-8347.306363384463,-1.1379633814754935,-8348.439796722088,-0.004550658699372434
4136,40.19704313927342,0.0,39.76726010430087,4,-50.818029345917516,-10652.383009587451,-10628.110126532887,-24.27290034941573,-10652.394339024046,0.011329436594678555
4137,-81.24175202167265,0.0,75.28191853985344,4,-66.35505876948055,-5775.3366944213885,-5761.69852653017,-13.638176559159497,-5775.34508546258,0.008391041191316617
4138,-175.3536167602435,0.0,-60.9464033166365,4,-38.32389627521502,-7393.55254047955,-7372.9928271509925,-20.559707365251338,-7393.553837860606,0.0012973810562471044
4139,-77.94692908260102,0.0,-68.28230422058675,4,-39.847865506174884,-9585.053641707973,-9565.457119710076,-19.596498282768945,-9585.077711256205,0.024069548231636873
4140,-101.12861530646725,0.0,97.24279427906343,4,-71.84267479162439,-3617.8997698616367,-3606.517021455071,-11.382747294696644,-3617.8975207145663,-0.002249147070415347
4141,-68.74978891313297,0.0,-0.9489191750374771,4,-50.91637780574488,-8610.39209554193,-8590.46687952464,-19.92522959335461,-8610.381274124722,-0.010821417208717321
4142,-86.12617808253702,0.0,-51.51897838872673,4,-42.32412567345901,-9161.546469569641,-9141.797405295576,-19.74904492636443,-9161.556321658707,0.009852089066043845
4143,-92.2394637458162,0.0,-154.4008544483652,4,-29.49636122807701,-10256.475908534783,-10234.592052038151,-21.88380573859025,-10256.489820220806,0.013911686022765934
4144,-13.064015749102984,0.0,-18.82769102049451,4,-46.1462452409021,-10235.518133636459,-10214.015520697074,-21.502570461767238,-10235.51609479399,-0.0020388424691191176
4145,-35.98008377859065,0.0,-62.602612316292955,4,-40.30109417129273,-10253.610750494778,-10231.858218959984,-21.752482225761632,-10253.607559509957,-0.0031909848203213187
4146,-110.0791974982321,0.0,116.17827095603256,4,-76.86914884500575,-1866.5730147961774,-1856.684472361637,-9.88858724291343,-1866.5681475120252,-0.0048672841521693044
4147,4.406619969847386,0.0,173.3529747146732,4,-96.98906917567386,-12141.60359035335,-11281.173471298935,-860.4300700907403,-12141.6279771304,0.024386777049585362
4148,28.190286923116965,0.0,-45.6235958651742,4,-40.39439962746747,-10883.760738963452,-10861.36662150762,-22.394105261168953,-10883.767015671949,0.006276708496443462
4149,-153.17632112672467,0.0,126.26438870598878,4,-78.75662541164607,1799.103635891568,1808.3683996110533,-9.264787386285384,1799.0957839913087,0.007851900259311151
4150,49.20588999562334,0.0,20.95084619994814,4,-47.60772903292222,-10877.745448397356,-10859.545480436407,-18.199941412632135,-10877.748437316308,0.002988918951814412
4151,-92.81198961674154,0.0,40.283560494111775,4,-59.138939453845545,-6589.918459599768,-6574.009272373624,-15.909218337960738,-6589.925973779749,0.007514179981626512
4152,-39.83961575746473,0.0,-34.616367054776674,4,-44.5984546140904,-9893.364070346188,-9873.671857006273,-19.69222201387202,-9893.35532973702,-0.008740609167944058
4153,-20.78798661540166,0.0,-62.80226618806414,4,-39.95979872668479,-10445.259811182696,-10424.105937853932,-21.153857819203616,-10445.270319659596,0.010508476900213282
4154,13.744584209112773,0.0,116.4193089916629,4,-62.124113223010475,-9288.72138678336,-9283.991200877239,-4.730203018538111,-9288.758002829356,0.0366160459961975
4155,58.685842998635444,0.0,-31.91626201044108,4,-40.167187620928964,-11265.804131079325,-11238.902568787233,-26.901556975712612,-11265.855592728016,0.0514616486907471
4156,7.2407415853290535,0.0,-7.0986826959962235,4,-46.916066204368455,-10443.798312684696,-10422.683799212104,-21.114502765812112,-10443.8060557063,0.007743021604255773
4157,-12.018675223873586,0.0,-118.0593327041149,4,-32.91648827048734,-10810.545114889166,-10788.285194617249,-22.25991720048846,-10810.54093216115,-0.004182728016530746
4158,-163.58731598208385,0.0,-47.907216337277646,4,-40.65471584362748,-7293.801808394066,-7273.081310947322,-20.72049392473894,-7293.810406294447,0.008597900380664214
4159,169.09845846984848,0.0,62.31622001480772,4,-40.14655695059466,-11853.551045921839,-11774.942868434044,-78.60817044940788,-11853.557403786406,0.0063578645676898304
4160,-128.9131132486728,0.0,-52.490110297373334,4,-41.37605553398969,-8200.964430731285,-8181.065743220141,-19.89868644311612,-8200.964102342508,-0.000328388776324573
4161,-95.13379847592029,0.0,-123.1926998663443,4,-32.715870284778056,-9965.018835180636,-9944.28802451627,-20.730816197792755,-9965.035499465857,0.01666428522185015
4162,22.47423848729378,0.0,-55.171231930400495,4,-39.44456544327002,-10861.72674808996,-10838.63497885694,-23.09175660472451,-10861.725793398511,-0.0009546914498059778
4163,16.707595443455617,0.0,35.27205212734215,4,-52.4166958895472,-10294.577120784872,-10272.566030181932,-22.0110397760894,-10294.603762804612,0.026642019740393152
4164,56.973568179447355,0.0,115.12769146986993,4,-58.317113348168036,-10804.231981688039,-10743.932625109914,-60.29933355315213,-10804.215029952806,-0.016951735233305953
4165,-2.4151802592132174,0.0,-110.3875964768245,4,-33.582467607872175,-10851.781289658626,-10829.069907332558,-22.711372730845728,-10851.783949878114,0.0026602194884617347
4166,-71.72267653699326,0.0,61.29460843369204,4,-63.1102272693323,-6762.901997602683,-6747.389564464423,-15.512465033584746,-6762.897911021956,-0.004086580726834654
4167,133.82280445078874,0.0,-4.795043222898242,4,-37.534505998254595,-12042.020862739082,-12040.664115083651,-1.3567559702371714,-12042.006521517931,-0.01434122115097125
4168,54.468832650641275,0.0,25.54690170516358,4,-47.61997572350698,-11003.10704627182,-10990.54883873248,-12.558203495814793,-11003.130191795448,0.02314552362804534
4169,28.793287416236044,0.0,-145.7888828920957,4,-29.189739903012317,-11318.162145796075,-11305.640590349674,-12.521551613569278,-11318.195016040423,0.03287024434757768
4170,-14.185962004592103,0.0,181.12100852236233,4,-93.40792824886748,-8888.139779293711,-6397.493801769168,-2490.6459740346436,-8888.197000621403,0.05722132769187738
4171,-57.18490063294416,0.0,103.03155444416835,4,-69.80016649157511,-5977.616833024869,-5967.419450995283,-10.19733434974846,-5977.627210229837,0.01037720496788097
4172,4.947647377939885,0.0,-60.04512684392412,4,-39.51615135368259,-10730.315898038354,-10708.535506180007,-21.780400693488154,-10730.337492167071,0.021594128716969863
4173,-168.66563223490462,0.0,77.80876601605353,4,-63.05298995102108,-1316.6901297596867,-1302.173988324198,-14.516143489170664,-1316.6939571817159,0.00382742202918962
4174,-28.414119169979546,0.0,5.090270793319848,4,-50.75457195465076,-9610.61279682754,-9590.936634030559,-19.676136097105157,-9610.62472428247,0.0119274549306283
4175,61.023489487778264,0.0,-66.8738576191108,4,-36.07706961751683,-11245.652803945273,-11208.810199434336,-36.84260505674569,-11245.713079529001,0.06027558372807107
4176,-24.63782988994917,0.0,81.63586141621609,4,-63.090103959697096,-8276.511366089888,-8261.814712900295,-14.696663120652673,-8276.511720800358,0.0003547104697645409
4177,151.8064500470343,0.0,83.86643250428145,4,-43.80685600414346,-11873.071688857552,-11749.176394910643,-123.89530361896813,-11873.074008689126,0.0023198315739136888
4178,-9.393399530472024,0.0,-9.038644927394467,4,-47.49747832331716,-10208.987992576991,-10187.712872236993,-21.275084549788854,-10208.981355567648,-0.006637009342739475
4179,-9.013538448951502,0.0,6.241628587958573,4,-49.90631644473659,-10050.95059206124,-10031.080816841271,-19.869785699114626,-10050.955281700217,0.004689638977652066
4180,-49.75456368421816,0.0,-5.45350756001576,4,-49.72617344881155,-9231.56504081348,-9212.2791401872,-19.28588618515078,-9231.576435437417,0.011394623936212156
4181,0.24063330940192001,0.0,100.80081137919477,4,-62.32355295109005,-8943.52148801254,-8933.143506717179,-10.378000144084417,-8943.50539909968,-0.016088912860141136
4182,-39.00726567736787,0.0,-61.38360596167981,4,-40.529459520566206,-10198.935159115019,-10177.423154393298,-21.511967273707306,-10198.930391627373,-0.004767487645949586
4183,54.46304473930305,0.0,178.28976785115898,4,-95.96740267374066,-955.5720822819933,1024.4555522540438,-1980.027626695178,-955.579450806874,0.00736852488068962
4184,26.582540292570933,0.0,23.179238125172983,4,-49.89459979034611,-10539.069506598908,-10517.738677899437,-21.330855136928477,-10539.06274263978,-0.006763959127056296
4185,-50.21569012010947,0.0,5.470130801042035,4,-51.69205886225555,-9011.887880878554,-8992.907584819755,-18.980293189498372,-9011.875106164087,-0.012774714467013837
4186,-138.20361797862054,0.0,-91.22531393247768,4,-35.796970556640154,-8813.52697418394,-8793.911592460854,-19.615353337119906,-8813.528968846502,0.001994662561628502
4187,70.76153262522051,0.0,-24.89823184927906,4,-40.28698716374862,-11215.878500693967,-11189.812754919867,-26.065762686453027,-11215.811176224914,-0.06732446905334655
4188,104.11992069955406,0.0,115.00274776720946,4,-53.34496044917134,-12078.769973261544,-11891.56108247635,-187.2089504355225,-12078.808011361938,0.038038100394260255
4189,-4.944446545761542,0.0,58.63076195348657,4,-57.81731147923779,-9438.782561850532,-9421.463364765159,-17.319169673203,-9438.794315943562,0.011754093029594515
4190,92.19784863807044,0.0,-40.79267952620815,4,-36.73414101933753,-12043.063091952408,-12069.167040154465,26.10396198296239,-12043.10278402101,0.03969206860165286
4191,-69.48228991181733,0.0,-139.4991149145635,4,-31.076011739769744,-10385.300133533348,-10363.792927957114,-21.507173428894717,-10385.302274648551,0.0021411152029031655
4192,-5.351639810130431,0.0,-68.27158691183472,4,-38.772190349313576,-10667.723933809117,-10646.715385309855,-21.00856160759193,-10667.729071171605,0.005137362488312647
4193,-22.107583866211307,0.0,48.355065324067716,4,-57.718234368294844,-9059.262964080312,-9041.439217224795,-17.823746538212692,-9059.275199564287,0.012235483975018724
4194,68.64781038112432,0.0,-152.51882756105854,4,-27.60730073390108,-11476.281120549527,-11461.682359808467,-14.598743069104362,-11476.476680234215,0.19555968468739593
4195,29.11229346292696,0.0,46.26044149240473,4,-52.74148819192187,-10431.009959167273,-10408.983042009893,-22.026923915628487,-10431.021593553485,0.011634386211881065
4196,-12.315622212295578,0.0,-127.70170659818072,4,-31.887593406601212,-10838.001146688488,-10815.54871287398,-22.45242806535653,-10838.009530553949,0.008383865460928064
4197,35.45530647130984,0.0,1.0694056047785179,4,-46.1926181919151,-10756.463539862236,-10733.382931406975,-23.08059726353002,-10756.448994730237,-0.014545131998602301
4198,40.61793149040233,0.0,-7.914437463514766,4,-44.58916551858165,-10870.417205908154,-10849.962713806559,-20.454469015176365,-10870.419083221288,0.0018773131341731641
4199,-88.08612513729486,0.0,-34.4840885569162,4,-45.061369186182596,-8792.295096913524,-8772.88781460133,-19.407263840123044,-8792.311980554005,0.016883640480955364
4200,62.149182186875755,0.0,27.651911725225965,4,-47.037437779209085,-11204.089885177942,-11185.825225828961,-18.264683749456445,-11204.052028883416,-0.03785629452613648
4201,31.663336761844217,0.0,14.033181693351281,4,-48.226694481577454,-10661.223499165622,-10638.882354544641,-22.341165992343406,-10661.226620172063,0.0031210064407787286
4202,-12.468844570345865,0.0,34.35984174460472,4,-54.670127251397595,-9598.559721456932,-9580.967892741664,-17.591807273217604,-9598.559949476394,0.00022801946215622593
4203,-16.69653028863239,0.0,-10.471208384155283,4,-47.632486507873665,-10081.035950983141,-10060.736497740598,-20.2994575635757,-10081.047971450265,0.012020467123875278
4204,-20.726628526775926,0.0,-59.90756382203634,4,-40.35959079678494,-10427.520569061198,-10406.221590050485,-21.298956521723664,-10427.532013153499,0.011444092300735065
4205,-44.9780299469527,0.0,-31.883111028422054,4,-45.15639129072176,-9750.346333759117,-9730.806162151508,-19.54016035809913,-9750.350488820435,0.00415506131867005
4206,3.803586118277457,0.0,105.13584586450159,4,-62.26877007930934,-9007.0750081808,-8997.893369876161,-9.181653001409929,-9007.069981987643,-0.00502619315739139
4207,-100.46494566814017,0.0,127.07201606238189,4,-78.8033047451124,-1843.6241100998936,-1837.1812639668265,-6.442778984995271,-1843.6289788561296,0.004868756235964611
4208,9.88841139040071,0.0,69.26685524092674,4,-57.74362799909054,-9736.884152875038,-9718.56283896173,-18.321301918200902,-9736.895913023945,0.011760148907342227
4209,-65.65976336866645,0.0,106.80538666124018,4,-71.32540996667133,-5316.233437354312,-5305.780236570618,-10.45318667488308,-5316.2484569553435,0.015019601031781349
4210,-24.7249091135598,0.0,-32.91867154000411,4,-44.41774196391463,-10166.34713210893,-10145.211106376937,-21.136000518547846,-10166.357028577559,0.009896468629449373
4211,67.47340493329907,0.0,14.133004706756793,4,-45.05655891065958,-11181.59494882708,-11145.538677630733,-36.056279537795014,-11181.626358111216,0.03140928413631627
4212,73.87811597471392,0.0,39.001344773617696,4,-47.30573068877125,-11129.150887063786,-11095.279443689316,-33.87147612812537,-11129.16477930568,0.013892241893699975
4213,-110.84682304040655,0.0,-74.90618883352793,4,-38.56144918531428,-9049.165099052634,-9029.424878058493,-19.74020203545379,-9049.19521493823,0.03011588559638767
4214,23.726226929306474,0.0,-3.819172306690355,4,-46.32989896888534,-10658.148708283137,-10636.497315937682,-21.651415254649816,-10658.15217125154,0.0034629684032552177
4215,-3.182444476611175,0.0,194.4779472177675,4,-116.50579492385204,1615.5486811319483,4240.250325199151,-2624.701620696196,1615.5220258075565,0.026655324391867907
4216,-151.17116538667094,0.0,53.63657462455779,4,-59.52113050010964,-3520.7527844795723,-3506.0903567911973,-14.662452603081103,-3520.7588520861436,0.006067606571377837
4217,-27.096097203249418,0.0,-99.12863378245036,4,-35.35600267529112,-10594.863277658309,-10574.304221730003,-20.559072252295035,-10594.876044831055,0.012767172745952848
4218,-180.20994980135382,0.0,45.672508773565696,4,-55.04844079856773,-2894.3832646425367,-2879.086549018672,-15.296707118935023,-2894.3863500754414,0.0030854329047542706
4219,33.39714986998261,0.0,14.14551332465172,4,-48.10774732584959,-10679.310081938731,-10656.652710128705,-22.65738901386568,-10679.317720093608,0.007638154876985936
4220,-107.93050317080233,0.0,-55.19598458870542,4,-41.486462754246716,-8740.757860063424,-8721.309846795024,-19.44798915280454,-8740.76459241805,0.006732354626365122
4221,-41.74392666328527,0.0,-18.066344940540947,4,-47.34156465873472,-9630.055375998325,-9610.312500514416,-19.74285191607329,-9630.079358928358,0.023982930033525918
4222,-13.52280341467184,0.0,-19.67604224034816,4,-46.03500617838619,-10235.381543371395,-10213.876428167367,-21.505072699540573,-10235.37676310184,-0.004780269555340055
4223,-20.440158019985773,0.0,59.410378949665215,4,-59.340987249274974,-8916.038704289826,-8897.76974673569,-18.268974477979278,-8916.036128164711,-0.0025761251145013375
4224,-6.5122374881357,0.0,-45.71523335311181,4,-41.91827944141679,-10515.425556782278,-10494.758840544147,-20.666729245397313,-10515.434633107729,0.009076325450223521
4225,-27.44604657272807,0.0,14.39229207609841,4,-52.29109836940829,-9494.600971045747,-9475.452213972749,-19.148731415046687,-9494.616295788644,0.015324742897064425
4226,2.558893347283272,0.0,-15.99816848457013,4,-45.85136301733288,-10439.122907047971,-10417.946951645497,-21.175940174553762,-10439.135487259586,0.012580211614476866
4227,76.0126024528154,0.0,5.403655957927212,4,-43.316362608236616,-11304.956072728715,-11294.699207682024,-10.256894954563451,-11304.949919903098,-0.0061528256173915
4228,-68.84700555828509,0.0,-109.36017673357536,4,-34.42801564441517,-10190.906771025999,-10169.233268437101,-21.67346357257653,-10190.93679991246,0.030028886461877846
4229,-134.80281489968297,0.0,-46.843733705325306,4,-42.02980929004699,-7929.594918567974,-7909.33810923836,-20.25680407727313,-7929.597028767289,0.002110199315211503
4230,8.62900822377721,0.0,18.784828190202646,4,-50.672388760147456,-10280.899816316274,-10259.153170595166,-21.74659676299945,-10280.914743557392,0.014927241118130041
4231,15.672020965691246,0.0,-131.67882344525063,4,-30.87962739445296,-11113.150575360787,-11096.325452274672,-16.825136493775545,-11113.152551691504,0.0019763307172979694
4232,84.23097574906063,0.0,-112.86665623439863,4,-30.234482225732407,-11940.599020997928,-11958.216846876761,17.61783197353069,-11940.576059248211,-0.022961749717069324
4233,-35.841971053331854,0.0,116.81913718464492,4,-68.90350810320535,-6753.656742921256,-6757.061391566551,3.4046698671073403,-6753.673004402446,0.016261481189758342
4234,-118.67338620046785,0.0,133.73165055372587,4,-81.96690973448862,7.206002285045722,12.780408653576837,-5.574394017369555,7.193959699413659,0.012042585632062952
4235,103.56449535774834,0.0,23.169037460969736,4,-42.53809169762936,-12065.77364014953,-12083.663212253432,17.889592689882544,-12065.77920465505,0.005564505519942031
4236,172.0382521252927,0.0,67.09257577127839,4,-40.30471754907643,-11812.953497856755,-11716.999635439965,-95.95384948032562,-11812.945517523602,-0.007980333153682295
4237,-52.78408304523943,0.0,55.56973107819327,4,-61.05959118714419,-7769.05158690731,-7753.289635126038,-15.761971068205877,-7769.061969166821,0.01038225951106142
4238,44.72991953169319,0.0,35.97913946012739,4,-49.921502939065725,-10723.742624886025,-10699.243701506028,-24.49891181370085,-10723.75747267007,0.014847784044832224
4239,-11.206535395709599,0.0,117.79819374384762,4,-65.71509085801148,-8076.690499243253,-8086.732846205916,10.042360802719092,-8076.6644482062975,-0.02605103695532307
4240,-55.13223947278257,0.0,30.708799502350338,4,-56.46410534521728,-8334.805120843892,-8316.848289700421,-17.95682387139695,-8334.79088588526,-0.01423495863127755
4241,-116.666283594733,0.0,41.98631543944743,4,-59.030947265706644,-5538.160326051608,-5521.569931155438,-16.590381443583603,-5538.176653608828,0.01632755722039292
4242,-141.73332714085097,0.0,6.243991061156741,4,-50.66586770248795,-6073.610896328409,-6055.436488721022,-18.17438774157241,-6073.633705875928,0.022809547519500484
4243,-168.08466869099502,0.0,-69.36822604485452,4,-37.56182606709837,-7757.164426279058,-7737.010287760308,-20.15413151965492,-7757.146436418149,-0.0179898609085285
4244,21.409775519394607,0.0,20.815903190746756,4,-50.00364514864025,-10466.223355550916,-10445.061750013838,-21.161617207023788,-10466.2332466962,0.00989114528420032
4245,-31.125652852067155,0.0,-44.760850848767014,4,-42.80268313510347,-10171.529551502776,-10150.271162832987,-21.2583600314222,-10171.532433879582,0.002882376806155662
4246,-72.44132840160027,0.0,-5.0196065541694095,4,-50.212096182154646,-8591.637190432657,-8571.712493116183,-19.924709930808678,-8591.625337182433,-0.01185325022379402
4247,-100.35086928430165,0.0,77.14016103694422,4,-67.21862788441335,-4690.056622371849,-4677.349009744021,-12.707648833829984,-4690.049820299268,-0.006802072581194807
4248,-52.94656359858307,0.0,-68.92832545583404,4,-39.648571001913126,-10048.515526603716,-10027.775182904916,-20.740347561124867,-10048.507906443961,-0.007620159754878841
4249,11.155909416712008,0.0,0.5133420748682738,4,-47.803948403506176,-10447.719996132575,-10426.64938613621,-21.0706039814131,-10447.728777976337,0.008781843762335484
4250,-123.60076595699762,0.0,47.84717847142793,4,-60.01449146409209,-4987.621202648924,-4971.6899475137725,-15.931270048577753,-4987.624429619255,0.003226970331525081
4251,11.027756860124768,0.0,139.7526905334409,4,-67.65057006960107,-9053.7482612433,-9108.24516585342,54.496884647138366,-9053.776560575243,0.02829933194334444
4252,92.70052937908497,0.0,85.01541998492057,4,-49.61781887103452,-12031.919529674418,-12027.420795894866,-4.498725627569284,-12031.913008866379,-0.0065208080395677825
4253,-58.223747677325484,0.0,-105.27828908073879,4,-34.90329740720393,-10288.282878720589,-10266.406597502002,-21.876228691384483,-10288.284751320185,0.0018725995960267028
4254,146.0952412255364,0.0,-99.6471547781149,4,-28.831484972408777,-12118.049585553044,-12120.92979897054,2.880183223992683,-12118.053445034744,0.003859481699691969
4255,102.03046307076343,0.0,-81.3194445092782,4,-32.2620215654326,-12100.374536496178,-12120.064204017537,19.689665686095456,-12100.42340680758,0.048870311402424704
4256,-12.881631891429226,0.0,94.36226953576224,4,-63.35496408587863,-8505.89945487976,-8495.280699325025,-10.618759172606868,-8505.88564468622,-0.013810193540848559
4257,83.18832923424576,0.0,-68.23934952333599,4,-34.50228939071675,-11871.94329708231,-11893.441278426979,21.497984289509215,-11871.908462905238,-0.034834177073207684
4258,73.14553743270254,0.0,-145.03011609912892,4,-28.03606055752223,-11597.890282570845,-11591.503880011029,-6.386386878094168,-11597.951742416963,0.0614598461179412
4259,23.042067977375027,0.0,-143.03305615891247,4,-29.59340005001148,-11242.12955139534,-11230.207357912488,-11.922193259171634,-11242.123654354931,-0.005897040407944587
4260,106.10618416930367,0.0,46.89258768896275,4,-44.57907702058307,-12069.68507101222,-12075.41259089483,5.72751698985677,-12069.683349887055,-0.0017211251652042847
4261,29.61431306914179,0.0,-82.29574394170648,4,-35.75341195540358,-11091.849620025869,-11076.688372472025,-15.161258611437331,-11091.8437478635,-0.005872162368177669
4262,-84.72770160512863,0.0,119.31944281803302,4,-75.6008705297398,-3445.935111944826,-3439.772156424103,-6.162935614532936,-3445.950962741554,0.01585079672804568
4263,63.25510619874048,0.0,-63.04409814461713,4,-36.40508229041814,-11224.502066724122,-11187.37449548704,-37.127575243472,-11224.390452470485,-0.11161425363752642
4264,-160.40646289106772,0.0,-7.016248477111984,4,-47.19167547947213,-6016.222876059935,-5997.30956537472,-18.913286626211015,-6016.243716455384,0.020840395449340576
4265,-126.94684090746344,0.0,40.077512092090124,4,-58.187035151646036,-5199.61991922585,-5182.80696137396,-16.81294080837851,-5199.622385291048,0.002466065197950229
4266,-96.91189781890346,0.0,-156.3640601093156,4,-29.276775129898763,-10222.833287803209,-10200.989840427006,-21.843400848521238,-10222.847572540564,0.01428473735541047
4267,52.80690800480418,0.0,-20.25102918554793,4,-41.96417182585106,-11226.595641112692,-11214.860315103351,-11.735333453066604,-11226.58918333439,-0.006457778301410144
4268,2.165485468559248,0.0,22.285969332762672,4,-51.68404981802798,-10117.197399095468,-10097.18189007299,-20.015507322221815,-10117.219364658575,0.02196556310627784
4269,146.38459441077643,0.0,46.81126541832004,4,-40.88888602450504,-12006.746782595315,-11976.068332663608,-30.678411479618923,-12006.746721182828,-6.141248741187155e-5
4270,24.045658774899234,0.0,177.9560003794722,4,-101.1837563937604,-7196.802154893765,-5538.326472971837,-1658.4756534702208,-7196.818242978978,0.016088085212686565
4271,-24.84834306554755,0.0,-92.18868669157843,4,-36.17355368710186,-10579.848455112653,-10559.301623588555,-20.546847163736473,-10579.85486520713,0.0064100944764504675
4272,95.20652687637244,0.0,24.847779006128707,4,-43.417801433182184,-12034.486361054542,-12061.900316649631,27.413980676578042,-12034.490603290904,0.004242236362188123
4273,-21.702473470991784,0.0,13.338562371626137,4,-51.80307807028505,-9658.188585064652,-9638.768356376198,-19.42020884511724,-9658.178912021282,-0.009673043370639789
4274,28.321986163953703,0.0,-19.27955798184722,4,-43.910675196923414,-10770.354653341206,-10747.363578508453,-22.99106878271764,-10770.366346715027,0.011693373820889974
4275,136.03336985854693,0.0,7.1952666424293,4,-38.43896156172101,-12001.188491252753,-11997.043918643187,-4.144569208923307,-12001.182482242193,-0.0060090105598646915
4276,138.96978194357985,0.0,-65.93213229110137,4,-31.836828046277926,-12113.860836483713,-12117.043134884429,3.18227921407966,-12113.877531271193,0.016694787480446394
4277,-168.57943995758745,0.0,-79.13966669189617,4,-36.314010006943356,-7979.57871515189,-7959.7139947566375,-19.86471777136649,-7979.568808956754,-0.009906195135954476
4278,-35.478262516898134,0.0,-8.065293298402343,4,-48.818646959497535,-9631.472649720869,-9611.71380700887,-19.758818758241276,-9631.469700910035,-0.0029488108339137398
4279,-51.332992983246214,0.0,171.22361911910596,4,-98.92690163590228,-10789.51944972122,-10519.03318674228,-270.4862286360047,-10789.493472026788,-0.025977694431276177
4280,106.03559023340212,0.0,-39.889321994388254,4,-35.9928612571654,-12115.233560857208,-12135.235939396178,20.002378996364413,-12115.230980663873,-0.002580193335234071
4281,26.10872234332505,0.0,-51.86838624901327,4,-39.69229339772659,-10887.355740558034,-10864.821319006338,-22.53441124859196,-10887.369987764443,0.014247206408981583
4282,-136.50661785302495,0.0,-135.16121691897865,4,-30.88359524867714,-9506.519397129827,-9486.917470110644,-19.60190216739604,-9506.51618937789,-0.0032077519372251118
4283,2.5976574787952487,0.0,-108.27735809663908,4,-33.703544781216394,-10882.29249607914,-10859.336750177697,-22.955734752300415,-10882.288378142346,-0.004117936794500565
4284,15.36892881030991,0.0,-5.198388235440336,4,-46.68966043616605,-10551.932392510018,-10531.265999052714,-20.66641401315822,-10551.944342833327,0.011950323309065425
4285,148.94415890352462,0.0,-43.16320122688309,4,-33.231071665254156,-11962.102071801039,-11960.849164380514,-1.2528885368957965,-11962.10466710965,0.0025953086114895996
4286,43.79725442194695,0.0,18.810098904126903,4,-47.85322275710553,-10782.535148605832,-10759.712538372301,-22.822586469822408,-10782.542023772481,0.00687516664947907
4287,-79.58704781745314,0.0,-169.25689958195085,4,-28.17972083002504,-10457.411104986342,-10436.363645757097,-21.047451104374368,-10457.43181415203,0.020709165688458597
4288,161.10104978535506,0.0,76.06493462783043,4,-42.1270194849287,-11851.611220206269,-11743.191806263467,-108.41941460174968,-11851.63101521473,0.01979500846209703
4289,-106.4655697895247,0.0,94.92227632535507,4,-71.38792273352718,-3428.8699656678004,-3417.343351687236,-11.526599371466537,-3428.878003046788,0.008037378987410193
4290,-9.149801038989395,0.0,-111.55676584239708,4,-33.5857827384053,-10809.253915142344,-10786.96401445978,-22.2898979730545,-10809.269578186053,0.01566304370862781
4291,65.57354854514209,0.0,38.67797795058476,4,-47.96525462756464,-11197.118976714886,-11170.421207649217,-26.697794510813345,-11197.119472158656,0.0004954437699780101
4292,10.828375299926503,0.0,-1.8988085643076613,4,-47.46876182361663,-10459.698532484435,-10438.724588085817,-20.97394415521309,-10459.700151662935,0.0016191784998227376
4293,66.96690445643218,0.0,48.642064511935,4,-48.90837106043851,-11184.315811205632,-11154.376361776896,-29.939477072088824,-11184.340666726488,0.024855520856363
4294,-62.19631888946222,0.0,-42.009565154365085,4,-43.797236985981556,-9527.14656201834,-9507.38347110104,-19.76306039133265,-9527.161068082269,0.014506063927910873
4295,55.341105464909205,0.0,-172.89558218462713,4,-26.404481717583117,-11293.553892355916,-11257.673747652696,-35.8801256286214,-11293.54848718261,-0.005405173305916833
4296,-20.3771375024558,0.0,-99.70363491811742,4,-35.165992711379516,-10670.951704027817,-10650.02612106269,-20.925594729206704,-10670.95821965028,0.006515622462757165
4297,-71.58409001956852,0.0,-105.80297958917008,4,-34.856572740191574,-10124.92037290428,-10103.528840005843,-21.39151042061671,-10124.915794089722,-0.004578814558044542
4298,-29.148617270084763,0.0,-133.3545890836704,4,-31.509353328161623,-10740.987586995512,-10719.521058863058,-21.46652974828699,-10740.996762394116,0.009175398603474605
4299,102.86473533309007,0.0,-59.96945386004223,4,-34.217510205751225,-12104.147034107127,-12125.073246157088,20.92621225208583,-12104.111320675796,-0.03571343133080518
4300,-195.64204012375583,0.0,8.476232638699726,4,-47.044119687584526,-4380.267288617079,-4362.302261291808,-17.965063346868522,-4380.267498464242,0.00020984716229577316
4301,28.03854850095189,0.0,-70.01007679262261,4,-37.301322852904285,-11006.327802387508,-10988.024368107652,-18.303436417198096,-11006.327367523907,-0.00043486360118549783
4302,-85.27104636808163,0.0,71.43896101672169,4,-65.66912168080441,-5730.758606050545,-5717.016579904766,-13.742031506839567,-5730.762127640738,0.0035215901934861904
4303,-34.23183188644159,0.0,98.01582074836814,4,-66.45791238199628,-7392.547080811156,-7381.081159158253,-11.465904649278531,-7392.541991014676,-0.005089796480206132
4304,-147.3118384216697,0.0,-23.064120546735403,4,-45.24945813382306,-6949.631121153042,-6929.616705633689,-20.014413741624725,-6949.64102579503,0.00990464198821428
4305,51.58957292856579,0.0,22.38500106140027,4,-47.541076700195546,-10933.63526989836,-10918.248379364846,-15.386874205905777,-10933.634827759406,-0.0004421389530762099
4306,-19.326689749820005,0.0,-116.34990012398427,4,-33.22044772193573,-10752.864195897053,-10731.205665783951,-21.658531730098286,-10752.898676290195,0.03448039314207563
4307,-46.792616899247896,0.0,-12.876586423570346,4,-48.35584873646132,-9433.832273575415,-9414.042992967816,-19.789246673081152,-9433.838773833031,0.0065002576156985015
4308,-39.490632381868494,0.0,-100.93937253874806,4,-35.30772055858725,-10465.799148276947,-10444.811664175197,-20.987478131818428,-10465.833171093658,0.03402281671151286
4309,-89.13121542153522,0.0,127.70333251141525,4,-77.65597993403304,-2651.5489257104346,-2646.96927933679,-4.579596566650892,-2651.5557364023525,0.006810691917962686
4310,27.532784274504383,0.0,59.243747641093286,4,-54.5246305909785,-10314.815564699016,-10292.593636555514,-22.221885473587918,-10314.813161099184,-0.0024035998321778607
4311,19.716755100196817,0.0,-6.939456750901659,4,-46.15186191545038,-10625.730617382082,-10604.560711615713,-21.169931131725075,-10625.723431406763,-0.0071859753188618924
4312,-168.9347098187107,0.0,-59.970826905592304,4,-38.75117301864119,-7501.483827981319,-7481.002901943977,-20.48092094434935,-7501.522114027978,0.038286046658868145
4313,-21.0000112772015,0.0,-38.25080901400922,4,-43.485383882614464,-10274.878843768674,-10253.112761167298,-21.76603097861819,-10274.89452449917,0.0156807304956601
4314,18.241052202802052,0.0,118.19440955136938,4,-61.963775464667485,-9515.087529204084,-9509.491904959927,-5.595619439639534,-9515.099464264764,0.011935060680116294
4315,2.429574956831543,0.0,36.234852509346794,4,-53.79485950797081,-9961.792106368368,-9943.839143524281,-17.95297973589017,-9961.783068305402,-0.009038062966283178
4316,-165.43203623684977,0.0,-73.91596087403637,4,-37.09059679289215,-7919.5676359225,-7899.595242783687,-19.972390679117762,-7919.605444326532,0.037808404032148246
4317,-70.0443141579897,0.0,-85.13052481814402,4,-37.503070399241906,-9939.930412757578,-9919.59100371423,-20.339417851887337,-9939.945410820405,0.01499806282663485
4318,85.84036200733017,0.0,-49.141772342003534,4,-36.272598557077934,-11951.003317472636,-11978.832326654345,27.829013393621775,-11950.976951763358,-0.026365709278252325
4319,112.02058115627817,0.0,-134.05934094383494,4,-27.491113059246693,-12156.532756363318,-12171.181240849526,14.648480173529887,-12156.604766933919,0.07201057060046878
4320,-101.96547385863423,0.0,148.8129877327619,4,-83.0744089498827,-271.1872152046904,-277.1295477859746,5.942394933645456,-271.188315148054,0.0010999433636129652
4321,22.104840646501827,0.0,-144.28761631708406,4,-29.501095205897812,-11234.24618326007,-11222.021817297044,-12.224366741056695,-11234.250339104132,0.004155844062552205
4322,-20.237198325085018,0.0,13.831539456757541,4,-51.80342872155538,-9687.65331780907,-9668.2697096455,-19.383591339424537,-9687.64605210594,-0.0072657031305425335
4323,-41.1599649583443,0.0,-21.805419042567326,4,-46.705528583628876,-9695.516973293297,-9675.89438119886,-19.622574215793843,-9695.530960874627,0.01398758132927469
4324,131.7457887600066,0.0,77.21781511431475,4,-45.003172495504614,-11995.808364379223,-11930.385655919183,-65.42272957416034,-11995.814290278155,0.005925898931309348
4325,28.133051270742232,0.0,32.029973928130715,4,-50.96193373496388,-10508.92321191948,-10487.21155851627,-21.711680056816128,-10508.933225810399,0.01001389091834426
4326,-66.23366548038362,0.0,-22.895591449651178,4,-46.99539637018076,-9119.854265973578,-9100.427139044092,-19.427110753324104,-9119.850186431146,-0.004079542432009475
4327,26.186783166259506,0.0,17.168091805461717,4,-49.093376892565836,-10571.134261194798,-10549.85325008715,-21.28103954319076,-10571.151824760898,0.017563566099852324
4328,138.9086412455215,0.0,-39.171990874853975,4,-34.14173791457802,-12050.732914795315,-12051.300133753226,0.5672137073035001,-12050.73586824337,0.002953448054540786
4329,-25.326118501114806,0.0,41.185605371553024,4,-56.75668255374955,-9088.337545594417,-9071.000995219325,-17.33654900371589,-9088.350545561321,0.012999966904317262
4330,83.59273179663847,0.0,44.758692423758006,4,-46.63317326499451,-11702.94789023346,-11730.369261169877,27.42135033734477,-11702.936054708101,-0.011835525358037557
4331,38.577274094014484,0.0,-5.448365905481584,4,-45.078887451123165,-10825.406826624769,-10803.103579087614,-22.30322387639771,-10825.406790566438,-3.6058330806554295e-5
4332,-10.936076779218046,0.0,8.916825859088062,4,-50.45326489915783,-9974.614975351122,-9955.19561136494,-19.419379196315838,-9974.624344164758,0.009368813636683626
4333,-62.86350434540411,0.0,-171.7921378932103,4,-27.967727853865384,-10621.159548239077,-10600.559724401202,-20.599838765811402,-10621.17277621458,0.01322797550346877
4334,115.92810588535798,0.0,-106.24310195928749,4,-29.50745373958009,-12180.71282011491,-12194.837706896968,14.12488740461909,-12180.739555746917,0.026735632007330423
4335,-109.43579575898673,0.0,0.8730100643188721,4,-50.97466857882163,-7311.771081748487,-7292.487608669374,-19.283462212953523,-7311.760224759724,-0.010856988762498077
4336,-150.3032167892613,0.0,-56.79706234358288,4,-39.98648245502974,-7822.272444416229,-7802.0434487197645,-20.2289894907659,-7822.285584787569,0.013140371340341517
4337,14.243565613102133,0.0,15.9696974575952,4,-49.86009807159874,-10387.068678536014,-10365.398845480238,-21.669803122964833,-10387.074250760867,0.00557222485258535
4338,-51.89276254720426,0.0,-31.785462930792377,4,-45.30897952823645,-9600.596068570918,-9580.873035873748,-19.723006884511587,-9600.604016911677,0.007948340758957784
4339,138.92197894168814,0.0,50.192028130144934,4,-41.850457974596324,-12007.552795479969,-11980.226011390374,-27.32677211959031,-12007.55856026256,0.005764782590631512
4340,-177.47096555047952,0.0,-54.40396747817978,4,-39.07789817556455,-7171.866375380371,-7151.144265059149,-20.722105239127345,-7171.888210188923,0.021834808551830065
4341,46.745239256650436,0.0,-194.10436219410238,4,-24.987634638691162,-11350.299259616506,-11318.14841597301,-32.15082389728968,-11350.32989233578,0.03063271927385358
4342,-181.47169157875635,0.0,-0.7461990662536926,4,-46.74531630553225,-5173.644003317814,-5155.2252940216,-18.41868285506423,-5173.657900761412,0.013897443597670645
4343,-69.88693453438863,0.0,-17.9788231365901,4,-47.88479461113911,-8929.398841435604,-8910.095384195729,-19.303439704185546,-8929.398271324968,-0.0005701106365449959
4344,-47.0227614206146,0.0,75.3956111225156,4,-64.28612804496059,-7433.460550735206,-7418.7717350414805,-14.688837940052322,-7433.471904973909,0.011354238702551811
4345,-64.52733902580292,0.0,-84.64429598039426,4,-37.555281398146214,-10024.473779443932,-10003.721533229113,-20.75225137311883,-10024.477286051862,0.0035066079308307962
4346,19.858779359767595,0.0,137.8661981705726,4,-66.9939207113794,-9681.495700324731,-9694.603569994051,13.107887069852984,-9681.490051907522,-0.0056484172091586515
4347,3.1265766809462705,0.0,12.679545300441049,4,-50.13528314084958,-10234.841915257502,-10213.462592417063,-21.37928301432821,-10234.841710006911,-0.0002052505915344227
4348,-104.11273847648634,0.0,-90.22077501198949,4,-36.60951296070445,-9415.074685517915,-9395.41141833595,-19.663235605648488,-9415.098690582352,0.024005064437005785
4349,102.68040281840499,0.0,147.109604275653,4,-65.75462631116163,-11696.326705631593,-10932.050034541699,-764.2766813844928,-11696.327404288386,0.0006986567932472099
4350,16.200901837036724,0.0,96.80681000385822,4,-59.88179105697141,-9641.405344848767,-9627.847656907974,-13.557668766146476,-9641.391571594011,-0.01377325475550606
4351,-51.27649666741702,0.0,152.47655426315282,4,-75.94394482007833,-4354.029079976334,-4446.385821554258,92.35677966902976,-4354.035096106191,0.0060161298570164945
4352,-33.33887663872044,0.0,158.6618279878138,4,-82.94910380332233,-5725.584194330318,-6175.696596718666,450.11244587033485,-5725.576107107092,-0.008087223225629714
4353,-79.6475905096947,0.0,7.4119535800048935,4,-52.526640593750386,-8094.87829031878,-8074.9887800389815,-19.889508995878963,-8094.900418294936,0.02212797615538875
4354,-169.08235028345877,0.0,29.722763496527723,4,-53.087562062249575,-4131.028946000779,-4113.4950049797,-17.533933514722072,-4131.042979055865,0.014033055085747037
4355,-125.36219961903713,0.0,-11.794480389734316,4,-48.13870205132074,-7214.538268980955,-7194.715912254087,-19.82235032924442,-7214.537098907208,-0.0011700737468345324
4356,168.42824898511017,0.0,-6.744080148786917,4,-34.910487837661144,-11897.824616821828,-11883.389085479354,-14.435525368149717,-11897.831539049052,0.006922227223185473
4357,-80.1179609857493,0.0,15.671071586572147,4,-54.126519315093724,-7856.357392265471,-7837.669582336637,-18.687816480023482,-7856.3556726998095,-0.0017195656619151123
4358,54.020752050111206,0.0,-75.20679713167262,4,-35.445550426789254,-11302.871819498776,-11274.46064627276,-28.41116344727933,-11302.896143365837,0.024323867060957127
4359,-80.76448997615469,0.0,-31.36949259864333,4,-45.615233373302765,-8913.664166043718,-8894.288610263935,-19.375532362494486,-8913.673803527121,0.00963748340291204
4360,56.64288589739767,0.0,-112.22850340807442,4,-31.574718662620587,-11283.659426110138,-11247.529131320853,-36.130288863407195,-11283.741332861558,0.08190675142031978
4361,106.3944608161639,0.0,-122.39697540443349,4,-28.586879203069167,-12123.33055050294,-12139.625307470938,16.2947470093225,-12123.349198156198,0.018647653258085484
4362,-127.52237932144773,0.0,-83.72702219052822,4,-37.02136686219667,-8879.098615390918,-8859.460476853992,-19.638112386902723,-8879.093512587699,-0.005102803219415364
4363,-187.25535073648683,0.0,-60.2609046500699,4,-37.82560415667023,-7133.081357900605,-7112.369187257694,-20.712164502784905,-7133.073152539728,-0.00820536087758228
4364,-146.4761635001841,0.0,75.54015488215634,4,-64.89390350820287,-2444.5574322658463,-2430.147008779091,-14.410437212456655,-2444.5684587584215,0.01102649257518351
4365,-118.07572679540114,0.0,-153.02605158195342,4,-29.39500557900425,-9955.958702555856,-9935.135418200993,-20.823287536822807,-9955.951345330523,-0.007357225333180395
4366,-21.268734500895693,0.0,-40.53655556164432,4,-43.153262497176534,-10289.010053909631,-10267.190991169049,-21.819010002605275,-10289.025819814422,0.015765904790896457
4367,-78.76404917850452,0.0,-183.22458263267745,4,-26.966767321161353,-10537.034588926379,-10516.374896649524,-20.65970313441379,-10537.065153407359,0.03056448097959219
4368,-92.54615169285907,0.0,-9.408345399115868,4,-49.36201071739158,-8119.023295850255,-8098.439966999822,-20.583323233939634,-8119.033452569367,0.010156719112274004
4369,-91.76413957380781,0.0,-107.1573578501665,4,-34.6113795693414,-9841.382260045895,-9821.265722585173,-20.116543018598094,-9841.39322795666,0.010967910764520639
4370,8.624369966786457,0.0,158.55624959774386,4,-74.99208386859523,-10061.51453451726,-9980.984536402386,-80.52999559216,-10061.513266462658,-0.0012680546024057548
4371,-192.7845040263376,0.0,-32.35328385133129,4,-41.206478479806634,-6130.175778797016,-6110.462550030087,-19.713217647302606,-6130.2055361504645,0.029757353448076174
4372,-17.101288099987222,0.0,-19.84414882072183,4,-46.163329591893415,-10173.644231840895,-10152.559507307395,-21.08469848938024,-10173.646541134136,0.002309293240614352
4373,65.40927341078941,0.0,80.91168163354894,4,-52.34283553611705,-11145.85749526562,-11118.615835240382,-27.24168887013235,-11145.84012815724,-0.017367108379403362
4374,24.586184597672485,0.0,-68.84618099420497,4,-37.61144919243666,-10948.439666512495,-10927.530843694645,-20.908821623463616,-10948.448294024323,0.008627511828308343
4375,133.37322949116648,0.0,-82.50685830259913,4,-30.732354536271448,-12127.841434239403,-12134.140382905027,6.298925708837797,-12127.85604904251,0.014614803107178886
4376,-87.93907282817915,0.0,48.19027191770343,4,-60.77417074633142,-6510.534026972543,-6494.740901140508,-15.793149704803271,-6510.5443462521935,0.010319279650502722
4377,128.62925647145727,0.0,-83.85456197167872,4,-30.835101803863967,-12124.000171810267,-12132.216364681959,8.21617495564921,-12124.04614609459,0.04597428432316519
4378,43.97422551208459,0.0,121.2414581850002,4,-61.013673306933676,-10490.750946373595,-10435.631877172182,-55.11910553840379,-10490.755252403647,0.0043060300522483885
4379,18.83425637286252,0.0,-2.0770455828176053,4,-46.90868858019083,-10583.228958199406,-10562.37089686394,-20.858084871793427,-10583.22471283843,-0.004245360976710799
4380,1.278351425895314,0.0,83.54862101235359,4,-60.408372184589865,-9249.403570576453,-9236.443026828754,-12.960547915023737,-9249.409649633046,0.006079056593080168
4381,-9.666441291895522,0.0,-158.66314245527727,4,-28.80677144413944,-10947.479557842009,-10924.7680540329,-22.711505094099586,-10947.470835097189,-0.008722744820261141
4382,-69.83251388700631,0.0,-172.94049170418282,4,-27.867957619637792,-10564.15100862406,-10543.566613589179,-20.58440766927932,-10564.152416361518,0.0014077374580665492
4383,-17.21097163419753,0.0,-37.4473967228897,4,-43.4830026947678,-10322.686279568126,-10300.813047954265,-21.87318025839348,-10322.698033981525,0.011754413399103214
4384,143.46501921497813,0.0,17.685031397088583,4,-38.73972546291334,-11999.130339977753,-11989.409660061185,-9.72067698770055,-11999.119908930503,-0.010431047250676784
4385,101.68684401359779,0.0,-163.9599751766831,4,-25.653208911260393,-12113.641850492808,-12128.55515572166,14.913285145994392,-12113.746935843094,0.10508535028566257
4386,37.42429347481821,0.0,49.71260601564848,4,-52.29737990373983,-10568.600555643057,-10545.581261657524,-23.01933421535056,-10568.60990920498,0.009353561923489906
4387,5.2628550760910136,0.0,12.35045912895927,4,-49.940597303543626,-10276.127972752956,-10254.425879539749,-21.70204453793703,-10276.134999673888,0.007026920931821223
4388,-142.77089450373433,0.0,-129.5762449760131,4,-31.33489165896452,-9340.895093090141,-9321.263711952597,-19.63135131180665,-9340.935862152279,0.04076906213776965
4389,19.596806773462177,0.0,-3.5938876404085995,4,-46.638430447821534,-10603.930959035875,-10582.927146999906,-21.003836865199712,-10603.943781761285,0.0128227254099329
4390,2.560307616781341,0.0,71.6025289571028,4,-58.8279408252779,-9478.418281015422,-9462.197073254507,-16.221179920869027,-9478.435383685337,0.017102669915402657
4391,43.765493963381225,0.0,-4.396346629217251,4,-44.7995625350845,-10910.837472278958,-10892.881856645705,-17.955596874756022,-10910.851437711324,0.013965432366603636
4392,6.3835444371940255,0.0,-144.14063853684996,4,-29.883322933297656,-11052.96267229006,-11033.491049120896,-19.471634689875852,-11053.003458230274,0.04078594021484605
4393,-72.39728187119626,0.0,-150.6641499082601,4,-29.945393796582284,-10421.308143828926,-10400.035003144314,-21.2731193244924,-10421.324981596747,0.01683776782010682
4394,-59.93603735608856,0.0,148.01076053847285,4,-75.61633865576542,-3915.2551282995714,-3953.756501066647,38.50143647119242,-3915.276695361149,0.021567061577570712
4395,26.339736461473517,0.0,-33.44020841490148,4,-42.11145963674456,-10809.97220011832,-10786.838286140885,-23.133902169641345,-10809.97688794249,0.004687824170105159
4396,-6.534335187636154,0.0,-160.34027415924263,4,-28.608144860982666,-10978.497582858145,-10956.31618860528,-22.1814016646096,-10978.510674157864,0.013091299719235394
4397,-27.398193261155054,0.0,-5.31991730835146,4,-48.96031809182548,-9780.203676974545,-9760.704244565752,-19.499422588847555,-9780.206345298024,0.0026683234791562427
4398,109.35029701550489,0.0,-21.048607570586537,4,-37.66547873296995,-12099.358870076161,-12115.675397287088,16.316525512564827,-12099.325414282062,-0.0334557940986997
4399,-56.44904448721911,0.0,57.23348385595933,4,-61.592553401550965,-7564.8256238016465,-7549.642736434785,-15.182910491417307,-7564.817571705745,-0.008052095901803114
4400,133.89709875931212,0.0,-64.82589034998416,4,-32.18693492726876,-12133.095148638417,-12138.481903665182,5.386732965620891,-12133.069036808642,-0.026111829774890793
4401,145.9322550971927,0.0,-20.980814883959543,4,-35.2893499027769,-11969.42555771336,-11966.990391379522,-2.4351583907959844,-11969.435311228868,0.009753515507327393
4402,101.42367132011216,0.0,-40.249908588275055,4,-36.23755510699903,-12091.563417245792,-12114.136013966818,22.57260600282985,-12091.496004866636,-0.06741237915593956
4403,-28.941086387398045,0.0,114.23664916403446,4,-67.68562259518278,-7228.825966749597,-7230.34197411489,1.5160371209291974,-7228.82821741876,0.002250669163004204
4404,-10.73284722242041,0.0,99.43751169572312,4,-63.66179099741407,-8493.234680925501,-8484.842440318946,-8.392240309091807,-8493.237030179795,0.0023492542932217475
4405,-50.86154925519286,0.0,26.941432150342315,4,-55.59427677967293,-8564.972715361404,-8546.031362166137,-18.941352231282913,-8564.974901991667,0.002186630263167899
4406,68.03465961064954,0.0,-80.29106010110702,4,-34.3028369868128,-11308.738543708543,-11286.490254721639,-22.24829526920229,-11308.725176911381,-0.013366797162234434
4407,139.8984377917632,0.0,17.01169753939083,4,-38.97481595955285,-11992.467988300257,-11984.758055044575,-7.709936143640149,-11992.483263344333,0.015275044075679034
4408,25.636722228814186,0.0,17.185222686127165,4,-49.141123650423964,-10562.248048596266,-10541.041141694886,-21.20693401840926,-10562.24876318183,0.0007145855634007603
4409,130.52067118698335,0.0,33.42548030574294,4,-41.16642878233367,-12042.002234018923,-12032.089969530707,-9.9122649778195,-12042.027373626448,0.025139607525488827
4410,34.104947381890874,0.0,20.203651094681245,4,-48.8591835919876,-10660.964722861216,-10638.248401218021,-22.716342320987014,-10660.982406983232,0.01768412201636238
4411,-44.581011371793664,0.0,-90.88709630851667,4,-36.61003384921744,-10347.405362329046,-10325.6360644939,-21.769252618458246,-10347.444733303055,0.0393709740092163
4412,21.13759803123139,0.0,46.67787585051093,4,-53.57756391097112,-10286.909180601566,-10264.86487514779,-22.04425656622741,-10286.926561973558,0.017381371992087224
4413,145.47321569527418,0.0,-20.90150543388419,4,-35.32706409968611,-11968.413482672713,-11966.079929898407,-2.333545304349117,-11968.412678829973,-0.000803842740424443
4414,157.54964017293418,0.0,16.961584499464937,4,-37.557747191362246,-11954.102721108366,-11936.460943238648,-17.64174959154336,-11954.111685230635,0.008964122269389918
4415,86.16459330464173,0.0,-69.2641903294759,4,-34.19666927104404,-11981.375585898297,-12007.102372585825,25.72679557663037,-11981.426858803325,0.051272905027872184
4416,63.14361335805168,0.0,-95.91586287095222,4,-32.95787967695466,-11249.692456922221,-11216.995252435376,-32.69720340004672,-11249.746852686352,0.0543957641311863
4417,-165.8598955462172,0.0,65.99513321325894,4,-60.82493686104798,-2183.505410774159,-2169.0398634100584,-14.465536206026332,-2183.5010406029196,-0.004370171239315823
4418,57.800369867035975,0.0,-159.5466995732731,4,-27.394865654410022,-11284.011194886984,-11249.705060354474,-34.306118167034526,-11284.176974857979,0.1657799709955725
4419,-44.40652277923131,0.0,-157.42267842122277,4,-29.2302258188963,-10715.160766508267,-10694.007992502426,-21.152779190572666,-10715.178525458625,0.017758950358256698
4420,-59.630010128005495,0.0,57.95962874573716,4,-61.91209416744846,-7404.009828911277,-7389.100292658301,-14.909560597826452,-7404.000075338256,-0.009753573021043849
4421,142.13648964758147,0.0,-51.076446999152395,4,-32.935540407560175,-12036.259188549055,-12036.780635810495,0.5214447410663412,-12036.258077096916,-0.0011114521385025
4422,-26.377866598319205,0.0,34.13703821173041,4,-55.623143406867115,-9185.731750221097,-9168.945202639943,-16.78654892503273,-9185.733309535794,0.0015593146963510662
4423,36.266649174815306,0.0,-77.06690273387582,4,-36.048408125083654,-11178.02580154666,-11166.919031450749,-11.106777141335419,-11178.029106412267,0.0033048656059690984
4424,50.881963610339554,0.0,-61.97472725486105,4,-37.05966660063178,-11301.483866988898,-11280.921804307789,-20.562057251268207,-11301.483687124048,-0.00017986484999710228
4425,80.44755101215591,0.0,-99.48418321286604,4,-31.64643115446233,-11798.330638613788,-11809.45500312264,11.124371138175155,-11798.322476586809,-0.008162026979334769
4426,-4.912696751338226,0.0,42.89361788932948,4,-55.428563224244165,-9681.720556861052,-9663.805824560734,-17.914718014352694,-9681.725083454507,0.004526593455011607
4427,11.401171135570086,0.0,-128.23224317311988,4,-31.33927660684583,-11048.492597321518,-11029.289919245159,-19.202689071375058,-11048.504536163953,0.01193884243548382
4428,5.747323388079634,0.0,-25.17039156735711,4,-44.337898670983606,-10546.57195000967,-10525.999363376948,-20.572604353909135,-10546.579399828375,0.007449818705936195
4429,-19.773485775660195,0.0,25.378930874515373,4,-53.70095943096807,-9531.667385136318,-9513.334194372388,-18.33316938167325,-9531.675088061178,0.007702924860495841
4430,-148.93962808949914,0.0,66.17463682995843,4,-62.53293612338192,-2891.211747428867,-2877.0157178392237,-14.19602529060621,-2891.2114766098825,-0.00027081898451797315
4431,51.34860807523721,0.0,7.677639484211515,4,-45.687871031070415,-11022.133113620363,-11010.202854746778,-11.930256923442283,-11022.146038273324,0.012924652961373795
4432,-34.39275202683886,0.0,-70.77571174209763,4,-39.13807735275318,-10334.155400566207,-10312.314483317257,-21.840868618614582,-10334.148553623316,-0.006846942891570507
4433,185.91960405752008,0.0,28.3289232616957,4,-36.15282144225379,-11790.931029012761,-11749.743345582741,-41.187662808496526,-11790.931834272973,0.0008052602115640184
4434,-6.6698803765738495,0.0,13.634891112974135,4,-50.944256302699785,-10015.244253939249,-9995.76153224719,-19.48273700223045,-10015.233815628031,-0.010438311217512819
4435,-152.1513880522058,0.0,23.995046557815943,4,-53.37889564226245,-4972.3765470609405,-4955.020682222815,-17.355877252129204,-4972.381810619607,0.005263558666229073
4436,-8.763005381823543,0.0,-17.39501849345291,4,-46.17393257649964,-10293.018568215884,-10271.217288747255,-21.801227162048402,-10293.028183669676,0.00961545379141171
4437,93.23937867210455,0.0,142.50763010018863,4,-64.20256827863058,-11893.199381008972,-11360.868553111548,-532.3307939843022,-11893.234871149318,0.035490140346155385
4438,-148.75248030913534,0.0,-98.29959130807535,4,-34.6525511649518,-8750.640942357779,-8731.047543564877,-19.593369534116736,-8750.643769113327,0.0028267555480852025
4439,65.27465963723243,0.0,-106.99983131815127,4,-31.76864451952656,-11304.409716311115,-11278.857672524438,-25.552041698317137,-11304.393548314401,-0.016167996713193133
4440,-54.45870535488063,0.0,127.11557399125215,4,-72.61207610930927,-5214.360987248959,-5218.561343865972,4.20036909808588,-5214.384202979318,0.023215730358970177
4441,12.595726554180452,0.0,-159.44138462373377,4,-28.343244820064072,-11173.686460656449,-11158.355781368628,-15.330688922545502,-11173.674233911202,-0.01222674524615286
4442,53.038792371254424,0.0,-132.16456693624687,4,-29.8201979109643,-11312.947528411434,-11278.866600573268,-34.08091864208713,-11312.949985162051,0.0024567506170569686
4443,-41.58938191189684,0.0,177.28940863225685,4,-112.15285319674076,-12330.303635177212,-11034.398046088374,-1295.9055285935513,-12330.330760265813,0.027125088601678726
4444,2.121394830352471,0.0,65.0403575044846,4,-58.01681755061253,-9561.817698795683,-9544.11426454491,-17.70340448835803,-9561.824661318891,0.006962523208130733
4445,158.66580652313667,0.0,90.73085126177355,4,-44.01579951425769,-11778.188285386861,-11605.335948733915,-172.85233176270128,-11778.199572291496,0.01128690463519888
4446,-69.23770805908377,0.0,45.53680495151614,4,-59.84964685661179,-7388.733456424903,-7373.150635807597,-15.58283556412502,-7388.743767519562,0.01031109465930058
4447,-58.25080406141789,0.0,32.73954780289626,4,-56.974723735345485,-8171.010608238072,-8153.722652944347,-17.28796104058347,-8171.01644119841,0.005832960338011617
4448,-4.172712221655148,0.0,14.510586974265784,4,-50.91815975255006,-10062.122268401163,-10042.361432124293,-19.760846213975732,-10062.112920081021,-0.009348320141725708
4449,56.13662278232305,0.0,-76.80907089685091,4,-35.18900050920139,-11291.029261414398,-11259.223510371012,-31.805744988695125,-11290.969951111845,-0.059310302553058136
4450,61.15924374597762,0.0,-10.932942304792089,4,-42.526921135814554,-11243.883126423718,-11217.45281285032,-26.430309873699493,-11243.891654343794,0.00852792007572134
4451,133.54279584203377,0.0,-89.73477339750309,4,-30.136313612077203,-12129.1507402947,-12135.7383235691,6.587562212187926,-12129.196632585934,0.045892291233030846
4452,-24.60747567192057,0.0,-2.2632031446871492,4,-49.344581214403235,-9803.274704276082,-9783.821980799363,-19.452717100145634,-9803.269112397471,-0.0055918786110851215
4453,-37.756607453409494,0.0,-100.71479774781565,4,-35.31566093658329,-10483.655200302223,-10462.783032505326,-20.872168781164913,-10483.680486645211,0.025286342988692923
4454,-33.154464363897034,0.0,16.067094098621077,4,-52.876257894850866,-9307.850875704058,-9289.382862878952,-18.468003161335908,-9307.854489335352,0.003613631293774233
4455,-133.73744762672712,0.0,-5.76450126804043,4,-48.87745373297073,-6761.806915211832,-6742.575303897986,-19.23160457895701,-6761.801482486363,-0.0054327254692907445
4456,170.59742959674603,0.0,90.74498663211742,4,-42.944645519313674,-11590.783537489377,-11388.708762989136,-202.07480771260097,-11590.786177423455,0.0026399340786156245
4457,128.6043450685973,0.0,92.08481688791964,4,-46.98364555886669,-11979.571247052396,-11866.027032096223,-113.54421409376147,-11979.585940053612,0.014693001216073753
4458,114.70848508813309,0.0,-88.30641978575761,4,-31.056770193952087,-12166.129688764044,-12180.599370554977,14.469678593012391,-12166.074823460152,-0.05486530389134714
4459,-126.78528594235092,0.0,114.50713447323724,4,-76.6280265984527,-858.6589602429444,-848.1828362762878,-10.476160648459505,-858.6506034089974,-0.008356833947004816
4460,32.540883120641,0.0,-43.484768263339255,4,-40.42254745038349,-10934.661731554108,-10914.716559368366,-19.9451645031392,-10934.671281419869,0.009549865761073306
4461,-157.70328530359728,0.0,-34.64370946064164,4,-42.89462599966965,-7046.194211027871,-7025.811031781165,-20.383177562405113,-7046.1956990201315,0.0014879922609907226
4462,-44.41055267576892,0.0,52.92358242894143,4,-60.07010854494261,-8171.9331999464475,-8155.828838527291,-16.10438428578155,-8171.9181224599415,-0.015077486506015703
4463,-61.620154973549575,0.0,-149.04992065429448,4,-30.10741842622468,-10514.69726418089,-10493.971849782674,-20.72542346432938,-10514.687446098302,-0.0098180825880263
4464,-8.45130966055099,0.0,13.868772272443191,4,-51.097176501679726,-9970.767897146587,-9951.501570761708,-19.266342242918803,-9970.764484861083,-0.00341228550314554
4465,-192.24752342455153,0.0,15.187631533555729,4,-48.43205376998611,-4147.410866713527,-4129.692001162925,-17.71890449251615,-4147.403654741586,-0.007211971940705553
4466,121.99437835077501,0.0,-1.8519325108867235,4,-38.659783633844334,-12122.412208394344,-12127.934350725662,5.5221063640609565,-12122.390636783524,-0.021571610819592024
4467,55.30361204290423,0.0,12.122133443344786,4,-45.85369346816223,-11112.882517300168,-11103.298343035425,-9.584180830006044,-11112.880418357134,-0.002098943034070544
4468,149.96842434640513,0.0,130.19507842027647,4,-52.81379038988343,-10748.221994973383,-10115.189639085145,-633.0323248895719,-10748.22286937116,0.0008743977778067347
4469,-167.98642535680193,0.0,-74.88705153592693,4,-36.865922527765804,-7891.949544906111,-7871.95947484094,-19.990067296911175,-7891.928407062698,-0.021137843413271185
4470,73.14465178709925,0.0,15.322859403568662,4,-44.76235963183908,-11158.25769928886,-11128.99418100561,-29.263543751645724,-11158.269344421647,0.011645132786725299
4471,-112.34238824766102,0.0,-142.82989230472842,4,-30.460240224009,-9929.849110926705,-9909.181177057031,-20.66793909397674,-9929.851548793811,0.00243786710598215
4472,-14.005624093889292,0.0,134.1650710869739,4,-68.18541794812167,-7545.129531959375,-7591.298542295762,46.16902752413464,-7545.154653198892,0.025121239517829963
4473,-39.77408501698107,0.0,-2.2138155599798126,4,-49.97201796863424,-9438.091065743442,-9418.442411896787,-19.64862237769003,-9438.100239914776,0.009174171334962011
4474,83.39596421332504,0.0,177.0272782233827,4,-87.66462106052292,973.2533319172135,3043.0445782448587,-2069.791254969876,973.2387136349347,0.014618282278775041
4475,16.91325753790637,0.0,-95.56436484238523,4,-34.72240946524546,-10974.085498670884,-10953.091337860045,-20.99416562308982,-10974.09558697547,0.01008830458704324
4476,-54.296555742830414,0.0,-124.76335109105915,4,-32.63806059652723,-10450.117822928083,-10429.031598126616,-21.086212866011667,-10450.120660759903,0.002837831820215797
4477,2.3687529856510112,0.0,48.85313240145814,4,-55.701380236288664,-9794.568259326476,-9776.280994188042,-18.287261819231084,-9794.56632983334,-0.001929493135321536
4478,76.72704957592977,0.0,-41.37528318612248,4,-37.8758976417615,-11516.020785000905,-11517.666665521947,1.6458625618264684,-11516.029588374879,0.008803373973933049
4479,-17.450632491192046,0.0,10.049112472752528,4,-51.019216109427,-9806.503537056173,-9787.199870269471,-19.303661328216485,-9806.525328050731,0.02179099455861433
4480,157.0076913604082,0.0,-46.67405586871055,4,-32.473542989754314,-11990.088491041814,-11986.834542264924,-3.2539203122551066,-11990.123588673732,0.03509763191868842
4481,111.16577000111204,0.0,145.31524630877755,4,-63.55345899944072,-11482.119895373276,-10708.350859492431,-773.7690277483019,-11482.12207745681,0.0021820835336257005
4482,-33.1835185454528,0.0,-111.17076830322456,4,-34.00998308166161,-10596.231633794252,-10575.670251002635,-20.561398805640177,-10596.233154182915,0.0015203886632662034
4483,143.7942471299737,0.0,119.70127706280954,4,-50.60896641259712,-11651.72603405919,-11239.05326352188,-412.67279106344847,-11651.736897413532,0.010863354342291132
4484,102.3042779348291,0.0,-170.51052048497525,4,-25.18985420676837,-12115.717228415173,-12130.267770589502,14.550521658825186,-12115.810908300944,0.0936798857710528
4485,-79.57289778044047,0.0,-142.19042239429692,4,-30.77205360973852,-10303.53323400098,-10281.678916256778,-21.854267160109295,-10303.552282573752,0.01904857277077099
4486,26.897978232441627,0.0,-15.88723224091133,4,-44.460286030728895,-10743.008558568215,-10720.289376187498,-22.719185396440245,-10742.998897357282,-0.009661210933700204
4487,117.48479850398886,0.0,-110.01057199064245,4,-29.144328077019615,-12182.971130449276,-12196.285514906025,13.314386969581664,-12183.008657013514,0.037526564237850835
4488,190.50911753408784,0.0,-8.700081058535973,4,-33.26892655417382,-11775.5771196847,-11754.59973936391,-20.977346800563485,-11775.573369016402,-0.003750668298380333
4489,-89.92252490057304,0.0,28.43290660788085,4,-56.6732753733643,-7119.932916632211,-7102.9604485896625,-16.97247866341076,-7119.926155767611,-0.006760864600437344
4490,-154.11512832421306,0.0,-81.21381202313016,4,-36.58225948277499,-8307.925044906837,-8288.37544951235,-19.54958912155682,-8307.930807669687,0.005762762850281433
4491,50.803132904000684,0.0,-125.43320752205828,4,-30.489543286855177,-11327.265136160411,-11296.144612952188,-31.120513779533717,-11327.186562803197,-0.07857335721382697
4492,-105.08026973349706,0.0,11.266688674142586,4,-53.07088243771128,-7126.834200708189,-7108.2959392472385,-18.538256111616544,-7126.85410499144,0.01990428325098037
4493,-118.5494566888096,0.0,-120.842507122572,4,-32.70824183410104,-9591.812569503183,-9572.174946805815,-19.637605555328395,-9591.815382105051,0.0028126018678449327
4494,168.91356274740087,0.0,40.4909766097784,4,-38.43285885336249,-11869.939535060055,-11828.445129832544,-41.49438658525246,-11869.946764501263,0.007229441207527998
4495,-10.439014306094062,0.0,22.57434029966422,4,-52.63000472263137,-9811.475286399196,-9792.709344273539,-18.765939167342424,-9811.489042302988,0.013755903792116442
4496,48.66385897034368,0.0,-160.91853218528692,4,-27.465524449543263,-11340.282060889933,-11308.392445697737,-31.88960177962691,-11340.13611647362,-0.14594441631197697
4497,196.3506511206398,0.0,-25.230163218717596,4,-31.765545342535148,-11749.072307097462,-11730.720797506507,-18.35148473429207,-11749.088078718309,0.01577162084686279
4498,-29.80884266292532,0.0,2.49126916316235,4,-50.377325204924524,-9614.351049060486,-9594.635831301028,-19.71519137492478,-9614.347604736295,-0.003444324191150372
4499,-129.2103661905837,0.0,-92.44849882790274,4,-35.86321017235115,-9000.538209925331,-8980.792716732223,-19.74547360431149,-9000.529965592244,-0.008244333086622646
4500,23.792053643637406,0.0,-189.0925084521519,4,-25.70871512057412,-11353.081052458414,-11338.193949540582,-14.887097141209948,-11353.11927915807,0.03822669965666137
4501,-6.720893210444235,0.0,-26.695658668368885,4,-44.69126714325122,-10387.299686051263,-10365.654141275973,-21.645508657811344,-10387.31104958122,0.01136352995672496
4502,-19.722037319312175,0.0,-5.946426880023986,4,-48.50879020982879,-9961.837312677999,-9942.224863562873,-19.612461922463115,-9961.854014097635,0.016701419635865022
4503,16.618878619863576,0.0,14.715148474181678,4,-49.50517268432669,-10431.285438405033,-10410.017570683467,-21.267858408391817,-10431.300216360649,0.014777955615500105
4504,48.21429783373068,0.0,-47.00588159632611,4,-38.963259839943284,-11257.907715124518,-11245.688159246889,-12.219557735050978,-11257.899449325803,-0.008265798715001438
4505,72.59330980107912,0.0,-9.046624657850087,4,-41.98365738274734,-11216.578052924024,-11193.377520198828,-23.20055445772405,-11216.590500941935,0.012448017911083298
4506,11.724738718273649,0.0,33.62898018194675,4,-52.613093080551536,-10211.950396089087,-10191.004563203582,-20.94579617366499,-10211.960483767494,0.010087678407217027
4507,83.77005240351835,0.0,40.85469945803344,4,-46.21449139403887,-11715.566733467647,-11743.943624187119,28.376868890911517,-11715.583407710668,0.016674243021043367
4508,-24.248364308512745,0.0,94.7650645882267,4,-64.81863570320319,-7976.875373580381,-7965.34594331926,-11.529434635153718,-7976.878260705982,0.0028871256008642376
4509,-15.581621416515418,0.0,88.45255944715795,4,-62.97410418908298,-8513.245173788915,-8500.291966350569,-12.953213268861813,-8513.24910152991,0.003927740994186024
4510,95.3077128252955,0.0,-25.000028868715123,4,-38.187423056877435,-12052.977323271436,-12079.14863417452,26.17133070976942,-12053.061447989909,0.0841247184725944
4511,-0.04247387065763117,0.0,-34.60827743948598,4,-43.24713218316085,-10528.990327915822,-10508.387106019798,-20.603237681462016,-10528.999015987545,0.008688071722644963
4512,-33.280951666387104,0.0,-69.7533683214789,4,-39.25948152952028,-10340.745555697089,-10318.92154758609,-21.82396071640461,-10340.764847922894,0.01929222580474743
4513,-41.44253442946095,0.0,30.44791104887773,4,-55.83077978063935,-8789.2153746666,-8770.771230731427,-18.444151577629565,-8789.235461019907,0.02008635330639663
4514,55.703458980623545,0.0,-84.37116437516424,4,-34.40074696278608,-11294.380453957565,-11262.08140804639,-32.299040179956165,-11294.398753879535,0.01829992197053798
4515,31.281971099427697,0.0,7.724364318262159,4,-47.3998810936609,-10685.201774401827,-10662.745355175182,-22.45643654427212,-10685.206402325912,0.004627924085070845
4516,-13.304632877046227,0.0,-16.719917476302737,4,-46.48469946421764,-10211.835965167384,-10190.499791831498,-21.33613631269022,-10211.852797228019,0.01683206063535181
4517,46.23391360791224,0.0,24.39160893225204,4,-48.33811878222447,-10795.995881079842,-10773.615842879184,-22.380011399707914,-10796.000283379657,0.004402299815410515
4518,192.47798712228803,0.0,12.335620197532176,4,-34.55831097315638,-11742.827433446884,-11709.948524076615,-32.878880940817545,-11742.826595929684,-0.0008375172001251485
4519,-15.76391108605074,0.0,78.93879294420175,4,-61.737499904814065,-8711.627615722826,-8696.343812349482,-15.283821401292899,-8711.642494529142,0.014878806316119153
4520,123.54594875542122,0.0,-65.27738599594373,4,-32.67294998064746,-12115.446565365412,-12124.99595389846,9.549370711727674,-12115.453529438133,0.006964072721530101
4521,-127.90284947510028,0.0,-104.88982063522731,4,-34.374043644768435,-9221.591289327718,-9201.84062253449,-19.75064472838996,-9221.617477133594,0.026187805875451886
4522,-16.644800288290426,0.0,-137.04356433245647,4,-30.98491937685851,-10837.898105873393,-10815.502394985662,-22.395705292512343,-10837.908740911345,0.01063503795194265
4523,-59.520322184709066,0.0,-14.532871170066096,4,-48.3526418336724,-9138.237757351033,-9118.909712041966,-19.328031286440723,-9138.253876333929,0.016118982895932277
4524,-59.153005552378964,0.0,126.71315014314064,4,-73.2573615314673,-4904.098767867066,-4907.148449360916,3.0497051065023357,-4904.112227729135,0.013459862068884831
4525,65.6078995777621,0.0,186.3104999433659,4,-89.67303610506482,1180.2712424063618,3713.145426151726,-2532.8741824176154,1180.2541114192124,0.01713098714935768
4526,-14.716011768488698,0.0,-147.05965174126334,4,-29.96794045360308,-10878.475289513088,-10855.821707221787,-22.653572103443082,-10878.501762209025,0.026472695937627577
4527,21.616130959806814,0.0,65.23989863642906,4,-55.918698914073794,-10130.901565800412,-10110.81396948361,-20.087588561343992,-10130.924396041184,0.02283024077223672
4528,-116.10601417784231,0.0,71.38273636401412,4,-65.68960336834975,-4166.923530907612,-4153.688080915114,-13.235482382112387,-4166.922089000991,-0.0014419066210393794
4529,33.86738760361349,0.0,-39.470021828697575,4,-40.86607459763012,-10934.161293983569,-10914.49589124373,-19.665394169151515,-10934.159067774071,-0.0022262094971665647
4530,17.575231154836963,0.0,135.01541200234078,4,-66.04514685156185,-9483.251802180435,-9509.062155858974,25.810358129849668,-9483.229413508801,-0.022388671633962076
4531,-49.919042863447956,0.0,-1.223901302675156,4,-50.481424755226875,-9148.845080968544,-9129.756904633445,-19.088167907767705,-9148.838520427174,-0.0065605413692537695
4532,43.98066871919761,0.0,142.96684830159052,4,-69.24669719769591,-10812.816723766759,-10618.310500360836,-194.50620128363087,-10812.837164214223,0.020440447464352474
4533,-148.6928866816131,0.0,60.630208462592556,4,-61.27458432140554,-3231.027853012488,-3216.565081472273,-14.462782121465203,-3231.0326731317655,0.004820119277610502
4534,-31.110109869122923,0.0,112.43476312198982,4,-67.77380222074633,-7160.507499989498,-7159.5555040649215,-0.9519738422850343,-7160.508216881348,0.0007168918500610744
4535,114.25421397447417,0.0,-62.539313946455074,4,-33.37705221098152,-12138.096275865923,-12152.290517161395,14.194233665380757,-12138.105320942504,0.009045076581969624
4536,-134.78516977253963,0.0,47.440982202360146,4,-59.34429211725621,-4531.063596310943,-4515.379450913372,-15.684161202953385,-4531.063387501931,-0.00020880901138298213
4537,-31.559263556974166,0.0,111.6606078692647,4,-67.74708577658335,-7157.689537133167,-7155.817460159186,-1.8720571346403012,-7157.662888620415,-0.026648512751307862
4538,8.058051241253109,0.0,84.03620230292911,4,-59.63366263408895,-9493.735863851005,-9480.944597751572,-12.791238512934779,-9493.748919518392,0.013055667386652203
4539,58.808715465634684,0.0,5.8109172762990715,4,-44.729906979724774,-11221.309335418766,-11205.909956598525,-15.399388313330324,-11221.341431716879,0.03209629811317427
4540,-13.074994377115502,0.0,-51.05868801427314,4,-41.38637040201033,-10465.336336007771,-10444.340838591375,-20.995491603086858,-10465.330599448502,-0.005736559269280406
4541,-132.87856793844568,0.0,29.3049541780906,4,-55.659218834090254,-5434.330434894882,-5417.261364459482,-17.069070957719617,-5434.328976005996,-0.0014588888861908345
4542,-52.395486238099195,0.0,9.601094027229141,4,-52.50555054889351,-8867.270388733217,-8848.079848565278,-19.190545568429187,-8867.262702542,-0.007686191216635052
4543,-120.01100493123216,0.0,110.12991932495619,4,-75.46243311201412,-1612.261689120692,-1600.9401730778006,-11.321549627541676,-1612.264291690541,0.0026025698491594085
4544,134.53325532493884,0.0,40.5669327168337,4,-41.42977350047929,-12009.917744926846,-11994.140773214784,-15.776965624786799,-12009.914026784805,-0.003718142041179817
4545,-14.242418031053912,0.0,-9.359158027985458,4,-47.69102699329581,-10118.778075312279,-10098.212672295087,-20.565398129063844,-10118.79700268005,0.01892736777153914
4546,-170.3206861649793,0.0,-39.62395999774563,4,-41.49811779174663,-6895.877555756933,-6875.495501228563,-20.38205563647644,-6895.866700065438,-0.010855691495635256
4547,104.10141605144297,0.0,105.40145151391334,4,-51.41359107009137,-12081.238991446353,-11963.070829755854,-118.1682048401189,-12081.280575389354,0.04158394300065993
4548,-44.12197577114545,0.0,55.80834408091078,4,-60.57096175561331,-8110.08534303402,-8094.061165348289,-16.02420104930236,-8110.094744453629,0.009401419608366268
4549,79.85983814697674,0.0,-40.88737439809628,4,-37.65397589381495,-11665.690423533972,-11678.833179735979,13.142742264492078,-11665.709979093634,0.01955555966196698
4550,104.76818166908136,0.0,122.40579161482142,4,-55.195330219820164,-12011.396195689314,-11747.82948754474,-263.56678192869356,-12011.396713921618,0.0005182323038752656
4551,-172.7499247970965,0.0,-38.32069147512601,4,-41.55540447576558,-6797.577778244161,-6777.286297127297,-20.291484033534328,-6797.584400111341,0.006621867180001573
4552,161.13978243284024,0.0,-76.48711352531808,4,-29.937995462317353,-11982.860290019511,-11981.267250798566,-1.5930011326050053,-11982.849819809286,-0.010470210225321352
4553,75.89217947766772,0.0,107.12451221915913,4,-54.7552284087716,-11344.22130319447,-11291.351535606356,-52.869798722548815,-11344.292007751741,0.07070455727080116
4554,72.60730431649536,0.0,141.41387994651814,4,-65.482541534893,-11971.629424434972,-11640.691078732874,-330.93836408985175,-11971.66014176791,0.03071733293836587
4555,98.30527136339082,0.0,16.088528325947543,4,-42.260823035459076,-12056.323017539127,-12081.823542185199,25.500553192557167,-12056.336541409431,0.013523870304197771
4556,-42.955843232521026,0.0,-33.42874205960128,4,-44.86235335041276,-9813.543651369866,-9793.995523573712,-19.548124954700054,-9813.559445690133,0.015794320266650175
4557,-16.144327388111464,0.0,122.76906436893539,4,-66.92262395431239,-7694.864167640276,-7713.01978244743,18.155633057843563,-7694.856537384315,-0.007630255960975774
4558,49.497827400700544,0.0,-28.156941553042497,4,-41.218913701590274,-11198.063650968512,-11188.234465272446,-9.82919610862974,-11198.085403919456,0.021752950944573968
4559,14.3236448834879,0.0,6.163225693101152,4,-48.42421299985814,-10455.628003116886,-10434.61423400215,-21.01376977584321,-10455.639871162195,0.011868045308801811
4560,82.95894125156977,0.0,21.012270043835958,4,-44.23409633280046,-11678.082976260837,-11703.663267723763,25.58025968763768,-11678.135619045428,0.052642784590716474
4561,17.01379900847827,0.0,7.94107843478276,4,-48.4930307682787,-10484.998814760398,-10464.153352327357,-20.845476850655505,-10485.00907749998,0.010262739582685754
4562,-66.89711945428927,0.0,117.60929427233276,4,-73.10605753733756,-4776.695457217946,-4771.2056137877,-5.489810065368921,-4776.669387366894,-0.02606985105194326
4563,45.63125680179362,0.0,52.1415595662346,4,-51.72884043176719,-10674.196376155034,-10649.469187417979,-24.727195105364906,-10674.195619644292,-0.0007565107425762108
4564,-140.824875547406,0.0,-54.874544590966,4,-40.62293434532272,-7986.352956661478,-7966.252362286123,-20.10059080330427,-7986.359490732761,0.00653407128265826
4565,47.700802965054415,0.0,80.3960223549588,4,-54.48411889117291,-10610.204589290825,-10584.22964691254,-25.974952284319063,-10610.208688807412,0.004099516587302787
4566,-19.62182686006835,0.0,-25.046016116134943,4,-45.45329966020052,-10179.485627837383,-10158.31977078645,-21.16582829653181,-10179.49640204383,0.010774206446512835
4567,19.077405233511243,0.0,27.845858148897022,4,-51.18424892892096,-10381.42295296301,-10359.526720258233,-21.89620374690586,-10381.426054221098,0.0031012580875540152
4568,-126.78798171703477,0.0,46.96173794347996,4,-59.67190743507008,-4892.921872183297,-4876.9217920014535,-16.00009156143026,-4892.921943922632,7.173933499871055e-5
4569,177.012085671985,0.0,74.1842746576818,4,-40.5379647302208,-11677.062065384896,-11548.156008226772,-128.906063910993,-11677.061518842202,-0.0005465426947921515
4570,-68.97595768763031,0.0,154.66066128078668,4,-78.0263826038927,-2824.801819413146,-2881.170046527344,56.36829735025264,-2824.81630403577,0.01448462262396788
4571,44.088194176200794,0.0,25.13504334721817,4,-48.63555003111453,-10758.485803629033,-10735.012263343879,-23.473519863228375,-10758.494539688561,0.008736059528018814
4572,-186.1694116261513,0.0,46.479862160244146,4,-54.54470298021455,-2651.949823187015,-2636.720294731928,-15.229522863799447,-2651.9487829530885,-0.001040233926687506
4573,21.56606622324731,0.0,-42.37699843622179,4,-41.166816640766044,-10801.185230097748,-10778.173888123954,-23.011333576711536,-10801.193382444535,0.008152346787028364
4574,-106.00887970818977,0.0,-125.93946468649507,4,-32.308416293398466,-9839.610771859416,-9819.391824856591,-20.21895245710325,-9839.620568244824,0.009796385407753405
4575,-138.3589515167865,0.0,-26.773341956657145,4,-45.04455199837142,-7306.6239082083175,-7286.222380533814,-20.401526842990737,-7306.629135202194,0.005226993876931374
4576,-53.351791429174135,0.0,-111.66914423697678,4,-34.126087055785106,-10382.009459228944,-10360.45426258457,-21.555162125731606,-10382.031879744482,0.02242051553730562
4577,56.37993466898965,0.0,-36.332203071819066,4,-39.77213313825346,-11276.26142849929,-11252.689545458332,-23.57187828752503,-11276.269537493974,0.008108994683425408
4578,-100.48590758316514,0.0,105.6082938742871,4,-73.84384634891447,-3170.8893984678652,-3160.6457797426633,-10.243639036004188,-3170.908943461721,0.019544993855561188
4579,6.657567231807738,0.0,-81.07514555705637,4,-36.78525756693583,-10821.301468144697,-10798.590310343187,-22.711152013877573,-10821.307057743907,0.0055895992099976866
4580,24.042816877606743,0.0,113.34905408592596,4,-60.9263775600986,-9792.959400204667,-9777.635206092376,-15.324192096163634,-9792.946071979333,-0.013328225333680166
4581,-4.473524730287382,0.0,12.089788217541118,4,-50.55428127041028,-10083.546393235427,-10063.560959580871,-19.985439620156694,-10083.549688713998,0.003295478571089916
4582,19.6674935922983,0.0,-183.79982289182448,4,-26.181465630874914,-11318.92162256902,-11306.864427990708,-12.057192978743426,-11318.882727719556,-0.038894849463758874
4583,-16.570855769079618,0.0,-56.42894084161926,4,-40.73469757204503,-10456.20999189813,-10435.142407598063,-21.067573949925674,-10456.21096327865,0.0009713805211504223
4584,110.45250902263503,0.0,15.960676524209017,4,-41.2678836513817,-12074.828172163225,-12085.624744327586,10.796555523570792,-12074.834360091923,0.006187928698636824
4585,3.136422674483879,0.0,-58.04039496077416,4,-39.84702689278088,-10704.868332150925,-10683.39440374002,-21.473938052530674,-10704.887269176425,0.01893702549932641
4586,-53.1076008823979,0.0,159.67677848040114,4,-82.04059499631839,-3604.199884618655,-3857.857978938145,253.65812327127801,-3604.1940034375057,-0.005881181149106851
4587,-25.986976399433797,0.0,44.778529360441105,4,-57.407224069451814,-9001.582133984983,-8983.679442288845,-17.90269251036232,-9001.591394499348,0.009260514365450945
4588,-60.432508134601086,0.0,-160.42946889054883,4,-29.005123119524374,-10586.630403360403,-10566.07077318834,-20.5596446358935,-10586.64853928655,0.018135926147806458
4589,-125.9959349062926,0.0,-71.99096902388469,4,-38.642233194312965,-8685.80443321085,-8666.324694284152,-19.47971408139165,-8685.78487067246,-0.019562538389436668
4590,24.23799396685498,0.0,97.56239353967786,4,-59.077837227874305,-9918.15936886825,-9900.565821248661,-17.593566584109432,-9918.18096994822,0.021601079970423598
4591,21.148996590660374,0.0,-85.30106894865156,4,-35.761750007407834,-10981.73983485036,-10961.492072658053,-20.247765782628736,-10981.742211319404,0.002376469044975238
4592,-59.450402856776805,0.0,52.785400326067176,4,-60.88661501176649,-7572.424824634102,-7556.962027347024,-15.46281399284695,-7572.429965552793,0.005140918690813123
4593,-139.60321242222156,0.0,16.864930404029817,4,-52.81381725327318,-5716.650493627245,-5699.082300941499,-17.56821667117878,-5716.667237890331,0.016744263086366118
4594,-120.16499446788488,0.0,-8.185235074755218,4,-48.97359384623773,-7258.065391213538,-7238.356690315252,-19.70869314290519,-7258.080862497271,0.015471283732949814
4595,-21.172684995926346,0.0,44.13387787418297,4,-56.9488114782825,-9166.18307452609,-9148.974470015051,-17.20860020467983,-9166.18338866198,0.00031413589022122324
4596,189.95484832337613,0.0,21.2069988113362,4,-35.348790381933,-11755.645579894632,-11717.860821563496,-37.784736732356144,-11755.639996318732,-0.005583575899436255
4597,-73.77806791888686,0.0,127.59309154854398,4,-75.5540582511546,-3801.1269350396165,-3801.011146659172,-0.11578694037227895,-3801.130879299972,0.003944260355638107
4598,12.596407252649678,0.0,55.90322498955156,4,-55.71080076090875,-9980.907970924756,-9962.41415025062,-18.493837417961164,-9980.896924538942,-0.011046385814552195
4599,135.20994385086146,0.0,-67.11409289045427,4,-31.92517614245761,-12134.117065881723,-12139.063647423967,4.946559944337498,-12134.092804995085,-0.02426088663742121
4600,-45.45679660122609,0.0,-9.257529935359388,4,-48.94001211794045,-9408.639000212277,-9388.924882193392,-19.71408601789679,-9408.6499186117,0.010918399422735092
4601,-27.888609359309108,0.0,-86.90802592843401,4,-36.89858806289608,-10512.018438086901,-10491.306184934154,-20.712263082167315,-10512.025996614408,0.00755852750626218
4602,-121.32423745998598,0.0,-47.13642564920047,4,-42.415048406672135,-8254.86743454548,-8234.969888956248,-19.897545335748813,-8254.883344640886,0.015910095406070468
4603,51.036024332262635,0.0,123.59634833250387,4,-61.00467960345051,-10666.189809344023,-10577.326740821496,-88.86304145488671,-10666.191415563575,0.0016062195518316003
4604,14.607227015525668,0.0,-187.12260273272457,4,-26.0098338141038,-11274.761611200483,-11262.53898810008,-12.22262499108239,-11274.808428876278,0.046817675794954994
4605,-89.66515896122155,0.0,21.834613341485635,4,-55.349658718977246,-7338.167152888222,-7320.28866264282,-17.87849176351732,-7338.177104890825,0.009952002603313304
4606,-51.973200464299886,0.0,60.46866991667188,4,-61.9351845033557,-7660.9008975285005,-7645.648613794871,-15.252310381660186,-7660.90459569342,0.003698164919114788
4607,-24.44216238696964,0.0,-37.25200150638545,4,-43.745168551647716,-10212.328226229401,-10190.875833402095,-21.452354318115805,-10212.32686852969,-0.001357699711661553
4608,0.5790345611997187,0.0,-13.814788039908944,4,-46.27514893147361,-10397.829697590068,-10376.272744337644,-21.55692149434954,-10397.834616419957,0.004918829888993059
4609,105.98994103607386,0.0,138.88318938631141,4,-61.00729070460805,-11849.389356573076,-11303.700369821208,-545.6889759495347,-11849.390062529235,0.0007059561594360275
4610,21.803384047492326,0.0,-120.47758122989973,4,-31.8400040476212,-11145.217891138574,-11130.29248155946,-14.925420104287573,-11145.238532640358,0.02064150178375712
4611,83.21019113779842,0.0,2.532332090465838,4,-42.16751126331082,-11730.955840977966,-11757.696067910285,26.740199228251846,-11730.987438170014,0.03159719204813882
4612,61.69159669434902,0.0,-151.24796811968062,4,-27.958211089546776,-11313.033999109033,-11284.848333289015,-28.185651733188788,-11313.18374043848,0.14974132944735175
4613,-143.91545182034602,0.0,58.23728595082665,4,-61.1150680376868,-3573.010947729187,-3558.601394439183,-14.409556631636327,-3573.0118794387804,0.000931709593260166
4614,146.74007221266407,0.0,-94.80759078404921,4,-29.17325328072623,-12099.561013330806,-12101.861619120764,2.300580197288571,-12099.564682289389,0.0036689585831481963
4615,54.386021288497226,0.0,62.14237202943913,4,-51.83815976874941,-10801.55385939489,-10779.352485414463,-22.20134497877102,-10801.554395158912,0.0005357640220609028
4616,-1.2789522349990246,0.0,99.31141497256971,4,-62.37102148679246,-8910.667226446145,-8899.97509656686,-10.692150348859958,-8910.661926125278,-0.005300320866808761
4617,-164.46153312648516,0.0,-18.588943312277824,4,-45.042175781803635,-6332.888792137199,-6313.455214208461,-19.433568563881177,-6332.878453357132,-0.01033878006728628
4618,6.0865846865661135,0.0,15.381023659892007,4,-50.342620648546514,-10264.791841240123,-10243.17195279343,-21.619841747979986,-10264.81021325225,0.01837201212765649
4619,10.904630464187965,0.0,-12.315895027542968,4,-45.92990883964189,-10533.73313634303,-10513.121213900977,-20.61194130483433,-10533.729830094226,-0.003306248803710332
4620,85.16075717774797,0.0,-20.469218803120807,4,-39.41184910819861,-11882.072163242176,-11912.393245194302,30.32107212255463,-11882.06516065301,-0.00700258916549501
4621,41.53265659102701,0.0,-66.56481588306625,4,-37.00500212547536,-11226.804584872249,-11216.730675726076,-10.073913514306092,-11226.815686920823,0.011102048574684886
4622,-40.836211011812445,0.0,-48.22647939061847,4,-42.50824945197763,-10036.253397641924,-10015.798331392602,-20.45507431420739,-10036.261255268015,0.007857626091208658
4623,100.93576468568124,0.0,-31.653499107964674,4,-37.13701319219613,-12086.233936979048,-12109.46397018804,23.230046986737168,-12086.209422047144,-0.024514931903468096
4624,169.82785218787265,0.0,-100.97818029319258,4,-27.783900295245328,-11998.802831257051,-11996.717680036363,-2.085110008508102,-11998.800063509456,-0.002767747595498804
4625,-98.78569642855688,0.0,-35.36297955565996,4,-44.797124922968706,-8542.20231272227,-8522.549508150214,-19.652806879015337,-8542.202886891766,0.0005741694967582589
4626,141.19671187098362,0.0,-55.00607938506392,4,-32.6491460057437,-12060.758298676412,-12061.925898752525,1.1675930767761957,-12060.759359868493,0.0010611920806695707
4627,-66.45621521963254,0.0,-118.35840770460217,4,-33.37702803480202,-10285.248817358686,-10263.369670524069,-21.879094565289314,-10285.2357905668,-0.013026791886659339
4628,88.52410684065373,0.0,91.85943059188267,4,-50.87399007774289,-11978.82734098129,-11970.086292992131,-8.74105137829122,-11978.831282889447,0.003941908156775753
4629,46.387399682243085,0.0,33.06100268262132,4,-49.40201503964505,-10760.073654784243,-10736.285963541264,-23.78766946503629,-10760.069454513005,-0.004200271238005371
4630,158.83338077742997,0.0,118.68711114621428,4,-48.84706117946404,-11162.729694021393,-10702.089592140412,-460.64008031476726,-11162.71609396998,-0.013600051412140601
4631,65.25751469131256,0.0,-135.24286859614864,4,-29.181868472390647,-11359.809657484328,-11337.605426967813,-22.20422016544532,-11359.819830881472,0.010173397144171759
4632,-12.675022894896836,0.0,-105.2591013280795,4,-34.36720531297642,-10762.876537238502,-10741.05049417763,-21.82604445921124,-10762.89530634953,0.01876911102772283
4633,24.192263605068497,0.0,-30.700461889733223,4,-42.59833263378771,-10778.40066813969,-10755.475910147854,-22.924753279147318,-10778.41296565539,0.012297515700993245
4634,-78.87711140246742,0.0,-102.54717032572377,4,-35.24450573346545,-9988.914354603252,-9968.200644974566,-20.713716084851697,-9988.919137962632,0.004783359379871399
4635,140.60478885415606,0.0,93.71012712793713,4,-46.06438376019867,-11917.993325074647,-11767.813680026373,-150.17962724071202,-11917.993873316416,0.000548241769138258
4636,-36.101222370304136,0.0,7.3155410131717,4,-51.48341890629876,-9377.109611190885,-9357.906708846427,-19.20288223951167,-9377.124538797854,0.014927606969649787
4637,83.09508670830024,0.0,2.1368981531707196,4,-42.13628775261191,-11725.158110763432,-11751.456503420108,26.298364979465333,-11725.140528505797,-0.017582257634785492
4638,81.86651257885102,0.0,44.10574205262031,4,-46.80510061091855,-11576.195891206029,-11594.445629776697,18.249709085032304,-11576.250364678384,0.05447347235531197
4639,157.4095301863044,0.0,-56.04643662755882,4,-31.705798966095028,-11984.635996744215,-11982.392546237928,-2.243421599772814,-11984.640417643806,0.004420899591423222
4640,74.13933609697581,0.0,-176.37702129981122,4,-25.6102740898547,-11653.784450442046,-11647.987967693027,-5.796464799926336,-11653.783865949508,-0.000584492538109771
4641,-106.09164079322363,0.0,102.18523091996745,4,-73.20491815082022,-3018.6973892019555,-3008.0307021931635,-10.666704619191782,-3018.6897798954037,-0.0076093065517852665
4642,-136.77574662383785,0.0,77.90762872301538,4,-66.20550522866543,-2773.208367622498,-2759.0720811538804,-14.136306528495902,-2773.2200628939063,0.0116952714083709
4643,-45.42094437358536,0.0,88.61880210245101,4,-66.31002649810117,-7114.543831417946,-7099.741990685147,-14.80185523857341,-7114.563517495023,0.019686077076585207
4644,-121.64476121679131,0.0,20.26471619376871,4,-54.360935966533354,-6218.928839438265,-6201.617155344608,-17.311703734666256,-6218.931099307397,0.0022598691321036313
4645,19.649561301595227,0.0,-11.08522736711402,4,-45.56662995253277,-10648.17669806447,-10626.81206680497,-21.3646550897679,-10648.175079110059,-0.0016189544112421572
4646,191.68026525161486,0.0,32.17728976808255,4,-35.97012440841244,-11680.47662511172,-11630.978597207986,-49.49802584821256,-11680.482965900881,0.006340789161185967
4647,104.86258436011468,0.0,34.7462488259926,4,-43.54704582795852,-12066.714303058023,-12079.6211620156,12.906866534972423,-12066.724156889255,0.009853831232248922
4648,65.14086807663953,0.0,-133.3892812837862,4,-29.348162856893374,-11353.682406390075,-11331.052152315835,-22.63024437540797,-11353.6835392013,0.0011328112250339473
4649,-122.52339868510023,0.0,-34.008317668001254,4,-44.45753843681715,-7911.554619504627,-7891.070200879341,-20.484413860208903,-7911.546187557424,-0.008431947203462187
4650,-21.472936440854838,0.0,146.04930252325556,4,-71.67823363357897,-6804.55557534989,-6916.837420333945,112.28189268998625,-6804.575535450712,0.019960100821663218
4651,-116.35332802101235,0.0,24.188267901624375,4,-55.35169960001155,-6263.104129054307,-6246.044954433203,-17.05919933382418,-6263.119155298016,0.015026243709144183
4652,67.78207796658124,0.0,-4.527692324832064,4,-42.873717357368704,-11174.072775889224,-11136.025627302051,-38.04715344813885,-11174.142263818696,0.0694879294715065
4653,114.77587978690042,0.0,-53.10197446348676,4,-34.22952885628589,-12125.487567636657,-12139.107617289037,13.620040120365871,-12125.521885461141,0.03431782448387821
4654,-17.670589073078474,0.0,-22.61441475884522,4,-45.75402555094743,-10190.633969288787,-10169.408691054736,-21.22524620758933,-10190.634159625075,0.00019033628814213444
4655,-60.09547088351224,0.0,112.35200241363712,4,-71.53951729237457,-5430.644581631736,-5422.923784384271,-7.720753864444944,-5430.658342462826,0.013760831089712156
4656,-39.930390174747124,0.0,-191.45711579302997,4,-26.24433081953083,-10850.027746369053,-10827.761035697622,-22.266703559694857,-10850.003108976744,-0.024637392309159623
4657,-34.75708452639611,0.0,41.15584370323048,4,-57.34994982933615,-8793.193580682002,-8774.84448086422,-18.34910819816426,-8793.20447954235,0.010898860347879236
4658,45.612176451881886,0.0,148.94932140881272,4,-72.79018863052593,-11054.086168397587,-10779.147662457946,-274.93852335139627,-11054.101198160826,0.015029763238999294
4659,-126.77109909005023,0.0,-88.89533859891779,4,-36.368873418698676,-8984.700541471015,-8964.96944758934,-19.73107323661989,-8984.712503388215,0.01196191720009665
4660,25.497839299093837,0.0,-13.443784190144473,4,-44.88061488009363,-10720.058283232995,-10697.641519773517,-22.41677509031471,-10720.06048004664,0.0021968136461509857
4661,20.581756349577347,0.0,3.4882741566930298,4,-47.58685098727943,-10572.831942433837,-10551.952971786019,-20.878994760313752,-10572.842952075322,0.011009641484633903
4662,13.231772470325947,0.0,-47.95741554741878,4,-40.80101515572639,-10752.275636849625,-10730.015563788338,-22.260080584220464,-10752.269767895212,-0.005868954413017491
4663,50.481308015329084,0.0,-33.60274622962887,4,-40.463066427998115,-11241.945527489057,-11230.057453302452,-11.888079158276492,-11241.94323754556,-0.0022899434970895527
4664,68.54432658995661,0.0,-184.0357049407823,4,-25.237390431017204,-11510.89445633652,-11496.378401711467,-14.516031171590608,-11510.86220429959,-0.03225203693000367
4665,79.68341679168381,0.0,22.301632750904613,4,-44.790117476890885,-11458.341995739986,-11465.62388641798,7.2818502129079,-11458.374236830727,0.03224109074108128
4666,-51.308041609074664,0.0,-175.08386429307868,4,-27.652429222954908,-10731.058167433057,-10709.807495373656,-21.25067474975118,-10731.061782304976,0.003614871919126017
4667,21.398469832789928,0.0,-170.40910082189814,4,-27.224912680935184,-11304.318183849298,-11292.59022697814,-11.727955386678898,-11304.349164748872,0.030980899573478382
4668,47.21136612034565,0.0,110.62216558687368,4,-58.40156815369526,-10524.40185649826,-10487.566735372578,-36.83515320831797,-10524.421932754603,0.020076256343600107
4669,-31.688174873212255,0.0,-176.54083536722231,4,-27.4378640923317,-10856.89268544319,-10834.533203746476,-22.35947412897977,-10856.92653001874,0.033844575549665024
4670,32.88038136631834,0.0,-55.19424351734405,4,-38.89542227484083,-11006.117618439755,-10988.819937807568,-17.29768118418741,-11006.12370258961,0.006084149854359566
4671,-54.04682681465334,0.0,85.08075298915671,4,-66.51978881665627,-6799.3876793706995,-6784.577665397754,-14.810050446681691,-6799.382488234515,-0.00519113618429401
4672,-51.68776858759877,0.0,-96.70171868545569,4,-35.92884101565953,-10304.774505004303,-10282.904926671878,-21.869526423683556,-10304.780463187742,0.005958183439361164
4673,-18.363205019006703,0.0,76.31924137682107,4,-61.65836059096799,-8660.746089447803,-8645.161037494117,-15.585068010382821,-8660.751310330812,0.005220883009315003
4674,-38.96979664850672,0.0,146.4474533149818,4,-72.99113304882253,-5581.891735358093,-5651.520039096293,69.62837337176585,-5581.9040464962745,0.012311138181757997
4675,26.501555893616985,0.0,-44.35170194609626,4,-40.65272541483305,-10858.309106837662,-10835.339108402988,-22.969983799670747,-10858.310094854383,0.0009880167217488633
4676,70.35493636302218,0.0,-51.13553417119759,4,-37.307902959009056,-11290.584040172867,-11270.098433253028,-20.485620431689068,-11290.507115590299,-0.07692458256860846
4677,-36.00417959366907,0.0,-87.95348954705288,4,-36.890610390923044,-10425.221397418858,-10403.933819172296,-21.287555781067912,-10425.221463158972,6.574011422344483e-5
4678,97.50413915367044,0.0,155.92950691408737,4,-72.99904072127654,-9780.01684076659,-8679.611458520554,-1100.4053747266496,-9780.013093683428,-0.0037470831612154143
4679,-98.72375097608014,0.0,-152.23815887780364,4,-29.658655980245847,-10174.370193124265,-10152.657316633784,-21.712838559443547,-10174.356071869113,-0.014121255151621881
4680,-14.80484651487692,0.0,-162.07639700642486,4,-28.562090247039116,-10920.146691645348,-10897.364258975493,-22.782427494011284,-10920.149118434465,0.0024267891167255584
4681,114.42791884564289,0.0,68.16367863570194,4,-45.757177803142085,-12138.924847104729,-12116.212506689948,-22.712402211698034,-12138.918104356064,-0.006742748664692044
4682,-147.34290153639424,0.0,-3.821428147989804,4,-48.527185813212604,-6279.681976681352,-6260.7456280171255,-18.936334416993198,-6279.686246619603,0.00426993825021782
4683,9.93487004725566,0.0,2.3352229450074415,4,-48.15035792521755,-10417.470751825935,-10396.122589069766,-21.348141878484213,-10417.484856943065,0.014105117130384315
4684,-81.45261027968162,0.0,65.47005729588383,4,-64.27396446088215,-6163.37560386923,-6148.372530509437,-15.003085083822892,-6163.383910411176,0.008306541945785284
4685,13.422946878608304,0.0,-114.20840034334323,4,-32.75527919472637,-11013.607893978491,-10993.538149578477,-20.069751626342853,-11013.605238460785,-0.0026555177064437885
4686,160.0022921284808,0.0,-57.29896081242379,4,-31.466745620084083,-11992.74037864122,-11989.596725594134,-3.143620823130432,-11992.745126055612,0.004747414392113569
4687,87.82506955597948,0.0,125.72302061601604,4,-57.72825921208474,-11967.199563441884,-11758.908536374194,-208.2910341250113,-11967.211481790078,0.011918348194740247
4688,138.4057668043493,0.0,25.159676437284247,4,-39.78784275465131,-11997.80101291027,-11987.897237908395,-9.903778687040838,-11997.818282326782,0.01726941651213565
4689,-46.598889874294045,0.0,65.51358336421909,4,-62.49089573752446,-7747.083220582195,-7731.814240670719,-15.26901288233206,-7747.103005364709,0.019784782513852406
4690,-167.62656876633315,0.0,-44.02874278354394,4,-41.00490973979701,-7091.761571941213,-7071.155707017349,-20.605863098113986,-7091.776562670609,0.014990729395321978
4691,-44.051329933949,0.0,-121.27822831454907,4,-32.96661071785594,-10536.711245528008,-10516.085107449773,-20.62615011408453,-10536.72943834506,0.018192817053204635
4692,-136.49143118456675,0.0,46.17086228437067,4,-58.9623077808069,-4523.37409619484,-4507.488154612017,-15.885950019176052,-4523.3792542553365,0.005158060496796679
4693,-53.53511180843703,0.0,69.41979752928724,4,-63.71517946813128,-7317.363310980185,-7302.573918775994,-14.78942131697824,-7317.3492544470455,-0.014056533139410021
4694,-72.57632440185434,0.0,-137.51451481114728,4,-31.27667631487914,-10343.594897411225,-10321.86446849754,-21.730384703976785,-10343.611754597607,0.016857186381457723
4695,-75.31351044598014,0.0,-82.22394703065446,4,-37.8961239114358,-9816.036038315227,-9796.172562456191,-19.863477794178987,-9816.036860126722,0.0008218114944611443
4696,-117.46159350217702,0.0,-96.12043350119652,4,-35.64360343422321,-9267.862034193879,-9248.112437244205,-19.74957125328992,-9267.858511516553,-0.0035226773252361454
4697,93.43051233042895,0.0,-16.654739875865094,4,-39.19499680977452,-12036.124696746616,-12063.879447043988,27.754768956633395,-12036.12364204314,-0.001054703476256691
4698,-66.06837345663817,0.0,-124.57254175603197,4,-32.67805808967219,-10329.557480775333,-10307.762093407475,-21.79533975031327,-10329.583134014061,0.025653238728409633
4699,35.60658162301162,0.0,-23.452431372408693,4,-42.876790852203634,-10874.40343065995,-10852.928795613358,-21.47461657650204,-10874.419357383897,0.01592672394690453
4700,-34.25228088828557,0.0,32.412287003563186,4,-55.80865101622305,-8972.94164718464,-8955.329281119999,-17.612367590326276,-8972.931452639425,-0.010194545215199469
4701,121.08458862628729,0.0,-1.8015368363732591,4,-38.73436834124243,-12116.72620778831,-12122.807328354438,6.081085108073782,-12116.70129903196,-0.024908756349759642
4702,8.48484170553984,0.0,-28.922395582636536,4,-43.65366107557663,-10609.260175296196,-10588.499243776956,-20.760951045755142,-10609.248320868046,-0.011854428150400054
4703,150.93811256900656,0.0,-2.6888961335956134,4,-36.4695501176366,-11996.436469893151,-11988.277758884558,-8.158696705927147,-11996.442157702435,0.0056878092836996075
4704,48.75714119940471,0.0,2.4208180957839285,4,-45.25299430126243,-10986.112039779191,-10972.355546777573,-13.756486217716963,-10986.12054610273,0.008506323538313154
4705,-5.519645130607737,0.0,-47.68154464644155,4,-41.60135766896451,-10541.588575382382,-10521.014385591407,-20.574205319099395,-10541.604934582023,0.016359199640646693
4706,-12.778545673569871,0.0,9.565597627322582,4,-50.668952010554605,-9923.410132662451,-9904.145108627223,-19.26503797613678,-9923.425898382326,0.01576571987425268
4707,16.717010894696447,0.0,3.766392239693255,4,-47.90590261591643,-10510.012246694065,-10489.284735298726,-20.727530912470808,-10510.011951311151,-0.0002953829134639818
4708,20.105922848152815,0.0,132.193309739546,4,-65.14023731388835,-9632.450337714648,-9643.201994912297,10.751673647849344,-9632.44172324715,-0.008614467498773593
4709,-141.91956393299233,0.0,10.7954483159304,4,-51.514356579041774,-5886.446347535778,-5868.569808424048,-17.87653438649764,-5886.453732833117,0.007385297339169483
4710,-17.922016413055395,0.0,-140.53094351241313,4,-30.65019732448923,-10839.98226397941,-10817.58765221902,-22.394605975277404,-10840.010335741857,0.02807176244823495
4711,-131.09848750376648,0.0,-57.1333306600168,4,-40.62104944438589,-8257.481814275976,-8237.70118230834,-19.780631488865794,-8257.483380411992,0.0015661360157537274
4712,-57.334922270429956,0.0,-15.640673703363456,4,-48.11937352538388,-9215.621518223137,-9196.164902534922,-19.45659860194809,-9215.616725962043,-0.0047922610938258
4713,21.731590641156796,0.0,6.996347782105176,4,-48.005284735196284,-10567.253700112911,-10546.338824873561,-20.914899724231912,-10567.25260002168,-0.0011000912309100386
4714,-127.61245254473444,0.0,44.11190548611306,4,-59.0106358382484,-4991.552223164064,-4975.125931044796,-16.426286110513324,-4991.537745179657,-0.014477984407676558
4715,6.290717693695371,0.0,-20.3101746933288,4,-45.01973470278471,-10521.178732452536,-10500.55306104409,-20.62568812997264,-10521.178864845433,0.00013239289728517178
4716,-109.86578253773898,0.0,-10.12523241968057,4,-48.91627125562001,-7629.4495630743095,-7609.282305378228,-20.167262246536513,-7629.450966193333,0.0014031190239620628
4717,15.162978602976562,0.0,-10.635715517881502,4,-45.91218423383047,-10585.437756023199,-10564.673408223698,-20.76436947700913,-10585.445569600544,0.007813577345586964
4718,-12.803041723400774,0.0,15.317238658048334,4,-51.60741190341702,-9848.385305353964,-9829.305988734226,-19.07931913484612,-9848.381965568633,-0.003339785331263556
4719,133.94701600205718,0.0,78.27777868497222,4,-44.89843869398589,-11992.514973934933,-11920.724960112442,-71.79002614946202,-11992.506302942598,-0.008670992334373295
4720,33.19330092232459,0.0,-106.27261945520495,4,-32.92739221328687,-11253.542771226847,-11242.852960652592,-10.689808156363297,-11253.556108523744,0.013337296897589113
4721,-0.3788211040256069,0.0,58.36855761589175,4,-57.33957605255312,-9584.639661109637,-9566.471536393297,-18.168095228451048,-9584.662683008999,0.023021899361992837
4722,146.0997787512384,0.0,-117.7147426309142,4,-27.50691754555386,-12136.726667661947,-12140.437195881788,3.7104966836269577,-12136.738508229186,0.011840567238323274
4723,52.018875388405185,0.0,102.78296819492645,4,-56.67736236106486,-10621.247913846075,-10586.254154460683,-34.99375320727316,-10621.256531978102,0.008618132027550018
4724,57.40245074134896,0.0,15.220926428964958,4,-46.022774616078834,-11156.883748328813,-11146.456306416732,-10.42745428001493,-11156.901369126197,0.01762079738364264
4725,-126.7492373205598,0.0,100.60846727040921,4,-72.76829792434005,-1835.1307126216225,-1824.4690623709603,-10.661657181534219,-1835.1282330665726,-0.002479555049831106
4726,67.60386089506326,0.0,7.6127986386996325,4,-44.296188670125545,-11178.39146950075,-11141.272598154601,-37.11887764224566,-11178.4315384437,0.04006894294980157
4727,-169.2697540652641,0.0,-33.10693959108689,4,-42.51523097182739,-6711.942446720664,-6691.816110354491,-20.126338166942567,-6711.956384584856,0.013937864192484994
4728,-51.25567460122624,0.0,81.97565231272358,4,-65.7549423848023,-7036.342968989056,-7020.896486426797,-15.446516826914173,-7036.334533783655,-0.00843520540092868
4729,169.57646192929965,0.0,-38.333666081503964,4,-32.412266245223094,-11908.827714402554,-11899.731156139398,-9.096547948291333,-11908.84548953969,0.017775137135686236
4730,90.97405821955998,0.0,-120.88191197735739,4,-29.25257214872517,-12084.22355805394,-12104.221973063246,19.998413342773528,-12084.14486240117,-0.07869565276996582
4731,-166.0672584237189,0.0,12.47790139374374,4,-50.197797807384795,-5038.241131480931,-5020.416916009224,-17.824245828253392,-5038.249149050549,0.008017569618459675
4732,58.45907033879256,0.0,-89.54539061870747,4,-33.769479028356415,-11269.10945089279,-11232.853629647212,-36.2558194881447,-11269.07426116244,-0.035189730351703474
4733,59.56879065965396,0.0,49.1796288256427,4,-49.78030446325038,-11052.949694642444,-11040.347600955882,-12.602103300718449,-11052.973071545654,0.023376903209282318
4734,-156.25024248907832,0.0,-72.17331135799454,4,-37.6691554826799,-8063.650265781385,-8043.80827772092,-19.841985657911533,-8063.667370120778,0.01710433939297218
4735,12.351689536241594,0.0,-179.0586401732782,4,-26.687700166078095,-11228.809005094818,-11215.161140644639,-13.64786814427979,-11228.848155002304,0.039149907486716984
4736,-22.13993228855584,0.0,-110.63899150047757,4,-33.910186514136626,-10705.883431527864,-10684.684424166098,-21.199013969338417,-10705.909272573628,0.02584104576453683
4737,19.61371568051227,0.0,19.62544829290211,4,-49.97984441917533,-10444.821682170585,-10423.574667104462,-21.247015650305748,-10444.833415624795,0.011733454210116179
4738,-123.5113186899947,0.0,-20.453249109121376,4,-46.6804502209591,-7528.7281875366825,-7508.292108470564,-20.436082401267814,-7528.737821629215,0.009634092532905925
4739,48.39339251206919,0.0,24.412155523505778,4,-48.12770107160441,-10838.79775213242,-10818.536814784446,-20.260905920906843,-10838.812658166558,0.014906034139130497
4740,-61.49319499207878,0.0,0.8383720223490898,4,-51.13515204780722,-8780.678480411969,-8761.152237364684,-19.526249682435328,-8780.690580881348,0.012100469379220158
4741,-3.7645199289393907,0.0,-20.15298764747512,4,-45.536142104623586,-10382.515699771708,-10360.833282803855,-21.68237952546762,-10382.519941795306,0.004242023598635569
4742,-48.93999984890081,0.0,21.022534894409027,4,-54.455449209526236,-8744.185553983261,-8725.050831177141,-19.134734996066566,-8744.192848346043,0.007294362781976815
4743,44.01251641562862,0.0,70.67563948017299,4,-53.886933785132705,-10588.190026076434,-10563.939433145233,-24.25062797282823,-10588.199936912499,0.009910836064591422
4744,35.03723861057727,0.0,-48.12542122306928,4,-39.66984311748432,-11004.415044212627,-10987.568034904021,-16.84700890983087,-11004.414050739453,-0.0009934731733665103
4745,-130.8097852157618,0.0,72.60100030203783,4,-65.35474919042561,-3366.921275452773,-3353.183663952221,-13.737644581998579,-3366.917440540072,-0.0038349127007677453
4746,-13.363562249085673,0.0,-5.274547346433982,4,-48.299910476110654,-10091.182563485507,-10070.871758115514,-20.31080810776661,-10091.21187884936,0.02931536385403888
4747,21.157474746223347,0.0,10.761132575152756,4,-48.58891583522852,-10532.362939340712,-10511.52502295697,-20.837939087395224,-10532.377884405834,0.014945065122446977
4748,-90.15881758780014,0.0,-116.00624876485976,4,-33.57231317687212,-9962.13796170498,-9941.462331707029,-20.675636316178856,-9962.149864406949,0.01190270196821075
4749,56.9873736772847,0.0,-12.653429662390913,4,-42.60084969353074,-11249.359898727651,-11231.974980957562,-17.38491847876729,-11249.370215204348,0.010316476696971222
4750,149.65504203291752,0.0,-96.21888979617965,4,-28.949721709171097,-12065.257624689692,-12066.712821901674,1.4551803952716782,-12065.253239692922,-0.0043849967696587555
4751,59.199148982153744,0.0,-114.64942967240142,4,-31.273644861483234,-11262.203484692349,-11225.71114763596,-36.49233056161151,-11262.385496673565,0.18201198121641937
4752,31.215283240509727,0.0,-30.573061737579476,4,-42.20989955712725,-10850.667753643165,-10827.943209417002,-22.72452612326718,-10850.674622255316,0.006868612150356057
4753,-22.577060689084785,0.0,-31.720471240681174,4,-44.528945940171496,-10192.159882660668,-10170.862624197598,-21.2972250375469,-10192.171601575872,0.011718915204255609
4754,-28.774421929797917,0.0,-44.03956055655704,4,-42.84807427168816,-10203.530038999865,-10182.089959691311,-21.4400421933907,-10203.529854095204,-0.00018490466027287766
4755,37.84853553021527,0.0,-172.31637490334484,4,-26.76580981756448,-11364.735300451424,-11341.323027255938,-23.41225865259114,-11364.781504684532,0.046204233107346226
4756,-129.38942503393315,0.0,-9.84559701425664,4,-48.33164431880154,-7031.064323530026,-7011.473736077416,-19.590578718768615,-7031.078133433606,0.013809903580295213
4757,148.85079435982445,0.0,29.510812081886098,4,-39.266547336277945,-11999.36467310875,-11980.482790642212,-18.881859617159883,-11999.37321734269,0.008544233940483537
4758,-137.1144492462227,0.0,75.8494810846028,4,-65.70663781339803,-2874.688251512592,-2860.5573571621894,-14.13092147891496,-2874.6962797725996,0.008028260007449717
4759,56.06924651344749,0.0,71.62587450719143,4,-52.614093790328006,-10813.504679781483,-10790.819644489799,-22.685006057664324,-10813.490440998012,-0.01423878347122809
4760,164.30638369736363,0.0,-82.25896710708707,4,-29.35898876029637,-11991.81198881627,-11989.798475658292,-2.0134708884684467,-11991.830787120844,0.018798304574374924
4761,24.67977306913901,0.0,176.9885870724531,4,-100.79842048539902,-7967.051777819371,-6380.326021798426,-1586.7257396701198,-7967.040717047289,-0.011060772081691539
4762,-12.098745703476595,0.0,-4.306619292038009,4,-48.388459864627464,-10106.62670862051,-10086.210745250517,-20.415962533569783,-10106.654787911182,0.028079290672394563
4763,-62.20863382043049,0.0,138.13473843437444,4,-74.97247428951401,-4177.478130218428,-4189.884687939887,12.406571619212194,-4177.48816850528,0.010038286851340672
4764,-30.68031594535065,0.0,21.382520683025216,4,-53.67386563629657,-9285.658500387537,-9267.703182578634,-17.955313788145748,-9285.676835818922,0.018335431384912226
4765,102.82647530210569,0.0,-70.34018549350603,4,-33.23648941174792,-12104.919793311665,-12125.225736901788,20.305943402136197,-12104.925954831753,0.006161520088426187
4766,-5.849630397816112,0.0,39.368744419427884,4,-54.95541561827505,-9706.318003249251,-9688.54464630964,-17.77334584055076,-9706.321329473296,0.003326224044940318
4767,-134.1578510524316,0.0,87.42141834981365,4,-68.77523226837356,-2312.978202469936,-2301.1487324080167,-11.829490795235257,-2312.9848102637948,0.0066077938586204255
4768,36.62670058386653,0.0,-134.7314889588746,4,-30.005282969640167,-11341.627468832288,-11324.286326449266,-17.341133876254688,-11341.635300527301,0.007831695013010176
4769,95.88410992094421,0.0,-27.5721916612681,4,-37.88099081740201,-12057.607466851983,-12083.323174109135,25.715726362432942,-12057.628892347577,0.02142549559357576
4770,-67.53563885400119,0.0,69.53204022197906,4,-64.55384447053687,-6674.040486857802,-6658.496777464362,-15.543754546379773,-6674.036484448202,-0.00400240959970688
4771,10.654596785177198,0.0,-137.37448573728017,4,-30.44256125430708,-11076.270127684353,-11057.80909124986,-18.46104986398369,-11076.258992265477,-0.011135418875710457
4772,13.550822739757205,0.0,189.20094559888344,4,-90.9250258422565,-3876.146575892313,-856.7947233618305,-3019.3518293984534,-3876.2210374173287,0.07446152501552206
4773,106.04139633689712,0.0,5.06804504355388,4,-40.53177120120731,-12075.430332491274,-12093.092737294597,17.662414571964135,-12075.432514429895,0.0021819386201968882
4774,146.73645654148544,0.0,105.56244090461978,4,-47.35393266198297,-11758.146299723241,-11504.93150254,-253.21477209968512,-11758.159618050295,0.013318327053639223
4775,-163.74338472916753,0.0,17.73645560469392,4,-51.33013723369244,-4872.356296371538,-4854.755193298206,-17.601137695461922,-4872.353787489472,-0.002508882065740181
4776,-15.281049096566026,0.0,2.8698040272451872,4,-49.72008391791792,-9950.773386282091,-9931.315393501036,-19.45800649637552,-9950.78460176477,0.011215482678380795
4777,-66.54109968037658,0.0,79.8828528834796,4,-66.52949739441526,-6345.633546701893,-6331.810473678835,-13.823103073140611,-6345.645905573281,0.012358871388642001
4778,-120.53950000192759,0.0,101.77296995419516,4,-73.23117880022201,-2134.539522831936,-2124.0598975841167,-10.479639287133962,-2134.544528820571,0.005005988634820824
4779,-140.2951722068853,0.0,29.398789390295093,4,-55.24228665710473,-5153.869881597797,-5136.714378372586,-17.15549486430626,-5153.860636862191,-0.009244735605534515
4780,-160.55266681689184,0.0,50.361085847780785,4,-57.98888835640817,-3330.5601929286804,-3315.6594847444767,-14.900734030509676,-3330.554173219897,-0.006019708783242095
4781,153.1158330519129,0.0,-120.7750952431015,4,-27.03932036716527,-12096.14668876802,-12098.0116887946,1.8649724830209067,-12096.141302555654,-0.005386212365920073
4782,109.69999633184197,0.0,-48.96520192624548,4,-34.89542155421637,-12129.419091974603,-12146.524282524944,17.105185121014102,-12129.356233199764,-0.06285877483969671
4783,59.411859463115725,0.0,-79.26209122295754,4,-34.80803051182387,-11260.87918036059,-11224.509323178623,-36.369856262397604,-11260.924442176783,0.04526181619257841
4784,78.85714230908187,0.0,16.369162356535416,4,-44.233405799089745,-11423.592052266347,-11426.969379987806,3.3772900420938012,-11423.65832530041,0.06627303406276042
4785,33.062334349949616,0.0,94.15451468473188,4,-57.67096378694559,-10231.316077726922,-10209.748438949016,-21.56759343388274,-10231.321474066643,0.005396339720391552
4786,-68.6333141508335,0.0,85.83654609768777,4,-67.81182333979359,-6008.858647783977,-5995.4158735633655,-13.44275270453985,-6008.861983550261,0.0033357662841808633
4787,-37.66564791459701,0.0,-0.30744571191334297,4,-50.223312480676576,-9461.257077639972,-9441.604612598328,-19.652433129533325,-9461.268228380406,0.011150740434459294
4788,10.984389984737081,0.0,-60.834644770514416,4,-39.19440752226466,-10782.70890824434,-10760.207848085933,-22.50106183342655,-10782.733726184104,0.024817939764034236
4789,20.551827926314694,0.0,-16.063248775896724,4,-44.8113470996157,-10683.528264276787,-10661.761813594312,-21.76646865000855,-10683.54436439478,0.016100117993119056
4790,103.43540219061667,0.0,-64.39890374955155,4,-33.76454960594691,-12108.210023316167,-12128.706273181715,20.496249105047973,-12108.190187583577,-0.01983573258985416
4791,113.30223911468042,0.0,97.39794776069621,4,-49.21006713800978,-12087.00977164711,-11984.302843626665,-102.70696860531808,-12087.011879953454,0.002108306343870936
4792,-165.62997007680164,0.0,99.76713825114156,4,-69.14124348365604,232.40837773324137,243.292722487215,-10.884340505619798,232.42036859820652,-0.011990864965156334
4793,9.521069700234232,0.0,-16.332381678429456,4,-45.4226913888574,-10540.948287732266,-10520.35368327917,-20.59462307776751,-10540.951502527332,0.0032147950660146307
4794,52.64680189155617,0.0,111.65887558141806,4,-58.07090807963328,-10632.280996926964,-10585.046354834416,-47.23462517645563,-10632.28760213823,0.006605211267014965
4795,-27.224331944173176,0.0,48.77427277120519,4,-58.15548747512646,-8889.736433366255,-8871.322856653376,-18.41358494422505,-8889.739603130363,0.003169764107951778
4796,-32.2178666252954,0.0,29.90186254156306,4,-55.25384844094799,-9082.431757458562,-9065.092309507954,-17.339450053761617,-9082.444536823361,0.012779364798916504
4797,9.971143447409876,0.0,-9.391809413215654,4,-46.41611208772421,-10499.376707030437,-10478.658996231374,-20.71772524442277,-10499.377603631308,0.0008966008717834484
4798,133.8280977046209,0.0,48.21273169988918,4,-42.149159427899,-12009.572483554954,-11988.499851522503,-21.072622405965085,-12009.569973163298,-0.0025103916559601203
4799,7.60794022068041,0.0,-119.70605223011542,4,-32.32957565614681,-10968.65992461068,-10946.79192093952,-21.868010006016863,-10968.662839815272,0.0029152045917726355
4800,-54.984561589202556,0.0,129.2549937312976,4,-72.93181576824158,-5090.402935014278,-5097.346650157849,6.943723278217935,-5090.429547181892,0.026612167614075588
4801,-25.519165480348157,0.0,27.94436542768168,4,-54.501408927549924,-9323.820646407938,-9306.490147510138,-17.33049298389627,-9323.825605573471,0.004959165533364285
4802,-21.45126842461322,0.0,39.85697252614127,4,-56.25084899577111,-9236.090022542421,-9219.261759427603,-16.828260694877955,-9236.110960514226,0.020937971805324196
4803,-23.784251588008804,0.0,41.58891636160651,4,-56.71532906931039,-9129.742612903301,-9112.550715721232,-17.1918949960018,-9129.750519313873,0.007906410572104505
4804,-69.52547639670553,0.0,-92.68264916046795,4,-36.50599540392468,-10029.430094934914,-10008.588022459086,-20.842075411683012,-10029.455980420335,0.025885485420076293
4805,-120.34185985374873,0.0,-34.42144558796116,4,-44.45835657764347,-7976.980154021841,-7956.575718123478,-20.404429968924607,-7976.99457664088,0.014422619038668927
4806,-144.32323532582188,0.0,118.98095169185797,4,-77.0579571726504,600.3207096511597,611.0944834078236,-10.773824599651096,600.2922908306685,0.02841882049119704
4807,65.6105727366315,0.0,108.60564124323072,4,-56.049124601666534,-11111.8232836753,-11041.566969329548,-70.25635114052349,-11111.81356751867,-0.009716156630020123
4808,4.425802212168938,0.0,39.245086562211654,4,-54.08000962395604,-9974.996395721239,-9956.998785898566,-17.99762681802971,-9974.998656917118,0.0022611958793277154
4809,-7.344773994922717,0.0,-90.12234058779312,4,-36.0522101418302,-10747.713472459645,-10725.968545970078,-21.744930629456153,-10747.715897125257,0.0024246656121249544
4810,-9.634742792643381,0.0,-3.0855460787881945,4,-48.450144870141756,-10143.716189807341,-10123.014065481122,-20.702111838084935,-10143.727718284166,0.0115284768253332
4811,58.34055609312059,0.0,16.08539309399921,4,-46.033502064498606,-11176.654039429202,-11165.060191515422,-11.593863092488345,-11176.670889662457,0.016850233254444902
4812,-6.085835507415477,0.0,-41.90058845689909,4,-42.44790255770154,-10495.84527151115,-10475.073954857826,-20.771324411883626,-10495.845778451912,0.000506940761624719
4813,92.08014969314982,0.0,-42.89964189726744,4,-36.52308507338227,-12043.739725129291,-12069.68004983863,25.940338420068144,-12043.72063914707,-0.019085982221440645
4814,-85.56071452300554,0.0,146.67511353283672,4,-79.66194635897108,-1862.5706299929627,-1872.3810116776715,9.810469532677377,-1862.5756942837802,0.005064290817472283
4815,3.7903477468747804,0.0,23.29899100607104,4,-51.71673096102317,-10142.52142115125,-10122.257681017565,-20.263730023198168,-10142.525380741678,0.0039595904272573534
4816,-64.42477283215851,0.0,-57.87708516306192,4,-41.360588621218966,-9703.850742465236,-9684.28100038207,-19.569729196791197,-9703.870484162968,0.01974169773166068
4817,12.964936481164427,0.0,26.065303897721456,4,-51.41508974778174,-10297.986466212793,-10276.073976567595,-21.912439826090086,-10297.983045605399,-0.0034206073942186777
4818,-181.77244331314256,0.0,-43.60868230767119,4,-40.30857960499347,-6758.552578342752,-6738.183298063306,-20.369284029309565,-6758.574680102289,0.022101759536781174
4819,52.59385871454956,0.0,-95.9743056218734,4,-33.30529625199878,-11314.3486259727,-11284.606619067064,-29.741997767086293,-11314.37550476372,0.02687879102086299
4820,24.57074012874241,0.0,-26.045955844022615,4,-43.2088055535619,-10763.110357018053,-10740.30275197914,-22.807604393002375,-10763.12452868509,0.014171667036862345
4821,-38.648857970779346,0.0,-44.12423446733438,4,-43.08626143430341,-10030.794369907742,-10010.416916540626,-20.377462158568775,-10030.790335723126,-0.004034184616102721
4822,-13.407182008992805,0.0,31.61353246617808,4,-54.29458407822824,-9612.739374841907,-9594.8595881414,-17.879765825013386,-9612.746839207592,0.007464365684427321
4823,70.11590820463157,0.0,131.30226369814378,4,-61.1648037597761,-11651.411299821542,-11492.001686176625,-159.40965705339246,-11651.397672690051,-0.013627131491375621
4824,109.1142558821309,0.0,-35.3646772665189,4,-36.25552948583676,-12115.311318149199,-12132.454890437855,17.143570234771733,-12115.3559353364,0.04461718720085628
4825,-2.3317686293051554,0.0,65.93965722515676,4,-58.59811278539025,-9403.950205297504,-9387.216408412138,-16.7337762434187,-9403.94095893919,-0.009246358313248493
4826,-18.34978209415245,0.0,-53.47159298902325,4,-41.20054887453635,-10415.23838507593,-10393.833605031632,-21.40475327959966,-10415.262871941608,0.024486865677317837
4827,134.076833774503,0.0,-96.4161747780959,4,-29.580277395590503,-12131.198062374973,-12137.882005427256,6.683923659189205,-12131.226150682516,0.028088307542930124
4828,-14.832756575593528,0.0,18.107276216637906,4,-52.18911219566836,-9762.381465982504,-9743.285531635493,-19.095925210110863,-9762.39357938717,0.012113404665797134
4829,19.844546553732044,0.0,-1.2273731149766989,4,-46.961247251391015,-10592.56203760232,-10571.61861075399,-20.943451494954882,-10592.57939489691,0.017357294589601224
4830,-11.056536704949023,0.0,43.2166451439632,4,-55.98552566478774,-9501.97405386303,-9484.50345894413,-17.470572436167107,-9501.97739052573,0.00333666269943933
4831,-105.0436817133856,0.0,-142.37389378359373,4,-30.582252909223275,-10018.79177818883,-9997.723473695793,-21.06830118583876,-10018.801555388343,0.00977719951333711
4832,-31.559131972249524,0.0,4.898610990442448,4,-50.86575408365985,-9534.983171050124,-9515.342825569447,-19.64031488963833,-9534.982993612666,-0.00017743745775078423
4833,-41.26140737336028,0.0,-42.66224987009192,4,-43.37059482901641,-9963.784538235392,-9943.761664509177,-20.022884161851817,-9963.811137252653,0.026599017261105473
4834,118.83984558841883,0.0,-71.43551154390248,4,-32.350312200438076,-12134.100813381381,-12145.969407474317,11.868585053495718,-12134.12246775705,0.021654375668731518
4835,-3.4346850760832996,0.0,20.47392727240663,4,-51.80998359642748,-10008.193760186627,-9989.00579177208,-19.187985042595752,-10008.200984904544,0.007224717917779344
4836,-94.77809987548888,0.0,60.98922718087766,4,-63.53277003540643,-5708.872980618588,-5694.138158191582,-14.73481300889492,-5708.874715174261,0.0017345556725558708
4837,-28.324229353352095,0.0,-18.519338543498684,4,-46.82766414243395,-9932.024210686533,-9912.371954045806,-19.652267646841885,-9932.043337646192,0.019126959658024134
4838,126.2620093773827,0.0,-65.71513750353148,4,-32.49963772923693,-12115.297059653856,-12123.706092644617,8.409012953178136,-12115.3168343534,0.01977469954363187
4839,-17.044862386135588,0.0,60.60885724366124,4,-59.239200441454514,-9004.86947037913,-8986.86747761865,-18.002006619104264,-9004.859946505774,-0.009523873355647083
4840,-43.53920481727944,0.0,-91.16913037886931,4,-36.56469980399412,-10360.948408033302,-10339.241116585421,-21.707249525787844,-10360.924947629079,-0.02346040422344231
4841,97.40678586486527,0.0,-122.87979535154722,4,-28.865434555665733,-12097.782821790546,-12115.644920151351,17.862086619211016,-12097.787164677893,0.004342887346865609
4842,-108.2089369382037,0.0,106.44276791359832,4,-74.3731898105156,-2612.328510468939,-2602.285894479828,-10.042629563809674,-2612.3337731391885,0.0052626702495217614
4843,14.857699985981757,0.0,11.376421715931682,4,-49.148534456902965,-10427.434889943785,-10406.162834094344,-21.272043014225762,-10427.44302393794,0.008133994155286928
4844,-39.78565574634282,0.0,54.44739547168798,4,-60.03574362396005,-8313.868652928044,-8297.660841866289,-16.207823817479614,-8313.874291861308,0.005638933263981016
4845,27.436888963004062,0.0,137.4812364339314,4,-67.41368682106334,-10078.918624402002,-10034.882733215947,-44.03587644364835,-10078.956567613961,0.037943211958918255
4846,55.54217231285239,0.0,-176.42393233536822,4,-26.134163948003884,-11293.43964810838,-11257.84577348009,-35.59385492646953,-11293.485730608909,0.04608250052842777
4847,64.07520904761382,0.0,144.25794771102716,4,-68.20325795467005,-11921.083394827077,-11620.724515842423,-300.35890643253276,-11921.087449945575,0.004055118497490184
4848,-150.8555699098641,0.0,25.42931541159608,4,-53.748718598284874,-4952.294420324269,-4934.974377925536,-17.320047783419863,-4952.304352931734,0.00993260746508895
4849,107.1470756422613,0.0,-67.44843638587383,4,-33.283467795664045,-12132.422807107167,-12151.471857479606,19.0490444612244,-12132.430799776144,0.007992668977749418
4850,-58.42124081291004,0.0,-46.92906656300107,4,-42.9866796509178,-9675.090251627333,-9655.514567913326,-19.575666672599485,-9675.100964254649,0.010712627316024737
4851,151.56725392158256,0.0,60.25272609792487,4,-41.554833268442536,-11945.632382884975,-11890.417354130976,-55.21500358370908,-11945.64123191989,0.008849034915328957
4852,-56.83728703354654,0.0,-39.90940227535912,4,-44.074248943069215,-9610.199256035858,-9590.529470261232,-19.669761256498536,-9610.212886495601,0.013630459743581014
4853,-74.52161845555142,0.0,74.89148509261615,4,-65.98786396158465,-6131.675813246632,-6117.842430223746,-13.833409635392863,-6131.675888817771,7.55711389501812e-5
4854,-3.544465323730461,0.0,-36.47646777252958,4,-43.1284631889306,-10493.735311137443,-10472.95822544532,-20.777093285522003,-10493.723945340304,-0.011365797139660572
4855,-56.51992066351629,0.0,-25.31749076864125,4,-46.45435705994536,-9399.360473232533,-9379.522399710544,-19.838040691773195,-9399.385835483068,0.025362250535181374
4856,-139.95247177965402,0.0,-49.98134194514937,4,-41.372095726880524,-7886.934706124954,-7866.67990067067,-20.254800064710313,-7886.931620111523,-0.0030860134302201914
4857,-163.45333491045028,0.0,63.86319110058053,4,-60.60704156128073,-2417.0521945931914,-2402.506087998365,-14.54611106576521,-2417.0636393599,0.011444766708791576
4858,138.62414484336264,0.0,93.93808661060312,4,-46.2808047218799,-11933.650568710103,-11787.08321954172,-146.56732350950486,-11933.65301450509,0.0024457949857605854
4859,13.789438838912105,0.0,74.43790572413184,4,-57.91778388089687,-9794.508611992695,-9776.663277786149,-17.845330521954182,-9794.539678399715,0.031066407020261977
4860,134.51782528543893,0.0,51.08261991096808,4,-42.33361229065887,-12006.597124487755,-11982.310482598212,-24.28663329283734,-12006.602644978164,0.005520490409253398
4861,36.17585790937779,0.0,-4.157803369396325,4,-45.433605170437154,-10788.162481659443,-10765.155231628374,-23.007232392585426,-10788.170407860014,0.007926200571091613
4862,10.469008266008158,0.0,-96.14631904448115,4,-34.86941049593467,-10906.809778325085,-10883.864582839351,-22.94519085074929,-10906.822065725828,0.012287400742934551
4863,27.253463449546437,0.0,183.25137389879998,4,-97.61407764403192,-2836.2955944591654,-501.3522922057022,-2334.9432876541337,-2836.285768512384,-0.009825946781347739
4864,141.55575456700947,0.0,85.90124226804872,4,-44.99823440507041,-11951.382144656953,-11838.452910727396,-112.92921556782659,-11951.401303821833,0.01915916487996583
4865,42.899943292588205,0.0,36.535847103338064,4,-50.16657965685746,-10697.464218951805,-10672.894664489098,-24.569552748798298,-10697.475966560853,0.01174760904723371
4866,44.94031915504651,0.0,88.22224851408566,4,-55.610932112509516,-10540.60201253408,-10515.79177966244,-24.810276958451396,-10540.619917156477,0.017904622396599734
4867,13.01706918482893,0.0,82.48280892357226,4,-58.87347493535785,-9686.524981360399,-9671.444137182283,-15.08082331461322,-9686.539026387984,0.014045027584870695
4868,87.28392823006395,0.0,40.03252852932849,4,-45.70137567680946,-11906.851153875723,-11939.908371659523,33.05721250901311,-11906.915749941578,0.06459606585485744
4869,102.39954583593482,0.0,-18.218460662271283,4,-38.41370541995896,-12088.3320100919,-12111.12885361224,22.79685953471104,-12088.261692575152,-0.07031751674912812
4870,-99.12357329111046,0.0,56.62917885515262,4,-62.568146103758046,-5691.1440035094265,-5675.812282149156,-15.331748687461946,-5691.151265123611,0.007261614184244536
4871,72.62297161287363,0.0,36.26913289008689,4,-47.130991329527916,-11122.267024274917,-11083.88079709811,-38.38625674054045,-11122.26073914802,-0.006285126897637383
4872,5.298259812420415,0.0,-8.691491268356433,4,-46.78960935611211,-10427.453730536477,-10406.184262077371,-21.26944922203117,-10427.462643777375,0.00891324089752743
4873,12.327819827321443,0.0,-39.93518923911765,4,-41.92539274307567,-10711.23206378252,-10689.463579656896,-21.768496400590795,-10711.232146294911,8.251239160017576e-5
4874,142.7657002021355,0.0,47.91529025538474,4,-41.30698701275455,-12010.700464803898,-11982.150389846409,-28.55004961675273,-12010.688946667351,-0.0115181365472381
4875,177.7475510393683,0.0,75.01518237563626,4,-40.556501952007885,-11651.652236861582,-11518.118807427501,-133.5334383861614,-11651.649268546229,-0.002968315353427897
4876,53.49643581723474,0.0,-4.322683175966821,4,-43.932456140995036,-11161.41093710179,-11151.887415034622,-9.523533346547826,-11161.42399170302,0.01305460123148805
4877,-19.521901932590094,0.0,14.393556747070578,4,-51.85625672662866,-9697.518307056633,-9678.166980955828,-19.351310353122216,-9697.522992332411,0.004685275778683717
4878,-39.58122235518231,0.0,64.7495102270854,4,-61.816021815476596,-8064.682257187707,-8048.77452469753,-15.907767607331417,-8064.697483543412,0.015226355704726302
4879,42.003313637185855,0.0,-14.784681585730342,4,-43.56034427656289,-10939.293302795653,-10921.941599924117,-17.35168977896208,-10939.29804445714,0.0047416614870599005
4880,-59.150514903611096,0.0,-141.2025466842941,4,-30.8963005968376,-10495.327877772434,-10474.51321299467,-20.81466945743386,-10495.343349232957,0.015471460523258429
4881,45.84974285098251,0.0,14.743247106745414,4,-47.13807099568813,-10838.5758134476,-10818.036968510856,-20.538814116993635,-10838.578302687923,0.0024892403234844096
4882,124.92435638186568,0.0,14.315097171501387,4,-39.93176144281358,-12117.132503267598,-12117.644185217303,0.5116494790245748,-12117.154353824288,0.02185055668996938
4883,-18.045571246595973,0.0,-54.07073667342025,4,-41.107536475904595,-10422.842110104837,-10401.500065517874,-21.34202038455683,-10422.843883942389,0.0017738375518092653
4884,38.69994047013449,0.0,-25.011621361586307,4,-42.450099258860725,-10936.222836061625,-10917.842466300766,-18.380358495339014,-10936.227103979814,0.004267918189725606
4885,29.891255832600333,0.0,134.15150032931726,4,-66.16474083007552,-10161.798422326978,-10113.806241346132,-47.992135667844735,-10161.818853927485,0.020431600507436087
4886,-1.69620968432099,0.0,143.5630618077494,4,-69.14698441363241,-8196.983325212475,-8312.538553028815,115.5552284135324,-8196.98693064157,0.0036054290940228384
4887,-70.32554992508061,0.0,-127.2496286611356,4,-32.378838747897426,-10302.499167291322,-10280.6389306132,-21.860185555172535,-10302.52328246567,0.02411517434848065
4888,2.2486028879992226,0.0,-34.718921671917386,4,-43.12628189716421,-10561.419899704002,-10540.861462461398,-20.558454745262466,-10561.44296885719,0.023069153188771452
4889,-14.06962749745581,0.0,-3.850026455272247,4,-48.565775170601356,-10059.765039453569,-10039.68932710004,-20.075720468273303,-10059.76881723368,0.0037777801117044874
4890,139.83571772918827,0.0,22.798585448971203,4,-39.46854804804983,-11996.484659894346,-11986.827638375398,-9.657023169128776,-11996.485666306398,0.0010064120524475584
4891,141.68403488050208,0.0,-52.430527469610816,4,-32.843564923648486,-12046.53648723725,-12047.310014471113,0.7735230098415685,-12046.544278467556,0.007791230305883801
4892,-142.12757640960223,0.0,119.48470878842646,4,-77.3755911359619,503.05155714186094,513.6137883180129,-10.562278869433445,503.03814560531896,0.01341153654198024
4893,-122.88322072053731,0.0,147.62214746646998,4,-86.19875052769615,1456.4979101913757,1457.373617538326,-0.8757236163158598,1456.5037406936603,-0.005830502284652539
4894,8.599595015011403,0.0,-68.2210136775952,4,-38.33019284113662,-10790.908373686381,-10768.402841425219,-22.505532470849534,-10790.91827586016,0.009902173778755241
4895,-102.75540984669959,0.0,-2.6657116617766836,4,-50.450515133199985,-7632.966912340357,-7613.150765643702,-19.816148738476045,-7632.9665549533565,-0.0003573870008040103
4896,138.30909136897887,0.0,134.38876086481395,4,-55.54415834222163,-11094.187182701911,-10429.367143547852,-664.820008060599,-11094.178382987653,-0.008799714258202584
4897,-28.315320697963173,0.0,35.69432766895544,4,-56.019681391621425,-9096.032465398723,-9078.93909003723,-17.09337508750399,-9096.030088545507,-0.002376853215537267
4898,-87.95477218726357,0.0,47.8158537159213,4,-60.69681294558906,-6523.211506991677,-6507.426334814984,-15.785196085545692,-6523.214098565803,0.0025915741261997027
4899,-72.60562204816709,0.0,-18.05413775938853,4,-47.8914164037137,-8858.290301288795,-8838.934595893938,-19.355691483871915,-8858.286854400476,-0.003446888318649144
4900,17.636664296029114,0.0,170.39534915823714,4,-94.30529525583123,-12109.769871150234,-11275.934006171276,-833.8358317820155,-12109.774122522522,0.0042513722873991355
4901,26.48293751209978,0.0,50.30821536819096,4,-53.52764235597671,-10354.663255343165,-10332.452218414872,-22.211005144525636,-10354.6639952156,0.0007398724355880404
4902,-27.033435810001308,0.0,73.58654536723505,4,-62.15198451523407,-8362.909345809538,-8347.401125219656,-15.50824052913564,-8362.917437790396,0.008091980858807801
4903,-35.79604647229572,0.0,26.070030032605747,4,-54.77909555125451,-9044.3779506507,-9026.596689211949,-17.781263360815405,-9044.397829665944,0.01987901524444169
4904,-70.04296723958367,0.0,117.27808344020087,4,-73.4593617584172,-4578.626812635521,-4572.808582999835,-5.818185655710048,-4578.620541151756,-0.006271483764976438
4905,43.398607531542574,0.0,-43.27871748847528,4,-39.74731559721858,-11143.572174601606,-11133.09930907874,-10.472878151589518,-11143.567332458168,-0.004842143438509083
4906,122.17894836761347,0.0,27.2018629992429,4,-41.33037134545029,-12125.23746725469,-12124.118659874965,-1.118849265888154,-12125.253879642381,0.01641238769116171
4907,-3.863840443291432,0.0,12.082812581846722,4,-50.51293577311409,-10097.164883291236,-10077.067708060407,-20.09717833429431,-10097.176968016824,0.012084725587556022
4908,58.60477664430481,0.0,-186.02159025408508,4,-25.364803507306252,-11310.950879385347,-11280.27994470517,-30.670911739982706,-11310.862667553469,-0.08821183187865245
4909,20.23038285079407,0.0,127.99625489390726,4,-63.77427347773668,-9601.220028406899,-9606.300238744472,5.080229198919546,-9601.201517241923,-0.018511164975279826
4910,12.82202935948325,0.0,-55.78073471685161,4,-39.78249226721909,-10778.665236212388,-10756.14355784385,-22.52168065076303,-10778.664655537708,-0.0005806746794405626
4911,33.35874010440356,0.0,86.66772194358435,4,-56.838951469078665,-10278.467176351323,-10256.227813601972,-22.239315586256605,-10278.490262130164,0.02308577884105034
4912,85.83699108399514,0.0,112.61343499746228,4,-54.63620793417673,-11961.767715711367,-11881.231993503645,-80.53574542555336,-11961.740276159058,-0.027439552308351267
4913,107.4468585001573,0.0,41.13792208110434,4,-43.920717827658386,-12072.0597738931,-12078.595381620224,6.535596485843448,-12072.057874944769,-0.0018989483305631438
4914,152.38993722751994,0.0,119.25519023606988,4,-49.637959850832864,-11379.391046801245,-10935.829042955273,-443.56200393381806,-11379.39446368177,0.0034168805250374135
4915,6.174967970925054,0.0,-86.61943896939532,4,-36.125483017594064,-10836.71414760086,-10813.902253215978,-22.811885607671258,-10836.730658504359,0.01651090349878359
4916,-104.69574989279234,0.0,-31.82919049383098,4,-45.28014386131063,-8313.946493786461,-8293.92586780121,-20.020626908468444,-8313.946376362173,-0.00011742428796424065
4917,-119.14902807894846,0.0,-11.78547901305885,4,-48.35376946251833,-7399.974443388265,-7379.991603406388,-19.982838016226456,-7399.968747952965,-0.005695435300367535
4918,193.4782872712214,0.0,41.996883286765126,4,-36.51674087066492,-11591.316048308394,-11527.603965904915,-63.712090888329136,-11591.32255860301,0.006510294615509338
4919,-66.93527916669625,0.0,-182.60455583276345,4,-27.03122369716951,-10636.819891208952,-10616.180888290159,-20.63901722036064,-10636.818876335348,-0.0010148736037081107
4920,-103.5850458572067,0.0,69.62829507809842,4,-65.45590619560156,-4893.621495244861,-4880.080013326644,-13.54150609629214,-4893.623095400851,0.0016001559897631523
4921,-61.9396161211247,0.0,-9.10877182491749,4,-49.353658498704704,-8968.416967252233,-8949.191506355159,-19.225447950090516,-8968.414748885007,-0.0022183672263054177
4922,46.27139469185044,0.0,89.04538651784468,4,-55.56013796004929,-10560.574418815075,-10534.791154023646,-25.78329968167203,-10560.595487049506,0.021068234431368182
4923,-43.30897654296967,0.0,-70.48428924716964,4,-39.31093690373495,-10214.141926268434,-10192.518153212348,-21.623731921651522,-10214.163516301722,0.02159003328779363
4924,0.9490814297882841,0.0,-152.6984232239385,4,-29.18392377454444,-11025.012268436196,-11004.406022104176,-20.60625532151281,-11025.003242871473,-0.009025564722833224
4925,42.01995743329029,0.0,-94.59586564979887,4,-33.8270227796083,-11315.787443851226,-11300.159819577826,-15.627620444788358,-11315.794040725059,0.006596873832677375
4926,-36.450205778746685,0.0,-56.07388786776418,4,-41.249040973306656,-10190.769465808353,-10169.328636871085,-21.44079365540125,-10190.77139556075,0.001929752397700213
4927,-9.465352754572278,0.0,-19.36817156931637,4,-45.90445420202662,-10297.909711743932,-10276.090613633181,-21.819045580279926,-10297.91496143051,0.005249686577371904
4928,-150.03613260055297,0.0,29.26580865663108,4,-54.55468870575887,-4805.843622669308,-4788.542687221375,-17.300923107728366,-4805.838934627156,-0.004688042152338312
4929,-175.43332321009078,0.0,59.748000724167206,4,-58.38313780425514,-2217.4824953966854,-2202.489677130811,-14.992843913074058,-2217.4858851440704,0.0033897473849719972
4930,-58.5541120026916,0.0,-7.309781849231137,4,-49.611349228553465,-9026.292986980017,-9007.115021395482,-19.177954386769784,-9026.309002142949,0.016015162931580562
4931,9.538261509676266,0.0,43.626735595026815,4,-54.27022979987936,-10051.811366417314,-10033.098876258113,-18.712501949159357,-10051.834705292367,0.023338875053013908
4932,-21.804529689882735,0.0,10.365429313581807,4,-51.31121181684376,-9697.453227275739,-9677.961620664913,-19.49159014413116,-9697.46163696787,0.008409692130953772
4933,-31.111950684775287,0.0,-35.574389686053465,4,-44.20876883526277,-10077.331873283272,-10056.769878986803,-20.561997393569445,-10077.330922003715,-0.0009512795568298316
4934,89.690753980123,0.0,-145.79071819385936,4,-27.313202365124745,-12075.999412579307,-12094.85062823885,18.851208941498584,-12076.092929067472,0.09351648816482339
4935,-66.52974098764336,0.0,22.318493779602868,4,-55.212856975179015,-8148.031285489405,-8129.514777862233,-18.51650717019895,-8148.031497202606,0.00021171320167923113
4936,-113.58842783327603,0.0,89.14141846362989,4,-69.93757136573035,-3351.241849941184,-3338.770733873078,-12.47111969892664,-3351.250814550207,0.008964609023223602
4937,-105.72078181927365,0.0,-153.02152858553836,4,-29.52401040133003,-10102.807133057522,-10081.349812779667,-21.45729922667631,-10102.834174397036,0.02704133951374388
4938,42.56041321025576,0.0,-114.6144842642588,4,-31.75947945384485,-11337.250211096538,-11316.98522323958,-20.264976279210387,-11337.250187415031,-2.368150671827607e-5
4939,15.040831384816455,0.0,1.3964136239675398,4,-47.676368986571596,-10500.46931642753,-10479.731314486293,-20.7380192759474,-10500.46662328342,-0.0026931441097985953
4940,29.32899580716176,0.0,55.89852575868009,4,-53.92864236296587,-10369.370010605022,-10347.277088764875,-22.092901348796655,-10369.38121177876,0.011201173738299985
4941,-178.81219955172227,0.0,46.313470412249416,4,-55.32365801245111,-2903.613336436136,-2888.3747278867286,-15.238605288592364,-2903.606664073446,-0.006672362689641886
4942,117.7491357381931,0.0,-145.87118510773067,4,-26.44417073841921,-12187.01341164282,-12199.993839255387,12.980431147100761,-12187.028286226458,0.014874583637720207
4943,-172.8209200784872,0.0,-32.36875452261072,4,-42.42405863449225,-6600.845512803366,-6580.805389106871,-20.040123212830323,-6600.836830651593,-0.00868215177251841
4944,144.42593687216691,0.0,-89.5623568931857,4,-29.673917947667036,-12111.742665141099,-12114.539923509326,2.7972326848484235,-12111.737817914118,-0.004847226980928099
4945,-12.798442334026754,0.0,-9.079122467065446,4,-47.663611248448426,-10144.587942645287,-10123.82124741292,-20.766681635270707,-10144.607153840187,0.01921119489998091
4946,-48.079065288230304,0.0,-83.45686707233068,4,-37.605066682111,-10253.49774246185,-10231.692786195314,-21.804906152398395,-10253.509184876195,0.011442414344855933
4947,28.614943093377253,0.0,-11.41430440859524,4,-44.9658261156316,-10740.502665976519,-10717.728627359793,-22.77404078303365,-10740.532572422888,0.02990644636884099
4948,-114.61319456244635,0.0,-21.293504605438628,4,-46.81560346279244,-7797.234894344492,-7776.569187876653,-20.66570806149346,-7797.227749067955,-0.007145276536903111
4949,-21.951354071845817,0.0,95.34672301824787,4,-64.60731533498677,-8071.9856943945415,-8060.641511031778,-11.34418593598044,-8071.989185590155,0.0034911956136056688
4950,-6.046309105012895,0.0,10.018845008377264,4,-50.32683725787515,-10072.528290166392,-10052.582320680995,-19.945977201398765,-10072.550579204677,0.022289038284725393
4951,37.327681704837616,0.0,30.41599957825843,4,-49.91424399671187,-10654.987277397542,-10631.526273960068,-23.461022858701146,-10655.004844431585,0.01756703404316795
4952,9.123765836417736,0.0,97.95095768752216,4,-60.857082124672175,-9340.490719279744,-9331.106596103704,-9.384120081981187,-9340.506420538446,0.015701258702392806
4953,-117.76494053228767,0.0,-103.22165557600154,4,-34.76524311646682,-9366.71940956233,-9347.054816142287,-19.664562438073574,-9366.749264896584,0.029855334252715693
4954,-114.3124864323849,0.0,-5.46853383217313,4,-49.65495814582399,-7354.244573266553,-7334.575335433983,-19.66923204771969,-7354.250416666904,0.005843400351295713
4955,-186.04098091253164,0.0,-25.996923137626375,4,-42.5471029010244,-6056.587999957673,-6037.095086016008,-19.492899331995996,-6056.6093860464125,0.0213860887397459
4956,108.76297136728337,0.0,88.68581132766724,4,-48.4948917833267,-12109.159203950861,-12052.331599326735,-56.82765712333861,-12109.165160927723,0.005956976861853036
4957,-14.258395125202947,0.0,-82.60051882500328,4,-37.156375292823334,-10646.300920585492,-10625.513597428158,-20.787338080348338,-10646.310472746589,0.009552161096507916
4958,0.7473026986999769,0.0,-53.84540635372464,4,-40.50207093628473,-10658.737025367485,-10637.732364826606,-21.00467575271462,-10658.749810384441,0.012785016955604078
4959,-182.08894808351624,0.0,-52.25326889036519,4,-39.12445755587164,-7013.212707018558,-6992.547415575023,-20.66528967387987,-7013.200483532197,-0.012223486361108371
4960,-45.47318461213718,0.0,102.65017131369382,4,-68.40632364362291,-6657.667083939223,-6648.307923612742,-9.359134337455982,-6657.682656507009,0.015572567785966385
4961,1.6349948766589193,0.0,-44.70911954468141,4,-41.73222786680258,-10616.932602954557,-10596.211059486302,-20.72156121865325,-10616.950707547776,0.018104593218595255
4962,82.10493305670916,0.0,-41.70345760552939,4,-37.367875550405614,-11778.467550372916,-11799.464426661187,20.99686663493891,-11778.464319018516,-0.0032313543997588567
4963,196.48989026115498,0.0,5.17942686431714,4,-33.79172332494496,-11698.082397059818,-11667.326512609206,-30.755854103948636,-11698.079948211767,-0.002448848050335073
4964,-24.55926018652703,0.0,-11.846230949013915,4,-47.76389845277859,-9929.496334592382,-9909.918525217545,-19.577820895965388,-9929.48943775236,-0.006896840022818651
4965,62.44203188912424,0.0,-70.4387819104166,4,-35.63599816942568,-11231.865775328626,-11194.724063485379,-37.141714762354475,-11231.93013951059,0.0643641819642653
4966,-15.180856684176591,0.0,-91.16655265079993,4,-36.101578504427586,-10681.115211497814,-10660.078141430096,-21.037080635080464,-10681.11520778054,-3.7172740121604875e-6
4967,-62.17268349825145,0.0,-40.568016957571665,4,-44.026871671735904,-9506.501453251713,-9486.709256643791,-19.792165532980427,-9506.50623638396,0.004783132248121547
4968,-138.11890717736568,0.0,85.21967385476309,4,-67.92981258696202,-2249.884155961287,-2237.541920890047,-12.342283598671035,-2249.8623410401115,-0.021814921175518975
4969,67.28248872488135,0.0,-9.126615783207903,4,-42.366978336192524,-11180.015549552783,-11142.093192183018,-37.922361611625114,-11180.010212350575,-0.0053372022084658965
4970,5.306889169148163,0.0,-64.39697022265877,4,-38.934072739472896,-10750.835762421772,-10728.825801391258,-22.009967897152755,-10750.83917025122,0.003407829448406119
4971,-57.83067984531593,0.0,-56.94235709560328,4,-41.45021388246463,-9819.48590399828,-9799.794665215499,-19.691238906585326,-9819.489914644033,0.004010645752714481
4972,-140.01796818210394,0.0,77.44780173398853,4,-65.86134897490815,-2640.921049848955,-2626.7059783454956,-14.215087638121773,-2640.9161759707654,-0.004873878189755487
4973,-12.260797170537018,0.0,-150.13418870100284,4,-29.640077447637896,-10903.430067342411,-10880.645527739125,-22.784531335366736,-10903.434969455166,0.004902112754280097
4974,-44.604842319045375,0.0,-88.55430698069961,4,-36.9087206724661,-10331.9537212113,-10310.127011323228,-21.82666146336872,-10331.958956613047,0.005235401747995638
4975,3.399099576278916,0.0,21.294061262784773,4,-51.438919831826446,-10155.135447088258,-10134.677782651026,-20.457649801671174,-10155.154718046691,0.0192709584334807
4976,81.21075929687773,0.0,101.42997571790275,4,-53.06397079202749,-11747.935763727684,-11731.198869894208,-16.73691205538893,-11747.917426049427,-0.018337678257012158
4977,-152.44761085407922,0.0,-123.57751989077377,4,-31.74367369378471,-9109.014738964399,-9089.252982816663,-19.761742350609556,-9109.023688856574,0.008949892175223795
4978,49.118936920542005,0.0,-75.58669492039122,4,-35.607198099341026,-11312.696210690348,-11291.60856264825,-21.087639681110424,-11312.720075660642,0.023864970293288934
4979,38.85143196122902,0.0,131.99592713315204,4,-64.85915576317792,-10466.583392224446,-10377.807875590619,-88.77554839254422,-10466.574149658005,-0.009242566440661903
4980,105.39600309581559,0.0,31.544978773929575,4,-43.194279875018715,-12067.129694112871,-12080.291585795914,13.16189571436891,-12067.144884072575,0.015189959704002831
4981,-98.99028919691762,0.0,-140.93608014903148,4,-30.782613019316134,-10080.652145669776,-10059.31675779541,-21.33537322340271,-10080.662886699347,0.01074102957136347
4982,7.2826292406706505,0.0,-13.725670482734337,4,-45.93377264555403,-10490.06140628137,-10469.292283809955,-20.769132613413152,-10490.073743513814,0.01233723244513385
4983,79.84118718038017,0.0,-138.70470368934866,4,-28.26762345887289,-11804.524271859505,-11810.471511094036,5.947245443407902,-11804.61678780674,0.09251594723536982
4984,-45.25818912285483,0.0,72.56850799309906,4,-63.644704146088664,-7599.66708776985,-7584.963591308192,-14.703530510083752,-7599.677443639428,0.010355869578233978
4985,102.40790172394756,0.0,50.15157670967961,4,-45.22430525234608,-12065.66732812103,-12075.95615934018,10.288855770602181,-12065.676978584854,0.009650463824073086
4986,23.41321633490115,0.0,-100.0951248412582,4,-33.97054374794569,-11083.135262089121,-11066.495250608386,-16.64002375088022,-11083.126510395865,-0.00875169325627212
4987,-19.96967797848195,0.0,30.81907389890244,4,-54.621519306291745,-9440.447507291614,-9423.111902591812,-17.335588167970748,-9440.437289800264,-0.010217491349976626
4988,23.456379875303135,0.0,58.39132816237871,4,-54.86077015928987,-10239.666491862119,-10218.101528526038,-21.564922520350862,-10239.683208145716,0.016716283596906578
4989,-136.9717571195511,0.0,76.50409123065597,4,-65.86752256621917,-2844.2110659060877,-2830.0644740645166,-14.146615967317569,-2844.222115849655,0.011049943567286391
4990,-80.98279984169484,0.0,169.4748240786259,4,-96.47750934174705,481.0373442185339,130.6927613222917,350.3446691871575,481.02288336304173,0.014460855492188784
4991,32.12888725088634,0.0,-133.5984421555932,4,-30.22840051096293,-11320.62373806494,-11307.493775825804,-13.129958148532511,-11320.644636685816,0.020898620876323548
4992,102.1570830921446,0.0,1.741249713688057,4,-40.48345726776656,-12076.652282482948,-12099.176933333254,22.524673654891156,-12076.678623543381,0.026341060432969243
4993,71.68504893578002,0.0,25.615159513372625,4,-46.04709063304902,-11131.285257764179,-11093.046715692319,-38.23856605982219,-11131.346569668052,0.06131190387350216
4994,16.121517353146228,0.0,-54.41596289201166,4,-39.82633075985953,-10800.456987906182,-10777.621495180825,-22.835487721114653,-10800.469433789696,0.012445883514374145
4995,-37.518160579194095,0.0,177.2580779363507,4,-101.35867833219518,-12635.415316176253,-11363.534404899066,-1271.8808565179033,-12635.426063112369,0.01074693611553812
4996,-117.30291040187566,0.0,133.37940185749278,4,-81.76272775649402,-127.69656985709777,-121.8726491800946,-5.823906228043713,-127.69317380223063,-0.003396054867138787
4997,-120.54045309976283,0.0,28.36619541096211,4,-56.05288109862184,-5940.685220267859,-5923.749320477012,-16.935918470135515,-5940.680042517399,-0.005177750460461539
4998,88.15908864977453,0.0,32.862547652312145,4,-44.879950884226,-11934.659312144886,-11967.730182857205,33.07086496071172,-11934.649239998154,-0.010072146731545217
4999,172.82806385730896,0.0,-70.75689911243344,4,-29.804085241483445,-11946.1753200491,-11939.799851527996,-6.375440302067055,-11946.18807615883,0.012756109730617027
5000,-56.83810664878514,0.0,62.783974329111,4,-62.685639122803686,-7375.523854355786,-7360.773103436743,-14.750774708160085,-7375.523943895979,8.954019267548574e-5
