id,vx_kms,vy_kms,vz_kms,status,end_time_s,total_eV,conv_eV,hall_eV,deltaK_eV,residual_eV
1,4.077654342734892,41.9145710808954,71.31009395106047,4,-334.80526711649514,-911.6502796567686,-952.8400261468737,41.189757739728584,-911.6504530068744,0.00017335010579699883
2,-45.999697029818094,79.65319216493675,-16.012884660315912,4,-317.4466474544666,-9119.108773566655,-9151.920026465832,32.81127445015732,-9119.112432468066,0.0036589014107448747
3,17.528107808471137,6.808846396211832,-8.035176740687236,4,-165.58600573456224,-1491.4575378507916,-864.400117243807,-627.0574203638768,-1491.4574583590208,-7.949177074806357e-5
4,-29.997157305784445,26.15356696463802,37.22639093973069,1,-500.0000000000794,409.29205090147497,294.3383368760072,114.95371351486395,409.2920946495374,-4.374806241003171e-5
5,69.27549056781164,-18.71288039670748,15.137681199938166,4,-87.67338812528487,-330.93900811593863,-6.11340270855624,-324.8256055771653,-330.93897250770175,-3.560823688530945e-5
6,2.4489578448128744,7.881094424569246,-6.312227786889161,4,-207.60503102751758,-1792.1933646479,-1132.2795540925779,-659.9138102091152,-1792.19370066499,0.0003360170901487436
7,-44.63267828719885,69.0248326228609,7.337935608734007,4,-316.9791927585234,-6697.3649010702375,-6637.0604007528955,-60.30449191959259,-6697.3644106254715,-0.0004904447660010192
8,-71.7746204066057,-50.2593548404897,-26.0388931321328,2,-51.56878470215363,121.65218480436715,-2.3072230950519828,123.95940714428191,121.65151484086692,0.000669963500229187
9,31.56937747576108,2.835874394489363,-12.865443707260113,4,-133.93020878989253,-1418.3278625103821,-749.6738023381354,-668.6540585146637,-1418.3277380307863,-0.00012447959579731105
10,21.902549043673687,29.310640742238125,36.4635987753172,4,-175.0100445695339,127.43494020523127,200.75778284810676,-73.32284294933079,127.43487371485924,6.649037203487751e-5
11,-13.73450602622335,-19.24699678262383,0.9525954462844991,1,-500.0000000000794,87.21925195208935,29.398198029168217,57.82105329641911,87.21924047924387,1.1472845486082406e-5
12,12.309670958437877,-5.732925742901241,-41.99930363555718,4,-135.30969640847303,-7329.1292721981345,-6996.173556355422,-332.95573903890244,-7329.125034428889,-0.004237769245264644
13,49.05440738669647,-42.16545625881653,-26.537574039167925,4,-123.57930923616858,187.14512240982617,36.63190883936278,150.51321299564995,187.14494105576148,0.00018135406469355075
14,-13.668678636782941,-62.46259884926199,67.06485481298712,4,-298.181203758329,-6709.509944725521,-6654.328420210997,-55.18147681741191,-6709.5088838892025,-0.0010608363181745517
15,63.37997276067173,-49.00672908112815,-5.225416817930679,4,-95.20095392757786,108.78451638430037,27.019056994362792,81.7654579158341,108.78425508903813,0.0002612952622484954
16,-31.947342885239948,-60.526244770365494,-27.929287561868904,2,-156.5439396744409,265.5157712548118,193.28325578132365,72.23251545967335,265.51432781350394,0.0014434413078561192
17,-4.95127812124861,18.26726469792301,-73.337755632457,4,-128.8899236655461,-12334.8726556735,-12675.501120064586,340.62843337318196,-12334.868388957939,-0.004266715561243473
18,3.2587424946884145,6.153571536402104,-3.316784295421063,4,-212.15418634343698,-1605.8876219434444,-944.6566521328934,-661.2309732583338,-1605.8877764715232,0.00015452807883775677
19,0.6703315994312542,0.2399387904144773,-1.0287984399188455,4,-229.44335573333598,-1516.920523162416,-862.8128360442408,-654.1076883297551,-1516.920536500667,1.3338250937522389e-5
20,51.04940885957135,-83.00365521286697,18.206323990690514,4,-93.64323851406276,418.3747130786854,465.54256455710293,-47.16785146938152,418.37409884711906,0.0006142315663169029
21,-80.73032262741998,-9.040780295203133,57.02689135841858,2,-127.5933336858486,16.00421857532001,-164.3584759900033,180.36270562652172,15.95679911960499,0.04741945571502093
22,-10.25366483187952,-10.647269007219736,-2.5879275149654153,4,-321.0967058215703,-1404.0051125909026,-767.1332199397866,-636.8718933929182,-1404.0052163134485,0.00010372254587309726
23,4.778921257679279,18.389422625392164,12.349202629027937,4,-310.14987422044567,-262.1044449688044,-42.871427734007,-219.2330182725629,-262.1044569946875,1.2025883108890412e-5
24,35.249417618148655,22.06120828075106,50.5545575687848,4,-126.53335670743382,206.46134953493385,296.90835874184506,-90.44700990988878,206.4613579421621,-8.40722825046214e-6
25,10.70534439427348,4.3913984371593315,-9.8372108517418,4,-176.74811902346636,-1829.7064727851002,-1190.8048447280635,-638.9016301006687,-1829.7069121380857,0.0004393529854951339
26,15.714366092659388,-34.68557319969703,4.854333304817336,4,-236.9211985066474,35.955110982509545,43.1218793514106,-7.166769293819426,35.95498617582014,0.00012480668940639816
27,-27.091845693937305,-16.731169557437873,-9.118936247963969,2,-143.54795292183914,91.48376110592211,-1.7926624891367815,93.2764234403652,91.48395253633664,-0.00019143041453162368
28,-35.9512905922097,-30.66436782882041,-38.95674843394621,2,-94.14974749785937,157.8028065525474,6.228799873772651,151.57400558540525,157.802008426993,0.0007981255543825228
29,95.89695839580608,28.098231958423646,1.7922299303184919,4,-66.22971051222422,-269.1887887223471,-36.82743747477994,-232.36135013630104,-269.18873115633204,-5.756601507300729e-5
30,-23.408303079245645,38.75733598971338,-85.58607338044833,4,-160.7482237988675,-3017.8593710964115,-3135.779357489506,117.91999267262129,-3017.8569194146858,-0.002451681725688104
31,23.403536053502794,16.685369325599858,-33.59436771624512,4,-137.81541421121975,-3483.312140500627,-3057.098322787634,-426.2138073120291,-3483.3101953991195,-0.001945101507317304
32,61.39664918609773,-6.164268730296536,-9.480416695001415,4,-94.4814804756711,-945.3839242222148,-307.1532801649328,-638.2306443435695,-945.3838058991314,-0.00011832308337034192
33,-0.022195519674794845,-2.706779119708112,1.1879462093010595,4,-244.9758470794431,-1348.9232675248047,-717.6600019444028,-631.2632665300729,-1348.9231624737267,-0.00010505107798053359
34,31.56831325265811,-91.48913594016052,-3.2951742480311905,4,-146.4938337373621,43.409951678042624,120.68758168855996,-77.27762424403363,43.40926615904085,0.0006855190017773793
35,-20.169444525033885,7.197525400113064,-18.215774666975047,4,-241.23527436767208,-3203.041688761471,-2479.620467801539,-723.4212191963347,-3203.0401210996474,-0.0015676618236284412
36,-2.243471664696752,21.597092009664912,0.5540843492347199,4,-331.06134379306036,-665.2832590375856,-367.11327984277534,-298.16997772366125,-665.2832397090795,-1.93285061413917e-5
37,0.7411291362265368,14.484564913742695,-5.852806583473431,4,-225.27921343943638,-1641.407532756235,-1033.9205172504003,-607.4870183389927,-1641.407330148426,-0.000202607809114852
38,-13.755332933884228,-63.063535503281926,29.68312264201138,4,-377.8370909119253,-8105.557582922011,-8058.514287622376,-47.04328059703404,-8105.557854608317,0.0002716863064051722
39,-34.43220271319012,-6.886178426140365,-21.3659107421043,4,-304.78812138224595,-2150.2274175938664,-956.028362581195,-1194.1990490910694,-2150.227688588326,0.0002709944596972491
40,-7.797507065048994,1.1893764176721588,-11.569479903295285,4,-218.9066231456874,-2662.8350982806173,-2024.7204583257815,-638.1146436782474,-2662.83594157386,0.0008432932427240303
41,32.39673528335511,12.980439841552071,-62.413049298208506,4,-105.6439854356279,-6130.378355496052,-5953.956797618239,-176.42157636585162,-6130.372562642861,-0.005792853190541791
42,-20.889265484843836,36.32420722249997,69.36930311277735,4,-385.69168390510123,-10791.22981497513,-10748.087891076533,-43.141941414604275,-10791.230141567637,0.0003265925079176668
43,-35.7298317651623,25.151855774205167,-19.79729107571309,2,-94.75691751655268,118.41257166179834,4.130435180289283,114.28213635840302,118.41295084979058,-0.0003791879922374619
44,77.0278073553848,51.79464779434573,-6.357521533309317,4,-79.41360314823939,112.92201370855787,18.656741832255666,94.26527203019619,112.92197020880565,4.349975222339708e-5
45,0.881156097673625,-22.853889533096904,11.78475956379609,4,-416.5095629162871,37.321273421837326,29.107451919603093,8.21382149347916,37.32121733158372,5.609025360797659e-5
46,-14.837581464499545,-72.10069089799556,-0.8206690079210434,4,-356.88800828926395,-8168.067921593373,-8149.197132648134,-18.870785981908124,-8168.065809410459,-0.0021121829140611226
47,-5.321153269638127,-56.06921270148878,10.997563200966612,4,-390.72280442959976,-2034.944518244282,-2002.874773704454,-32.06974013421428,-2034.9435190749182,-0.0009991693639221921
48,1.170589903017287,17.53329266569076,-6.228939674805819,4,-232.54415971092484,-1559.106308317451,-981.014028031539,-578.0922850156636,-1559.1064054164456,9.709899450172088e-5
49,68.2500009405674,-10.797392938849168,-16.439571385136134,4,-86.98576108385384,-937.3689236203561,-337.8905655665339,-599.4783571040258,-937.3687922475123,-0.00013137284383901715
50,-0.12208863431128737,-0.07086879658671932,0.3600647361016389,4,-239.7964009505308,-1429.389918679565,-785.0732034966246,-644.3167153125067,-1429.389988984103,7.030453798506642e-5
51,0.5192080407681648,-1.4489571609255247,-0.37941582222030557,4,-233.69652320190374,-1463.1159493744965,-815.4888186453413,-647.6271309791024,-1463.1160354934452,8.611894872956327e-5
52,2.979376388699262,-2.974384743103938,1.1713990292007486,4,-230.1191747683423,-1321.658131832218,-692.50008058968,-629.1580527244839,-1321.658050794123,-8.103809500425996e-5
53,56.50972024662946,1.073547265414569,71.87619022563848,4,-86.11106372558258,314.27514964025266,414.34237285337724,-100.06722375685551,314.27533616559316,-0.00018652534049579117
54,-13.449143390392269,67.09387083439613,35.38835706467641,4,-344.63823264615417,-8738.383710480737,-8679.881401571074,-58.502278839773226,-8738.379414478855,-0.004296001881812117
55,-3.56472031011852,6.0100996835259695,18.761118710937296,1,-500.0000000000794,42.544574422516256,-43.96934498965297,86.51391901481828,42.544567247881325,7.174634930606771e-6
56,-10.490650863826747,71.64978213878301,23.074708246145633,4,-342.0226984441011,-7638.609322470429,-7579.648400421494,-58.960925602432255,-7638.6081775722305,-0.0011448981986177387
57,28.814906027843147,-44.66771017035339,-46.974309368462194,4,-212.93763085685814,160.74132066198442,110.40969010409135,50.331630804478294,160.74102183956833,0.00029882241608447657
58,49.64442299736188,16.21043442284012,14.027666719497795,4,-113.16076409006581,-420.0634533895251,-38.352412990747744,-381.71104084866175,-420.06342922957316,-2.4159951919955347e-5
59,-2.879392141624939,2.1078671511140685,4.900217530163763,4,-292.800071196291,-1080.3956826455442,-523.299790721646,-557.0958920381203,-1080.3957146012579,3.195571366632066e-5
60,7.226109020242852,5.46171219570793,1.3181512445728905,4,-211.91321955307646,-1273.9080244056756,-644.7596236270651,-629.1484029512554,-1273.9079286714057,-9.57342699621222e-5
61,-6.93610786476786,-17.492173803867235,-6.431112013123598,4,-296.32825202288154,-1389.5828631855145,-825.0557493032879,-564.5271126393488,-1389.5827071781684,-0.00015600734604959143
62,14.99790351131145,-3.6323485163736726,-5.13823650923996,4,-175.3578632680784,-1481.0788724698725,-827.9263794058454,-653.1524925886865,-1481.07887288277,4.128974069317337e-7
63,-9.178689439080932,82.42258198477886,54.106972202121014,4,-282.67720673083033,-4584.026919973078,-4513.789189271544,-70.23769786319878,-4584.026008477222,-0.0009114958565987763
64,-4.980626544740966,-4.968610626387448,-1.5397283997199058,4,-258.5559526711886,-1542.1995675477053,-879.4066099224208,-662.7929593043531,-1542.199585677377,1.8129671616406995e-5
65,-2.995771330582543,-38.55507840261324,-22.20947132778691,1,-500.0000000000794,234.12824108276007,185.90621857238406,48.22202393820023,234.12828095930217,-3.987654210391156e-5
66,2.5942106297909207,9.831521220888066,-0.0924497498103615,4,-230.29198371260674,-1365.585938030535,-738.7945380939088,-626.7914010239463,-1365.5859455307934,7.500258334403043e-6
67,-30.152060994149398,-58.34203761590687,-3.8301090879500563,4,-376.0940909849672,-8370.248972242473,-8247.1875872031,-123.06138348069553,-8370.247584157893,-0.0013880845799576491
68,23.958442716223587,1.0156215667303925,15.023229095502737,4,-176.37814404279456,-479.20256558279044,-81.301801056812,-397.9007638641814,-479.20253426380015,-3.131899029540364e-5
69,28.37410553046463,-9.738984319049173,-0.7827778236132841,4,-150.84089000808228,-997.1523667063942,-412.12588818775026,-585.0264795355707,-997.1523280418946,-3.8664499584228906e-5
70,29.246392866669012,-1.3665947884122402,24.003182054465356,4,-160.0024996542833,-182.47900807333093,55.55333339286445,-238.03234159164407,-182.47900399790277,-4.075428165606354e-6
71,-33.64646839094729,34.81638277268649,-3.590324236792899,2,-124.87682713036453,135.39482926025684,11.225709659569505,124.16911953739633,135.3945430669017,0.00028619335515145394
72,4.408246899414932,-7.998337451228838,5.626078143540772,4,-250.2048921623216,-945.5697893842572,-408.4468522297608,-537.1229355030324,-945.5697752280194,-1.4156237853057974e-5
73,-4.644380757607965,-0.8221708889029195,32.672632591375944,4,-499.88679144806133,-8786.477919955125,-8702.959190828065,-83.51872220931911,-8786.474528665689,-0.0033912894359673373
74,-3.886047154019244,6.0233052801682305,-7.682700492972138,4,-221.73087424976146,-2046.1504013212593,-1388.312740822329,-657.8376617770454,-2046.1498335364051,-0.0005677848541836283
75,-38.36923941155142,-24.91815297689063,55.03813852569681,2,-174.00267418627962,44.29465769637968,13.28330152104259,31.01135569046983,44.29521648162062,-0.0005587852409405514
76,-42.198911396616666,26.376196921209356,-64.85262042489582,2,-97.96754968010981,296.9355765128842,-47.49263985328016,344.42821522052395,296.93537603652345,0.00020047636076014896
77,-65.11793910582347,43.07628510125698,-54.725652498496935,2,-63.00795355989543,198.41016216958934,3.936832742561392,194.47332887571562,198.4105229222919,-0.0003607527025621948
78,36.45020530195445,-16.395374298850406,5.181906159891092,4,-139.48277899358348,-649.4553768771152,-176.09784524565274,-473.3575321121721,-649.4553387507486,-3.8126366575852444e-5
79,-8.278175892106624,-2.743862899615521,-4.083520938360454,4,-259.09297021518506,-1778.0058671372321,-1079.7412216287187,-698.2646465354883,-1778.0058835600842,1.6422852013420197e-5
80,12.82347196281557,5.866165575216513,-0.27690522630707637,4,-189.20823225109675,-1252.6666199072254,-622.794760879954,-629.8718619140894,-1252.6666132685687,-6.638656714130775e-6
81,-53.20510497026202,0.9072472268448614,29.05536430457886,1,-500.0000000000794,-5241.760298089615,-5261.685280931527,19.924981761380273,-5241.757946656587,-0.002351433028707106
82,14.144677377433426,22.961930579728744,40.13449239728294,4,-232.8357734938887,33.23579317504523,13.462668005620815,19.773124779178058,33.23568675633491,0.00010641871032390782
83,-30.55512351299484,14.86315192458491,17.701252646306294,1,-500.0000000000794,239.7428406070243,127.21153623567284,112.53130556881973,239.74309607018807,-0.00025546316376789946
84,37.04955796426449,5.1620186082435335,-64.69370199748687,4,-97.81018283293005,-4939.3461233798635,-4532.428727351985,-406.91741356994635,-4939.342752832907,-0.003370546956830367
85,-65.14946484445,1.4720846157086198,5.83239146417617,2,-52.60459894052739,79.42337764151013,-1.0271389314870853,80.45051630207907,79.4244023886859,-0.001024747175776497
86,13.558612656520552,2.5704032096871368,3.159048988100855,4,-193.63667208084908,-1099.200285182065,-490.83503876720414,-608.3652463547207,-1099.2002487157843,-3.646628078968206e-5
87,-29.181113659218358,4.574101533649344,12.055087376040166,1,-500.0000000000794,-6.555191449539336,118.18158338602959,-124.73677783018945,-6.248897586023602,-0.3062938635157346
88,-27.56412580460681,66.34218163431468,4.706334862177835,4,-365.86798690520214,-7417.829152202516,-7444.431911685273,26.602750667103734,-7417.8283733720045,-0.0007788305110807414
89,-14.469080326762194,-65.1016073581778,-44.39808585630916,4,-391.59630723680743,-9599.07391914517,-9608.947771973639,9.873835961477772,-9599.075718084188,0.0017989390180446208
90,28.141651869233772,24.083286513050293,91.715282291125,4,-150.26514861150963,-98.81815833547084,-105.57224868645659,6.754090560900704,-98.81835025233808,0.00019191686723729617
91,-4.1622854435380985,6.987779707560011,8.246615571458548,4,-373.76797854246564,-639.8389722840626,-260.02245561034357,-379.81651477901465,-639.8389301845295,-4.209953306144598e-5
92,-26.332468286977218,-0.6867274651819666,78.73334728187359,2,-280.80086127408305,250.43920604939478,-58.46415154585622,308.9033598117709,250.43836565294825,0.0008403964465344416
93,61.4959819438337,7.121144344885102,-74.32821293544718,4,-77.75649169273574,-2553.3059495995585,-2040.7587664893674,-512.547192911485,-2553.3066249493504,0.0006753497918907669
94,-19.97501509532331,42.291823046373416,29.862733612175656,4,-498.2953467072282,-7238.459114571254,-7317.444343367499,78.98522154955016,-7238.457815197157,-0.0012993740965612233
95,-80.34917210882541,28.201964676373237,-16.031598992139443,2,-41.455212094305296,96.33478798269435,2.3966182064429793,93.9381696136234,96.33626908352417,-0.0014811008298210027
96,-55.704754343039106,15.537655655964523,45.91220193019958,2,-156.21457972319763,53.248891357192285,-6.917291274439113,60.166176354456255,53.2590713204559,-0.010179963263617253
97,2.513941087093084,7.225245007143795,-6.205152162785752,4,-207.01206202903967,-1793.967725562827,-1131.8266251096848,-662.1411001466623,-1793.9676661797073,-5.9383119605627144e-5
98,40.397845113282806,1.8346354875865107,-8.116943490732597,4,-122.27922079742899,-1130.0370332919642,-472.17963857639563,-657.8573930780726,-1130.0369460579489,-8.723401538190956e-5
99,36.57285769531463,31.868987771339565,-49.836617991658024,4,-143.92133012521882,-349.96617688315973,-428.19226009918805,78.22607774848758,-349.96590272469916,-0.0002741584605701064
100,31.866145985243524,-9.260143334009916,17.24121659045252,4,-152.0512466296864,-360.40888468085143,-20.508292305603117,-339.9005925865051,-360.4088800851085,-4.595742950641579e-6
101,9.872375721083808,9.63242566503363,-7.392280542872723,4,-186.7868802530456,-1615.9781243607626,-1005.0560601079944,-610.9220646734833,-1615.977938978964,-0.00018538179870120075
102,-0.25982911850017415,0.6793758467959727,-0.8636423182688555,4,-234.1098121389196,-1519.3682477950354,-864.3018542037294,-655.066394982995,-1519.3681884247428,-5.937029254710069e-5
103,64.60704531879819,-25.68521894244112,-20.639908641627578,4,-93.93113265835781,-267.8829992017024,-185.33596970025155,-82.54702803100032,-267.88292282694545,-7.637475692945372e-5
104,4.406518108000129,-6.228939456116802,-49.48111548435655,4,-134.3589311341143,-10672.163964956802,-10488.983299308567,-183.18058067701097,-10672.158328385784,-0.005636571018840186
105,-41.04413298238875,-35.26587921083712,-66.92403521970822,2,-101.59342992765168,254.78743194833606,-52.416399547921536,307.20383182690773,254.786760314606,0.0006716337300645137
106,-24.632411765784735,-31.23085578404975,-42.94095790969203,2,-124.4763507243024,185.89295828340505,17.177251571405712,168.71570605870852,185.89269789898188,0.0002603844231714447
107,24.501919074281425,19.795325561506182,-41.89579463592976,4,-140.72233220801064,-5654.972914764934,-5652.73390248414,-2.2390095455183023,-5654.9688067379975,-0.0041080269365920685
108,11.527062781787826,23.75159081145419,22.094842610514675,4,-249.42084728998955,34.09835613455469,112.4690647094206,-78.37070905534084,34.09828317514775,7.295940694262981e-5
109,34.268516260119256,-20.06946463760923,-17.29695722423611,4,-137.73853863494344,-1282.9775876636731,-743.7569208388248,-539.2206723576229,-1282.9775373383573,-5.032531589677092e-5
110,0.441644372368531,4.430025943624289,4.334711864515796,4,-259.86797853645595,-1142.5384865831331,-560.975841220825,-581.5626462634696,-1142.5384023256217,-8.425751138929627e-5
111,29.67812404487183,91.07420951633338,-9.8224220063315,4,-160.39342446895526,5.235285017134783,78.8138841096825,-73.57860357846315,5.2344097305994755,0.0008752865353072181
112,-20.036165703391923,1.0986221192986332,-9.582151980064781,4,-312.5523418932114,-1912.737980751047,-1092.3974182184027,-820.3405620399488,-1912.7382274480656,0.00024669701861057547
113,-7.1884146858364915,0.31125757611872895,-0.938978778162147,4,-274.3103549635412,-1551.0534431655726,-885.0703830879662,-665.9830629031967,-1551.0534173793912,-2.5786181367948302e-5
114,-6.938091922944273,-11.056822455710893,-64.02747525613906,4,-127.73803586099895,-15454.832302011295,-15569.034757828738,114.20248276354643,-15454.823768524499,-0.00853348679629562
115,-5.0597276378853255,97.25126238661497,17.237254876520222,4,-327.8621423559164,-5801.056035196876,-5752.048204177116,-49.00783925031214,-5801.055080152488,-0.0009550443883199478
116,-43.0727991351748,-18.068131612544594,0.4243981363227483,2,-83.42522621631903,87.59763409064583,-0.7862049402753649,88.3838385756484,87.5987729635859,-0.0011388729400749753
117,-65.34836275607063,7.117025547032954,43.49089209620697,2,-147.6886537668254,-75.34143049878598,-69.00214471830455,-6.3392942225715645,-75.33505042762279,-0.006380071163192724
118,2.556838220960534,-8.504752469991413,0.9753467446567596,4,-237.0262365377407,-1243.5224879822943,-648.678162244058,-594.8443287154727,-1243.5223672342413,-0.00012074805295014812
119,8.80840532636601,-5.895482664987332,22.753949355245695,4,-290.76930220290643,-58.4645628390522,59.65762931282999,-118.12219199266397,-58.46456565409433,2.8150421300665585e-6
120,-30.326928416702472,-25.079401080787825,75.07207766643648,4,-320.4650820642744,-4022.146760714213,-4013.5141118670977,-8.63264258192816,-4022.1459787111444,-0.0007820030687071267
121,-5.9526570084999575,20.165352273203382,14.828026131624679,1,-500.0000000000794,78.35746170056674,24.006116449183494,54.351345984350026,78.35742440242366,3.7298143084285584e-5
122,79.16544376458063,31.581161170584164,-5.96106864860109,4,-78.78956761053244,-147.07668828007309,-44.31790269687622,-102.75878548326033,-147.07668339181683,-4.888256256663226e-6
123,-24.462293894095243,70.4750699592048,-16.232679150268606,4,-360.2672877233396,-7525.184877551326,-7453.659758206469,-71.52510792460936,-7525.184358571332,-0.000518979994012625
124,-10.031656236377254,3.0673196786765633,5.482425710524018,4,-492.2406841311185,-703.4035097106573,-338.1480913290618,-365.2554172288134,-703.4034977615179,-1.1949139434364042e-5
125,-20.748512639328062,0.7313831433967405,-6.2400710848796,4,-383.74881810782466,-1566.4066179369704,-830.3830260857535,-736.0235945986944,-1566.4067407421203,0.00012280514988560753
126,-31.390513399502893,16.2045749772672,-61.521487638757634,4,-151.1436964488395,-15630.062859461661,-16214.918288302382,584.8553851278875,-15630.0472213141,-0.01563814756082138
127,40.84663901040649,-4.719914214868278,-29.69183187910336,4,-112.09918296718094,-1763.8116479174596,-1109.3478051656482,-654.4638431366719,-1763.8119945985407,0.0003466810810550669
128,18.231431158128853,36.47808242626308,-23.270710267604624,4,-265.96832529032787,-265.8293258325928,-188.33980505104054,-77.48952024183225,-265.8292347325616,-9.110003122714261e-5
129,36.94409809668224,-10.255869288744513,-14.162097548931053,4,-126.52560034291729,-1308.2323466763755,-666.2120136896027,-642.0203322673185,-1308.2321821337591,-0.000164542616403196
130,-3.0307409989615266,-10.556881698350239,-4.973952694664138,4,-241.00583062908865,-1642.3325219843296,-1049.4601694964829,-592.8723510898499,-1642.3326309804697,0.00010899614017034764
131,48.23630222875992,-21.757198373025346,31.2162282668722,4,-112.3069295344301,-88.48332895934713,99.1755890255263,-187.65891799662322,-88.48337351854065,4.455919351187276e-5
132,10.407718556997253,-13.748770908428492,-4.457783132664997,4,-198.88561693067044,-1402.9067140888162,-812.2054794550168,-590.7012347834665,-1402.9065977184198,-0.00011637039642664604
133,2.9193770048946632,-3.8563623711172017,4.732203899526504,4,-249.47597908546092,-1078.5000407733917,-501.7004413077277,-576.7996000996222,-1078.4999784877439,-6.228564780030865e-5
134,-35.489746346371845,-13.987384021194595,-21.707915282470086,2,-101.77957992740892,121.64667338240574,2.1543149599388514,119.49235805065341,121.64649317948019,0.0001802029255486559
135,-2.024546994477284,-19.471174866532156,-41.508483778987994,4,-194.45936299617878,-11395.241560588229,-11583.203056514876,187.96149364398053,-11395.238081355521,-0.003479232707832125
136,-21.538613828730814,-74.71766428092339,30.00022551490313,4,-324.3971654447546,-9311.62602542948,-9296.586234107244,-15.039789514871687,-9311.624917689134,-0.0011077403451054124
137,4.640590036848396,-3.4111016303419737,1.3484042831334366,4,-223.688470793289,-1290.758786895797,-664.0458525213883,-626.7129361047473,-1290.758733093134,-5.380266293286695e-5
138,-44.37515234392215,-72.09541908320416,-9.438348371850504,4,-355.4258370825402,-7767.651852534671,-7701.130197290573,-66.5216775973945,-7767.649028848117,-0.0028236865537110134
139,-42.41672954889772,41.29886600183352,-58.394656511448055,2,-94.94478640912139,268.33141954604105,-21.997346290633004,290.3287665762603,268.3307722405173,0.0006473055237279368
140,-0.04486334043826984,6.03058943274645,-5.166758497873782,4,-217.3179282578484,-1786.3140641711943,-1122.0291734482248,-664.2848896703648,-1786.313811517204,-0.00025265399040108605
141,-37.087714050522294,-3.7900966901485416,-12.173546779378313,2,-103.3979833104818,136.63220037850107,0.747360765459339,135.8848392154141,136.63241817543656,-0.0002177969354875131
142,-79.11609847922792,-11.75731425238861,44.70826884913827,4,-320.65859086187794,-3935.47700365603,-3659.6610986853107,-275.8159034790503,-3935.475101712904,-0.0019019431260858255
143,28.22144671256688,10.532544690879199,-5.519744697914572,4,-147.2556450053405,-1128.953233389332,-523.2253893633615,-605.727844262727,-1128.9532266823112,-6.707020702378941e-6
144,-8.235902496461133,1.4281361840081332,-26.122646822323144,4,-181.62709115993846,-7100.269555461852,-6726.222954975797,-374.0465816315068,-7100.265400033636,-0.004155428216108703
145,7.1643039585167605,-7.208445383057156,1.4609530776945656,4,-215.83558655902593,-1224.474331102107,-607.9873053001897,-616.4870276028814,-1224.4742481094545,-8.299265255118371e-5
146,-51.882090234232514,-31.278543422316034,-5.4589320695525,2,-69.42133656737165,108.5195430695481,-0.5418495067114735,109.06139203209781,108.51755066170905,0.001992407839054522
147,78.46215181081863,44.91856583585308,21.804316726576182,4,-76.27984859149356,-1.911004371627399,48.93354203440388,-50.84454597948997,-1.911225194413288,0.00022082278588908544
148,1.518821368444193,-7.8476298652033565,-67.60091772348282,4,-119.04171675771791,-14105.778320207372,-14118.149558712978,12.371185814431898,-14105.767218819648,-0.011101387723101652
149,-25.302601026380348,91.13283433433422,12.368981899497571,4,-339.01876721624654,-8639.123465534756,-8695.569253872149,56.4457744141937,-8639.120783289765,-0.0026822449908650015
150,4.643389994049681,-3.766760745839204,2.1554089414030484,4,-227.09211077623195,-1237.6246711012207,-619.6240247773018,-618.0006485589383,-1237.6246288704633,-4.223075734444137e-5
151,-58.758488587440915,-46.06099003283998,4.48588210149042,2,-80.3948958808573,145.78905453014306,-0.6544918039520186,146.44354668942418,145.78869429283768,0.0003602373053865904
152,-38.75086262244703,35.668930446972894,-55.814909109266225,2,-97.15732284721209,259.07826065316937,-17.86533718659833,276.9435990013828,259.07739712592996,0.0008635272394030835
153,13.774816455060996,11.91336434802923,-7.658936107765662,4,-178.71248788289762,-1449.3338690713615,-887.7020574058952,-561.6318109765823,-1449.3338222730943,-4.6798267248959746e-5
154,-52.37520688266701,2.1656621558372424,-2.0841851090666297,2,-66.25024244171189,97.2413261753575,-0.6164841260199174,97.85781028568104,97.23996443826175,0.0013617370957490493
155,49.79149839937704,48.24164112551614,20.725532895649785,4,-108.45596091246216,49.75366535407311,121.58951768858418,-71.83585291869093,49.75335603171585,0.0003093223572534498
156,-7.887106824127022,-9.71813534978856,15.30684812693118,1,-500.0000000000794,58.44274488843668,-12.940230796079051,71.38297573827626,58.44274156871701,3.3197196671608253e-6
157,73.7980743884448,-18.461614316116485,-26.688460790587524,4,-81.80680583892192,-743.6912559976254,-364.6585803608067,-379.032675912841,-743.6911361699058,-0.00011982771957264049
158,-2.4250717805906414,-2.118006091543184,6.91125150445495,4,-318.27147571531276,-870.1568548954418,-384.388733716135,-485.76811956416174,-870.1568092334699,-4.566197196709254e-5
159,-17.21690172436416,-28.423580789837604,9.804290925983409,2,-353.301037659127,-53.28484832302745,-95.82523257337803,42.54038512356992,-53.2851662392448,0.0003179162173552186
160,-13.753912817256627,-14.00014390609148,88.65196098269207,4,-321.5217581588635,-3268.5629150691598,-3173.40461549217,-95.15832728472111,-3268.5619864574073,-0.0009286117524425208
161,21.68256210575831,10.128085545594335,-21.62980094076974,4,-145.85745243437364,-2137.1037463171783,-1587.4541001607222,-549.6496422726575,-2137.1041836179365,0.00043730075822168146
162,8.394954534771012,-30.390338757058554,-57.99573698726398,4,-415.16348861275145,-1378.5373253959892,-1435.2677916260127,56.730484429406,-1378.536668031191,-0.0006573647981440445
163,50.220467639339965,-18.773015204320828,-29.080346533429818,4,-107.1474951279585,-1082.6840099529836,-727.8394815961265,-354.8445271982804,-1082.6840718569129,6.190392923599575e-5
164,-0.5884593904413629,-0.3855481879936834,-0.5467846224363001,4,-237.60823591500406,-1494.813769103996,-842.4475924379311,-652.3661772969632,-1494.8137629981825,-6.1058135543134995e-6
165,-8.444345006360308,0.7081873090488939,-11.860191630375823,4,-219.99738145420253,-2717.4865716159557,-2079.375339896254,-638.1112359298983,-2717.4878122038244,0.0012405878687786753
166,3.028219967026961,41.85804874822934,-44.98135664051565,4,-373.89459835112433,-11741.920722959278,-11979.793523953122,237.87283248823917,-11741.914735525048,-0.005987434229609789
167,-16.70699474746121,-3.251430931302525,-17.354171768412225,4,-225.86661013635327,-3681.190551989673,-3040.873362574457,-640.3171895822109,-3681.1886986348195,-0.0018533548536652233
168,93.88722946556155,-20.338120956444254,-22.50012914638067,4,-67.38632498044176,-562.354309942925,-209.46994865660147,-352.88436231569426,-562.3541433765789,-0.0001665663461380973
169,-67.88842549297387,22.100008737888245,-66.92126148107997,2,-64.39035362912793,303.4816847552699,-12.757936027791152,316.2396192848155,303.48185275388624,-0.00016799861634808622
170,38.82947534268024,11.881395852954721,-19.86313574733132,4,-121.35492849195244,-1408.394825168238,-780.055274243336,-628.3395484517767,-1408.394841882374,1.671413610893069e-5
171,-3.9201168570039,1.8203939781939367,5.869571869516405,4,-318.77744361850705,-963.2401362647031,-447.7537280306909,-515.4864058529361,-963.2400691304409,-6.713426216720109e-5
172,73.9792016320394,-45.53628745348966,-39.1304896748556,4,-83.20730106818642,182.78888146012727,32.33325592636782,150.4556237455992,182.7886428286267,0.00023863150056513405
173,-29.311427321521375,3.0194711463466426,3.240928689782761,2,-167.08182115005033,76.25920745278343,-0.6180085529626537,76.87721620439109,76.2592079995315,-5.46748069041314e-7
174,-1.5068029307700654,-34.14772711081928,-0.6404520609595051,1,-500.0000000000794,125.50418599128047,86.35732919627677,39.14685704747556,125.5040269367539,0.0001590545265628407
175,-25.820575059234887,-6.942797732753033,-10.31276954545078,1,-500.0000000000794,124.48948823548677,-2.6734083745278583,127.16289550962587,124.48945912065794,2.9114828834053696e-5
176,1.8673967120373052,8.678193399150553,-4.508396410091145,4,-215.700997039049,-1667.4053702962974,-1010.0347232992676,-657.3706503404002,-1667.4055973546708,0.00022705837341163715
177,7.85330261478374,-47.97298781376048,-28.633943521530572,4,-397.43180704454636,165.52411908454516,110.93401029993933,54.590110195720584,165.52378077660956,0.00033830793560696293
178,15.044672055929784,-3.580505640428721,18.534496374316664,4,-225.3269390586588,-233.48805174662587,12.173966302400515,-245.66201766949192,-233.48804555434148,-6.192284388362168e-6
179,77.57024035228,6.038005248493216,29.656953567905163,4,-78.0461615861966,-263.7806452221375,52.76651399788393,-316.54715845215117,-263.7806321977607,-1.3024376755765843e-5
180,19.125750898675467,-52.646851338725675,62.88031456027785,4,-189.6201316879817,25.89974017020704,-95.7453648858385,121.6451063756386,25.89917129627809,0.0005688739289482214
181,72.12259148580462,19.594450928296574,40.483431055662244,4,-80.62854252471678,-98.93884160373204,99.45607225163306,-198.3949138649635,-98.93886535336301,2.374963096940519e-5
182,-29.555905864149196,-17.647236687236546,9.133342417475038,1,-500.0000000000794,199.47172447900502,12.822989103517765,186.64873622849402,199.47175047092463,-2.5991919613943537e-5
183,20.343534366932392,13.05577894452386,-28.632213998961763,4,-143.32820167595796,-3169.609296429618,-2705.9371735108275,-463.67212113472874,-3169.607242636927,-0.002053792691185663
184,-12.760943791140036,72.57173804250793,-59.29848734278888,2,-174.56364793788137,109.63593453705347,179.76783096911555,-70.13189936517448,109.63526817106383,0.0006663659896446461
185,-62.82370821952538,42.67759279435757,3.144385200348431,2,-63.741613348208595,102.89172042563422,5.417507147454698,97.47421279996688,102.89140634608495,0.00031407954926976345
186,-89.96086729133204,-41.6934448860286,-5.462918232870027,2,-38.58255400145054,95.87104594191197,-0.7984440170343589,96.6694894429013,95.86640900423374,0.004636937678228037
187,27.24693753587098,15.992965910969028,7.33571934595225,4,-161.7766472448645,-644.7277229806629,-187.2656816358447,-457.4620403379385,-644.7276750591956,-4.792146728505031e-5
188,-2.7049412482378172,-30.76435091843263,3.7108453127695906,1,-500.0000000000794,82.44021645195853,23.70464983055798,58.73556676587637,82.44010006301474,0.00011638894379473186
189,-84.34735042825957,-52.7399739157371,-5.878052011823746,2,-45.00078828130873,110.44894130077694,-1.1615576152834064,111.61049875348257,110.44620676599887,0.0027345347780709517
190,1.286344114373746,-3.7944767117066127,55.83371663470211,4,-360.46375187365044,-10362.598023293167,-10544.862959711814,182.26490925382654,-10362.595147300262,-0.0028759929045918398
191,-48.223692016333985,-18.977628915531792,69.10773818806594,2,-144.72150772680257,-19.600145265419318,-68.22985028750085,48.62970088649001,-19.598655875020828,-0.0014893903984898316
192,8.997796758842345,9.08661253349258,-10.951221458081934,4,-182.30089419114506,-1897.9007694739976,-1305.2901519892785,-592.6106157569283,-1897.9014879609772,0.0007184869796219573
193,8.258263729987892,0.2978573294619675,-34.119710165936155,4,-148.1447016308044,-6559.873127552534,-6193.413369142759,-366.45975478040197,-6559.8673888660705,-0.005738686463701015
194,-38.33064351089168,-53.296205551579085,-60.223084910962385,2,-123.0327217915921,219.6829693952533,54.20270122063868,165.4802674808574,219.68252372192913,0.00044567332417955186
195,23.887738788704347,-3.0630734336501795,9.370427309396302,4,-171.33732824805102,-713.9361085521068,-205.48775646502938,-508.44835152395706,-713.936073625044,-3.492706287033798e-5
196,96.94955022613314,-10.868764754575608,14.171305121209077,4,-65.59422878824364,-434.46337442570723,-20.67447431393236,-413.78890041195217,-434.4632833554241,-9.10702831333765e-5
197,-71.03742173684037,41.1607566256058,-23.977836384843087,2,-49.37902114692328,121.20204355710717,2.7113720268628723,118.49067090712865,121.2025114649605,-0.0004679078533200709
198,6.726362418763599,31.267281986054012,11.691228426977887,4,-304.92714712532455,38.711857082366414,109.35876046910042,-70.64690446656101,38.71172610119857,0.00013098116784249214
199,48.1174116076184,-14.838224216581409,-7.446623465861765,4,-113.81411612036354,-917.5653422761378,-339.15455581190736,-578.4107849539616,-917.5652148115812,-0.00012746455661272194
200,-21.693286816621853,-5.644342112006766,17.33096004440826,2,-369.83924869397987,42.33919417277764,1.2754141936846475,41.06377948571814,42.33932367678478,-0.00012950400714117904
201,8.367821522276184,-14.89129014240393,2.182512444004956,4,-228.66620077435283,-993.2842100615876,-452.4026966204535,-540.881513348632,-993.284162146411,-4.791517665125866e-5
202,45.13554252124836,-51.74057023241,-32.32281635775261,4,-130.46874989481606,205.87333234036512,110.81567834349669,95.057654811122,205.87301891697757,0.0003134233875528025
203,-3.105076434893201,-0.3240252951657268,0.40829312027433107,4,-256.7530475761733,-1444.4348407388447,-797.8906384528423,-646.544202440571,-1444.4349247152736,8.397642886848189e-5
204,33.62377629330124,-18.26904397321992,5.879530381835799,4,-147.3738552187297,-591.1809482101379,-158.85758827065078,-432.3233605997413,-591.1809033232664,-4.4886871478411194e-5
205,1.0242302347565997,-10.408853120811939,-5.631522374329722,4,-220.48370779217578,-1706.9684619134746,-1095.6543796430396,-611.3140821871806,-1706.9683460319343,-0.00011588154029595898
206,-32.3540327123374,41.57374030005476,27.021090229941993,4,-477.2234259822356,-9003.482305485566,-9127.670051456345,124.187771779421,-9003.481857904746,-0.0004475808200368192
207,30.232335855608575,8.435070902716161,46.89126832459611,4,-143.14982030355108,142.3227465542115,241.92606604982015,-99.60331955903341,142.32277966058876,-3.3106377259173314e-5
208,-77.17377703086714,9.45172293748861,7.671141556726427,2,-43.81303069708022,83.28445376090606,-0.218176714862853,83.50263047981045,83.27615246774349,0.008301293162574552
209,6.462495957864107,-1.6091720064352817,6.455073617224782,4,-236.61021081079548,-966.4704856367848,-412.0350194090361,-554.4354645173265,-966.4704503165008,-3.532028404151788e-5
210,16.134501071640152,1.5400540817965744,4.637031921267865,4,-188.39721202143184,-998.9646115624009,-408.6929318462894,-590.271679272415,-998.9646184982748,6.935873898328282e-6
211,-16.089896678114794,7.917392842948215,11.608763991005253,1,-500.0000000000794,61.46555194581417,22.030238982845415,39.43531285489215,61.46555251846041,-5.726462433131019e-7
212,-63.27982528764122,45.12186092551948,-5.887518281778917,2,-60.6654245169964,108.17898941997751,4.273636191015111,103.90535285090772,108.17868189076718,0.0003075292103318361
213,26.77154290378742,-15.29560517808675,3.204120433950314,4,-162.18019164651187,-738.430839770427,-269.66242097517966,-468.7684183093867,-738.4307922748654,-4.7495561602772796e-5
214,8.13056261591807,3.422956212448313,-32.93967026890883,4,-149.82633769312395,-6231.2737884975595,-5855.12867677846,-376.14509920276276,-6231.268827936408,-0.004960561151165166
215,36.196582110861705,-21.564164996629707,-1.3399472551468097,4,-141.1293509124336,-728.6153180706605,-250.36804435639306,-478.2472732332594,-728.6152347109736,-8.335968686878914e-5
216,1.5451561668424274,-0.6540054897700428,1.9835782370165687,4,-240.01769124581907,-1299.3469537142887,-674.7706177988163,-624.5763375630198,-1299.3468617673095,-9.194697918246675e-5
217,-55.37575390706399,-27.392466071007906,26.228398233844512,2,-90.48050398334532,103.09290855353623,2.8822134406920514,100.21069476110236,103.09301667054743,-0.00010811701119450845
218,21.1256242149937,38.7710001089975,39.973797149671114,4,-176.64599151372815,131.93011379185626,181.76278345118521,-49.832670768634244,131.93006585112028,4.794073598191062e-5
219,-4.624368501601015,-2.1719820099649203,-7.862432714564036,4,-222.91882319319558,-2123.347879556116,-1461.375055638589,-661.9728298651171,-2123.3474337981606,-0.0004457579552763491
220,-0.4303076467041796,0.6392806807130182,-0.40248402363429947,4,-237.13816437579297,-1489.3340811979244,-837.4173473265344,-651.91673449272,-1489.3339780210551,-0.00010317686928829062
221,2.3500635113379507,-0.7141458659933168,2.097290434728963,4,-236.51480944136472,-1284.2446033366605,-661.3643425166659,-622.880262533865,-1284.2445367312716,-6.660538883807021e-5
222,-18.318303521990334,-20.451130163381865,-29.565111756477464,2,-216.34174042568424,192.25599623952942,-4.052185223856716,196.30818089889968,192.25590962712005,8.661240937613002e-5
223,72.12811782157854,-27.52283986268529,33.313839223662036,4,-81.81153148477604,-102.99759636663785,91.20358211687794,-194.20117884107748,-102.99765627487275,5.990823490265029e-5
224,41.086814102911724,51.87434919530025,21.70369561105063,4,-122.076467336465,103.53948569224204,186.74750895893254,-83.20802376391761,103.53909174365363,0.0003939485884103533
225,-0.06235011226092409,-6.882124633401785,-11.640970979273316,4,-199.85147200528937,-2471.2052347171784,-1865.3453563391724,-605.8598878689849,-2471.20661234435,0.0013776271716778865
226,-47.886073343168974,72.08186940463541,5.9158662770313555,4,-348.62075773694295,-6742.308041780321,-6577.936395684552,-164.37167243331473,-6742.299375699645,-0.008666080676448473
227,-17.563054929195747,-1.2495897835547318,-8.598468161128581,4,-295.33452033003437,-1969.9132156031005,-1182.0305317014684,-787.8826824796733,-1969.9129300166987,-0.000285586401787441
228,1.5681005636937706,54.36925033212398,7.382476126990859,4,-324.7826410011913,184.6008878514476,146.62272741134964,37.978162122026234,184.60058002592604,0.00030782552155983467
229,-10.107294459569362,58.07724453535685,-78.2644664220437,4,-198.68752399228322,-7018.553376535475,-7020.183780846638,1.6304247466467072,-7018.551132263486,-0.002244271989184199
230,9.723536743995563,-61.27042069505853,-13.721105217965983,4,-272.4038704001906,351.8356733630984,323.3731851190907,28.462489315369446,351.83535990468596,0.0003134584124495632
231,-29.11899375811077,49.3822667995235,17.368250399077915,4,-414.1953570958878,-7788.732558091956,-7883.276682566941,94.54411741738134,-7788.731253791114,-0.001304300842093653
232,-77.91464143379719,-11.211259505712514,-0.5154513273845701,2,-42.498893936043636,90.83218189289667,-1.3322935790574157,92.16447523205355,90.83335713975575,-0.001175246859077106
233,60.09894315607821,64.2787899282002,-2.921630897291932,4,-94.15444466256908,142.66943231116693,99.40049650946891,43.26893575226962,142.668740668964,0.0006916422029235036
234,-12.44275162259626,15.862796664270228,-24.573301439171747,4,-212.0567843132221,-7280.059271316234,-6931.205188304651,-348.8540946553936,-7280.0555812932,-0.0036900230343235307
235,31.03751893956581,87.12126209725237,-11.678227005483452,4,-154.96132295419332,52.08548528186302,121.25576359639682,-69.17028188546186,52.08383142077959,0.001653861083433128
236,-11.152403364685641,22.500636929969303,38.075937218635765,1,-500.0000000000794,214.15692388803396,40.56141202468053,173.59551344546728,214.15691038682039,1.3501213572908455e-5
237,38.0985261133228,60.45592740220229,-15.842730246542722,4,-141.00773493573223,167.6593839491752,178.34776629375958,-10.688383868758832,167.65912805915752,0.0002558900176836687
238,-7.5352736421191535,-12.911349855993976,11.959044206389361,1,-500.0000000000794,38.613585723538,-23.135860431835432,61.74944626512746,38.613566945242404,1.8778295597599026e-5
239,75.45962505854257,32.0862339889766,-35.09904149186215,4,-81.01758370667152,-39.55423293982483,-117.67180445914839,78.11757217465295,-39.554255246798725,2.2306973896490945e-5
240,-9.636056424312075,-5.504490691123606,-21.14441568974024,4,-195.86716439678307,-5515.522522117302,-5053.675012717259,-461.8474825545594,-5515.51827164233,-0.004250474972650409
241,31.556520550648504,5.2721821358993335,-22.736448539755667,4,-127.66503828131583,-1785.1640899357774,-1137.0837966751033,-648.0802929794309,-1785.1641517242183,6.17884409166436e-5
242,27.53857426397141,2.426641191104208,-7.354399929977492,4,-145.02367423196497,-1307.402754597036,-646.4594698072414,-660.9432843616836,-1307.4026513230986,-0.00010327393738407409
243,3.170624180600113,-66.66434061385019,29.229920681748567,4,-301.2467663646675,-110.63011656278749,-118.8337131447638,8.203600623025823,-110.63097507156321,0.000858508775721134
244,-63.85620948002141,-42.18432818857318,16.774283045598732,2,-75.66400122504643,125.11581313791845,-2.1572053814336325,127.27301804932743,125.11585801264816,-4.487472970993167e-5
245,48.25889041180862,26.87204848748882,-5.6976566234934625,4,-118.37233937813797,-431.29362130931406,-145.32985041547215,-285.9637711609826,-431.2935127585877,-0.00010855072633830787
246,57.62887083598147,-24.111848070115776,-73.92039055504975,4,-86.83907585401238,-3000.2137627362195,-3015.6928480321635,15.479094318295704,-3000.2121411107664,-0.001621625453026354
247,-77.43371433957381,42.33247209909151,-12.886408319400957,2,-45.19229342930384,99.57383974709718,1.538981864197414,98.0348576885376,99.57330827574268,0.0005314713545061522
248,38.446583039806626,-13.417964184434732,79.32448496565507,4,-108.06416593606501,357.75994894232315,419.22603813841516,-61.46608828330193,357.76015427542006,-0.00020533309691472823
249,3.209562248919902,-2.5269822792511083,-0.037967680768249044,4,-223.9184263004037,-1400.2891879157282,-760.4499456186355,-639.8392419162066,-1400.2890452760528,-0.00014263967545957712
250,32.95327140343375,-23.294956367927423,-3.9823513009644107,4,-150.34184879552353,-757.7389352806758,-296.04582227759005,-461.69311155533865,-757.7388314223475,-0.00010385832831616426
251,61.05385235729209,-43.95302305450212,8.717919900301327,4,-97.04580852177642,26.501230812166384,47.93617393203671,-21.4349433816908,26.50108558189301,0.00014523027337531857
252,67.67142111171398,-6.813676418631482,-71.19056939079618,4,-75.07244211155147,-2070.6165074717087,-1536.119795822157,-534.496711284116,-2070.6160423025935,-0.00046516911515936954
253,20.163933496710303,-24.304491994680752,-42.422559357562136,4,-197.77531333137426,-1836.1380783668483,-1904.4065348523307,68.2684440351942,-1836.137144681833,-0.0009336850152976695
254,-0.3688792518028273,-6.1091546237677585,0.3805615813820875,4,-245.08661772515595,-1353.461464182121,-732.3817778360547,-621.0796871581047,-1353.4614553507092,-8.831411832943559e-6
255,-28.9815530325993,-44.9732182518966,-18.42084748213186,2,-135.02318119838915,122.19607815614931,53.50600350683447,68.69007511855506,122.1958269858978,0.00025117025151644157
256,-48.67370617534945,55.74662693192408,-48.16351222850538,2,-97.97986048478538,232.7111176661547,7.712226670218983,224.99889208217235,232.71068399380033,0.00043367235437585805
257,-28.99522567200794,-5.968574966685567,8.018098965026079,1,-500.0000000000794,74.53395271908852,55.45786576470301,19.07608745106592,74.53399404073099,-4.132164247039327e-5
258,6.2628667602024155,-80.53155939255262,0.5075890937073906,4,-277.97513616792617,220.09525953575638,189.5699279483488,30.525330400764563,220.09412128596782,0.0011382497885676912
259,-10.517572825596437,13.05963571800496,86.66521691375301,4,-350.1445826526141,-6094.614781436567,-6009.569832975915,-85.04494200019163,-6094.613431198456,-0.0013502381107173278
260,-60.04377607805108,31.97629446707246,-63.305102655109835,2,-69.83988426669578,245.94425846780425,-9.837652291380923,255.78191020399112,245.9437367716266,0.0005216961776568496
261,11.566396610130946,0.9280190207109174,28.980944471103985,4,-268.55917892864994,-41.75837387067358,61.814809164829946,-103.57318286229939,-41.75837980534972,5.9346761389633684e-6
262,3.286216190406329,-3.063386148439918,7.257980276046651,4,-262.90849262164386,-899.1649140218451,-377.5548532495293,-521.6100585482312,-899.1648971697464,-1.6852098724484676e-5
263,5.441726568758358,14.088461149860995,8.41720567817356,4,-265.7861191508081,-697.5450503633693,-261.0095095812343,-436.53553973502,-697.5450213947864,-2.8968582910238183e-5
264,2.7523288556972245,24.14630052485071,45.30599101709281,4,-380.7697937001261,79.50731193119651,-56.38194296154324,135.889260659516,79.50729817223376,1.3758962751353465e-5
265,-48.412698078672946,-3.7292634857951015,42.76641927582998,2,-177.58707443817084,3.218833066678448,-46.50789222582046,49.72672524692246,3.2174421326266165,0.0013909340518316604
266,14.256106786208136,28.576520831660467,-64.5007499667204,4,-148.66501578703966,-4593.782994768887,-4713.570409339675,119.78740920710497,-4593.781714269451,-0.0012804994357793476
267,-11.555477115283812,-0.18140059808089848,-1.537194640507246,4,-312.8283954664327,-1533.5578323273437,-858.9750467488743,-674.5827879631282,-1533.5576627734354,-0.00016955390833572892
268,38.6098064873821,-69.18982238913101,-7.906493588145947,4,-130.70424314284452,220.40036902897157,269.4808260029014,-49.08045642032337,220.39930536889065,0.0010636600809164065
269,13.081002529066833,3.681774785074485,-3.84204166451032,4,-180.89604321150983,-1441.3616459103716,-790.8773454986349,-650.4843009484373,-1441.3617003032114,5.439283972918929e-5
270,-20.696530776649567,-10.204535923661059,-11.403261606035068,4,-336.5025545347298,-1704.7004526187952,-920.93066502947,-783.7697900082235,-1704.7005417004532,8.908165796128742e-5
271,0.8463563751793024,-4.392841509173065,-3.2319028435751305,4,-221.57841247812513,-1624.0712532525229,-972.0582791196404,-652.01297399159,-1624.0711421157391,-0.00011113678374385927
272,-7.50476378744774,-25.497370621298913,-16.420438510058865,4,-403.59740668342306,-1246.9497450324216,-759.7505199068994,-487.19922715348304,-1246.9496810323726,-6.400004895112943e-5
273,-43.45266069774703,64.63461559012038,17.193309511362095,4,-316.85061482998333,-7612.7123965041255,-7654.735252798575,42.022874552570094,-7612.711238210158,-0.0011582939678191906
274,16.827287083960325,-23.82699973002537,-18.838297707634712,4,-194.05227075840207,-1994.9979998797971,-1640.3133917928953,-354.68461576361517,-1994.9991456007938,0.0011457209966465598
275,62.45153754848829,45.717565769191204,-30.960111918255812,4,-97.04189466108919,196.00500581768804,44.62299423359377,151.38201347590655,196.0049826683788,2.3149309242853633e-5
276,42.32459207677832,-49.09603166884975,-12.006722388906097,4,-135.44848502275644,108.79979996570133,84.59372056235395,24.206079092081016,108.79943835650526,0.000361609196062318
277,-31.504095150080357,-56.00380828986829,-64.5732916877195,2,-145.41767635379233,234.9890243730603,226.19543663324146,8.793586840537158,234.98877596581562,0.00024840724466912434
278,-6.640677850549498,3.852259919136854,-8.760485207922153,4,-225.4383746363187,-2232.5483244932784,-1571.2601062488854,-661.2882212652379,-2232.54819009181,-0.00013440146858556545
279,-37.40105490673288,-11.826983662421162,-29.833412971955077,2,-196.63636214063015,280.4371418193675,-14.86656181064319,295.30370549859146,280.4382812877134,-0.001139468345854766
280,-38.311694906968626,-3.810457998132954,-77.21489787370713,4,-124.27860682589275,-15089.27898342626,-15759.40929596123,670.1303381003586,-15089.27677331823,-0.002210108030340052
281,3.2614667023127786,-9.841973203238142,21.46730370207701,4,-419.19134958401617,-31.486760699860042,-67.20729735914595,35.72053509721562,-31.486768066989956,7.367129914115367e-6
282,1.3468702463656907,-27.244974642885285,52.02111396599329,4,-452.31015266092106,-192.92175941055743,-241.9710968970849,49.04933388469932,-192.9215586862764,-0.00020072428102935191
283,-2.668424863210599,-1.8719014501034186,3.709715685615186,4,-281.8091907422983,-1172.7217285588497,-585.6863843979157,-587.0353463995904,-1172.7216988311216,-2.9727728133366327e-5
284,1.9535480413137525,6.6408790014408785,-1.15128603261532,4,-225.03537387346012,-1486.4260961434738,-836.7420345943844,-649.6840636795813,-1486.4259747482083,-0.0001213952655234607
285,-76.68331709952703,-36.35607724737805,28.052621828524696,2,-54.61623917069608,89.46476865898278,-0.9632847572026659,90.42805332366905,89.46488697627103,-0.00011831728825484333
286,29.664732617684905,6.784894099933657,14.211452109688958,4,-156.48342140414903,-510.8050453192179,-88.45763212914036,-422.3474126934538,-510.80501503156904,-3.0287648883131624e-5
287,83.3440655309914,32.92758363443141,-4.06010612958283,4,-75.21638961302907,-127.75834840946638,-32.13962825532526,-95.61872015701567,-127.75832498419922,-2.3425267158927454e-5
288,-50.11245393446507,-25.18577327768292,-27.04630567305144,2,-66.5742149135867,114.2392375967603,2.943356362079137,111.29588061767423,114.23912398419198,0.00011361256832742583
289,-15.086502541429615,-16.2597992565301,-73.33715260555253,4,-134.11513562528555,-12583.691829709831,-13006.546823907023,422.8549919342591,-12583.694660115543,0.0028304057123023085
290,-24.1705868834253,-43.48990047795393,45.66674385989538,4,-483.58408209300524,-6707.282428106617,-6651.435803524178,-55.846632987471274,-6707.280794685315,-0.0016334213014488341
291,1.8918836173317402,7.323325422227792,-4.895486517045621,4,-212.8772785681918,-1715.5292164461964,-1052.4879785140618,-663.0412396034212,-1715.5290882829047,-0.00012816329171982943
292,-28.05793604285472,-82.32714960851541,19.094437099705143,4,-326.85727990439443,-8475.509223561423,-8523.06882242123,47.5596086232266,-8475.509265679386,4.211796294839587e-5
293,-4.17837059396436,-1.294860741150713,-68.30941597140962,4,-119.92126057337343,-14996.426683490741,-15044.51981398919,48.093162311178496,-14996.418900043305,-0.007783447435940616
294,-47.39843461882822,-29.761174202829032,-62.30183189389544,2,-84.30254197016119,233.81518776138267,-31.303760914152146,265.11894847500787,233.81455306819777,0.0006346931849066095
295,16.410199804283987,4.741023986343815,-36.54264579342749,4,-136.3464425184989,-5164.337785811601,-4743.564328917728,-420.7734269849433,-5164.334927680832,-0.002858130768800038
296,54.30570281446706,-7.474209310771326,34.64957713433856,4,-102.28336461746214,-130.14596276578598,91.22020894567969,-221.3661717219161,-130.14598485456327,2.2088777285489414e-5
297,8.106961184064193,-19.845904159482668,3.6252870409658615,4,-251.6347113806867,-724.6236677662641,-275.4460775020929,-449.17758865224243,-724.6236428535015,-2.49127626830159e-5
298,-7.876095572663509,-43.50791592365521,-14.345155684470438,1,-500.0000000000794,71.36570950414739,31.42135073169731,39.94436045148966,71.36520384478767,0.0005056593597174697
299,36.1522758742417,-36.543936538736446,-21.881787325317653,4,-163.62874230340157,134.2855938887588,13.708160003836609,120.5774343141286,134.2853176755379,0.0002762132208999901
300,62.788880827281105,0.6898887914435851,-61.071355410540065,4,-80.63675920388319,-2016.6460728092045,-1389.374372832911,-627.2717014920719,-2016.6454617633442,-0.0006110458602961444
301,38.65439022406354,0.008175390242324549,30.821240861098886,4,-131.62764074956522,-116.21746307912139,87.62698654323741,-203.8444499022953,-116.21747529625442,1.221713303323213e-5
302,-12.841237829742424,-26.937568216230535,-1.373398494054789,1,-500.0000000000794,8.696306663481124,-8.240928866634777,16.937236447811078,8.696171213909619,0.0001354495715055748
303,-52.41770698786872,28.85880179424578,59.3184887489257,2,-148.35732708985137,40.97559871802781,-9.976300743706298,50.95190107402224,40.970803741593464,0.00479497643434712
304,-14.900595795693137,38.34173993982239,16.59727857943826,1,-500.0000000000794,-523.2270937712607,-563.9757310524151,40.74863542392567,-523.2269704776135,-0.00012329364722063474
305,-18.554210090509024,20.69681987773997,64.85245348096443,2,-359.1065323616207,152.3220216277488,216.44587950927232,-64.12385621501733,152.32177926218012,0.00024236556868117987
306,-12.64670503635784,28.16642557140399,-58.64842285511004,2,-184.6040726607588,326.5082555012527,120.50780959412327,206.00044515726586,326.507711673107,0.0005438281456804361
307,11.680338310736595,-19.083063199243917,18.53016571098775,4,-257.30133534653106,-42.04172696542918,79.16615843328583,-121.20788569556622,-42.041764185760364,3.72203311869157e-5
308,-2.4772379772720887,12.05113634215603,6.646815732899668,4,-332.27991915801334,-711.242510940936,-320.19464668321035,-391.0478634604834,-711.2424697161671,-4.122476889278914e-5
309,-23.3039441586161,6.232842433966582,-66.7476196454958,4,-130.6312308764685,-15304.159233380018,-15628.374898663218,324.21564531377845,-15304.169190673521,0.009957293503248366
310,-9.589051004891314,-1.1547161015131315,51.127452449867704,4,-396.21143787345625,-14457.216084269034,-14414.776746151747,-42.43931741971827,-14457.210170347096,-0.005913921937462874
311,-19.554352737491683,-11.631253454138715,-25.763170326062443,4,-211.04018795620908,-7581.7321474704,-7223.2247960157965,-358.5073421474219,-7581.726812333608,-0.0053351367923824
312,1.690844627372422,-19.237799545568308,-21.69668491625588,4,-204.94572090628373,-6015.342145250796,-5830.457263613233,-184.88487800459086,-6015.337812142999,-0.004333107797720004
313,3.1601492266265017,-5.185558532455917,-8.589428015313104,4,-198.4834594030804,-2015.8241530657513,-1380.752197096745,-635.071956928394,-2015.8239634803658,-0.00018958538544211478
314,16.195691223278967,-64.61077078966987,-24.23550307529695,4,-242.4102565750897,299.49554566691864,265.79153279511064,33.70401565915809,299.49497860058693,0.0005670663317118851
315,-22.131574291939902,-54.44091969757231,37.976868405056386,4,-434.40333525084554,-5966.500327169604,-6027.950632946389,61.450310725047785,-5966.498870474439,-0.0014566951649612747
316,1.3295454998075524,-12.530793503620709,-20.27097441628307,4,-186.14367835053633,-4464.807973307486,-4042.8824347710497,-421.92553503402036,-4464.806755580722,-0.0012177267635706812
317,48.65977849903019,31.70257206816542,-10.865162514986205,4,-120.02114783484564,-100.101114823657,-63.92517095632019,-36.17594291089348,-100.10109289942203,-2.1924234971493206e-5
318,-2.118344430327081,-46.188830246485836,-8.394067370333904,1,-500.0000000000794,187.14250059480503,96.7544798328279,90.38802237925847,187.14230049564026,0.00020009916477192746
319,-6.0372021939069915,-0.09936169452095858,-12.463609819557382,4,-211.16240530246031,-2817.6479243593208,-2202.1270917136744,-615.5208389335137,-2817.647308487636,-0.0006158716846584866
320,8.285802111217638,8.131026394573695,-11.395011388221318,4,-182.2526989646303,-1983.5376598368136,-1383.5263006344946,-600.0113579331091,-1983.5380305563842,0.0003707195705828781
321,-76.85079187638708,4.7106606680358905,14.878878466426015,2,-45.0530944419168,71.21322623295549,-0.5139975199658835,71.7272237570772,71.20576848144708,0.0074577515084115475
322,28.53046243500979,-23.465426578445207,-4.477600344649727,4,-162.16022563393867,-754.0817787069681,-332.9472951828712,-421.1344816736911,-754.0817780245302,-6.824378715464263e-7
323,0.4070171846229892,31.394014712276213,-11.458361854703835,4,-395.2643003535996,-314.7953616428904,-199.27736973100556,-115.51799061149606,-314.79539903089625,3.738800586461366e-5
324,-28.077946520353365,-4.572322682796755,-12.372816070104204,1,-500.0000000000794,156.69545339985243,-0.1373388715477553,156.83279209146107,156.69546302388187,-9.624029445376436e-6
325,19.608835084226644,-2.6881530410802768,45.05273251231723,4,-207.90110990670598,-31.102663860606942,61.06668175542196,-92.1693446796155,-31.10264853224578,-1.5328361161692783e-5
326,3.3494432487674057,77.88846157394146,-5.84674693469199,4,-328.86796526822843,-774.7263650311248,-788.3005441330072,13.574193066337369,-774.7267170124458,0.00035198132093228196
327,0.6117121344384809,3.6601724023744913,-1.6246262490546026,4,-226.3313386946116,-1563.067569794691,-904.1134218223723,-658.9541512261105,-1563.0674553276574,-0.00011446703365436406
328,21.953560769930917,-17.135216306108894,-23.539231901266835,4,-150.98094522249528,-2394.0024759896946,-1932.172215099155,-461.8302647977361,-2394.0014756610267,-0.0010003286679420853
329,-7.170893314568363,-5.994700012198329,28.190044128193843,1,-500.0000000000794,-965.4445071483952,-629.4629931798922,-335.98151489607244,-965.4445359090463,2.87606510482874e-5
330,-12.209765065283753,38.180389999674624,-14.053886707014005,1,-500.0000000000794,203.9804216141299,179.37428503836472,24.606141228523654,203.9803630841689,5.852996099520169e-5
331,-68.69082337143081,-15.81090361266963,-51.60427919143038,2,-55.44048481585583,238.89838809815922,-5.7527243377692505,244.65111277931535,238.89820734933775,0.00018074882146379423
332,-21.339025123965,20.784771367080836,-14.13652363727171,2,-257.83244111514404,123.49431226064256,-4.815807288990535,128.3101197395455,123.49428484042647,2.7420216085261018e-5
333,-35.49755540283402,-29.504818605379107,-61.50585805519076,2,-105.90061365401147,251.02939203243878,-48.03528110710865,299.06467269981636,251.02774050994452,0.0016515224942565965
334,-15.073971330822802,1.0426972536460855,-1.5239882742866666,4,-385.4902755968356,-1341.8460367005994,-706.3403598320598,-635.5056767518419,-1341.8459932446876,-4.345591173660068e-5
335,-52.812444792779154,-12.927501439084699,34.37327458187217,2,-175.90398766834733,211.90651867543804,206.01367421552806,5.89284377161776,211.90885385698797,-0.00233518154993817
336,-64.21151850646007,-52.93095766080013,-28.28521517073108,2,-61.43813670605838,132.74695801779757,-1.6638198701638298,134.4107772188521,132.74681841435546,0.00013960344210772746
337,-2.4502233838634955,48.282824881122465,83.84283224798735,4,-272.48267640099664,-307.0270272966655,-309.87722722261134,2.850214271231603,-307.0262239150656,-0.0008033815998942373
338,19.47644267266953,1.952558429303442,44.118197988877576,4,-206.53613929378557,-19.980353916757544,71.67758894073611,-91.65794056606637,-19.98034987246904,-4.044288502313975e-6
339,4.783984961603541,-10.978490924131224,19.730951422823885,4,-354.3746717123406,-63.89056804688125,15.773280730790841,-79.66384851795422,-63.890575018071985,6.971190735782784e-6
340,33.61562680862525,-22.999884795441652,-61.9006542287907,4,-118.27422110442372,-5106.497370797866,-5184.50209122079,78.0047129194876,-5106.495201478696,-0.002169319170207018
341,-81.29451161966792,-26.403126815829765,2.183309834603319,2,-41.610859712910155,90.32542069894846,-0.332397542082128,90.657818057254,90.32556087121716,-0.0001401722687006668
342,12.4833820589929,12.505628280508054,1.2953876200144023,4,-198.94969591248432,-1084.1983807578556,-515.5235904625412,-568.6747915416648,-1084.198414044955,3.3287099313383806e-5
343,42.26574349822601,-33.54765637462034,-65.35397763025401,4,-114.61268119810583,-1893.4907623764773,-1961.9299566596794,68.43919025015029,-1893.4901678685928,-0.0005945078844433738
344,2.1964505614046224,-3.649572982688669,-0.6545294634488181,4,-226.06343443461063,-1441.193458605419,-798.778938579842,-642.4145199546149,-1441.193405058854,-5.35465649136313e-5
345,45.98849390208392,12.89812067328798,6.447827524391216,4,-118.74166859570033,-641.5644074725934,-142.96402515127983,-498.60038136124655,-641.5643471669586,-6.030563486092433e-5
346,-22.944229217747935,-23.160880256679768,-26.82950422727272,2,-139.99882839272118,136.86473420943403,7.46423775538512,129.4004959715181,136.86474351844856,-9.309014529890192e-6
347,88.37722836195,-15.410314290824955,-0.3060792174937333,4,-71.5880237445341,-535.7943990609942,-100.7098583197983,-435.08453908906523,-535.7942714104056,-0.0001276505886380619
348,-57.04994286432142,22.604401390115456,27.733313184472344,2,-80.90424897750692,114.26938978854672,5.240373327493629,109.02901640253269,114.26950728949166,-0.0001175009449383424
349,-12.36316877419766,-12.305476446177392,-19.34245274926712,4,-219.24169090730842,-5077.014628764638,-4645.012248450968,-432.0023802703241,-5077.011976104119,-0.002652660518833727
350,48.34803273791688,-72.29724140426634,28.884845697527535,4,-98.4921561536214,331.960855242001,408.66273317187364,-76.7018813968244,331.96074753521725,0.00010770678375138232
351,56.52867087647578,45.744385259197536,-17.630354689380592,4,-106.27983771082484,156.3197830729387,26.065648711400044,130.254135048731,156.3196042942829,0.00017877865579407626
352,15.13453639489925,14.50006075264935,15.907379483929223,4,-222.19126712657913,-231.18382264660414,-16.849851731358076,-214.3339715836775,-231.183821409903,-1.2367011379410542e-6
353,-46.612713317335846,66.72396703454527,-5.297449587741723,4,-319.0203496223866,-10765.207019178928,-10738.602497726588,-26.604544423315037,-10765.026370686583,-0.18064849234542635
354,-6.543745042740567,-11.05761442589319,-10.139493552014976,4,-233.4866023156785,-2233.935372486049,-1651.83849760571,-582.096878993415,-2233.935051230802,-0.00032125524694492924
355,-48.82786271822726,23.48237214025666,13.961961868060609,2,-83.08625016927856,100.2583506790481,2.3287043785928176,97.9296459145653,100.2587624529212,-0.00041177387309687674
356,-5.161035871711006,-26.683137143916635,28.5860918228182,1,-500.0000000000794,102.93062738358404,-63.67598268272689,166.6066094882859,102.93058363587468,4.374770935555716e-5
357,21.932783443628303,-7.299857884985779,10.789600897683355,4,-180.288317799108,-618.4873118004108,-163.0802568191845,-455.40705555868084,-618.4872775822263,-3.421818450988212e-5
358,8.440061751393108,10.301400651292626,17.33533459394474,4,-277.50443667807286,-170.17688429282697,19.43947228694226,-189.6163570314237,-170.17689145649732,7.163670346699291e-6
359,-35.69618044576789,-25.68160327795213,-76.56696388251483,2,-139.4260644497902,350.90871296433477,50.24691330946651,300.6617979333413,350.90873047452044,-1.7510185671198997e-5
360,-10.793370694033447,2.9264012152419663,1.8783896368614326,4,-364.02347661534634,-1170.2239372175768,-593.6710440791156,-576.5528956138232,-1170.2238569269539,-8.02906229182554e-5
361,28.54278094462009,-10.585202689487138,19.14760284205622,4,-162.76137372629287,-266.7561430692086,13.685954948211995,-280.442097228499,-266.7561374668577,-5.602350881872553e-6
362,-4.969752955211776,11.219512915675008,-2.816125828632362,4,-259.1662936098005,-1543.4669307193765,-931.5594876363373,-611.9074464089081,-1543.4668075820753,-0.0001231373012160475
363,8.18365785373313,1.8769617247108539,3.1953484078689236,4,-213.8300069325435,-1163.463554307659,-553.3244945016326,-610.1390611954876,-1163.463489035046,-6.527261302835541e-5
364,27.268242555106912,30.011751684875446,-44.24424968913772,4,-202.03830612845204,339.1430685649206,202.44235180497586,136.7007175468109,339.1429840989879,8.446593272992686e-5
365,-1.232988158857263,-27.76615802070521,-17.368512642070495,4,-357.9722730692305,-1300.5300547233996,-1080.3603781816705,-220.16967928360378,-1300.5296634098277,-0.0003913135719812999
366,-2.9402576146659345,20.65631648033284,-42.150737527136016,4,-202.132248126695,-10333.399602684913,-10517.96821041264,184.5686130304968,-10333.40305979995,0.0034571150372357806
367,25.45647495731847,-33.782658433534955,1.6225459590601519,4,-189.0734947028444,-174.4338559157025,-27.34522374363006,-147.08863348289017,-174.43388840034447,3.2484641963037575e-5
368,59.94332787086908,-71.55538858181994,8.536896892724569,4,-90.25710845740537,183.97100825704595,196.03199617328167,-12.060989903164874,183.97041227891853,0.0005959781274214038
369,-41.83843308281613,-27.230789572276162,-10.81972868765717,2,-83.31234238411679,109.27751292031552,-1.1360344260714719,110.41354694976644,109.2768125125425,0.0007004077730101699
370,6.375541201946708,-71.01663002532547,-38.959380236214564,4,-363.3491477514531,-605.3676483018144,-633.91673481966,28.54908550549799,-605.3685833213717,0.0009350195573460951
371,-6.150122241690132,-49.13506578302506,-15.736574871381604,1,-500.0000000000794,211.8034707403439,140.58934878432336,71.21412248558251,211.80298243636133,0.0004883039825642754
372,9.168985778145952,39.5714840641724,21.486970553861205,4,-259.494953824213,70.6089319469448,77.54168677266647,-6.932755582075908,70.60874413149065,0.00018781545414015
373,18.434091568285783,-14.533277645010692,3.6428961653435357,4,-188.68322768838047,-793.1807065528969,-325.75085459480965,-467.4298521307122,-793.1806404458578,-6.610703917431238e-5
374,8.241090635013181,16.50641668515881,23.347354038922006,4,-293.89537164964906,-21.09936934604261,72.21696325990166,-93.31633268519488,-21.09939654224167,2.7196199059886794e-5
375,7.059048355184347,-4.888397550368488,-17.570252412208866,4,-172.69448897456013,-2993.166268598816,-2436.3435749974583,-556.8226997530451,-2993.1667453641257,0.00047676530994067434
376,78.0967573591137,-26.056522337922228,5.465750722766648,4,-79.85099971881861,-274.3278752944435,-33.38167868823245,-240.9461968647529,-274.3278410563575,-3.42380860161029e-5
377,-37.253323908028726,14.434399726493004,-77.09600553738187,4,-129.95200214004768,-14795.09768707242,-15580.292733188313,785.1949958203013,-14795.103412852503,0.005725780081775156
378,5.91060792001754,1.9209822075440626,-25.666300399349158,4,-162.26794458541326,-4868.613135770804,-4426.200077318824,-442.41305997987877,-4868.609000125728,-0.004135645075621142
379,0.23962019449200606,0.08199017614893535,-0.3320115067802991,4,-234.57233659128627,-1474.1733050371072,-824.2667199286435,-649.9065855007198,-1474.1731362679723,-0.00016876913491614687
380,58.456052055176954,44.33500849815797,26.93912378530866,4,-95.40167488464117,20.097150213547177,103.92821523024837,-83.83106549562775,20.09700371895263,0.00014649459454574298
381,-39.42298302077613,-46.60786152785574,39.57804111234248,2,-183.55247837160599,287.9005677706623,219.07070423703863,68.8298726313314,287.89965254798756,0.0009152226747346504
382,52.296904333337515,41.22899846214898,67.0271760979907,4,-88.95768303996662,442.0088708082362,516.4608085922436,-74.45193727450582,442.00884124568825,2.9562547979367082e-5
383,-21.422076122060076,25.710596447573966,-37.60570947926229,2,-146.27205246522166,211.89148431783983,17.46237127562869,194.4291122733436,211.89106169070848,0.00042262713134277874
384,-9.27824822605157,-77.42635232680703,18.441081895914184,4,-332.25558289676025,-7488.778311227208,-7421.776811874182,-67.00150097139955,-7488.775580574559,-0.0027306526490065153
385,19.602987617263338,-23.384703557377655,-42.45843069475426,4,-183.55114725266057,-3423.973465205563,-3499.6734389013186,75.69996400831874,-3423.9735422119875,7.700642436248017e-5
386,-30.97985444725541,-10.877406695095534,-39.087912756551276,4,-179.47625055055582,-11993.450368339933,-11831.418923082669,-162.0314465931016,-11993.442115537937,-0.008252801995695336
387,-19.693504420400984,-8.935558792343073,79.98868882506889,4,-431.59438131167775,-7861.45352138431,-7670.313123107123,-191.140380099979,-7861.4494589806045,-0.0040624037055749795
388,-45.38013043556696,14.771057993830885,9.88142023064954,2,-84.67854409744807,82.49352340520791,1.352297252514447,81.14122574357461,82.49260402054783,0.0009193846600794586
389,-12.72292367449799,0.9919717288679225,26.8950569116544,2,-419.6308466532533,29.262513343474048,-3.955043255126921,33.21755633448863,29.262619750097137,-0.00010640662308958326
390,69.96253581627124,-2.0665664739024563,17.834371507922413,4,-86.53995495270834,-415.98545682129844,-13.247377883582187,-402.73807892554595,-415.98541829821653,-3.852308191198972e-5
391,0.9323823200480198,3.9959975904750253,0.12466050757449819,4,-232.6792612770944,-1441.393004718579,-795.8977644918047,-645.4952406111989,-1441.3928575989746,-0.0001471196044349199
392,-41.657470418267835,-79.44503780508894,36.73110525187164,4,-294.00839049508266,-10055.813517694876,-9967.958069032458,-87.85542529851736,-10055.812550432835,-0.0009672620417404687
393,-31.46164304252008,21.991466682322603,35.018567961433426,1,-500.0000000000794,319.72647333402267,196.30291209812546,123.42356647104886,319.726505119684,-3.178566134920402e-5
394,56.85572020438075,-10.989395846946884,-24.204509391165182,4,-97.20141265669395,-1186.1504926177909,-574.5707936824402,-611.5797006017488,-1186.150447118178,-4.549961295197136e-5
395,1.7129863128578293,-15.409960293730876,-5.252712126911269,4,-232.76081769442828,-1464.104546185394,-922.5427866023418,-541.5617580647801,-1464.1045267496172,-1.9435776721365983e-5
396,-0.6232081710143729,-0.9969805946931585,-0.2533348771846916,4,-239.52462650179825,-1470.1744583224547,-820.8373730420891,-649.3370856393676,-1470.1742894935478,-0.00016882890690794738
397,69.50681111621844,63.64156284846837,16.582525001334634,4,-81.46165960833154,96.7953398517872,94.75166639216263,2.043673721349832,96.79476457883233,0.0005752729548760271
398,13.858259427847514,13.958190238818826,16.992348001209685,4,-231.71043869994415,-182.86472075400187,7.646111723461996,-190.5108329310472,-182.86472555157266,4.797570795744832e-6
399,-13.922248172112749,62.40006786750788,-18.684248393518114,4,-414.9137548919865,-8034.321842618699,-8040.745896982003,6.424078321270422,-8034.32206708564,0.0002244669412903022
400,-35.94816038665327,11.882425521765901,8.562287789887328,2,-117.09970239115687,63.58268754751429,2.454646113728428,61.12804106702406,63.58267406793828,1.347957601183225e-5
401,-4.873040313370697,1.8519891099072217,27.303631688451123,1,-500.0000000000794,43.4116593280841,-99.97164775869044,143.38330979026802,43.411685405488974,-2.6077404875479715e-5
402,19.988491782068326,-3.257357915996332,-51.57323107245915,4,-119.49133134212909,-7046.9923561543665,-6708.218007601959,-338.77432702070803,-7046.987086376165,-0.005269778201181907
403,-28.444582607960786,19.312709499168665,10.31170616005413,2,-429.78798418613496,168.4174316972564,6.745029464845336,161.67240160848323,168.41777828819042,-0.00034659093401501195
404,19.081919813199296,16.25204961298763,-13.203668945816414,4,-164.09468504204108,-1408.2372515492134,-958.2255752409427,-450.0116741396221,-1408.2373553879763,0.00010383876292507921
405,-17.8516831834028,-73.36028627464015,-31.34517730581391,4,-361.3791135955228,-7249.846774766089,-7200.449659374135,-49.39711096009608,-7249.845416499756,-0.0013582663332272205
406,1.3142806811261225,24.294262318261755,74.82842904348075,4,-410.3876203943703,-3665.3522518264826,-3684.7500946788787,19.397844549802002,-3665.3507391470625,-0.0015126794201023586
407,-49.07899027347324,67.73671276541214,-29.151344998875384,2,-147.25963948331164,190.16536433255396,111.9058004668079,78.25956361579539,190.1648671625367,0.0004971700172688998
408,11.961555752121262,-62.996815199146035,66.01613870798806,4,-209.0572505744471,357.16030963777536,339.98207699685105,17.17823747120825,357.16063607166694,-0.00032643389158693026
409,19.684518171046303,-31.44895224181907,-20.245169310610954,4,-252.8255141612972,-558.6921835809371,-306.15513991162703,-252.53704387695714,-558.6921889408969,5.359959800443903e-6
410,80.53569586044922,12.013923527240227,-29.720633878968737,4,-74.9956099509462,-945.1599100430012,-399.09398513363556,-546.0659246534711,-945.1597961365817,-0.0001139064195285755
411,13.094078643573832,1.0013544490441086,21.180212140454135,4,-241.73734170643675,-119.31004246247056,52.97129932139497,-172.2813416180847,-119.31004140614351,-1.0563270507191191e-6
412,-2.8645328269772876,64.83589300647007,8.857827285007978,4,-361.6590203878653,-2246.055413955481,-2214.829697647737,-31.22571114319173,-2246.0555289689178,0.00011501343669806374
413,-40.13285405562827,-43.72715331841038,-12.58093686099196,2,-104.21703150458859,159.6394054134518,8.633982788145696,151.00542285532416,159.6396703066903,-0.00026489323849432367
414,80.10262156851324,12.623891007628638,-46.20740917380333,4,-72.97937145739762,-1115.443106185753,-617.7575736429266,-497.68553238462914,-1115.4428576476246,-0.00024853812851688417
415,2.797348210456818,-1.6517303774829948,1.3801142395930412,4,-231.35950664176602,-1320.6790003544054,-691.2738491641509,-629.4051526281218,-1320.6789717909892,-2.856341620827152e-5
416,23.874620260134247,-2.0514751694299105,1.6174540911167403,4,-162.14170103938042,-1032.7217672079328,-420.2167875198448,-612.5049800787144,-1032.7217359783124,-3.122962039014965e-5
417,-52.44415844307773,49.40186751260738,54.694554116623046,4,-314.72121914804137,-6294.819425259692,-6411.523648563964,116.70421505241028,-6294.818254572004,-0.0011706876885000383
418,2.4396470593100714,0.5644276095002475,0.6271222817813267,4,-228.7886383649916,-1386.8952517584773,-747.1491098042006,-639.7461417202644,-1386.8952608688296,9.110352266361588e-6
419,-42.40513145427096,21.06951577603421,64.58473453494297,2,-157.37385315566934,20.826777140200814,-18.55333382180788,39.38011282035173,20.826609059490885,0.0001680807099297965
420,20.46810149027357,33.80998237130367,-89.57954269464037,4,-105.83548611800211,-6838.320209645017,-6992.820627604722,154.50040975855777,-6838.31891424534,-0.001295399676564557
421,-12.036063258595,18.200338583132094,-8.88258438698861,4,-329.4068358451791,-1413.735025928119,-838.7533162549006,-574.9817058218346,-1413.7350963642664,7.043614732538117e-5
422,2.2615907288295567,-0.6959142532273203,2.4223524124770153,4,-238.59703027125252,-1263.3705918579667,-644.57349624835,-618.7970975089925,-1263.3706188549188,2.6996952101399074e-5
423,13.217941160790268,-77.90799819545343,-44.862505032260515,4,-287.718556344772,560.6595714128142,482.3258442070613,78.33373180886973,560.6589762237907,0.0005951890235564861
424,42.807778596816945,-38.59169777524558,-57.27620257567123,4,-128.134754329783,165.45843296407415,90.58666297627039,74.87177271553607,165.45861031856253,-0.00017735448838607226
425,-0.9178151770156787,-0.7929026117323331,0.618628618289705,4,-245.65929978588306,-1413.0505573320163,-771.2345042673078,-641.8160530711208,-1413.0505675376612,1.0205644912275602e-5
426,14.990393524662279,2.9730615780157423,37.55536566755972,4,-245.88258883908296,-44.699659424519126,36.38744076232834,-81.08710163031674,-44.69965094164557,-8.482873553816717e-6
427,-31.45327054096591,-9.620439331818956,27.091128178224526,1,-500.0000000000794,299.7389145859521,255.49333819272456,44.2455775714581,299.7390894623435,-0.00017487639138380473
428,-0.4976819807854998,-0.19780829280922774,0.6388981500702515,4,-243.2588381949536,-1412.4371515001692,-770.623080315805,-641.8140710862514,-1412.4371541064222,2.606253019621363e-6
429,21.748750419457576,67.34025343337677,55.195038374842845,4,-170.32361472576693,-70.96125148743208,-156.32128005855986,85.36003054616295,-70.96176816847561,0.0005166810435355274
430,-2.776171105345349,-14.448564521055168,13.16443821833797,1,-500.0000000000794,15.619840638016328,-26.2988450131408,41.91868539202642,15.6198236810762,1.6956940127599296e-5
431,57.2120007540438,-60.09649994931031,-8.831619050478869,4,-100.78118945556393,145.84501722110576,93.40348116948022,52.441534967665646,145.84464326584313,0.000373955262631398
432,-17.45803672065991,-78.71070511801625,-43.05926233029751,4,-370.5095778144471,-5108.653868783402,-5013.171133998975,-95.48273725811022,-5108.654255363835,0.0003865804328597733
433,-12.612141542867754,-49.41449308182191,-12.756144436668054,1,-500.0000000000794,211.8474562644028,1.9769984288309495,209.87045547348282,211.84707671402504,0.0003795503777723752
434,-80.63907494844393,-7.154769737473896,15.231491265423259,2,-42.68517565394528,71.71063377309031,-0.9900957421153265,72.70072947727591,71.71139524947473,-0.0007614763844259187
435,-15.935109383287655,39.26121272437478,18.17084302781191,1,-500.0000000000794,-4356.177832232043,-4415.241432194165,59.06357834391713,-4356.174251413959,-0.003580818084628845
436,29.148727086320818,38.9202370006166,47.48050763143081,4,-141.30064720964617,224.04397104022283,294.7470220096353,-70.70305097126892,224.04388003488359,9.100533924311094e-5
437,-2.0614245355723484,-0.2945999700609986,-0.39130448984689253,4,-245.79174944753075,-1497.6902116806564,-844.0216139283463,-653.6685985054473,-1497.69022870634,1.7025683519023005e-5
438,39.93473825226645,10.65971766402338,-9.092000907900246,4,-123.93678058739962,-1100.1945579126125,-468.5728982232631,-631.6216577637417,-1100.1944810578968,-7.685471564400359e-5
439,7.606177615166777,5.869887060213458,43.38727218837697,4,-369.2119525440144,143.62634034237578,42.07553228494905,101.55080787763022,143.62637689402598,-3.655165019722517e-5
440,48.31362169603173,-31.50770475515281,-54.89743972568429,4,-113.6369313655833,-692.9704272656533,-769.7952156385168,76.82478788258695,-692.9701384795003,-0.00028878615296434873
441,-16.621698967419455,-13.792925156816592,-3.979771037412763,1,-500.0000000000794,55.18790593089389,11.757163654449233,43.43074198235792,55.18788089606385,2.503483003835072e-5
442,48.069367456192246,-3.1029777704006327,-75.94623342382896,4,-85.29778415726568,-4140.236446906354,-3695.250396824052,-444.9860445338014,-4140.236734641729,0.00028773537451343145
443,79.9799484397332,14.495858917652773,-2.4370821402985987,4,-77.61393805961977,-596.5949773036953,-131.7533161910291,-464.84166148090173,-596.5948501157739,-0.0001271879214073124
444,-29.69063251003482,44.29759905454091,-79.25243543854239,2,-178.67134050186277,197.71019769515704,144.53976804334954,53.170427891651336,197.71069978141705,-0.0005020862600133569
445,-44.37776110645779,38.477313184563926,-58.087224178079545,2,-89.70007595371233,260.0110748283888,-18.676216188185816,278.6872913171192,260.0105021813078,0.0005726470810145656
446,10.71452539356938,-64.81444276931742,25.243943879693973,4,-229.44164660873085,292.078412556891,276.471036118582,15.607373148979502,292.078130233234,0.0002823236570179688
447,-15.030642816335629,-23.906578278910526,3.492526472804341,1,-500.0000000000794,7.523339994762085,-30.055866537450736,37.57920568988025,7.523291156614551,4.883814753409155e-5
448,-31.513629817120528,-21.891393926194308,28.99414562790718,1,-500.0000000000794,78.31392787502784,-58.810783272754755,137.1247143783186,78.31412907254787,-0.00020119752002756286
449,61.33904830881931,-7.91694086434852,9.532764581002633,4,-96.4757411208823,-569.1999631984997,-87.31674740431406,-481.8832154322625,-569.199887938516,-7.525998375967902e-5
450,-5.172930022915571,-16.565950786003256,-3.872202467392014,4,-291.76061092385487,-1252.702503957668,-724.9889857380558,-527.713518234612,-1252.7024563898929,-4.7567775027346215e-5
451,80.44676400622193,57.87780385615879,-1.3827312167552726,4,-75.28673513400186,109.01642190895441,25.807877174548782,83.20854530604294,109.01637718865969,4.4720294724243104e-5
452,23.64384866789727,55.65962442730584,-1.9481094560188574,4,-190.2267364754564,109.94942274490008,153.35632466826448,-43.4069031142133,109.94923121711446,0.00019152778561704054
453,45.533544703097604,-6.56562705542285,79.93821529369632,4,-95.35320478802394,559.522769763873,627.0639104058636,-67.5411390468977,559.5231864678933,-0.00041670402026738884
454,-1.9504122621384725,6.166523877988533,21.778786086837112,1,-500.0000000000794,-39.56816276331753,-135.12021715801927,95.55205494473799,-39.568166024442405,3.2611248741432064e-6
455,-0.979688357766985,-67.23115366381121,-4.985110214562603,4,-355.7266916162782,-1901.2789993888568,-1873.8952228027326,-27.383784294096493,-1901.2788468282936,-0.0001525605632650695
456,-12.971104908351242,-58.20553980870109,52.61845675044095,4,-360.1671827353216,-9389.726178154364,-9333.563944013655,-56.16222243906933,-9389.726647293332,0.0004691389676736435
457,36.107518852533694,22.9868262152385,-25.1095480644093,4,-136.85787309655063,-989.3830080769715,-825.1619741016444,-164.22102912788216,-989.3829361572974,-7.191967404196475e-5
458,8.746302546005055,-20.09798286691922,7.813958096288794,4,-264.7722501545127,-440.66656472945033,-115.43074312754614,-325.2358205998795,-440.66655790447055,-6.824979777775297e-6
459,-35.70818339562339,-48.82691916774545,-45.80559878730331,2,-113.80412833508404,203.6713618503557,32.92186211493502,170.74949909333773,203.67102961635132,0.0003322340043894201
460,20.41072006934673,58.78193227401717,-46.18157417790448,4,-267.45888589758346,309.90537503604304,95.76651521572089,214.1388566983948,309.90449803281103,0.0008770032320057908
461,15.597457927162756,-3.1871729545885774,3.1520533445788685,4,-188.32067344966836,-1067.4850307486772,-461.14103994588834,-606.3439911834414,-1067.484964799958,-6.594871911147493e-5
462,4.901991117136137,-2.7504841079101414,-0.5719370363211835,4,-215.41359149241143,-1410.956741857648,-769.1084071812814,-641.8483340518251,-1410.956662224369,-7.963327902871242e-5
463,13.97293289970287,61.93312370732727,-32.06981626667842,4,-270.1162899391682,561.90503596396,516.1638599486444,45.74117765211886,561.9047473598096,0.000288604150455285
464,55.10058287232453,15.889167728782095,18.601993997943122,4,-104.23530987311757,-330.21179425917865,3.6156925047158093,-333.82748628181776,-330.21177251593747,-2.174324117731885e-5
465,46.99673794781825,-44.936981055923276,6.0228417819021605,4,-120.38093118683881,25.569158305010106,79.73606069044575,-54.16690344521096,25.568968968581686,0.0001893364284200061
466,65.08980551971202,55.075979542441274,-9.25014200337511,4,-91.44449154880475,132.81877752831534,36.532167769709844,96.28661029059161,132.81852651228894,0.00025101602639665543
467,-29.333084803814,-52.35666988426309,-18.118016614151518,2,-154.15614844410203,112.65491996225958,139.4969256234203,-26.842005799807037,112.65357780006566,0.001342162193921581
468,-4.452647311726515,-33.13261192804654,6.760495987077742,1,-500.0000000000794,89.70561020631655,47.0922340339399,42.61337824029738,89.70551244416245,9.776215409829092e-5
469,19.208405645961903,-5.455789527570267,12.297115594683788,4,-192.9088405426702,-572.9474110841778,-138.03248075683103,-434.91492994217685,-572.9473867892323,-2.4294945546898816e-5
470,-14.054113931191546,-36.14361932525982,38.76622645573725,1,-500.0000000000794,82.62733524703468,85.58998849340686,-2.962654029461173,82.62755954322743,-0.00022429619275499135
471,-0.38319715056600695,12.198017514112768,22.781413948690503,1,-500.0000000000794,-53.27342899917677,-192.0753698961289,138.8019415695328,-53.273445695453084,1.6696276311733982e-5
472,-37.5523310662275,-34.24551559234556,-36.132524252141536,2,-90.99175743493326,147.83589928835877,6.432636594239545,141.40326201157995,147.83553611524286,0.00036317311591460566
473,-6.068337122154872,22.997990469317195,-27.884951666321868,1,-500.0000000000794,173.01855111232095,20.331449405711748,152.68710125692155,173.01845006625382,0.0001010460671295732
474,-3.0314071365720094,-1.510738364598352,-2.988467202900418,4,-237.35698131508374,-1684.202193568636,-1014.2127951603723,-669.9893994211441,-1684.202261601292,6.803265614507836e-5
475,-16.851038921211927,15.033915197020049,-25.26168968869348,4,-218.6305701950645,-7351.940075891081,-7053.322182746572,-298.6178904988133,-7351.935500860784,-0.0045750302970191115
476,-4.800905219481605,-16.63549211092086,9.755353942403406,1,-500.0000000000794,-51.7910215606908,7.022726829170859,-58.81374908055045,-51.79105542860153,3.3867910730123185e-5
477,76.73151894770773,-37.6531103765025,-40.472858036655644,4,-80.43602318662037,111.22395397720614,-28.195574916494675,139.41952828355284,111.22394355722332,1.0419982814369178e-5
478,3.4877318698185347,-0.22544573061700215,-0.313981461708408,4,-220.91545315521273,-1429.224628054682,-784.4045300210588,-644.8200981159404,-1429.2245108616096,-0.00011719307235580345
479,-8.087968402449226,35.96894110256712,-76.73299757418582,4,-171.58562752736037,-2929.119647150853,-3032.8546794329964,103.73501961143887,-2929.1181994407907,-0.001447710062166152
480,37.26827541942063,13.296531887320779,-33.47701506175703,4,-117.26285720793427,-1984.541207011351,-1445.6811698208658,-538.8600372986915,-1984.5408355168156,-0.0003714945353294752
481,3.467309412465957,-23.056218826598954,-11.249966941895442,4,-245.17402770366965,-1724.9704952935092,-1229.4927054459297,-495.47778879384134,-1724.970352120031,-0.00014317347813630477
482,-12.785684275579822,-33.82138700630353,-31.11230544739446,2,-194.560963660052,169.4336338432046,49.422302987671,120.01133035899699,169.43323348440342,0.00040035880118693967
483,-5.074965829421474,-49.21289242095877,-17.595868254337283,1,-500.0000000000794,236.07474217843887,177.97024166266263,58.104499086120704,236.07419637616354,0.0005458022753259684
484,12.562096102217064,-14.886167280823658,-12.71040892854608,4,-179.68872216065512,-1844.1894233321605,-1352.6280074686047,-491.561407575369,-1844.1894266959291,3.363768655617605e-6
485,-28.067560781918814,-15.026006002371485,-11.36779087980358,2,-138.75515977780216,96.21729363458793,-0.40203723018011545,96.61933049372111,96.21673150890226,0.0005621256856755963
486,0.35527429953409956,-0.8268212782940245,1.9409174463460905,4,-246.28323106515614,-1310.2623895854663,-685.1056701251118,-625.1567210406033,-1310.2622886338156,-0.00010095165066559275
487,1.8283990399347767,-41.08763427740524,-37.951090174648215,1,-500.0000000000794,-60.99829904851882,-55.28765051590222,-5.710647446113454,-60.99830309785839,4.04933957298681e-6
488,-40.354142973022704,30.54320831151502,-46.30211628890369,2,-89.38601847134836,212.77482136963067,3.580385244755871,209.19443569867596,212.77452832669573,0.0002930429349419228
489,-38.823600740476145,19.493564708459598,-29.168672772663037,2,-90.79539032873242,178.62423589414612,7.788138087585666,170.83609809242893,178.62405533599525,0.00018055815087336669
490,-25.831119030828795,29.832765278393815,18.76792288151257,2,-301.31982114262803,170.7926195649451,38.253858055640706,132.538762937479,170.79264873782435,-2.9172879237648885e-5
491,40.46720638042775,19.478153314538545,13.881138207935592,4,-130.85775699401802,-402.2631043127539,-39.29143813530115,-362.9716655919434,-402.2630944243576,-9.888396334645222e-6
492,62.86072270550061,-12.947687305296009,-12.991068208954797,4,-93.33550044049849,-885.9786695752167,-319.8049597172627,-566.1737098941586,-885.978528443252,-0.0001411319647104392
493,14.430081544310136,9.040726171387265,23.23185365396093,4,-230.69273598955238,-62.82024646689955,71.78071206500628,-134.6009585114968,-62.82025254323117,6.076331622750786e-6
494,11.213098809586999,42.20081958907751,-76.69974151656716,4,-142.48818356560963,-1793.491025964529,-1859.912392730727,66.4213733670515,-1793.4899341643647,-0.0010918001642039599
495,3.757789130262344,-9.949092845589144,2.530472837855859,4,-241.91786512594956,-1098.5166333050245,-533.2459165557462,-565.2707184890572,-1098.5165484714714,-8.483355304633733e-5
496,11.159142617365427,-12.14925490623373,-56.84545827357784,4,-125.00696526001036,-10701.152776744086,-10592.091355119815,-109.06139514274753,-10701.14976825436,-0.0030084897261986043
497,72.6401913534465,0.7697098589454725,0.10519097672631336,4,-83.98439914647803,-724.0607503043582,-155.81196566241067,-568.2487848805871,-724.0606513586638,-9.894569438984036e-5
498,70.14507611243639,-20.84796857292219,-4.076538854243681,4,-87.48326398550178,-523.3194311830172,-141.36632708613243,-381.9531019947284,-523.3193278120797,-0.0001033709374951286
499,-54.89707493552772,-51.59099036296924,-18.63609902225625,2,-78.56198787507603,142.14409235557835,1.2135413058565023,140.93055075420182,142.14340860304245,0.0006837525359060237
500,-2.906155462163045,20.608390923235305,29.854199092991752,1,-500.0000000000794,76.21851416324718,-24.615524200151366,100.83403836551588,76.21844833788603,6.582536114763116e-5
501,-9.329534484994129,-4.301821449629752,1.3134129884592811,4,-335.3835767533258,-1260.1282077131598,-663.0300964430606,-597.0981129538047,-1260.1281568065021,-5.090665763418656e-5
502,-35.68032971741699,-31.336880946813338,59.634259096036345,2,-172.5578037927197,124.50842629084575,60.679239508724976,63.82919370164237,124.50836491286185,6.137798389715954e-5
503,33.32444362993764,32.74546940586547,74.9705581955794,4,-123.03303320988081,131.52635637689724,192.16616952236126,-60.639806740146064,131.52616413240244,0.00019224449479793293
504,-18.390949537659797,59.16376240222201,1.770255800106472,4,-414.86006152531724,-7817.560700217872,-7818.637656304785,1.0769862976035824,-7817.5597624138245,-0.0009378040476804017
505,-0.4170146407905994,56.312531448404435,-20.81575820655292,4,-418.786085195066,-216.73023509678518,-230.2008091965103,13.470583226454028,-216.7308483722531,0.0006132754679128993
506,-7.682590971622049,-44.54466497050341,-42.406906941818555,2,-379.60810344748904,310.7089709438374,185.32711888030923,125.38185021959491,310.70785993490665,0.0011110089307635462
507,13.471895030007468,-3.236875416578861,3.5545861607128795,4,-196.39201408037349,-1072.3175355530625,-468.74690030255005,-603.5706356594237,-1072.3175045949715,-3.0958090974309016e-5
508,3.1711613079681595,-1.540876398858519,-0.8641856529741958,4,-220.56519865110056,-1460.8934786978396,-814.2889821719209,-646.6044964793767,-1460.8933752351077,-0.00010346273188588384
509,81.93841910126773,-37.67272760484462,-34.62774530701151,4,-76.2829864713346,98.10141346325244,-29.547547215861712,127.64895958312214,98.10126416641938,0.00014929683305808794
510,-70.9403273515609,-11.604593519523402,-46.63093042771181,2,-52.284586466641606,238.96937452130655,-5.049116181278725,244.01849058104122,238.9689825593681,0.00039196193844759364
511,89.98482144224131,-14.435558717556523,-35.367646556807635,4,-68.45337343967624,-856.559293712635,-380.3255208204853,-476.23377172846165,-856.5591860223299,-0.00010769030518531508
512,39.78943118763834,-17.629295159234005,-6.924106176712199,4,-129.0350575399074,-943.4559852198605,-383.776763172045,-559.6792192025043,-943.4558965487396,-8.867112092048046e-5
513,1.1876086528333591,3.8263878904568025,22.49682463989256,4,-481.8414781609799,-547.1034744438041,-372.88449539395504,-174.21897994315225,-547.1034654064712,-9.03733291579556e-6
514,-49.22987644343996,-5.802998098572599,-28.434065937737298,2,-79.97453892497238,306.67555275452486,-3.981980369205324,310.6575318993995,306.6754457088117,0.00010704571315045541
515,2.3202868131518475,22.26988574768799,-1.917803185541247,4,-269.3037369984513,-1006.1714478021674,-549.2486607629274,-456.9227863626728,-1006.1714513088133,3.506645839479461e-6
516,34.691297039087395,56.70103277530002,-25.95853179298664,4,-160.01567862362955,165.9984588319814,164.72040118022895,1.2780573285436505,165.99829766585242,0.00016116612897576488
517,21.03983505025226,58.37458206908191,-42.49033086470864,4,-256.5562129329481,274.92639516060564,100.13447657598553,174.79191670223247,274.9262265349397,0.00016862566593545125
518,35.742137191582415,-18.929750225152446,50.07061624751864,4,-126.24207600446853,196.6159268523321,293.1846673964378,-96.56873999979936,196.61597091028344,-4.405795132811363e-5
519,-54.862172385216866,23.307225837739377,72.46542907529032,2,-135.0564100216366,11.758993217257988,-47.74789673438514,59.50690658233819,11.759349015539984,-0.0003557982819959449
520,39.05820496491391,-26.502140798764923,-18.36461740559321,4,-141.91036310242615,-308.87553786143064,-274.2084648790825,-34.66707354000368,-308.8755305425046,-7.3189260660910804e-6
521,11.754353633368314,-21.28902532439168,-13.28811664272999,4,-200.07505390100923,-1579.9675547475856,-1285.549511654002,-294.4180523006115,-1579.9668015003592,-0.0007532472263847012
522,-34.4305985173568,12.882326651500186,27.901692480360214,1,-500.0000000000794,189.44741688282093,22.179545232056043,167.26787158228643,189.4480012163937,-0.0005843335727604426
523,29.508966743836325,64.72761849911555,-21.528721574446294,4,-174.8751145007317,144.1516162190244,202.58124255726915,-58.42962765962598,144.15160562556017,1.0593464224939453e-5
524,-30.08123628195282,-10.562516943430078,44.963809576495294,2,-213.63273587992225,9.247501488449087,-15.254354890859197,24.501856093991798,9.247690485545062,-0.00018899709597519632
525,-16.63524178545353,-7.318034470485748,13.207933096339579,1,-500.0000000000794,69.9341826761379,7.096329567840747,62.83785317065863,69.93416720866733,1.5467470561247865e-5
526,0.7397853509772264,56.688013908641196,17.057710988943438,4,-328.3036231702371,154.3796771210539,122.55820096015967,31.821470559122293,154.37951390606466,0.00016321498924298794
527,1.7140293876138377,2.4532878502866904,-1.068106654669226,4,-224.14161001931387,-1513.2804198449078,-858.501217147417,-654.7792040961867,-1513.2803930807295,-2.6764178301164065e-5
528,-51.411308608587554,0.23688658850848487,-48.703413729094144,2,-172.08400346051005,601.4240855145615,-38.269226698244566,639.6933124685141,601.4245159222032,-0.0004304076417156466
529,-5.296519161903938,4.053785665065211,-4.830092374255642,4,-237.4110976280069,-1848.9577688299396,-1174.4247083636585,-674.533058751684,-1848.9577978473408,2.9017401175224222e-5
530,-4.593167257779287,-7.488380716165019,-3.622492905372373,4,-247.41840838042046,-1643.5976467219225,-997.6274732791911,-645.9701733190295,-1643.5973947077325,-0.00025201418998221925
531,-32.712854675919885,57.07853740201433,61.92897723223468,4,-324.34136284042813,-10298.4403497593,-10422.908103167561,124.46775523519887,-10298.440101056367,-0.00024870293236745056
532,3.7782239511793962,-6.667471710983644,-28.62663115888273,4,-161.68925140288547,-6234.758789128377,-5856.630967858286,-378.1278412185156,-6234.754355068757,-0.004434059620507469
533,-24.11127034670972,-37.890753983525876,76.11818842312839,4,-324.33799631134826,-6220.3938395606765,-6180.087149177552,-40.306663337601016,-6220.392515586408,-0.0013239742684163502
534,-17.421138975382043,-10.23713965653093,-61.79520758301217,4,-135.2913881083976,-15174.682903834151,-15388.77852011688,214.095593207858,-15174.684775895788,0.0018720616371865617
535,6.060633536758019,-5.526311249303068,-4.551624441529914,4,-200.63278528224134,-1629.4981161172116,-978.7188743828185,-650.7792417862005,-1629.4980635361217,-5.258108990346955e-5
536,28.16663750518583,-42.39278246882234,-21.41299742947747,4,-200.6424195434608,-4.857647444066158,57.664171319524115,-62.52181855846453,-4.858054241656563,0.0004067975904051835
537,40.74346326295587,-43.74836890373099,29.22666483690381,4,-122.91940396491145,77.99382419832902,179.2699397170881,-101.27611583703091,77.9935739907697,0.0002502075593184827
538,36.97630339689299,71.57504702249744,-5.852806559233385,4,-132.37420744131208,230.40638383624778,278.8098118430507,-48.40342953998646,230.40603311655912,0.0003507196886687325
539,13.047981160685934,-53.35741734013728,-48.32311538428143,4,-331.7054732963556,556.2104086036557,490.61063237880313,65.5997754583702,556.2104768727224,-6.826906678725209e-5
540,59.53563076628231,57.85883572089453,12.156260114492376,4,-94.2124284269621,88.2065310421854,94.8323589684248,-6.625827556409421,88.2062195161546,0.00031152603079931396
541,-17.01271828188883,7.72937363978268,-82.0239966233446,4,-113.50200030268257,-15493.963026985388,-15801.196168372648,307.23317045720535,-15493.955840689889,-0.007186295499195694
542,19.762785607083885,75.76983153981637,-34.64289799877862,4,-236.59195444292587,223.21079165533433,83.47172139387266,139.73906819333587,223.2108126395295,-2.098419517437833e-5
543,26.89634282029133,15.31009635714087,-41.15667314737459,4,-125.93571247524395,-4014.921764123287,-3648.129728086041,-366.792031457687,-4014.919015680594,-0.0027484426932460337
544,-38.845126643643574,13.180556339646499,-39.858557936894684,2,-141.860954766201,250.3753390622943,-30.714973070351025,281.09031023091416,250.37498006937648,0.00035899291782470755
545,1.201985332097036,-7.835412949525878,2.146424305786407,4,-249.37879275379584,-1181.165497725555,-597.7984779361457,-583.3670228479914,-1181.1654330469369,-6.467861817327503e-5
546,30.960346106034716,-22.21312717167337,18.82560689683854,4,-156.87070540652917,-149.04206516989092,44.75029751878168,-193.79236282431006,-149.04210481827113,3.9648380209200695e-5
547,-19.742022686799565,2.897397064823747,19.390177167207586,2,-368.428479199928,13.729168213583208,-15.168564455176917,28.89773212377351,13.7292186664012,-5.0452817992763244e-5
548,-15.591863196799943,-3.039086327356999,3.334225038776663,1,-500.0000000000794,42.719139971132556,10.8389889142911,31.880151023682142,42.71914121696272,-1.2458301625883905e-6
549,-2.6945721320826106,-38.06494207353936,-18.428392551629305,1,-500.0000000000794,237.15182003980988,209.673489336896,27.47833173847844,237.15198140037438,-0.00016136056450477554
550,-32.45330329688936,-53.623466834061475,60.16413559454834,4,-329.343314317164,-10632.87638094294,-10573.467060172232,-59.40935890681607,-10632.877974660898,0.0015937179578031646
551,-23.746231831929542,25.601832348894252,-33.29512794581397,2,-136.55793823455255,193.55087341219112,16.18240988975387,177.36846433896483,193.55042658984223,0.0004468223488913736
552,10.819217813893447,-24.855708081618953,-48.65025771994968,4,-345.8665513819098,-2672.509889885317,-2753.077270335037,80.56738459713738,-2672.5091826853613,-0.0007071999557410891
553,-5.842798931550392,-11.473488262809775,10.017518050192841,1,-500.0000000000794,-38.723978356309175,-2.045490427479296,-36.67848801273177,-38.72398547054577,7.114236595384682e-6
554,-7.760480718972758,-80.16397407629266,-44.891473434086954,4,-387.5188746763996,-6181.651894600664,-6118.973505199115,-62.67838264012651,-6181.653026125372,0.0011315247083985014
555,40.66964355127284,5.279670170668217,59.04480416924963,4,-112.22912793785183,261.6285076254631,356.35067484378794,-94.72216826235602,261.6286449830331,-0.0001373575699972207
556,-7.8722731958942225,-17.412543522144325,-5.808491909542861,4,-313.3499003205846,-1353.503771508368,-762.6411972663593,-590.8625735236986,-1353.503837157643,6.564927502950013e-5
557,29.717900641610687,9.713514542356018,-5.275711431939722,4,-144.0264992900173,-1120.535381356182,-503.03612663306814,-617.4992541678082,-1120.5352815595181,-9.979666378967522e-5
558,6.845097327680176,-0.7286981588394469,0.014668833360769625,4,-209.5800267856192,-1357.9114275401473,-718.9580246427596,-638.9534027089073,-1357.911301586028,-0.00012595411931215494
559,-16.630814272526703,1.0193377036036115,-15.315585791924295,4,-234.76167957771455,-3096.9072870617933,-2415.0210566350515,-681.8862344164438,-3096.906187397306,-0.001099664487355767
560,47.09516001946058,1.2440104344354483,-16.120984739291593,4,-109.75324187229732,-1233.6240831517466,-561.0976843270819,-672.5263971143457,-1233.6240618204445,-2.133130215042911e-5
561,-27.471756149825197,28.223619042390165,-38.04530631058662,2,-118.92364153094724,201.9125065315549,14.8375474099843,187.0749597580756,201.91240934534554,9.718620935927902e-5
562,-38.342841745111286,2.868046936632013,11.227709647419989,2,-112.89595136187114,59.018878164612765,0.9855135131573407,58.03336448132524,59.0188936336873,-1.5469074533314142e-5
563,-63.51089003754273,24.885172699806922,-10.418490821112814,2,-52.96854854407336,87.31423770886168,2.192342046971649,85.12189574463993,87.3152332916357,-0.0009955827740242285
564,-57.632172438004844,-23.313514087829954,-17.15098195459932,2,-57.49538266923918,88.74979417577816,0.5125695157185439,88.23722437661964,88.74762810568242,0.0021660700957397694
565,-69.30358313402701,21.75696410333624,8.38898837324278,2,-50.29846489234131,86.6529089249866,1.6923376916656245,84.96057066200619,86.65085840088929,0.002050524097313655
566,26.401535344105554,-39.498967397371416,37.0095154488989,4,-155.7958284638078,182.42528660881112,255.75351440869014,-73.32822802693292,182.4251889832123,9.762559881210109e-5
567,-63.76387509688998,-27.78985337236556,5.372168381383792,2,-55.8853039563242,91.61485788296034,-0.48858847091215296,92.10344614874697,91.61214260093797,0.0027152820223648177
568,14.886117150455028,-2.5276005527668803,17.778940952310734,4,-225.13367837615732,-271.3910709489881,-4.9450932184545024,-266.4459772009514,-271.3910618621085,-9.0868796291943e-6
569,-15.854660912674888,29.22555207991526,-8.928203983294988,1,-500.0000000000794,159.730666629982,5.979582001273024,153.75108480143143,159.7306416744527,2.4955529312364888e-5
570,-17.400701442675615,77.91321553171886,55.655704743554026,4,-289.0713064179067,-7817.558359368227,-7731.6334292767,-85.92491885537912,-7817.557696322034,-0.0006630461930399179
571,-6.979904987639864,-4.1005276032622335,-1.4109365886032106,4,-272.3088595948255,-1551.968030053533,-880.1766547488871,-671.7913779365209,-1551.967966469217,-6.358431619446492e-5
572,51.56917126208119,-7.4621388646885825,24.857631952055225,4,-108.84233114981743,-255.25223412643888,44.41251906962178,-299.66475295629095,-255.25222674259447,-7.38384440523987e-6
573,29.376286191830523,57.37629988197893,-12.007809521378139,4,-173.0917294183206,119.29159908746941,181.23464728650205,-61.94305002555658,119.29121326955664,0.0003858179127718131
574,-43.08458970641685,-9.249800792588596,-0.8604735496606363,2,-83.30540525159569,83.88060044748966,-1.4433183323316927,85.32391828753013,83.88007706691566,0.0005233805739948139
575,22.510203460530366,51.839314570335745,59.68171733195087,4,-172.12917114532453,-10.606593676467249,-91.29732998423623,80.69074034958145,-10.606820536402399,0.0002268599351502587
576,-14.498695322216097,-6.854128875481436,-5.084201322071139,4,-318.4400731328313,-1641.259534572659,-930.1431739461765,-711.1163670488047,-1641.2595451985583,1.0625899221849977e-5
577,-7.721333137853292,-11.595619065779031,-4.714598657736793,4,-276.05486205802254,-1576.3445134102137,-929.4918923891056,-646.8526222822686,-1576.344601516304,8.810609028842009e-5
578,40.334864241688166,7.903365627099398,-5.112143933933217,4,-124.05332304369486,-1027.796618661309,-392.3834681722749,-635.413149815433,-1027.79658175002,-3.691128881655459e-5
579,17.92533182035333,34.621986614974816,-89.69458575914635,4,-107.70561263893205,-6799.924612460804,-6952.660904575246,152.73629045469818,-6799.920870586131,-0.003741874673323764
580,-17.332943375283598,-11.914856449882008,47.383425365252215,4,-419.99408974957447,-15198.861347188922,-15156.598572776424,-42.262786880768616,-15198.911429430253,0.05008224133052863
581,-2.978148602713613,2.803596085843505,11.208291332218977,4,-410.4027514212828,-405.1013950334063,-138.92066886115506,-266.1807254754316,-405.1013848495652,-1.018384108419923e-5
582,60.388304817772244,-22.72615125462872,-31.97243574487476,4,-96.41679178842921,-467.50044907582395,-401.41034603475356,-66.0901018648754,-467.5003746107773,-7.446504662311781e-5
583,-1.5103744655773892,5.4122629703957355,-1.5548807542340217,4,-237.26064707032268,-1563.1964958191284,-908.6767975579601,-654.5197024132418,-1563.1965308868955,3.506776715767046e-5
584,-11.861594037238904,-0.9654844889688349,5.762351056966736,1,-500.0000000000794,18.35850174875136,18.294391848589157,0.06410982728601022,18.358501959371512,-2.106201506535399e-7
585,-7.295853171182849,15.50950044737994,84.85528216984467,4,-373.37832093040714,-9325.673073927353,-9273.33731024535,-52.33575723818954,-9325.672016726894,-0.0010572004593996098
586,37.20571100425813,2.1977881131224413,40.6568587012082,4,-129.66333328710104,7.128693527359205,148.23746518891437,-141.10877168751836,7.128686906618235,6.620740970575412e-6
587,72.22210427983768,15.717010158009217,-32.601658526782494,4,-81.44075337290631,-930.4619476674133,-486.04399117335925,-444.4179568712732,-930.461765008414,-0.00018265899927882856
588,-6.284223878747986,-33.7168675288254,41.92362060211251,1,-500.0000000000794,-927.5262020036165,-945.7955090670674,18.269299271115898,-927.5259921741958,-0.00020982942066893884
589,-0.04054521909178667,-0.04713967103297616,0.025802146144962762,4,-237.68740996508495,-1451.8608375249814,-804.5957380167529,-647.2650998033625,-1451.860800403814,-3.7121167451914516e-5
590,51.81270301707421,-75.44338769315611,-37.00744205238778,4,-103.1608028666036,429.64721716267906,391.9446817051392,37.7025352280373,429.64730021276955,-8.305009049536238e-5
591,-12.419005239884026,38.365759983868806,-53.22789162042462,2,-173.8404666107884,284.9431383616869,141.54741905965872,143.3957192137978,284.94203809247824,0.0011002692086776733
592,39.13991178150672,13.511436123809624,11.550592445780564,4,-132.961864334245,-529.7016136297777,-91.79432820488921,-437.9072852285334,-529.7015813398096,-3.228996808957163e-5
593,-40.97429840035126,-43.21243608752441,-47.40089977990522,2,-93.40870091642756,179.86230264939257,1.3293403262075414,178.53296219318133,179.86176071702067,0.000541932371902476
594,61.527020516390245,-13.43160884681736,17.117512225562166,4,-96.15592803138368,-374.63270731653853,-7.863577422610705,-366.7691300547219,-374.6326868095396,-2.050699890787655e-5
595,-46.66381195422024,-69.06707470414086,-43.87323649894162,4,-308.28119051619535,-8425.920804771322,-8556.300173989743,130.37940330804915,-8425.91679996332,-0.0040048080027190736
596,-2.0157978935346565,-2.8935352635983738,8.403916446163944,4,-336.823369442737,-712.676258842169,-289.48700800857273,-423.1892498921,-712.6762283519192,-3.0490249741887965e-5
597,-28.243679187254397,6.143148172129491,-5.844227704545679,2,-179.01000966634126,104.2337823203818,-0.3446464984618473,104.57842863117286,104.23371124150506,7.107887674351332e-5
598,8.212732730795555,12.835665790707969,26.82647425317262,4,-309.3927899266465,-35.080221184278834,18.945670671393007,-54.02589267539399,-35.08024282773394,2.1643455106357123e-5
599,26.938464463065387,3.1479148747575736,-58.73827059503152,4,-108.70930850823021,-6391.8178883641385,-6035.729414028898,-356.088469166237,-6391.814105604112,-0.0037827600262971828
600,-10.110036870492015,-8.877996692103963,43.69048958038971,4,-434.51302452689697,-11688.234384247544,-11346.299451875564,-341.9349636957689,-11688.229459210272,-0.004925037272187183
601,58.01127883049321,26.208729117259292,36.974118507616986,4,-95.76179550436345,-57.5323690104341,110.76821757603145,-168.30058638407985,-57.53242881249628,5.9802062175151605e-5
602,-93.72503430848523,-3.8701493955033395,19.759844709181657,2,-36.469805846394124,66.89250986535566,-0.7092672771029416,67.60177735507203,66.89143205861488,0.0010778067407812841
603,-27.842946591702027,-24.410975206967837,-13.436720571312279,2,-124.61108892420779,119.43233424527635,-0.22860660789267356,119.66094060684294,119.43301374104135,-0.0006794957649987055
604,-36.11593272313501,10.641459533575913,-51.33241259759491,4,-159.75566127110562,-15447.431268080376,-15682.647294066825,235.21604456043008,-15447.426073577704,-0.0051945026716566645
605,-1.1177164601016933,-5.486974327880154,5.152169122790521,4,-285.67202650786066,-1014.6673244077181,-472.0733887098675,-542.593933253948,-1014.6672567796284,-6.762808970961487e-5
606,13.46063645783105,48.98905586999624,68.42821383395466,4,-213.73793894205238,182.44153736089152,121.27186128401594,61.16967705701696,182.44066202155744,0.0008753393340725779
607,-7.666926348904027,22.88359208844633,11.542380271731284,1,-500.0000000000794,81.19493402357223,2.588543602820045,78.6063904993637,81.19486938886863,6.4634703605293e-5
608,45.993457026407,47.98370835078755,36.247803793574946,4,-108.27292690613247,131.90254196838353,221.63417067961043,-89.73162924791687,131.9023924701217,0.00014949826183396908
609,10.847944919624323,16.182362803789328,14.378507252345342,4,-250.8219039644286,-247.78335083750787,-26.114237703039418,-221.6691135315963,-247.78335036403453,-4.7347333520519896e-7
610,-8.128379409671044,14.066682913540472,2.36681938501982,4,-386.1023749919739,-846.6227077847244,-396.96894293286493,-449.6537624972335,-846.6227074009947,-3.8372968447220046e-7
611,0.3844741531610757,33.27990517551242,-48.81038828560563,4,-371.8720825269218,-13275.732462059163,-13358.634053740436,82.90156413551128,-13275.723204239392,-0.009257819770937203
612,-3.691929629941443,-34.370749099335946,-17.452316991343086,1,-500.0000000000794,171.12502861925535,119.03795462435816,52.08707583736625,171.1248435123195,0.00018510693584516957
613,-20.735311054101185,32.905208075060635,53.100639648978046,1,-500.0000000000794,-418.86258837008285,-430.229578161661,11.366983906797731,-418.86212895737117,-0.0004594127116774871
614,-0.010983877829979286,-0.22317572642601058,-0.09030716941759748,4,-237.04413414070072,-1458.4248541115892,-810.4069077020835,-648.0179467275307,-1458.4248733214208,1.920983163472556e-5
615,-2.2940881747686874,46.16547800833239,50.871544952944944,4,-400.7611063347805,-3171.907125409264,-3186.269164870317,14.362036979560894,-3171.907332816033,0.00020740676882269327
616,-54.10006036843445,-14.256372478302467,-29.68953718661391,2,-63.289963475399624,146.94840977350069,2.6425288305108516,144.30588046335586,146.94825967716991,0.00015009633077056606
617,4.561110994773077,23.583325717960957,28.67078959458004,4,-354.50282150262416,63.91322914455989,-21.863017711887974,85.77624503960446,63.9131745737246,5.4570835288814123e-5
618,13.583647801389818,27.718780935939364,42.63620717029845,4,-232.15180912893194,60.7584073957286,2.491916358679809,58.266492768610526,60.75838035748295,2.703824564775914e-5
619,-47.79471599950127,-1.2109722251155637,82.1592716401117,2,-136.4538850228225,-40.77241218805514,-86.5088164402296,45.736401408145596,-40.76953581362658,-0.0028763744285598136
620,18.754060575927127,16.122568637315553,16.40183765787418,4,-202.60136320995156,-217.1930660599935,-10.393631516902419,-206.7994351476197,-217.1930761745402,1.011454671129286e-5
621,-0.9382554532600991,-42.76946098651828,6.079622927874736,1,-500.0000000000794,68.76394830069597,-22.576415176735104,91.34035987971319,68.76393966464225,8.636053721033932e-6
622,45.310396345745765,75.86154244272882,-45.9442056103292,4,-113.0313214367467,549.1572329902287,511.1442228625373,38.01301160067557,549.1572485067401,-1.551651132558618e-5
623,-80.7978297651019,21.335374409409432,27.799416069167233,2,-46.29926808418631,84.8178321481539,1.285323491071225,83.53250821603025,84.81577709601677,0.0020550521371234254
624,-5.856606240728794,8.150712848564478,-0.2780929215104328,4,-276.2445107710484,-1437.7612279619423,-801.5088332469464,-636.2523915796081,-1437.7612268249916,-1.1369506864866707e-6
625,37.94511386610292,35.462329984216886,17.784998012893436,4,-137.18904094309173,-75.3370031265638,79.62848843649616,-154.96549198161227,-75.33712378459495,0.00012065803115035578
626,32.32346616231399,-27.502154470276565,-12.379826543820327,4,-161.67675858760973,-685.1713080299459,-343.4423736619119,-341.7289358957508,-685.1712295859556,-7.844399021905701e-5
627,-22.170779269965504,14.733581626801188,14.087895226629964,1,-500.0000000000794,-86.04345970370072,-120.12858745590313,34.08513076820396,-86.04302160276661,-0.0004381009341045683
628,5.7945299002913035,-3.9340655409497822,3.4489970456927823,4,-227.30289967123008,-1147.6649925358586,-544.8189148735285,-602.8460791705663,-1147.6650196910875,2.7155228963238187e-5
629,-20.68863449698539,1.1614884455399157,-82.19896849067071,4,-113.68077764091089,-15915.960019223363,-16268.651814806597,352.69179607177074,-15915.970495393512,0.010476170149559039
630,13.650924955363918,17.700859193253947,5.092506213737587,4,-210.2812608599845,-742.2872443159174,-307.96715594830664,-434.3200899217868,-742.2871714948819,-7.282103547368024e-5
631,-69.5009034148557,-4.026989613737734,42.89013481237129,2,-151.54168657652033,282.93350691968607,321.60097930881295,-38.66746099479098,282.93454148764414,-0.00103456795807233
632,-31.925529693197348,31.85854071122913,-4.088428790721835,2,-127.53004345666035,134.86129421795428,7.552014136416812,127.30927966184852,134.86107451377416,0.0002197041801252908
633,-1.6594648388465019,-0.505967271689983,0.4568026897370089,4,-248.64778261312318,-1432.0970643696833,-787.4726172253096,-644.6244473179441,-1432.0971487027837,8.433310040345532e-5
634,71.82411255733285,31.83034202369796,-25.45768318029607,4,-85.4814847666373,-31.80018161802274,-84.85295415271524,53.05277329831508,-31.800169260656862,-1.235736587901215e-5
635,18.27712077252249,57.71173439940953,8.20084288425279,4,-202.3333225384714,151.0418633032849,177.33554655390168,-26.293684636330966,151.04168014538178,0.00018315790313749858
636,20.58975284947667,-5.649007820584265,-8.247332201368213,4,-158.95572915294542,-1483.3687758073875,-835.2729178414961,-648.0958596872617,-1483.368833368165,5.756077757723688e-5
637,48.755151451085595,-74.62714158919525,0.33994606350285295,4,-104.9374291931206,272.48383627745704,299.7769940405874,-27.293159063985186,272.48284843514165,0.0009878423153963922
638,41.28237729040574,2.010811925108359,17.215213622997993,4,-128.35432380781555,-424.09136797187006,-33.11290323663353,-390.9784644219236,-424.0913447883284,-2.3183541657090245e-5
639,0.45080392462015373,37.061569422587105,-4.175878989781959,4,-454.27994135528724,99.47761047572637,37.38466032618306,62.092950556825116,99.47755213979988,5.833592648230024e-5
640,-6.065399212935175,6.900527468814625,13.836576721254374,1,-500.0000000000794,-13.463763532119382,-11.260954606332424,-2.2028087381065453,-13.463766919390624,3.387271242161205e-6
641,21.90175919403628,-5.172175885304317,2.2134296399566495,4,-168.495559607674,-1019.1795777301776,-417.0469783057061,-602.1326004766462,-1019.179564573757,-1.315642055033095e-5
642,-0.5618446645625842,-22.74202908591994,94.02621465743267,4,-273.19207404369934,62.45108295075658,56.216110029126845,6.23498488630797,62.45285582014377,-0.0017728693871887913
643,17.838221638404775,-27.68033745722122,-14.217920935054414,4,-215.83901894221628,-880.461569680628,-631.0663882650977,-249.39518533201047,-880.4617196763693,0.00014999574125340587
644,0.5518825119259635,24.97481288069293,-16.312953241374455,4,-258.68529389441204,-2227.608663068382,-1892.73558323348,-334.8730828907896,-2227.608261521563,-0.0004015468193756533
645,12.4056576089213,-12.498166372567981,20.678400510217664,4,-249.45152735636097,-68.7505492654446,70.87603807536536,-139.62658764185718,-68.75055914676297,9.88131836265893e-6
646,-3.010487388224991,-9.310235923485665,2.794868197783807,4,-292.32682385475744,-1098.250358479542,-542.9156897118826,-555.3346704198677,-1098.2502749145076,-8.356503440154484e-5
647,37.93836947985737,-10.7184335712048,90.94628545967784,4,-106.73235823579807,240.66458614372223,298.36286180273214,-57.69827819069662,240.6646943301934,-0.00010818647118071567
648,10.973816834300147,-5.814798014136203,-0.4200909877050853,4,-195.93244295015097,-1304.5551295272892,-664.3544855479277,-640.2006435753311,-1304.5550240985883,-0.00010542870086283074
649,19.815289643286544,9.2855896671764,53.96595276491882,4,-208.30419131477768,-27.50042160896881,-20.551387424910235,-6.949033633813288,-27.50054200519472,0.00012039622590975796
650,26.663236474265425,2.343773313644489,-26.335376576482197,4,-132.18625804935044,-2262.0225480209515,-1661.599559288899,-600.4229938685617,-2262.0224026053243,-0.0001454156272302498
651,48.98956003469176,-20.55371984903106,-69.00290127881462,4,-95.07466961133899,-3935.5364001835337,-3936.1820885882767,0.645688064426309,-3935.5335718069423,-0.0028283765914238757
652,15.930485447492998,19.403721477667524,-31.30728763002001,4,-157.70140049999185,-4957.253645634501,-4624.540908618789,-332.7127062889376,-4957.250994619284,-0.0026510152165428735
653,52.358096243431376,11.701610941779768,32.256741131685594,4,-105.57853267333313,-144.91839427605834,83.58437128707247,-228.50276578590984,-144.91839779232748,3.5162691460755013e-6
654,24.678398192086306,34.56121845872414,-2.9782894129079307,4,-192.09071361639158,-287.7164695764315,-84.40859171757883,-203.3078757184991,-287.7165972579265,0.0001276814949733307
655,-30.723724853674696,58.299723000605766,-59.566783416913694,2,-147.3545712539687,253.83462122820396,226.66862423935734,27.16599843162446,253.83386152402252,0.0007597041814335626
656,48.97158083832098,26.11190188013641,48.88789202885996,4,-103.10985913352658,82.56842314988552,200.3867439580713,-117.81832082257591,82.56835710494694,6.604493857764737e-5
657,2.075851112491096,-3.2611523455750797,-1.5394040313663686,4,-222.904549278604,-1504.6506455524798,-856.7071847596376,-647.9434610719313,-1504.6507166050228,7.105254303496622e-5
658,30.525356321521368,-46.881696881150894,-53.25789203456429,4,-201.44778444548894,225.72001048745793,115.98495085904175,109.7350613629495,225.71970360640512,0.00030688105280773925
659,-40.74662608383879,76.39794430574533,24.11600881289953,4,-309.091860626162,-8105.385168530109,-8022.367162060516,-83.01799552987973,-8105.3869633384,0.001794808291379013
660,2.394523099174186,-10.477861448959901,-59.40924985202193,4,-127.18750879158341,-13308.542850842723,-13285.379824454834,-23.163045550867658,-13308.536647461393,-0.0062033813301241025
661,-0.7679970420397747,23.80731867832302,2.350775181388639,4,-353.35070719183403,-395.08640909378704,-199.50930729943133,-195.57710136181248,-395.08637624768517,-3.2846101873929e-5
662,-55.295868255244216,44.55859751541461,39.20849737192608,2,-155.1560096063777,-111.57507847915566,-517.7461270349048,406.1710504312269,-111.80882866030275,0.23375018114708723
663,9.871920720804123,-38.93463587460927,77.51541461468965,4,-240.240182478775,698.4961570523091,666.823177097229,31.67295941484056,698.4959182456901,0.00023880661899511324
664,20.454896751550343,-92.18000455362593,-21.38264667877272,4,-208.67034024430183,187.0759322934778,32.77933278760027,154.29661174261182,187.07471945515297,0.0012128383248182217
665,-2.088937190006045,-62.67729212236155,24.945427909024154,4,-359.49185500040943,-2626.2611038863797,-2590.9866294178637,-35.27447647030968,-2626.260894033732,-0.0002098526479130669
666,1.142298689192965,19.45203102074526,16.48015785881634,4,-406.4089770232284,21.530935153261375,5.24784792123331,16.28308710470129,21.530885165806513,4.998745486162193e-5
667,-74.20866305300089,-40.393533992148036,-33.78225425992498,2,-47.171011701309745,121.30821374806983,0.534419818309473,120.77379334423017,121.3080995375296,0.00011421054023230681
668,-43.677902214036585,33.41747527639193,-2.2128110821285674,2,-89.15047887549386,113.23558442551068,5.723239239178945,107.51234468534992,113.23409985918856,0.0014845663221194627
669,7.8915331748344615,-25.48138374806706,12.7700165824418,4,-300.4213307442759,-30.742472787355865,75.79495823109582,-106.53743123318425,-30.7425130529022,4.0265546335405134e-5
670,17.76910017233219,-59.930121264630245,-5.904132728013444,4,-216.52463577489854,179.24158489032482,183.66709459021482,-4.425506667760644,179.24138107156125,0.00020381876356623252
671,-55.921501552205264,44.75954505263589,23.903556861433923,4,-325.5569180741824,-9910.575158635169,-10208.393457254948,297.8182401225717,-9910.568911109693,-0.0062475254762830446
672,45.19632326962621,-24.729701902797316,12.139026385959175,4,-123.39407925554954,-320.5909231002434,-12.147866809241474,-308.44305668815076,-320.59090690262764,-1.619761576421297e-5
673,2.697601994899173,-70.9950754150212,-26.278583554842612,4,-361.57600406211645,-2271.415864745901,-2254.638002727457,-16.777875722180863,-2271.415738873115,-0.00012587278615683317
674,-23.086002609306835,9.312441817125913,-16.68598805335044,4,-270.98356049922876,-2343.384800766319,-1531.5360057528185,-811.8488009686954,-2343.384482120624,-0.00031864569518802455
675,-82.19832105208356,32.529362080474804,8.413500077085565,2,-42.62701800665364,90.8400318608187,2.1409230654249454,88.69910845492264,90.83281257944142,0.007219281377274456
676,-28.541698168572598,4.67989713068694,-23.03731277792946,4,-227.4160121422525,-3528.6044052658613,-2680.909269397362,-847.6951189829315,-3528.60258191781,-0.0018233480514027178
677,-14.918885993841041,-24.84288973811451,-23.263762547044553,2,-231.59149237292712,152.62164311304497,1.9214177937211552,150.70022466213848,152.62122881264267,0.00041430040229784026
678,13.11797464725398,12.387118646493384,95.83792157502107,4,-229.82812987505994,-1264.0624368426454,-1374.9258595551657,110.86342408244721,-1264.062248314914,-0.00018852773132493894
679,-33.37998525855995,21.32663495053058,47.3183005752358,2,-204.7585829892385,142.2592386788921,113.66283061862535,28.596405932296868,142.25928996113416,-5.128224205463994e-5
680,14.362379210159705,6.71470241052726,11.093637644965488,4,-211.0608150782103,-658.7413029411632,-199.41668355956307,-459.324617742354,-658.7412719237798,-3.101738343502802e-5
681,87.23909822905047,8.990614779779916,-24.279478452216786,4,-70.76070040341881,-924.8119203073419,-314.3921180190382,-610.4198026104488,-924.8117654185191,-0.00015488882274894422
682,-7.094736858776134,27.88970915631405,-26.261534943653583,4,-486.5476259713873,-3889.416941924145,-3636.1673873277045,-253.2495557392962,-3889.4170171508,7.522665509895887e-5
683,-31.886376788846015,16.979878667584227,68.98794471597553,2,-175.43345627850897,52.28868535024429,14.668003597572126,37.620686276654354,52.28653369093986,0.002151659304431064
684,-23.229512535939158,-2.1943875401621598,79.86553544601499,2,-295.60930074035554,159.20827438461185,-50.814924585144446,210.02320129938113,159.2080463866296,0.00022799798225037193
685,0.5784777328949442,3.325966466300947,0.04333335912362406,4,-233.67032380490122,-1454.0120802552615,-806.6467512072388,-647.36532945957,-1454.011939656535,-0.000140598726375174
686,21.048360277438434,-54.54533230719616,-61.05357831983896,4,-262.8464310702954,-149.10105001702166,-258.96624169805165,109.86519288987573,-149.10054860408508,-0.0005014129365861208
687,-12.467375553310433,-11.931760947141097,0.5350563066134196,1,-500.0000000000794,-142.73900302358868,-27.32934845764297,-115.40965502220693,-142.73901509997592,1.2076387235993025e-5
688,-23.024247042007275,-31.110254561740874,3.688351941358709,1,-500.0000000000794,87.29947872936144,-30.836955674552794,118.13643862534855,87.30008185765902,-0.0006031282975840213
689,-43.18633605072699,53.61678241785448,-38.778701730103926,2,-103.99264564130641,214.12576397168422,29.404580414431077,184.72118477021644,214.12519982660484,0.000564145079380296
690,-4.0746485486386055,20.767566528714582,6.600397978982719,4,-459.95262245123104,-223.9609323528137,-78.48784371758858,-145.47308863094068,-223.96096326777166,3.091495796070376e-5
691,11.444435786253615,33.04426384775713,-19.74167536768712,4,-294.8891247170195,-288.09681443664226,-352.48378294271276,64.38697318408872,-288.0969619452001,0.00014750855785905514
692,-57.35263320151779,59.643558345872414,-30.900934613241237,2,-90.46761716352457,184.19517567981592,15.13650633829775,169.0586699779352,184.19507236360946,0.00010331620646297779
693,-12.289380257619019,-27.25694292481434,7.962557394028623,1,-500.0000000000794,101.06111444869083,89.65405519532726,11.407058681668998,101.0611189649267,-4.516235875939856e-6
694,1.6398843034633024,-22.24375769860666,52.11006887302887,4,-497.23179485141173,235.66699382566804,189.70979188820013,45.95720109439086,235.66720713733145,-0.00021331166340132768
695,-24.883354387603625,-2.000945996472576,1.5011326083599625,1,-500.0000000000794,82.13892333993132,10.651482874314967,71.48744074542593,82.13891292773181,1.0412199515030807e-5
696,11.88733010401828,-24.18798008382575,4.720981413285939,4,-246.05729265030283,-330.08735941824125,-97.02869015853096,-233.058668962989,-330.08737567392865,1.6255687398825103e-5
697,1.9385014757184653,-54.83065216012533,-14.265846420708492,4,-374.31668350711305,186.89791766995916,145.5197311203481,41.37818660084287,186.89754985475378,0.00036781520537942924
698,-55.43725687975082,37.89993652511962,-7.318801967279249,2,-66.09446849232228,106.59572236425497,3.195807036682731,103.39991487375264,106.59388048586234,0.0018418783926250626
699,-15.653917520136106,-64.6775646174795,52.8034894029913,4,-327.84618901190214,-9764.650230308805,-9702.79068275519,-61.8594968673465,-9764.64613680902,-0.0040934997850854415
700,21.9700112382098,-4.659015392912043,-2.391856175794976,4,-162.5686987053065,-1209.856467592582,-573.466296791801,-636.3901698568553,-1209.856372059493,-9.5533089051969e-5
701,25.361035447623404,36.25363666138939,-17.305688746775477,4,-208.85322051919357,-234.62077195305199,-77.11204162626643,-157.50873146619784,-234.62083301165796,6.105860597926949e-5
702,-29.34026928939637,-41.798950259266334,28.598566703639115,1,-500.0000000000794,-1800.552023156559,-1996.807689078012,196.25566287366908,-1800.5518620447378,-0.0001611118211712892
703,52.86599083895399,-66.08994293612602,-49.34963659938058,4,-103.68443252120082,448.5064560820021,386.2207269758022,62.28573016665453,448.5065001871075,-4.410510541674739e-5
704,11.50675298223239,-30.85195165499523,0.32675877221629585,4,-268.05590309194787,-49.70199257548626,-2.4443308849432626,-47.25766156322645,-49.70210982126533,0.00011724577907301637
705,1.1232158517196187,-3.1103927272824197,-1.624653735301962,4,-226.32432491819165,-1523.3756972744486,-873.2948332514658,-650.0808648743479,-1523.3755321875783,-0.0001650868703109154
706,-40.8558950142086,-13.813890237444364,-38.471958913397216,2,-112.53448466413066,247.33298812807072,-16.163145311550306,263.4961335382108,247.33287575795438,0.00011237011634079863
707,28.59711964404764,-32.773987166919945,-6.865073840612716,4,-181.88951413307618,-399.7246468436288,-125.90264175558762,-273.82200567783445,-399.7246702700481,2.3426419261340925e-5
708,33.55028062628937,23.887515622812863,6.304821429148189,4,-148.96140281852433,-506.33541429718645,-113.60161229955487,-392.73380110704727,-506.33538402132814,-3.0275858307504677e-5
709,-20.371569637745154,-14.62311446247995,22.81379953944387,1,-500.0000000000794,89.95642499126942,52.700041345397494,37.256383128055205,89.95647502271756,-5.003144813997551e-5
710,14.118226018525391,-50.210228294872636,0.6617755027661517,4,-234.3486928571233,207.81732722659592,223.72463642670238,-15.907307979999853,207.81706361690198,0.00026360969394545464
711,-14.920054921223871,-1.7954056526977484,13.022436040261056,1,-500.0000000000794,22.78631699550749,-9.154393291890509,31.940710678948683,22.786319445654488,-2.4501469972904033e-6
712,38.02662320691497,15.26830887848209,-15.19818413133214,4,-126.03139867998354,-1224.2564100688035,-619.6682892393007,-604.5881210566159,-1224.256212210926,-0.00019785787753789918
713,13.025807156844174,-11.687692623656131,-83.2138883128136,4,-104.49943473510861,-12583.777310196374,-12714.757598876398,130.98028102215812,-12583.762526633964,-0.014783562410229933
714,3.9268501528701374,-12.419331026985292,-13.955057710809108,4,-193.3381380302329,-2592.2976266264004,-2042.7579036253858,-549.5397259675848,-2592.297264980079,-0.000361646321380249
715,44.664427950761336,-14.425150708254028,-86.60065959647478,4,-86.30197435066387,-6168.761748789932,-6102.821634376384,-65.94012498937138,-6168.7581131546285,-0.0036356353039082023
716,2.9417221786112195,-2.6777893363772343,7.98623970194346,4,-271.11363610428083,-842.1347731630119,-343.0731779268512,-499.061594421436,-842.1347382696039,-3.489340804208041e-5
717,-13.800625749049317,10.151591975420702,18.025421259723046,1,-500.0000000000794,38.79562680418652,-9.279389907200711,48.07501677782411,38.795622107320824,4.696865694597818e-6
718,-0.7172781464816674,-63.14136496417324,-51.83084698126679,4,-441.77395940282645,-3694.626304969618,-3614.2351122504556,-80.39119267927238,-3694.625601644225,-0.0007033253932604566
719,24.82119993752386,35.350708531140434,-40.79267097680687,4,-238.81928378541826,104.48207874508317,4.085018505567296,100.3970606441442,104.48199455915068,8.418593249359674e-5
720,56.17884725468983,73.61962475374106,8.420053620975626,4,-93.41569129814866,217.35845912068686,230.53111772260738,-13.17265975113143,217.35801854672337,0.0004405739634876227
721,75.92382627609042,5.578106869663418,30.207091987363018,4,-79.38155175758772,-254.13053188592772,55.851964218852494,-309.98249549724574,-254.13051363691423,-1.824901349323227e-5
722,-0.40286348961501217,-0.008482934862589019,-0.354987881011416,4,-237.51531388524842,-1482.1183903498077,-831.1399924736744,-650.9783983479768,-1482.1182570346348,-0.00013331517288861505
723,-35.89973409564079,21.408908722997438,11.875816389252302,2,-125.5572381068346,97.05654193838068,6.595814172451947,90.4607275793551,97.05649634143269,4.55969479844498e-5
724,-40.355973650841726,24.404126702344772,-50.36710714472597,2,-92.43832280506754,246.0490580088068,-9.033078788604323,255.08213702047004,246.04877434593087,0.00028366287594394635
725,-26.61926673573486,59.462532680889005,30.1217268064394,4,-389.8109300695078,-6316.647349347215,-6387.166390977837,70.51903900191085,-6316.644864821643,-0.002484525572072016
726,2.8517954889576784,19.113041438545036,-25.245316612965183,4,-192.38793616188366,-6614.291945885262,-6447.682984950097,-166.60896634114596,-6614.287911044044,-0.004034841217617213
727,-54.53907790666405,20.135273029143423,-26.593329137228974,2,-62.3562561513433,147.5714036478168,5.783461732569758,141.7879419410688,147.57132740856602,7.62392507738241e-5
728,22.976574459843608,2.512747137149982,9.727562491342729,4,-173.6631759085264,-720.4843025595702,-208.99773583021786,-511.48656562489646,-720.4842652435202,-3.73160499975711e-5
729,-4.246748377218584,7.260003395779298,-7.281326910112793,4,-225.93112542544094,-1985.6335931576518,-1328.5782184643556,-657.0553732119321,-1985.6333690328606,-0.00022412479120248463
730,12.161180300980893,-14.55629359657707,-14.711780874269717,4,-177.07524650893373,-2084.481366140639,-1612.1782930707489,-472.30307707284027,-2084.480692817817,-0.0006733228219673038
731,66.52180620705872,-32.81594768536809,-7.930136410491715,4,-92.93746584575605,-42.56213769532727,-33.56065585267977,-9.001482492481028,-42.56218446875108,4.677342380432492e-5
732,-30.14722222547634,-16.20328614503382,-48.18782662061022,2,-163.08921698028416,235.46446285473186,-86.71126026620371,322.1757241394831,235.46373054759297,0.0007323071388896096
733,9.840053542809734,28.236645852597313,13.656946521385153,4,-268.9784021483756,10.880601209258964,81.76570253245899,-70.88510171381905,10.88050998552812,9.122373084480273e-5
734,-43.544288583040235,79.13734416177431,-31.252515735554184,4,-313.7843702382461,-9191.704236502079,-9282.807174486474,91.1029645625229,-9191.706836875925,0.0026003738457802683
735,-83.96201098768829,-22.62369582176984,44.40729707242642,2,-56.6129418895368,76.8180348581696,2.0318837424236444,74.7861509091624,76.81812420896134,-8.935079173966187e-5
736,1.046800013139268,1.0656986230470202,4.333858790432007,4,-256.26707781649446,-1145.352151007291,-557.6068185770738,-587.745333927459,-1145.3521011552755,-4.985201553608931e-5
737,-52.78938898046259,16.842325434393626,-18.24258389634096,2,-63.84242641509842,113.68347070604318,3.4783278425608644,110.20514281603914,113.6844974815116,-0.0010267754684178954
738,6.705603637760903,51.743263612112045,37.40752961012489,4,-258.7624956722325,481.56343225722026,450.80271530266714,30.760720195688002,481.5632136773174,0.00021857990287799112
739,-2.255591622688725,8.805210189784848,47.16030297814956,1,-500.0000000000794,42.903587714028326,33.86781757469444,9.0357737083148,42.90365413128756,-6.641725923373087e-5
740,5.885492113547618,-19.855076762227657,2.761698705784847,4,-264.17637629471665,-749.4081504955486,-303.69882257962917,-445.70932904260974,-749.4080732109289,-7.728461969236378e-5
741,-79.99206840231504,-1.2406874721803114,18.588287885395538,2,-43.612024667591236,62.55325635188971,-0.4111945675565194,62.964450945435146,62.55290578433895,0.0003505675507611272
742,2.0321328503220473,11.096763783708079,3.4429087658850834,4,-253.31880628968938,-1103.024712096895,-544.6583456274057,-558.3663660607043,-1103.0246590708582,-5.302603676682338e-5
743,-47.47034483699868,-4.239129929241847,7.261077345808463,2,-77.9474926051173,67.08798866685551,-0.8045031516328102,67.89249173074816,67.08653140830143,0.001457258554083296
744,-34.876121725048925,-82.45044186108109,-4.077409938293936,4,-340.5158364908309,-5511.378446657291,-5405.247817590291,-106.13060915565879,-5511.375451926612,-0.002994730678437918
745,7.119386450109957,29.566807667569243,-37.389427535437235,4,-361.62695091034146,-5083.457153517994,-4923.558651576632,-159.89852199605266,-5083.45182535785,-0.005328160144017602
746,-21.63366560149035,-46.09636268300334,-24.19383967208892,2,-158.16283159744992,91.35161862044978,123.4737875482247,-32.12216825378015,91.35126098780316,0.0003576326466259161
747,-10.505539727514149,-61.476620719539284,44.528029479211796,4,-358.60371698617763,-8632.540025329039,-8576.33413316326,-56.20589719118336,-8632.534803417066,-0.005221911973421811
748,14.20477493431451,22.107611258150428,37.75703083918293,4,-231.81419942656586,25.410193086601012,37.81941083442017,-12.409218558081166,25.410109280409372,8.380619163972369e-5
749,-79.45896867541006,28.448868512334503,50.72857693029679,2,-122.76056414786449,306.4200062093027,82.25231648568497,224.1676832390711,306.42888068309225,-0.008874473789546755
750,2.108039389442201,15.623155098216616,44.05887090877274,4,-479.084924629689,102.23653140707135,-46.85422161751786,149.0907579793087,102.23650823356742,2.3173503933549e-5
751,-13.34270416468096,-19.844533250629464,-2.0214522055966615,1,-500.0000000000794,69.92388748552717,41.50783462616586,28.416052033519758,69.92384985473468,3.763079249097245e-5
752,6.130375153134152,19.488382378342187,6.749864985059642,4,-268.9442075964193,-642.8782955730733,-238.4347445017996,-404.4435500707378,-642.8782837315423,-1.184153097710805e-5
753,-25.714506867309286,-35.537596126763255,-49.48823644336306,2,-123.61942707302524,211.4658403850493,23.120124876259233,188.34571533394248,211.4657227398206,0.00011764522869839311
754,5.233079308703049,63.627178691907766,10.784325250139952,4,-277.6649090803694,400.0036663233326,379.7144449530081,20.289217244307604,400.0032640181669,0.00040230516572137276
755,-3.258206144601183,24.261567545093637,12.700612545273238,1,-500.0000000000794,65.90737777094353,16.867722345345534,49.03965592040511,65.90733028832082,4.748262270481973e-5
756,-34.58070602568245,-6.124318254919582,25.768430426874218,2,-249.29066918300813,133.375095891675,111.51087798111418,21.864218537161335,133.37463484547118,0.00046104620381015593
757,6.993624122974942,30.42377587128213,42.63633649353969,4,-276.92787142784675,223.209815322124,158.71720568817688,64.49260571996368,223.20974700614758,6.831597642076304e-5
758,8.434137422181514,23.699973847684696,52.1030269826621,4,-275.51388133361974,280.1000276477752,209.86643053775273,70.2335962450455,280.100022451897,5.195878202357562e-6
759,-1.8040968119243526,-1.1489205039019288,-4.922217085413499,4,-223.80104997277834,-1820.8827116159587,-1154.5791529200148,-666.3035594751874,-1820.8832511646733,0.000539548714641569
760,69.24076568692188,50.50222761387646,-23.12703168698449,4,-88.00048894146649,175.76911712116507,35.66266489987113,140.10645254098114,175.76905459284512,6.252831994402186e-5
761,1.886277283216213,13.074619047804475,-11.914243471651641,4,-202.09757274750376,-2208.3794503292697,-1614.9466648878015,-593.4327917664266,-2208.3804680483845,0.0010177191147704434
762,-0.09711123212596781,-0.3373609119384763,-0.3657246890283321,4,-236.15240670785752,-1477.4970074935707,-827.276956284855,-650.2200516069189,-1477.4970941630731,8.666950247970817e-5
763,-16.187747277151566,24.11377115709444,0.6375915290263395,1,-500.0000000000794,106.2833127362766,9.043945453302639,97.239367647838,106.28322097112532,9.176515128217488e-5
764,-4.438285624500822,-85.14622294575345,-21.515943366481928,4,-354.5872272256301,-7008.956796754525,-6957.2783828716365,-51.678406499363376,-7008.953758016974,-0.0030387375518330373
765,-10.998069130019614,-14.749485537741997,39.82266860009435,2,-427.7972298481143,103.83129055037928,37.17013526057089,66.66115123263478,103.83099949384926,0.000291056530016931
766,37.63592849901659,-34.059428856942056,5.036783161710471,4,-145.14388153668054,-193.7263238148197,10.508023982080154,-204.2343477150369,-193.72643520013895,0.00011138531925780626
767,2.41222208133677,62.49845722114606,-1.280384074672673,4,-326.75596059058824,118.3423349677586,80.09441218775974,38.247926774710145,118.3413025367037,0.0010324310549094662
768,-33.630799377838635,0.5565158837877964,69.1968470708007,2,-169.04334916521117,-7.708522433842448,-35.71472714372361,28.006209623793946,-7.708136479101531,-0.0003859547409161834
769,0.4567564466624552,-0.17801467395931664,-0.06561447268495078,4,-234.9370851138413,-1452.0183036849924,-804.8215719732028,-647.1967320086314,-1452.0182183457202,-8.533927211828995e-5
770,-64.17749552411422,-19.94013610075065,65.56717196930953,2,-133.40479243144736,27.677581497099904,-86.51371314046645,114.19128875341762,27.687296632559406,-0.009715135459501312
771,-17.245276962217293,7.406592224760988,61.52193605048697,4,-344.4114092016142,-15533.42680933888,-15226.955243328226,-306.4715487290926,-15533.424433107688,-0.002376231192101841
772,-23.018843824373935,24.39897599497387,4.4747434140241955,2,-287.7286723578512,108.4040215863847,6.121241812092528,102.28278036473132,108.4040294431065,-7.856721794041732e-6
773,5.745828074251396,-6.388767835453786,14.561434495176162,4,-297.5767456686777,-294.52117531954525,-46.83348814541077,-247.68768673014844,-294.52116313903514,-1.2180510111647891e-5
774,-51.17188425898946,3.501048533851928,-37.93335583869901,2,-177.27756660381073,450.70593926316053,-13.124614936337744,463.8305528407923,450.7060510353026,-0.00011177214207691577
775,36.40508190571999,13.563253768337315,-7.360964093130932,4,-131.6791114356934,-1050.5716234698957,-446.432048205137,-604.1395733546708,-1050.5715213863652,-0.00010208353046436969
776,-6.994798231395881,-4.670601942849874,0.11975212526008178,4,-288.04535851950067,-1418.4378254377025,-772.2120531405683,-646.2257732630462,-1418.4379269751244,0.0001015374218695797
777,0.7300843462046166,-33.31830131939923,-54.58904439242356,2,-430.4209517355189,350.68903850354303,194.2200355228958,156.4690022706064,350.6889576783845,8.082515853402583e-5
778,-0.5005770115708272,13.338827519185259,-0.014514915849397302,4,-253.83511029647553,-1268.1451948177341,-707.8638562028685,-560.2813368555936,-1268.1450786316725,-0.00011618606163210643
779,1.4075114271262763,-0.22455502914967124,-1.6883788693877342,4,-223.86901991188563,-1547.8815335204354,-892.3633763207708,-655.5181591233788,-1547.8814194088388,-0.00011411159653107461
780,-27.94358975537567,-39.705023138817296,-14.732225019179683,2,-136.94502726222674,146.63842663006685,25.859720641736565,120.77870652371706,146.63841523944885,1.1390617999040842e-5
781,24.477709069335866,-4.705883438186534,10.02276198910517,4,-170.35599747263893,-673.758259060776,-182.77544864064816,-490.9828107880309,-673.7582223989377,-3.6661838294094196e-5
782,24.52057342726877,-48.106726922746205,-51.09526931946198,4,-249.71116092855846,-60.14358601447795,-9.993892992777713,-50.14969381827889,-60.14383093523746,0.00024492075951343395
783,16.925636817729483,-5.066377790585414,1.7150849859846693,4,-181.87782820544362,-1110.5793196598077,-493.85710164180375,-616.7222181926173,-1110.579257415433,-6.224437470336852e-5
784,76.96056655873178,-5.945923962137914,25.699925579415048,4,-79.20389380675076,-299.93665538304106,36.5238008848323,-336.4604564023729,-299.93662926077013,-2.6122270924133772e-5
785,21.766820971989745,3.9930470674318794,19.531541856466006,4,-188.00267942974895,-268.7097702132001,7.5603712530580784,-276.2701413601504,-268.70976939708197,-8.161181312971166e-7
786,-39.68658790991115,24.755091052442285,-81.49097567160669,4,-186.56761524023275,-3633.881273708917,-3838.76113338563,204.87986724463033,-3633.879612442621,-0.0016612662961961178
787,71.7990853450642,11.951551015634756,20.29209537617751,4,-84.23635307975825,-341.5766627019839,8.756180369519322,-350.33284238176594,-341.57663562586805,-2.7076115827640024e-5
788,-21.497489130230672,64.04249510729,-70.27652102076856,2,-162.88511978201092,157.75335656814553,69.15435338439144,88.5989983137772,157.75297279307074,0.0003837750747948121
789,-13.798984059658661,1.817850950101668,-31.84357326245994,4,-177.13574636062538,-9486.496248901196,-9228.09532302428,-258.4009108373231,-9486.49079914339,-0.005449757805763511
790,21.060384268667345,-45.44734620043926,-6.055165807263037,4,-218.26789678921273,85.00665578718679,66.5872095144426,18.419447494066237,85.00640185150536,0.0002539356814281746
791,54.0448101557991,-33.819008244402184,-25.25395855066928,4,-112.617777146584,156.6222921363128,0.19864561325715874,156.42364524455786,156.6222094020114,8.273430140093296e-5
792,-15.439567799402171,9.140227150773747,-2.705251087794012,4,-425.0780156332881,-1131.6408471476238,-564.3423809173033,-567.2984693055437,-1131.6407691298907,-7.80177331307641e-5
793,16.823339426258528,-23.804092196413368,27.906646564958344,4,-210.8151308287166,59.71623630627702,145.2365034324914,-85.52026721402275,59.716198992188225,3.731408879303899e-5
794,-15.317414776474182,28.788063698525608,-1.6599011265324073,1,-500.0000000000794,13.189356786287586,14.660893420930174,-1.471537052821342,13.18934124197966,1.5544307926163015e-5
795,14.077120322426593,36.71705382893174,-31.363819672505493,4,-314.8577848998243,-327.8850748315948,-436.06838555425156,108.18331520191481,-327.8854279162316,0.0003530846367993945
796,-37.82593827939515,54.778821134959244,-57.93477810098837,2,-123.65299029618085,246.47995600416235,72.86058784979024,173.61936808954752,246.4782559649927,0.0017000391696342376
797,-14.526028544838587,-1.7088425480916603,44.05659956613774,2,-369.7667201025765,82.50133132483151,-0.6165185048054692,83.11784822876233,82.50144060408083,-0.00010927924931536381
798,2.2095455191341986,-8.112106362301056,-2.366420081347564,4,-223.31751108340336,-1492.9787539940419,-867.5859584270412,-625.3927948374218,-1492.978647748845,-0.0001062451967754896
799,-19.557718667001442,24.227887279694322,-2.2163045228613654,2,-298.51082279422803,126.41958206708972,0.4482161823145946,125.97136562508462,126.41949780234464,8.426474508382853e-5
800,-12.47891202590853,7.787888197142776,-5.08205526844064,4,-289.8641725334588,-1736.4961783546362,-1028.006012470409,-708.4901671721781,-1736.4960797259125,-9.862872366284137e-5
801,-3.9847975485605214,-61.6636472036244,23.27146627631629,4,-374.4944971897371,-3540.842182062049,-3499.9953320965787,-40.84684917184025,-3540.842097670131,-8.439191788056633e-5
802,-46.77408743621029,-34.534751618929285,-13.994042381799904,2,-76.15688715251565,119.0069371220906,-1.3078754605814742,120.31481247659845,119.00582667393994,0.0011104481506691855
803,-5.8447128433214495,4.402379077573851,-20.40660950113365,4,-190.1610588159405,-4767.709139078708,-4278.299950753943,-489.40920138690853,-4767.706360630586,-0.002778448122626287
804,-0.05264198725666001,-0.3126486387302951,-0.48848922904485376,4,-235.34241801058667,-1485.5979071279012,-834.4960639975164,-651.1018436066744,-1485.5979083710386,1.2431373761501163e-6
805,-37.3203415678252,32.19081572597842,7.330107624008087,2,-123.67700544901018,147.3728521549561,6.350971865970884,141.0218808070793,147.37281915005963,3.30048964656271e-5
806,-45.57043593075244,8.996340173836492,86.80201206284163,2,-136.86038788048634,-15.886150282871702,-55.417310551989026,39.53115470464238,-15.886052141130477,-9.814174122446673e-5
807,14.735223992629859,26.896750470045234,36.12850981156223,4,-220.77059337072245,48.88288868851467,79.17708147579859,-30.294192663237276,48.882808754667565,7.993384710403006e-5
808,7.7688391216469,-28.462416677995748,23.436295322598554,4,-317.54968221492385,7.749840687355177,-41.56795109629579,49.3177917834064,7.749724385124204,0.00011630223097292003
809,66.36769790021927,-17.43039705991567,29.75550874931983,4,-88.61035632920607,-178.7786658437567,72.10664877780829,-250.88531473742614,-178.77867815021673,1.2306460035915734e-5
810,-4.595666505014055,-8.170932068763774,23.347431962720968,1,-500.0000000000794,-437.72481180784524,-273.80158938920016,-163.92322330556172,-437.724604702445,-0.00020710540024992952
811,1.9006392969981745,-3.390254704431574,0.8768182247656646,4,-233.95811874378714,-1346.7551880581018,-715.2371359941416,-631.5180527932747,-1346.755162508378,-2.5549723886797437e-5
812,-67.63309862665967,-21.846319182002585,-46.93013514247521,2,-53.29470181006653,183.5530891416224,1.358261311525387,182.19482805213917,183.5529055047633,0.00018363685910571803
813,41.762633004793976,-68.42847787620256,-54.0192670167206,4,-125.94162267317742,486.8324589308654,440.35120419456547,46.48126029658942,486.8326291852769,-0.00017025441150053666
814,-43.38618670091769,8.31893041851247,-29.469920755129646,2,-106.38435186545351,333.1414736213501,-7.257464685315537,340.39893977007995,333.1419817582839,-0.000508136933831338
815,-6.338558927523163,-7.336773169664502,-29.21396390785437,4,-174.28217644371668,-8120.272689017895,-7811.052781731255,-309.21989151665576,-8120.266309307254,-0.006379710640430858
816,-39.66458089885337,55.36942377216901,39.44201659228218,4,-350.41640191246887,-6372.637893797979,-6332.473943308749,-40.16394602559114,-6372.6361477246555,-0.0017460733233747305
817,-12.56530140027054,-24.480681868299712,-34.040992022365124,2,-217.10542481461863,184.46589751309384,24.7237365179595,159.74216061037484,184.46557051731835,0.00032699577548100933
818,60.949492809702896,3.5483060883313486,-16.176786419601733,4,-93.52254260213682,-1071.0731633356913,-404.50955691992255,-666.5636051507286,-1071.073001524039,-0.00016181165233319916
819,-14.879581676425769,-11.153524541549876,-7.709770474522479,4,-320.29998206784427,-1625.9229179806052,-946.4941509097575,-679.4287728458823,-1625.923247001527,0.0003290209217539086
820,1.693892665025581,6.265873076807089,7.152187475302626,4,-273.18096333206427,-902.1815328731905,-393.18734046822203,-508.99419012552033,-902.1814780961543,-5.4777036211817176e-5
821,26.542408330702308,-35.893105210371296,-40.343315750966596,4,-229.0093784951621,101.23585227732633,11.159650838516328,90.0762041130187,101.2355576433819,0.00029463394443496327
822,-49.95975685257132,34.98036861206025,-26.152952839182706,2,-69.91933437917665,138.53511673780866,4.881226848093476,133.65388978263124,138.5348167884419,0.0002999493667630304
823,55.78561171458412,32.17149503687332,1.6099428173420551,4,-105.93583387735355,-152.04123392636313,-22.102781379437364,-129.9384513719466,-152.04126204084625,2.8114483114904942e-5
824,31.785935200226334,34.94329519706051,29.444839963830145,4,-146.38601137385913,36.53098104963651,133.67613310063228,-97.14515280112239,36.53082093154458,0.00016011809192661985
825,-25.304241894801724,43.058746424716695,59.11297478765241,4,-386.956976413751,-10610.854281762546,-10557.745011337784,-53.10928781675328,-10610.85185819373,-0.0024235688160842983
826,-33.36270838855926,-1.2559118524099557,6.609281796730659,2,-133.1599954844032,61.37632868133148,-0.4227177680663566,61.79904639725057,61.37632678917725,1.8921542306316042e-6
827,1.0530558889405597,1.7792066936890814,1.617004592345733,4,-239.57139955160713,-1340.4326090930049,-709.3964820590563,-631.0361276517245,-1340.4324939886528,-0.00011510435206218972
828,-22.668810479338017,-2.4590726055981262,16.277090823504256,2,-359.3264326257366,20.17235177108465,-7.732064210768029,27.90441484496611,20.172447454938716,-9.56838540666638e-5
829,-12.576464781054122,-27.190843835591224,46.79752698499675,1,-500.0000000000794,240.28068582188743,210.17280490152828,30.107876053909592,240.28062742243083,5.839945660568446e-5
830,-54.34740944152285,-30.71692101807222,32.60884117824799,2,-170.58920529769063,321.21734948661856,276.8199493186808,44.397399461061454,321.2070870220895,0.010262464529034787
831,-1.8317802852212222,-58.267219566819904,-22.108195471623457,4,-400.7284598999777,-1649.3908627030783,-1636.867101053324,-12.52376392742363,-1649.3902001802664,-0.0006625228118082305
832,4.616899597135193,-19.281800212924615,27.478701465085337,4,-408.48021989340396,79.12130411435403,-16.46751248476416,95.58881761150953,79.12130668162823,-2.5672741941207278e-6
833,14.500925621939698,-3.9462604307691675,-9.289551898207565,4,-170.31325161328328,-1720.1462494748703,-1071.7854120428867,-648.3608369918232,-1720.146114425655,-0.00013504921525964164
834,7.0384986825208715,0.41334774265257734,1.090192128601792,4,-211.88366851573477,-1296.0418977700488,-664.4654260849921,-631.5764731669761,-1296.0418455980896,-5.2171959168845206e-5
835,4.577303449423923,20.042083502219064,66.98911629601123,4,-427.78935670550885,-465.5089954766553,-526.2615392352737,60.752549112416546,-465.5087344860396,-0.0002609906156862962
836,0.327896957959812,13.782795784956482,40.370322983595116,1,-500.0000000000794,116.35360715833154,-50.62545234906197,166.97905958029068,116.35365343442253,-4.627609098406538e-5
837,18.17598881288176,-5.967356796611497,-15.783031371348509,4,-155.2380694210615,-1977.3752621189196,-1360.9967442800753,-616.3785169224725,-1977.3750309371235,-0.00023118179615266854
838,62.95322778992193,-17.84599596591477,8.482141918491532,4,-95.29609299718805,-451.2983465756084,-63.006328924779105,-388.29201684614407,-451.29828814796184,-5.842764653607446e-5
839,-17.84633855956928,-31.733521284766155,29.68940862782418,1,-500.0000000000794,224.43748030591252,11.732094841979977,212.70538540446864,224.43757255941256,-9.225350004271604e-5
840,-8.753793817819801,-11.127541204175742,0.7838536646485721,4,-362.36178082922095,-1088.4465433373393,-562.9932300310528,-525.4533127429203,-1088.446504344722,-3.899261741935334e-5
841,87.62234271786058,19.240605868076234,2.9130608860693425,4,-71.81585629461011,-450.76546514500694,-70.79305307040833,-379.9724106035344,-450.76533438323986,-0.00013076176708182174
842,1.5079457816032213,67.99134177514966,-14.927134041118503,4,-355.4080702429703,-1332.607932422644,-1330.7840118727518,-1.8239257885511737,-1332.6076499286366,-0.0002824940072514437
843,-13.754289330586026,27.20629347019752,27.562683232798246,1,-500.0000000000794,191.39776416503366,-32.831077851169034,224.22884357019007,191.39762323260425,0.00014093242941726203
844,50.757051903611774,-40.14266637870331,8.020855767674382,4,-113.77411130557232,-20.57193792595536,55.19226914852774,-75.76420723541217,-20.572045808284894,0.00010788232953373722
845,-30.990509042893397,-34.24104533456066,31.660272413846,1,-500.0000000000794,251.72920312974657,-26.61075554688618,278.3399512082014,251.72907754011706,0.0001255896295049297
846,24.86544895356422,-14.571248913197035,-16.331154410805027,4,-149.0503737252474,-1587.0172302772912,-1057.4218694766955,-529.5953645544826,-1587.0176939856847,0.0004637083934539987
847,-9.25846293955954,7.583138370602533,18.663229499598742,1,-500.0000000000794,79.87598062680264,-14.581404798222453,94.45738598812093,79.8759724123657,8.214436945763737e-6
848,-43.17068318634365,39.09126001272937,31.93631809394362,1,-500.0000000000794,-6910.111638546544,-7031.2599357009185,121.14834827222651,-6910.109276754475,-0.002361792068768409
849,-17.153552199567468,-0.3612343319569632,-15.329032388499485,4,-237.22459804399747,-3043.0523890873446,-2348.4722176338664,-694.5801774798166,-3043.0504943104356,-0.0018947769090118527
850,-42.525861357533,14.021429155402599,31.87488733038286,4,-451.5786735840885,-8597.61628203729,-8805.78582740095,208.16953782385605,-8597.61479844,-0.0014835972906439565
851,44.145902860002444,-12.826693844737509,-3.801233943354036,4,-120.24387224405284,-905.8123667273376,-317.48537823196176,-588.326987376882,-905.8123029473666,-6.377997101481014e-5
852,0.06816949797975728,3.5456322163368954,3.8371360434358284,4,-258.4047321751103,-1186.1353444709946,-592.715507328628,-593.4198385206628,-1186.1353633240167,1.8853022083931137e-5
853,87.84146410539347,0.9264910653444768,1.9123938253255777,4,-71.75022698785939,-650.4914831154757,-109.95146217448242,-540.5400204293014,-650.4913516975231,-0.00013141795261617517
854,1.930589874729332,0.44577260494800247,-1.966429133992843,4,-220.55481130067287,-1561.6288894181591,-904.974125917155,-656.654765726333,-1561.6290058884824,0.00011647032329165086
855,-0.06839924428786152,0.11848876376346498,0.05677614808962487,4,-237.90637166176816,-1451.015847654452,-803.8213937862614,-647.194454153437,-1451.0158358971726,-1.1757279480661964e-5
856,-57.39371263400879,-13.755548001692771,16.71390528845538,2,-66.11255280049743,74.51806279193237,-1.6177242757002042,76.13578702257439,74.5180325984009,3.01935314723778e-5
857,-14.194368592107015,-86.90579346044115,-22.025212538869837,4,-341.78651321021806,-7226.71361937326,-7241.533172575977,14.81955184112594,-7226.712203133281,-0.0014162399793349323
858,-3.9558184272366166,-8.231646628218874,-29.087986965614657,4,-172.3070047883996,-7894.167025631708,-7588.711487574103,-305.4555565055767,-7894.160395074044,-0.006630557664720982
859,58.613161409440124,36.955385670857744,65.10140175654199,4,-84.23711174656196,283.99038744398547,373.9849586612003,-89.9945721536154,283.9903158863124,7.155767309541261e-5
860,0.10964804389611638,-27.83398080351418,-15.382425190557779,4,-336.72644314335383,-1201.4029442720498,-919.1228032142984,-282.2801343085168,-1201.4025335258466,-0.0004107462032152398
861,20.327625550081336,-80.95852043708017,-7.168695458741696,4,-200.97590934427194,80.04033615431888,7.881614773523688,72.15872556776058,80.03977087318773,0.0005652811311449568
862,-15.818484595805911,-15.413102992554295,-2.3146446005151073,1,-500.0000000000794,65.28966764115007,8.690907677227273,56.59875988397451,65.28964192352545,2.571762462366678e-5
863,-9.88301564931606,-18.047280021804816,-21.28108331864506,4,-227.55482846743482,-6674.851935804761,-6300.842842322713,-374.00908566517575,-6674.847528161363,-0.0044076433978261775
864,31.205877195248195,2.104105181233491,-2.9273006261188317,4,-141.2109415809972,-1103.6879325006043,-460.3801198395334,-643.3078113752216,-1103.6878676627775,-6.48378268124361e-5
865,-19.61135086742449,-14.071260054071953,0.48712304677057516,2,-334.1822727440668,73.88092920636046,5.9214340710850815,67.95949518460046,73.88091680870785,1.239765261118464e-5
866,-36.497289924127145,-1.5153578777766092,-14.466593405663707,2,-111.35712316507916,176.59289395368165,0.003040551700782277,176.58985320498928,176.5937153066802,-0.0008213529985425794
867,21.961221865131595,-32.82884044910704,-70.2672967610342,4,-136.20940763861773,-2735.4803308872856,-2822.4991295394543,87.01878804327609,-2735.4806075232427,0.0002766359571069188
868,-38.02859981275207,50.76359098957564,17.43765048800992,4,-379.6542345254681,-8932.912197922597,-8985.662234261386,52.7500700231951,-8932.910599669229,-0.001598253367774305
869,23.153732594959166,-21.035188989049004,-3.0531226287503506,4,-173.96514660371474,-771.7912028921463,-385.81410303721367,-385.97710048465547,-771.7911763597903,-2.6532356059760787e-5
870,5.134557362244378,30.60167854949689,-4.330844062044851,4,-317.9705687346547,-378.7574734566049,-149.76643067105073,-228.99104150867757,-378.75751296133745,3.95047325696396e-5
871,-58.20504662583504,10.045568115985839,52.57899120770598,2,-153.35351229682232,18.53962349853469,-25.018173952826295,43.557792549239366,18.542715243721094,-0.003091745186402761
872,1.96952448949692,0.8306250619711004,-1.197837375847818,4,-223.18623317903877,-1512.9471148924702,-859.3720890717547,-653.5750269431472,-1512.9470414668187,-7.342565140788793e-5
873,4.750636781669493,-8.698528245871067,8.80319432812572,4,-269.7150587152271,-704.9236698973903,-255.16930694790872,-449.754363976645,-704.9236344893446,-3.540804561907862e-5
874,1.11571677524023,-0.7702701700762566,-3.112275283351141,4,-219.78978158786214,-1644.9727189336784,-985.6542505205512,-659.3184693442191,-1644.972683019287,-3.5914391446567606e-5
875,-53.90745068706589,-69.26431660396884,-30.96646317360681,4,-302.8873787910421,-9327.264092987303,-9459.02418230481,131.76002616526347,-9327.262225425775,-0.001867561528342776
876,9.393525052911432,33.12724294012077,-15.066436126067323,4,-300.93056601928913,-106.12077659024924,-194.3489282314257,88.22815018400146,-106.12074491208924,-3.1678159999160016e-5
877,-41.078284675089336,-47.535377489849765,20.46748363227759,4,-378.67267843485484,-9341.950619669013,-9530.961222706303,189.01060421709667,-9341.951426083759,0.0008064147459663218
878,6.829302528333459,-45.71414638396894,-22.659030782609857,4,-398.1802875268742,134.03793247731778,138.3422914638821,-4.304356852344348,134.03748500718973,0.0004474701280514637
879,89.01409917623569,6.262517676593789,17.193535893263878,4,-70.47654075292613,-431.3357760183597,-12.180128024164777,-419.1556481715854,-431.33570547107877,-7.054728092725782e-5
880,-13.21174728261145,-22.71385953472543,30.163060362799285,1,-500.0000000000794,240.25383772847115,142.53210859850384,97.72172885854799,240.25374329494872,9.443352243465597e-5
881,14.753320065795931,39.523530370290274,20.86539247225055,4,-216.08929980845858,143.35912826773895,185.56208788168084,-42.20296120925967,143.35905910140696,6.916633199693933e-5
882,10.708663278368437,42.482407957813955,44.35635229187278,4,-237.98926228596872,193.7023288565367,121.04986088517558,72.65246841144887,193.70212481859537,0.00020403794133017072
883,-42.8051172446691,46.926928843263205,24.58083157220164,4,-403.00253216413563,-8017.475260525805,-8183.933573970885,166.4583091068403,-8017.47284137903,-0.0024191467755372287
884,53.02802788348871,-18.002790443863226,-77.96144271346834,4,-86.12925441674032,-4101.337129458893,-4048.2923167430013,-53.04482830758521,-4101.334317803725,-0.0028116551684433944
885,-48.514416508319854,-69.5764749409021,49.41894145721918,4,-275.0304175571403,-10031.319328348422,-9973.233212504272,-58.086083753086996,-10031.319428674478,0.00010032605678134132
886,-1.1434899485858483,-11.193503221980999,67.3582677470245,1,-500.0000000000794,62.32652436022986,-1.240816704394993,63.567347798031584,62.32641931161188,0.00010504861798210641
887,43.643104007408,35.15892447665566,10.381276356898734,4,-126.55652547885485,-128.13262771428185,35.8185832513604,-163.95121138968236,-128.13272322941708,9.551513522865207e-5
888,-14.740202749003366,-54.213401788826,16.86213785426992,4,-429.66733772261716,-6692.396356818429,-6684.053059133801,-8.34332170145394,-6692.395390777097,-0.0009660413315941696
889,27.295638410774462,2.889985893258997,-28.427644448838535,4,-129.78471643224742,-2375.0048800098475,-1785.408211995184,-589.5966725152227,-2375.0040686652505,-0.0008113445969684108
890,3.7894775321674956,0.9099672676783385,0.9345305554030122,4,-224.0984880954203,-1351.7673994154259,-715.7259171440762,-636.0414827686757,-1351.7674374499957,3.803456979767361e-5
891,-13.73665697101595,-12.117781732812377,51.140876758835844,2,-365.54608734776747,174.67367477974736,-20.9648611033438,195.63853576428104,174.6727512138844,0.0009235658629620502
892,1.7192722677608394,-22.10953888369573,-56.76307124655061,4,-179.32064780998823,-6235.672704212913,-6386.391413830536,150.71869555742865,-6235.67194763184,-0.0007565810728920042
893,23.655362015505993,-1.6327499602229938,4.02556671838912,4,-165.40669302688318,-941.8184317756409,-352.16225930828017,-589.656173376083,-941.8184070834704,-2.469217042744276e-5
894,-9.69553066676558,-26.05206785236008,73.26843592962109,4,-439.5336698472269,-8082.744233130322,-8037.853767598156,-44.89046099686217,-8082.7441436709,-8.945942227001069e-5
895,-4.784874326084964,10.708034320175022,-15.140843927827651,4,-207.95613673023257,-3116.483607622279,-2560.387103820956,-556.0964900487205,-3116.4835119838344,-9.56384446908487e-5
896,-17.505562074916778,-42.77956678393196,8.93684409669638,1,-500.0000000000794,293.0956390105265,139.72740419920444,153.36823388227305,293.0953632656662,0.00027574486028925094
897,-10.53293520743847,-19.354594200476317,-56.50571514039859,4,-182.83725185937791,-8503.932282330414,-8743.084446304638,239.15216238010734,-8503.930944494761,-0.00133783565252088
898,-6.222711460511341,1.810553668923932,-1.9580792476829307,4,-258.70026193541776,-1640.6978037041365,-967.6709117098363,-673.0268945035199,-1640.69815619266,0.00035248852350378
899,-78.08431866083808,37.30115307951557,-13.224705912515859,2,-43.80879998557947,94.9060883472028,1.6568761732650061,93.2492120615218,94.90586987278643,0.00021847441637135034
900,-6.156473265806269,81.17781448959474,-25.07364525285322,4,-359.8793171554982,-7190.169709368781,-7177.568383727732,-12.60133789850385,-7190.167555227249,-0.0021541415317187784
901,-77.39114516119157,-38.25340061149263,-33.332893461798044,2,-44.609796171967,115.90759961555757,1.0729853096195177,114.83461369815365,115.9078104161563,-0.00021080059872247148
902,35.2183594160193,18.007282772538154,12.73416003867011,4,-142.8534957193662,-449.1098598548735,-66.89299745455745,-382.21686133643277,-449.1098569868418,-2.8680316859208688e-6
903,4.377440487818502,11.083245776269996,-2.2690593489202273,4,-216.97430291111192,-1454.553273957813,-816.8396755585634,-637.7136009928283,-1454.5531067253014,-0.00016723251155781327
904,0.7669617735009385,-0.5127192320395665,-0.6506889151355397,4,-230.97617008156604,-1485.7197611694814,-835.1343570891111,-650.5854044919175,-1485.7196215049207,-0.0001396645607201208
905,7.16924027677468,-23.477695090393624,-14.851688107847254,4,-228.30325642497792,-1958.3334439022137,-1746.1833654146728,-212.15007687425467,-1958.3337755135074,0.000331611293631795
906,32.9881029622188,-77.79992318391893,51.10566592426996,4,-121.40993367692226,33.07798058856941,129.85764623085967,-96.77966514896383,33.077946318507045,3.4270062364782916e-5
907,-21.700106981415278,-45.78896603247594,43.190756594717634,1,-500.0000000000794,-4399.241070604434,-4458.3953562982815,59.15428592802231,-4399.239386123812,-0.001684480621406692
908,1.7278208857892896,17.620849041749228,-1.3370740720129963,4,-249.630656804013,-1213.6783335473506,-677.8235371927809,-535.8547974838533,-1213.6782239884965,-0.00010955885409202892
909,-62.10112308067644,20.499848049372485,54.93831898847039,2,-148.56297068649582,163.41709705381308,111.84161544094627,51.57548521678727,163.41518346013407,0.0019135936790064534
910,-17.250912683999523,2.3168862860415387,-4.019926985583181,4,-373.650419870119,-1516.7127570097612,-814.717609174902,-701.9951486088663,-1516.712888865582,0.0001318558208822651
911,-2.5744247294096176,68.59515966541909,-27.549943854658896,4,-380.59592894648245,-5803.488218360412,-5791.279415584181,-12.208817697702816,-5803.48582086624,-0.0023974941723281518
912,66.7740191953772,-6.529605052014533,21.073552681453354,4,-89.5721259914777,-351.9031815023966,11.467117742890341,-363.37029904226176,-351.90315309923164,-2.8403164947121695e-5
913,3.964331525558076,6.1207793188985455,4.165669067349126,4,-238.64620307143693,-1132.6019004428513,-543.0081479353439,-589.5937533320696,-1132.6019149269248,1.448407351745118e-5
914,33.00980745402295,44.54863880718136,-58.81546832831715,4,-161.06628067608196,619.9543964864027,538.6134369664783,81.34096461071812,619.9540997961519,0.0002966902508205749
915,-1.3213929856316338,-52.64792581934015,51.51808010820612,4,-372.9410362601037,-3787.988961790687,-3794.77346218283,6.784483297210194,-3787.989467441657,0.000505650969898852
916,-29.904210008557406,9.489968733924723,-21.492884781037763,4,-280.43617520337483,-2313.373692890317,-1335.376523408998,-977.9971713217428,-2313.3736526454863,-4.024483087050612e-5
917,27.772632717188277,28.39324594865242,-88.07314400323929,4,-100.53527109136512,-7270.448214617295,-7424.911738972624,154.46351893755826,-7270.445480252873,-0.0027343644223947194
918,57.50726608669372,15.749156272216057,12.46740788505002,4,-101.37922787008173,-433.8183807376122,-45.5127657219468,-388.3056151174116,-433.8183468949485,-3.384266369721445e-5
919,-19.392551046441376,53.281456646866474,32.82335788835989,4,-449.8359621238025,-5520.430139488907,-5525.277080435807,4.846949986102884,-5520.4289966462375,-0.0011428426696511451
920,-3.620392935955397,22.166140769739698,-26.808667398145698,4,-230.06117711059767,-10367.952894533537,-10271.567886441007,-96.38500251587112,-10367.950804948052,-0.002089585485009593
921,-14.838727493261096,-8.017677615072907,60.22929441162438,2,-326.06915058441535,155.65877874094107,-41.68333217696483,197.34211126238512,155.65829276892958,0.0004859720114893662
922,-35.58935706954594,34.458198609728456,-47.85299048738976,2,-99.59813735653702,220.70965092207484,2.1583875831310126,218.5512638960706,220.70922077341254,0.0004301486623035089
923,-24.840788992699505,73.32393791449427,-12.085243902693573,4,-352.9497628334901,-6833.391243284191,-6798.833627799468,-34.55760878769458,-6833.389918330078,-0.0013249541125333053
924,14.34770899635265,-2.3209062714211,14.933357687693839,4,-222.4190104557066,-428.54216979300827,-77.27737700961215,-351.2647916845767,-428.5421455290394,-2.4263968896320876e-5
925,19.86065654251421,29.747732384910684,-42.617311991477436,4,-283.6838915481881,228.82534736941128,11.671858071131016,217.1534896384252,228.8251624662394,0.0001849031718847982
926,16.76601269565094,38.243040972840625,49.86117401659522,4,-205.17759934360635,78.5590590816705,-5.533995526177594,84.09305650054242,78.55890625633748,0.0001528253330178586
927,-23.086718816106163,2.5134668620781047,-18.896006994189047,4,-241.8130465647117,-3040.5199282272115,-2253.5965411958496,-786.9233905851204,-3040.519378586462,-0.0005496407493410516
928,12.025936697346072,3.6530838587462267,-10.811010843226523,4,-172.2826568675956,-1858.5841622403716,-1221.9251773261094,-636.6589866611142,-1858.5840196318918,-0.0001426084797913063
929,-62.47834945517818,-58.33050609638423,22.040307271156244,4,-292.3598702309888,-10426.786211151135,-10749.540830200418,322.7546150060784,-10427.940710696692,1.1544995455569733
930,46.91069057475286,-68.98027389902364,-29.46464114309711,4,-116.27250716749575,296.46953363639886,265.99942336477284,30.470111398151687,296.4697984795388,-0.0002648431399165929
931,-2.977561412287123,-8.407681858054115,-9.010839892712767,4,-218.21804062744113,-2158.461385712302,-1542.068012048484,-616.3933749347673,-2158.460936520443,-0.00044919185938852024
932,-61.17865412139395,44.7650547182744,-37.57907043278801,2,-62.10761276837543,163.05843408694628,7.725537722945335,155.33289616533494,163.05793343365883,0.0005006532874460845
933,9.073030855582605,2.1435143811689628,-15.083486546181975,4,-172.1719985251846,-2404.711014996388,-1810.9449064609728,-593.7661163971674,-2404.709632239961,-0.001382756426664855
934,-45.908103897801354,6.412628215214736,48.25283516997334,2,-174.6099104154767,-15.128874324575579,-42.927593537681474,27.7987126924613,-15.126586222614113,-0.0022881019614651166
935,-17.434324376497898,-81.64576940710627,-45.07399938022869,4,-372.3637399501122,-4502.102712578036,-4250.532872615591,-251.56981701555688,-4502.104436561415,0.0017239833796338644
936,-36.361633539969596,-38.477990709329724,-40.70479085712054,2,-97.32154180915622,161.4517396370016,9.389344011138848,152.06239568250948,161.45119333951467,0.0005462974869203663
937,6.526993122948092,21.586178789547557,60.36558243088488,4,-360.0069527265076,91.38656070368172,-61.11470261645731,152.50125812802878,91.38639089301542,0.00016981066630705755
938,27.04180188551222,8.184831875191065,6.641402236078688,4,-159.01473672698125,-785.5756753040454,-245.35672701260637,-540.2189489398202,-785.5756203830621,-5.492098330250883e-5
939,-22.43299638871346,-44.200824559856514,-14.290989982484657,2,-319.11626655287375,119.33276250113687,121.21255458672495,-1.8797931070061848,119.33322722075356,-0.0004647196166871481
940,4.877462688146383,-2.9577657675089797,-3.77875687826357,4,-205.663266418515,-1612.4390120440219,-960.975763469694,-651.4632488919175,-1612.438975620998,-3.6423023857423686e-5
941,-21.830848467539354,-6.274227878520054,5.210406462388973,1,-500.0000000000794,-50.971669362176705,115.05217015827755,-166.02383868318654,-50.97184029926512,0.00017093708841287025
942,-38.06824902216741,24.421326164450623,-46.490084610357854,2,-95.31525571426468,233.31087305333614,-2.512015544896275,235.82288832517366,233.31064234113921,0.00023071219692383238
943,-2.2741576043449334,-12.933394469798195,11.93376773563672,4,-487.73669419092863,-113.01625177465354,-36.93367463286365,-76.08257745965928,-113.01626376551292,1.1990859377419838e-5
944,22.39227237772414,-86.73124501784282,-7.249321324461171,4,-191.70767861871116,88.10228592000819,-5.645497065669878,93.74778853888849,88.10070189075184,0.001584029256349595
945,-11.893881327552133,15.849664757740612,-17.534053869633922,4,-237.8489866217416,-3751.9628197647353,-3323.7241471226143,-428.23867091757955,-3751.96275492546,-6.483927518274868e-5
946,34.22282567510869,-50.58016047916809,2.8073305594310716,4,-151.01623227007713,67.77922591226192,150.2547701466446,-82.47554568205547,67.77898282454828,0.00024308771364189852
947,-26.318587766069424,31.99521809903727,-26.982810204822798,2,-123.81229701778636,158.24975231076849,15.125507717228883,143.1242457099092,158.2497666959185,-1.4385150024054383e-5
948,-6.145927133606822,46.7693800150974,30.4608093402511,4,-426.2588425019323,-2210.145967786477,-2200.5833260543345,-9.56263548453057,-2210.145543112846,-0.00042467363073228626
949,28.248438315789564,30.26851415412521,-7.190296105569167,4,-173.20050045134604,-575.1848875003794,-212.72846615984233,-362.45641927990164,-575.1847478248123,-0.00013967556708394113
950,-20.11457463949514,-47.10824754286433,-45.6027188204065,2,-151.16483357118491,295.0210510429662,159.40814866223712,135.61290130846257,295.02092515103857,0.00012589192760970036
951,-6.3905473340142,0.7291368421003724,1.0594204338384583,4,-286.4678389658479,-1388.0816251117965,-753.5754154091594,-634.5062084469138,-1388.0814979825013,-0.00012712929515146243
952,48.503578349006176,-19.865705633643433,10.37405266833429,4,-116.69147301555392,-435.95311360832346,-55.64944525790877,-380.3036684247626,-435.9530770065561,-3.660176736275389e-5
953,-10.864665941238721,14.706917061490827,10.722536451826853,1,-500.0000000000794,16.256285854558257,11.889377681386382,4.36690924758392,16.2562548141907,3.104036755630091e-5
954,24.58218376777631,-11.021299550581478,56.073483112924336,4,-171.32272624157255,-0.9666036687392918,74.80083801438283,-75.76743950981472,-0.9666598940143868,5.6225275094967664e-5
955,-5.673167714906766,-6.4903822205091695,0.6352854492604847,4,-284.61095522728357,-1347.7071972923866,-718.38203071525,-629.3251689438665,-1347.7071606443812,-3.664800533442758e-5
956,-35.83406730326838,26.170450806637007,7.020144249134634,2,-121.58279658579322,126.12008799877424,4.20993162708944,121.91015638107405,126.1200824495142,5.54926003815126e-6
957,-18.842387081751795,-4.273669001012368,-32.92218232983679,4,-180.78425721834805,-10147.432938048658,-9910.349354408392,-237.08357626016192,-10147.427453560053,-0.005484488605361548
958,-13.265354189208605,-27.954506566922348,-13.342380308452494,1,-500.0000000000794,143.5985718546485,12.486051404020182,131.11251999948388,143.59841582578508,0.00015602886341525846
959,7.568359894369672,-65.85275945901776,-25.080354565440583,4,-324.532921556384,75.74862004876772,0.3943438111485103,75.35428000481126,75.74764441922444,0.0009756295432765683
960,1.4729852042184712,-3.298650603475367,-7.618176442969456,4,-205.18943603949253,-1976.0302793631304,-1334.0674405087857,-641.9628400017142,-1976.0302682169083,-1.1146222050228971e-5
961,7.987781402431222,16.159462996842667,10.145232276198055,4,-259.032430307733,-531.6778719694391,-162.99157571237635,-368.68629666059365,-531.6778360878234,-3.588161575862614e-5
962,40.40177283865435,-0.814576441512388,32.3227985227796,4,-127.15899279130859,-105.11002940115281,92.7297305574117,-197.83976012439024,-105.11004430174718,1.4900594365485631e-5
963,24.45393964170674,18.02383044863131,1.1637106226238914,4,-166.12234787110395,-782.7159353404386,-311.09384867146923,-471.6220887260852,-782.7158711958098,-6.414462882275984e-5
964,-33.28975317065493,-23.60162887682141,-1.0489925932540662,2,-116.18241042749395,100.8385118264702,-0.42563741391838317,101.26414904342715,100.83862130671109,-0.00010948024089429964
965,26.769930494911456,5.229555304347387,58.249786280197405,4,-157.41412657778875,41.77038517916431,123.32114546191781,-81.55075740936176,41.77037561899051,9.56017379394325e-6
966,-84.43589279576554,51.67197049406839,6.176721614121816,2,-46.18755565356995,97.29603672539568,3.949851846268157,93.3461845761451,97.29627629554861,-0.00023957015292808137
967,14.271210628925758,-1.3358069480313306,1.9635391437481795,4,-189.7210729539618,-1146.493636966114,-526.5913956079828,-619.9022417208134,-1146.4935808227044,-5.614340966531017e-5
968,12.354716535525773,-23.48230366871901,26.030177689581347,4,-251.44620322718387,12.890838090808852,87.93872109863321,-75.04788290070088,12.890810320512783,2.7770296069817846e-5
969,-2.616594514804244,-19.513854441531407,-24.13587465402973,4,-213.09316890168094,-8035.285360584639,-7935.75748569384,-99.52787162926144,-8035.283783724327,-0.0015768603125252412
970,3.8998595993940115,-16.492496870088896,-73.97556251050534,4,-122.25255223887757,-12461.874214463447,-12722.142526885993,260.268301287657,-12461.863562057171,-0.010652406275767135
971,-12.79438505324178,1.212918855098063,-8.595008778036599,4,-253.81977774322542,-2177.8408711802617,-1459.8142914741027,-718.0265837633527,-2177.8400612738174,-0.0008099064443740644
972,-58.09518587428196,28.912650819117932,-9.115015512642145,2,-58.985001085220084,89.17253737553345,1.862289728993558,87.31024764497319,89.17181837245936,0.0007190030740957809
973,28.150512971868636,-72.26266044701617,14.76338128806842,4,-150.85631612597717,112.59515723160077,199.81977743360224,-87.2246220980089,112.59486803528728,0.00028919631348856
974,-45.07606176948232,13.470348401617327,-14.756957254368047,2,-76.5878814607428,114.0696041090691,3.533239251390133,110.53636497503133,114.06705076359567,0.002553345473430113
975,-30.91308743075531,37.289548910182496,-36.93392411990095,2,-110.58849633964168,191.1090579278173,24.13783082587664,166.97122848828195,191.10856955301267,0.0004883748046324854
976,-17.610047125940813,-26.69214152334998,-74.41283023841386,4,-189.79555764093638,-3853.9552454892655,-4010.570005271653,156.61474330968042,-3853.954974170458,-0.0002713188073357742
977,-9.426829991580819,-14.055216481532616,-3.722894311680782,4,-323.4555677485247,-1351.4190164254396,-740.5327965759158,-610.8862220225584,-1351.4190673175167,5.0892077069875086e-5
978,-27.890756417787042,-4.465924379612045,8.087647231099782,1,-500.0000000000794,54.41631498549196,17.55411310928109,36.86220185525765,54.41630192177409,1.306371786569116e-5
979,74.0350741930152,14.351069466760377,-0.61245181322267,4,-82.80559867042271,-596.6137340753007,-130.8602509348554,-465.7534831961847,-596.6136371882874,-9.688701334198413e-5
980,40.966270078523166,22.139676323819824,37.3564879037845,4,-122.54722313647224,-9.896847977137199,128.15217415281586,-138.0490228106718,-9.89690215175017,5.417461297163584e-5
981,-29.72173928565641,-8.527586471634764,9.797316633054292,1,-500.0000000000794,-101.694495313482,61.43430692308135,-163.12880165341755,-100.96366434759229,-0.7308309658897088
982,35.52530256688574,3.7169697268439923,-69.66280078086393,4,-96.16954140942758,-5794.676638377248,-5423.911864487656,-370.7647850794874,-5794.671966860599,-0.004671516649068508
983,-2.6262328805626316,1.2439501607227494,11.715139142813983,4,-418.16107607614254,-359.4215104515459,-118.99998777744958,-240.42152293318046,-359.4214953162882,-1.5135257683596137e-5
984,-2.49411336439543,-1.858188994915439,-12.682405815833738,4,-201.83447404074025,-2759.59870729943,-2162.7770558784223,-596.8216589381271,-2759.59844975841,-0.00025754101989150513
985,33.47106157171792,-37.166865594297605,48.62262132107231,4,-129.38829573349244,265.6785277355747,342.9505511364699,-77.2720240711154,265.67849824689966,2.948867501118002e-5
986,-41.716016861154586,-29.826794336619614,10.594625725935083,2,-107.55674452964755,116.59173480193604,0.7625223038927893,115.82921198073075,116.59184812289922,-0.00011332096318028562
987,-58.58824757317783,-7.870862204471893,-19.84793012789585,2,-57.354720150912,130.75285208673932,1.8373424331389974,128.9155089151013,130.75480824178857,-0.001956155049242625
988,7.26920384214576,0.6362351735248616,-4.51383480264484,4,-195.7912796045142,-1618.5414176207134,-964.6427682886924,-653.8986502144326,-1618.5413687957762,-4.882493726654502e-5
989,60.006547229373346,17.549326944764612,69.00622974930909,4,-83.42303904206355,237.90151343263042,343.8658636663678,-105.96434996509787,237.90157976304098,-6.633041056147704e-5
990,-0.6385118937914109,-0.20214028863859335,0.48556909126660047,4,-243.157464326219,-1424.3901071759472,-780.8582857835993,-643.5318214559699,-1424.3900693189858,-3.785696139857464e-5
991,15.567359271985826,-18.12670309070081,27.581384717934775,4,-222.9439032962149,26.227092301638496,121.52760234161157,-95.30050993983619,26.227064205386224,2.8096252272291622e-5
992,-7.6166282581797695,-50.80334323857754,42.62052767541924,4,-421.9243995946538,-5615.403291109489,-5594.907334571287,-20.495954421056613,-5615.401825021644,-0.001466087845074071
993,-21.672920357288334,70.41477397415282,-3.772342184714095,4,-358.7012083900905,-7793.910806935108,-7812.94943521239,19.038597872785143,-7793.910596106822,-0.00021082828607177362
994,-15.13502545438566,-12.403489213488028,-19.022667710431865,4,-229.7994247862522,-4471.518777289674,-3970.41841438143,-501.1003498741511,-4471.516293685771,-0.002483603902874165
995,-7.364662430531862,-50.24895801749686,27.254426600050298,4,-428.9609704586022,-3512.0852307990153,-3493.998667668081,-18.086560384520585,-3512.0847146230485,-0.0005161759668226296
996,-30.49933467625975,2.919971912229719,-17.931224381596536,4,-284.01133563407234,-2138.5498602490156,-1113.6852346222347,-1024.8646253429936,-2138.5500710013603,0.00021075234462841763
997,-9.621696251164561,41.1636971744148,31.46436363844572,4,-456.9839386377005,-3745.7048690873435,-3742.977027255177,-2.7278306778031376,-3745.703682910525,-0.0011861768184644461
998,-7.836881871267894,-2.5786927797264427,0.673542675901271,4,-300.08473230610065,-1385.381115711331,-749.2616399286178,-636.1194755166997,-1385.3809798304364,-0.00013588089450422558
999,14.45208354196981,-68.98459167244081,-57.92667561132379,4,-278.8836507469058,-3287.533796442463,-3333.7222911490258,46.18849351796988,-3287.53420801813,0.0004115756669307302
1000,-22.01088242983078,54.521242472083024,68.78941318933617,4,-314.5133076566861,-8968.88247919604,-8948.099228184637,-20.783251768864783,-8968.882435975685,-4.322035420045722e-5
1001,15.876081577863694,-7.583857143524715,3.1062922898827,4,-188.54936240258547,-1037.7529092480393,-442.89799506599405,-594.8549152115265,-1037.7529082090246,-1.0390147053840337e-6
1002,20.232527541506844,12.452789343099967,78.9722075138181,4,-200.91845223001766,36.19332629197383,-152.13960823842834,188.33293247811002,36.19259571829784,0.0007305736759946058
1003,34.93772197044735,49.26292899301969,-7.780673656826997,4,-154.74762379230754,70.5530637618221,109.14921502877951,-38.59615183909602,70.55270539045782,0.0003583713642854036
1004,-12.040516797791367,23.23812278510092,-6.505454952165219,1,-500.0000000000794,87.77993838082799,30.07317165824935,57.70676810360224,87.77986223255479,7.614827319457618e-5
1005,-51.09754963965823,-1.2305614017624116,3.799882891816502,2,-69.47612821731366,77.70171886600312,-1.1073552103909072,78.80907387476927,77.70368689419315,-0.0019680281900349428
1006,38.35555875886309,-1.0036779171442485,36.15542994730993,4,-129.75687820599353,-50.7941879218646,113.91206535017615,-164.70625317052114,-50.79420103421077,1.3112346174182221e-5
1007,55.901620361011936,-59.31762655496212,-24.164019133972207,4,-104.45838187332758,197.20370842510704,107.35721963983575,89.84648952049008,197.20320371490652,0.0005047102005164561
1008,32.469641245309404,-62.540431267542175,36.633965575394406,4,-129.2765947388201,261.73461881655004,344.9538639018223,-83.21924728923584,261.73411220431353,0.0005066122365064984
1009,-26.344000169551645,37.90764761285072,-5.730330616977039,2,-162.75059589997608,148.30672070585382,29.954681382555023,118.35203858677772,148.3066162045327,0.0001045013211182777
1010,-50.55539752703033,-32.327053138660574,-27.027719657456952,2,-67.1239155024927,120.00056690987815,0.5567817951730234,119.44378435349356,119.99988988405838,0.0006770258197690282
1011,9.370941261033394,57.111756037378825,-22.397297067317243,4,-304.3810893499443,240.78545651070007,180.89326088401796,59.89219219861394,240.7853188326633,0.0001376780367650099
1012,-75.14678318896603,0.07392800219405088,4.554333752338342,2,-44.62872272305857,83.36606589437307,-1.0446345801548693,84.41070027292518,83.3652883495768,0.0007775447962643511
1013,26.63594958404719,0.6999723531012675,4.912036633888224,4,-158.03577432006966,-885.4446942753225,-304.97588180421485,-580.4688133425677,-885.4446341726207,-6.0102701809228165e-5
1014,-18.880387542992192,-49.43074291915653,-17.08713826869527,2,-321.7033799634232,159.44266013022798,150.24076586940555,9.201891590302882,159.44159213460313,0.001067995624850937
1015,69.49881715158182,15.191965740502477,-8.754223737704601,4,-86.7527231184794,-707.5461453729968,-215.46585859918952,-492.0802866428271,-707.5459908792111,-0.0001544937856579054
1016,-4.611941166882634,6.552255245481182,2.7840371203556717,4,-291.2986162401006,-1218.1653231657256,-628.3689447464228,-589.7963785499253,-1218.165367650986,4.4485260332294274e-5
1017,8.63623153553964,20.63449692427133,-6.154917816234351,4,-214.74562004253153,-1251.1367629564784,-765.1324679788928,-486.00429351991573,-1251.1366511416788,-0.00011181479953847884
1018,42.34593713778387,75.3425209851095,-7.667597594034375,4,-117.8443789262418,288.5828772587197,311.40112820075103,-22.818253653910826,288.58246078312493,0.000416475594761323
1019,13.682708288256181,-25.22685430983857,-15.45967904612406,4,-215.44982451815528,-1398.4463608131923,-1173.3045287221512,-225.14183927369598,-1398.4472920270039,0.0009312138115546986
1020,-30.06667153579363,-34.44093571032596,37.9040556775466,1,-500.0000000000794,278.33159733184516,251.52124177609508,26.81035407953731,278.33156832927716,2.9002567998759332e-5
1021,-7.944706724231286,-0.6352165902570753,15.084698902311617,1,-500.0000000000794,-14.48805071908036,-17.392783901512008,2.9047326725464795,-14.488044329079628,-6.39000073121565e-6
1022,-88.30165463521844,4.6437057010434515,-2.9173118081790754,2,-37.143821324912295,101.9450600053201,-0.05735737698750415,102.00241740470578,101.93554168377611,0.009518321543993125
1023,-15.371889962524081,-43.560680996496934,62.99876472287125,4,-407.1535738350517,-8606.181714083521,-8569.525835219096,-36.65587505708547,-8606.180370511138,-0.0013435723831207724
1024,48.137304000430994,-7.996959856430371,-2.0145015613163326,4,-112.99962377921928,-888.1888305283101,-280.93550322533855,-607.2533277731256,-888.1887932464738,-3.728183628481929e-5
1025,-55.65931065525741,-6.357605989992121,-64.27911115778706,4,-149.33462717429106,-14707.048301177128,-15491.738437338852,784.6901162746274,-14707.063713640046,0.015412462917083758
1026,6.036955331270545,-58.5963019472363,-12.692029588823356,4,-315.0432789243538,140.3764011017801,68.53707874035427,71.8393251945635,140.37612400931994,0.0002770924601520619
1027,10.761809508350249,24.924229575502785,-55.964117369442725,4,-166.81549097167624,-5472.26278417333,-5600.919950601398,128.65715510400867,-5472.260107037879,-0.0026771354514494305
1028,-53.19321852403905,-3.2613805708734676,-22.03645163115027,2,-66.21696650292928,187.3711997077137,-0.13353652049255552,187.50473609055334,187.3659226874476,0.005277020266106547
1029,-62.74489446792853,-60.29301576539459,-25.581955225596825,4,-345.9201155650551,-3816.761948256139,-3951.945188362586,135.18322309743183,-3816.7619775524304,2.9296291359059978e-5
1030,46.249556633664994,-45.905985195711466,-33.277685424635415,4,-129.84860969508952,207.27100002182448,74.06243204043442,133.2085677862047,207.27113563289126,-0.00013561106678139367
1031,-5.433317413321633,-1.836826152268114,1.8853193483791093,4,-288.5678466093198,-1310.5327248699143,-691.7534975881832,-618.7792287385407,-1310.5325920124437,-0.00013285747058944253
1032,14.99447196916841,9.156625908229348,15.8706735948592,4,-220.30653327209913,-336.31447890326234,-46.79678031561609,-289.51769808907255,-336.3144682324085,-1.0670853839656047e-5
1033,-28.75695515483151,-52.19928334466547,0.6520997197855544,4,-417.57926326055247,-7338.668413462642,-7245.86888107959,-92.79953255651196,-7338.667215533339,-0.0011979293030890403
1034,-12.233887444653053,3.658596657757266,-0.9784777604237914,4,-330.7750388323601,-1434.940888064293,-779.5707988215846,-655.3700881854841,-1434.9407815560653,-0.0001065082276454632
1035,-13.393314507598793,-28.520340934669424,-14.764240470232929,2,-348.3143039197229,155.26341759034048,6.3228535423835,148.94056373776974,155.26335927653022,5.831381025700466e-5
1036,-20.8915384025218,5.952335288825034,44.08046276548701,2,-258.17639745987134,20.08730832660092,-11.1391093113535,31.226420214090673,20.087275606610508,3.27199904113229e-5
1037,-17.355584520326122,-12.081368976814751,-35.21188800102522,4,-179.70750470377436,-12093.160011872893,-11971.922060384832,-121.23789844893956,-12093.154726743067,-0.005285129826006596
1038,11.748674215287371,-4.453307814814517,8.337973716272822,4,-217.3262139706566,-818.19365434673,-293.72237919201916,-524.471274625022,-818.1935992684848,-5.5078245168260764e-5
1039,-42.13160640853148,-38.76887010239397,-75.49844615739589,2,-117.33043839646241,234.42350660962697,-17.9001634093862,252.32366781201537,234.42380772343648,-0.00030111380951325373
1040,11.81215695086541,15.59857968642372,8.185409918830027,4,-224.20855686767248,-670.4534682489464,-243.47714873957506,-426.97631856641544,-670.4534325820399,-3.566690645584458e-5
1041,-51.196400238714475,-49.93422347432857,31.198015350915657,2,-161.85968019338165,245.51905851639992,147.19857809341252,98.3204793954259,245.50910427738927,0.00995423901065351
1042,44.240720919157575,68.7906073947334,13.812042354439969,4,-110.86128763129143,226.88027442604232,285.96953237349265,-59.089259554052866,226.87997773297488,0.00029669306744040114
1043,-7.205316765529204,64.67825354762712,19.281570222239047,4,-369.40647350737913,-5509.820670339699,-5462.135608738142,-47.685064341380276,-5509.820453014997,-0.00021732470213464694
1044,61.29737857296354,50.59614475097122,-45.602192545305385,4,-96.16701704039185,213.66745364706895,90.43989055866898,123.22756346535844,213.66713260375823,0.0003210433107199151
1045,41.10006733076737,-9.882440083739464,36.610652605287896,4,-123.26132278503579,-51.51878373187771,114.6733549771602,-166.19213842383917,-51.51880112682887,1.7394951157712057e-5
1046,-3.7078267398851508,-8.65915808952896,6.826730858322,4,-359.16372425228803,-740.7351218200223,-316.71420857945617,-424.02091250149465,-740.735088482084,-3.333793824822351e-5
1047,12.026773299651259,-4.526841915660724,-10.933114552767433,4,-173.22307662223196,-1915.2684894903202,-1277.7830781091316,-637.4854106005306,-1915.2682458594845,-0.00024363083571188326
1048,-5.354769650958863,-28.02615437568399,-18.537026414281332,1,-500.0000000000794,-184.66447058968265,-61.14019890183991,-123.5242726177549,-184.6644279442825,-4.2645400156970936e-5
1049,-48.874504667163855,-9.538492648222858,13.124570347468842,2,-79.47412268970555,66.69028015220627,-1.4444000471356324,68.13468020391953,66.69019350008338,8.665212288860857e-5
1050,20.41547822800932,-20.498745924791738,-33.795137336767844,4,-161.97047027057565,-5485.37769431438,-5468.952433057018,-16.425257734362344,-5485.374642727831,-0.003051586549190688
1051,-3.7089902005572357,7.441554722004293,-5.3199631629029085,4,-232.0528922416371,-1811.2981780391885,-1151.7768373016606,-659.5213375638426,-1811.2984664042094,0.0002883650208787003
1052,-17.04157271656017,-17.08858051578162,17.391947318826237,2,-371.31237312178285,16.22274623864295,-18.515937752642696,34.73868386294956,16.222432367515236,0.00031387112771597003
1053,32.37263201830718,-56.101459687074936,-28.356215784221458,4,-172.6572635325984,149.11864460010165,182.08819107902573,-32.96954649327037,149.1182543415271,0.00039025857455499136
1054,-3.4913581177518562,-5.38549502559094,3.1772019065208683,4,-288.5394478398882,-1169.4359492025746,-585.5881113521413,-583.8478408926352,-1169.4359031053104,-4.609726420312654e-5
1055,18.399314406852955,66.10013108577176,-38.85655620249515,4,-255.7199087747697,269.31528670431373,154.1317773739461,115.1835106176363,269.31518028785996,0.00010641645377518216
1056,9.185337263482214,-30.507562503225675,31.9514237521648,4,-278.1618232789376,46.4055421956858,-20.80284746076854,67.20839059670843,46.405446139606006,9.605607979068509e-5
1057,-38.91860273859479,-79.87276650944207,37.98928740244023,4,-297.2437708990055,-9711.438385538771,-9680.53983939651,-30.898524231697145,-9711.437365460577,-0.001020078194414964
1058,43.82223089401745,-79.0391754731734,0.013495378392049343,4,-110.88517470746794,335.90038108061486,376.1292514724143,-40.228871505917716,335.89955591669974,0.0008251639151239942
1059,-6.616755341856708,2.615023088265788,21.866629978835018,1,-500.0000000000794,-260.2241098238083,-151.4596966496822,-108.76441230587909,-260.22407501874346,-3.4805064842657885e-5
1060,-44.36284521094436,40.02407185564421,-43.19438772572732,2,-84.48218780330944,189.4916657271108,9.94767261989146,179.5439928590788,189.49175613996195,-9.04128511365343e-5
1061,0.009878063311648498,-52.98005802274907,5.363374013913219,4,-347.9064656305836,199.41433443299948,182.2794317514535,17.1349045442627,199.4137325688405,0.0006018641589946583
1062,54.4003336111149,-11.53170488673298,34.23283128261595,4,-102.12101201992697,-127.18252497361473,92.17136862678836,-219.35389357022316,-127.18253441765792,9.444043186590534e-6
1063,-16.42491664288356,-17.84550113097828,-22.987616006877616,4,-243.8946694242556,-7166.5396452226005,-6857.907106253254,-308.63255946380536,-7166.534761534635,-0.004883687965048011
1064,-8.042299998490707,18.25279651430673,-0.19622950600403463,4,-393.1445444110758,-813.1335165234475,-380.1544324234949,-432.97908170962705,-813.133495486746,-2.1036701468801766e-5
1065,23.131013010978464,-41.34768451496376,-14.853145368733026,4,-223.6740275358774,-47.50536763010434,13.354864495523344,-60.86023256425015,-47.50536812236273,4.922583940469849e-7
1066,6.8530075248771,-19.859229486118284,-2.653269053169045,4,-234.80437502485802,-1119.300193080851,-592.7920337745671,-526.5081597683078,-1119.300172226639,-2.0854211925325217e-5
1067,2.232524199287594,-36.92361901972246,-30.65782773282582,1,-500.0000000000794,-222.09609878134813,-195.4283700324894,-26.667730523270095,-222.09632340053682,0.00022461918868543762
1068,5.942044363358553,-7.851486782760442,-1.0192611616551959,4,-213.13428806217297,-1378.5764296365335,-747.8319493651717,-630.7444783060271,-1378.5763006204882,-0.0001290160453208955
1069,-1.4649860390191918,15.111932508766733,42.05582731461719,1,-500.0000000000794,141.1878297991267,-28.71915196639705,169.90697797076535,141.18784132353366,-1.1524406971830103e-5
1070,10.210973040230213,-28.10380650747022,-5.756438670904606,4,-258.7301372904823,-509.47969003558035,-307.6839129176868,-201.79577764771219,-509.4796408296401,-4.920594022905789e-5
1071,2.3870607019841033,-18.820082976961597,-2.9760932311446466,4,-253.4609733600045,-1080.9154572896905,-615.5555045082091,-465.3599536963265,-1080.9155158763444,5.8586653949532774e-5
1072,14.054867614520754,-3.444191156075879,-17.075447744567658,4,-160.86667345538876,-2346.7066435303373,-1750.5029029115335,-596.2037417853536,-2346.706030022437,-0.0006135079001978738
1073,-35.80988637898248,5.063181247185303,34.37875187843877,1,-500.0000000000794,273.6076618042025,248.66761393834875,24.94005133876578,273.6079156073696,-0.00025380316708378814
1074,-63.3704245513389,2.2441884960177987,63.68087434283459,2,-137.91720301536066,21.21347005131254,-55.2389749377765,76.45244289764172,21.2231381343726,-0.009668083060059729
1075,19.156532507308718,-26.66893774838419,0.6440144812229637,4,-205.123962699537,-363.76565749764944,-161.9066213714825,-201.85903831869453,-363.765691782379,3.428472956557016e-5
1076,-79.49763302363337,28.997228295810682,-32.07985222816676,2,-42.65074841383903,140.56975453290528,5.366270146777519,135.20348409976017,140.56882005996962,0.0009344729356541848
1077,62.10333147527928,48.5488778547912,-17.836534919753635,4,-97.25887387941539,159.42719518259898,29.12100086703756,130.3061948602768,159.42718731101692,7.87158205639571e-6
1078,16.588949549957842,-54.186288042390686,35.53213111734392,4,-203.57016628321622,81.11413759158599,36.07655676415053,45.03758196151312,81.11389722870639,0.00024036287959461333
1079,-0.4329150711198798,0.20769205685907244,0.36225576785262364,4,-241.25008158552558,-1433.7850464064666,-788.8994659196312,-644.8855806217254,-1433.785202736286,0.00015632981944690982
1080,-36.88273926716638,82.14705446752,-20.318704530647445,4,-334.51210600411696,-9105.2791696435,-9082.375008272038,-22.904144037325338,-9105.267723601628,-0.011446041871749912
1081,-44.53092859726653,-15.522964845711996,17.756822597341294,2,-102.15193898623295,57.20732903948212,1.0721294364067424,56.13519932866113,57.20730844433242,2.059514969943166e-5
1082,-49.9356294347123,19.67435745677333,41.38514300395863,1,-500.0000000000794,-277.84617423627446,-264.49200307730274,-13.35416932293282,-277.84393632289283,-0.002237913381634371
1083,-49.385782823619714,34.77180568505247,14.084852492466469,2,-95.1438742630017,128.2826923210418,3.88398279395181,124.3987095359729,128.2826179060581,7.441498368621069e-5
1084,18.641324265475312,25.800458463531303,16.427414235201425,4,-207.01076757225272,-42.42053754012661,38.0092936733851,-80.42983214927894,-42.42058214053024,4.4600403633410224e-5
1085,24.992168313208673,43.18365521626665,21.052799640732708,4,-171.0806422154453,75.77825623759783,140.12267903935953,-64.34442322938398,75.7781210914214,0.00013514617643295423
1086,18.443949888377933,55.049139696083195,-27.601653406267403,4,-251.93765683716217,205.09084268637747,107.02228595009771,98.06855485626606,205.090224792862,0.0006178935154821374
1087,-76.15144523425323,34.53947708822052,31.02129321384442,2,-56.477923479485526,97.42992163677225,2.855827100625398,94.57409418813991,97.429994588784,-7.295201174883914e-5
1088,-5.3216557268380456,53.0620957789947,-44.012176276296195,1,-500.0000000000794,-252.28091096739996,-303.8526417973745,51.5717302137206,-252.28127001159376,0.00035904419380017316
1089,-80.70007427929764,37.76428201514572,-28.171025060057797,2,-42.56101849513598,124.03614227374901,3.827676271097693,120.20846530536407,124.0358504665558,0.0002918071932072053
1090,0.4820212210007297,6.850367564581268,8.040937562220272,4,-294.19506610915164,-797.83586379335,-333.51756129991224,-464.3183018986421,-797.8358587479895,-5.04536046719295e-6
1091,-79.29302479509619,-5.6731598810660415,-7.486540153268075,2,-41.35844052634488,103.73339344954398,-0.13253192271335645,103.8659253210337,103.71728682706492,0.016106622479057364
1092,-16.655450499635077,-22.389408492985005,12.608172296396289,2,-402.97248941128305,76.13167386873128,-16.323440178788054,92.45511437380809,76.13168782885167,-1.396012038412664e-5
1093,-37.006256168823484,29.230443566280336,51.64614043052612,2,-182.64079064709358,126.2094005696358,98.38738795862203,27.82201584726283,126.20919865172323,0.0002019179125767323
1094,-15.42073368363168,52.33659190244751,75.89455212992935,4,-303.5391641648952,-6656.627107033005,-6607.805039315833,-48.82202675106206,-6656.625169483914,-0.00193754909105337
1095,-21.585608849809773,49.110904176406336,-70.25050134492402,2,-162.6659856782893,267.61024643314704,190.94476445083524,76.66548539556514,267.6092658919195,0.0009805412275341041
1096,-16.175438699072778,-1.0201165451067933,4.906802881879172,1,-500.0000000000794,43.92476429917296,13.046975968314271,30.87778807184707,43.92476704513588,-2.745962916606004e-6
1097,15.657168970330481,57.583155314481274,57.041230201176184,4,-200.43289418701983,52.60034730527187,-29.505412366138945,82.10576078881337,52.60029066160767,5.66436641946666e-5
1098,3.422943180174202,-9.390842260717815,-34.17727046977914,4,-156.42833422557717,-8168.3516401770385,-7900.160259756844,-268.1914159473272,-8168.34638351407,-0.005256662968349701
1099,-18.268980420983247,-0.8467136805183768,18.458849252201134,2,-387.5753355847046,12.804234235821399,-13.527814776890539,26.332049206456755,12.804202592995507,3.164282589196432e-5
1100,-15.795756925015393,-45.065767668860225,10.986640109906663,4,-491.4678883310928,-6914.137919673222,-6969.432448688434,55.29452117108473,-6914.137058875343,-0.0008607978788859327
1101,-13.510515867393455,-41.03289566510435,-13.802753657938737,1,-500.0000000000794,98.94501454872693,-92.88460688826605,191.82962125360936,98.94478058042633,0.0002339683006056248
1102,17.471905651010044,-4.8146825492489675,-11.122042271473633,4,-161.84380877145227,-1723.5577465978045,-1080.0280719469717,-643.529673388367,-1723.5578391245267,9.252672225557035e-5
1103,25.47993218402601,84.39009186186594,-23.100708396633213,4,-193.64523902168952,82.80085668727375,18.249472984334087,64.55137716118831,82.79975401475733,0.0011026725164242634
1104,-64.95349274487396,27.315543880512873,-26.420745840101347,2,-52.07134054446891,129.00665131056567,4.866477266580971,124.14017367918574,129.00702012908627,-0.0003688185205987793
1105,40.061201824266426,56.90384039568742,-49.30320767706107,4,-139.29406076435401,340.35468397935665,267.2373826196638,73.11730152133299,340.35435028434676,0.00033369500988555956
1106,-8.043583175286962,65.31922914567176,-35.57461956811178,4,-398.1280606823584,-6982.379917890787,-7019.923375113096,37.54344523303695,-6982.377406824285,-0.0025110665019383305
1107,0.9758171205507402,-1.0396966340999085,2.41417070588986,4,-245.64636397469647,-1271.3390887262426,-652.9424444394505,-618.3966461840945,-1271.3391174273836,2.8701140990960994e-5
1108,39.47603999993937,51.08772680177423,9.536664017919339,4,-131.88607516922136,71.91446469233817,141.50236412662687,-69.58789950361803,71.91405172452514,0.0004129678130340153
1109,-5.4596875508540474,16.945120260913914,-7.72187850958966,4,-257.56982551588175,-1657.1047058670895,-1149.6960640131451,-507.4086431161027,-1657.104369883586,-0.0003359835034189018
1110,-47.27573695176043,-17.44397073557115,-17.97978125294551,2,-70.17026532331995,93.41243304552201,2.2736891158761314,91.13874358443798,93.41152499039207,0.0009080551299405215
1111,-5.488662201353751,-36.760670435872846,-53.36381336144222,2,-219.83635582470072,265.39202395170656,136.48160489167586,128.9104166978878,265.3926588361902,-0.0006348844836452372
1112,-7.51314791141845,-13.27310123992653,1.254161684715159,4,-370.5581031330292,-987.6080396232055,-502.63436342013244,-484.97367214642696,-987.6079973446593,-4.227854617511184e-5
1113,29.667114556834655,-29.323938709217416,1.11760554394091,4,-168.58954816060927,-408.50854307868474,-110.76940370980836,-297.73913943952584,-408.50858591597256,4.283728782183971e-5
1114,-13.124043427692358,-16.059450391028747,-18.29530242771594,4,-241.83038551819592,-4261.746253778419,-3827.330540932283,-434.4157104999116,-4261.742927616463,-0.0033261619555560173
1115,8.876993983648017,-55.56126922121032,-7.856390110368501,4,-277.70666240089264,217.64649016436715,199.4838367355215,18.162652551309016,217.6465376770499,-4.751268275526854e-5
1116,-25.140059949524044,-14.045397603291663,27.346692504732708,1,-500.0000000000794,200.1050509446476,101.43857203082364,98.66647693940163,200.10508410151016,-3.3156862571104284e-5
1117,-30.275808363868673,-73.75054191676385,7.307500824500483,4,-323.00768583305756,-7838.950816683621,-7841.36740234362,2.4166119048340904,-7838.949093754885,-0.0017229287359441514
1118,-62.35310291970764,16.319282330477822,-66.34361906922673,2,-75.96130694458866,378.1054910428733,-33.07699698780505,411.18248712406483,378.10581913121916,-0.0003280883458387507
1119,33.02136147557938,-57.62745144408951,32.389673100301664,4,-131.64889965229082,262.2558098690152,343.22230194481534,-80.966492312863,262.25551178465304,0.0002980843621571694
1120,20.264920245961218,-15.933829373675316,9.09319490376306,4,-191.30679705334046,-484.5966973452979,-136.25571422476258,-348.34098422389616,-484.59666099140514,-3.6353892767237994e-5
1121,-48.55972233393298,-29.622145538511074,54.42318321550038,2,-157.70836007258958,34.96789956594207,-5.46201581858409,40.429927537996406,34.96539539283802,0.002504173104050267
1122,27.30135196090822,3.0130310281762127,6.206891669752449,4,-157.0984415160927,-835.9339548864859,-269.23838967709617,-566.6955658746604,-835.9339273129798,-2.7573506145017745e-5
1123,41.70290580807178,-18.197442612888434,-36.37083421857147,4,-115.84667842383364,-1586.9120134918826,-1343.7472890169713,-243.16473558470958,-1586.912721175414,0.0007076835313455376
1124,-84.367440328965,3.0625292115183886,-17.90698706647059,2,-38.900775698890186,135.7962010276669,1.1801701810853136,134.6160311551152,135.79506160833054,0.001139419336368519
1125,-21.365389227359014,59.86225378330321,42.482068818470864,4,-367.83843300030526,-8310.158743742364,-8328.035935844297,17.87718405683867,-8310.160144195825,0.001400453460519202
1126,35.81287803604355,6.185504782872731,9.384034135065072,4,-138.4906494799647,-670.8008327880405,-157.81604747294816,-512.9847843004845,-670.8007883567285,-4.443131194875605e-5
1127,17.197050051726077,5.974063768030399,-11.2900920312102,4,-161.87898979902857,-1682.2331142348112,-1054.6386728344817,-627.5944413992355,-1682.2328978095313,-0.00021642527985932247
1128,2.115571082778128,-0.036653901434938886,-0.566772032800924,4,-225.4114406554548,-1465.6461464760264,-817.0832198943127,-648.5629268637279,-1465.6461106575396,-3.581848682188138e-5
1129,-26.34984018131424,-40.348234980202335,-18.087581455061812,2,-138.55017738691717,144.38387714961382,35.17978659484048,109.20409059913945,144.383851712453,2.543716081504499e-5
1130,-1.6320863868785072,-2.298814550915468,3.4981229263347045,4,-271.4809534221142,-1190.0915100462987,-595.6370043041301,-594.4545083775242,-1190.091401485531,-0.00010856076778509305
1131,6.699014770448423,-17.260562635779237,5.113037300951433,4,-258.1823125837253,-723.4834021890449,-274.2528960596894,-449.2305073372545,-723.4833803823165,-2.180672845497611e-5
1132,0.7941735230474608,1.2576886445219062,1.9725291743075382,4,-243.06823678516483,-1316.1290318650065,-689.734679236195,-626.3943537310981,-1316.1289729379203,-5.892708622923237e-5
1133,19.71375787769274,-8.27148970234569,25.998244761727243,4,-198.48265174017777,-58.53385152873395,89.31329773395593,-147.84714929567795,-58.53386117764865,9.648914705451261e-6
1134,-7.609514698541975,6.660063792932258,-12.367278431128444,4,-218.2201721426262,-2673.8307983228674,-2051.077227484919,-622.7535724017074,-2673.8294518074863,-0.0013465153811011987
1135,-7.070059495718523,-72.95416984966187,-13.844346953507168,4,-363.3874623494779,-7228.213564944976,-7198.633188507005,-29.580372565692176,-7228.212660654337,-0.0009042906385730021
1136,-22.613915003818885,-18.506023352607723,-36.463455294326856,2,-185.7392799378635,205.47130122328872,-37.95476328733608,243.42606492263388,205.47132225467598,-2.1031387262837598e-5
1137,46.61569714879239,6.880879673718177,-27.21760711146719,4,-106.42745729964282,-1506.2838836427684,-839.4597924436638,-666.8240941788397,-1506.2836505917633,-0.0002330510051251622
1138,0.8254718682148824,-3.203519633961727,-1.2510868409280254,4,-229.1635052896583,-1500.8035780026196,-852.189407355368,-648.6141709403103,-1500.8035408808923,-3.712172724590346e-5
1139,32.739170303727605,-92.13892698362798,8.534417291269556,4,-134.42373038073308,69.14900272287514,147.5702603473529,-78.42125410038705,69.14795092195449,0.0010518009206492707
1140,-24.382522195089773,-7.513209124300529,-66.86332378698114,4,-131.44902593038896,-15258.253080267968,-15608.51242755264,350.25934729581604,-15258.256051816865,0.002971548896312015
1141,5.053427384765326,4.358691154417854,35.01025124094943,4,-440.5040775141461,91.38567324370118,4.397694665416758,86.98797878669859,91.3856731663755,7.732568008123053e-8
1142,-31.76075599815489,30.5895545915688,19.17226076506484,2,-260.76277570179724,141.80489186946897,29.46028719535687,112.34460499585371,141.80537394421836,-0.00048207474938521955
1143,-0.7740321490683559,-1.5372929016962953,-8.663013789823015,4,-208.1833467108285,-2146.745237337688,-1505.2722748183314,-641.4729688253493,-2146.745058188295,-0.0001791493932614685
1144,13.792545285762303,0.3763474788794146,-2.528403885470959,4,-182.03588513637573,-1374.3150913372249,-726.3254552037967,-647.9896351712451,-1374.3150220471507,-6.929007417966204e-5
1145,30.605011041648943,38.77209377947618,59.02558361833522,4,-133.72078599968347,189.61367662677208,254.2215116800612,-64.60783172220606,189.61339060964133,0.0002860171307474957
1146,44.4694234212943,-18.626570913097055,1.9415482089846974,4,-123.22178078069197,-671.761041106277,-182.92401676211725,-488.837023688757,-671.7610075101868,-3.3596090247556276e-5
1147,10.87269260419005,-2.903398994954783,1.248939218755445,4,-199.6246312999551,-1225.6385672132037,-597.8857276631469,-627.7528408063722,-1225.6384672717786,-9.994142510549864e-5
1148,-1.970724963106718,-0.926715554275379,-0.374537025869449,4,-245.7076482068658,-1491.0842682723735,-838.2727878830327,-652.8114809955617,-1491.084291435159,2.3162785510066897e-5
1149,-17.188085066916333,25.121963232630026,-4.238566597399112,1,-500.0000000000794,116.2281026875604,-0.00047087454789765393,116.22857430858606,116.2280661912638,3.649629658752929e-5
1150,27.53651321228261,1.6392759728874646,-15.888159954276716,4,-138.60120996378856,-1636.3839722100558,-978.9328497155018,-657.4511234247639,-1636.384266319193,0.00029410913725769205
1151,-12.520740171127738,-11.73257170301008,-7.177853895041466,4,-298.6705772026102,-1675.9575058618766,-989.0197914147825,-686.9377195314634,-1675.957229836573,-0.0002760253034921334
1152,10.209960569124162,20.56632883744097,-11.739944512464673,4,-200.0618748974007,-1390.664268558938,-1044.6535077603296,-346.01075870206006,-1390.6640252775442,-0.00024328139375029423
1153,-53.471672510593976,-47.07036851070386,35.30860752281939,2,-159.4821560713196,105.9529241900834,-282.85670555778245,388.8096228764038,105.96384082025807,-0.010916630174676811
1154,45.94523218504457,61.18640924377506,47.70473862015552,4,-98.71562458145215,397.13092112683006,476.1036654326166,-78.9727425672174,397.13085483881616,6.62880138975197e-5
1155,9.376526181584035,11.873028584983793,-3.4107120611864326,4,-198.22034519650694,-1381.1119990709526,-771.932054452718,-609.1799456782755,-1381.111862058207,-0.0001370127456539194
1156,-3.9241447410194708,-36.824412514777165,8.317244684157274,1,-500.0000000000794,75.00888265604314,42.053094903362684,32.95578882426647,75.00869018506823,0.00019247097490904252
1157,-0.6418887217353649,-1.9954315547100296,-3.3557320559152517,4,-225.8989384705387,-1678.2691438139818,-1016.6711007677833,-661.5980438428402,-1678.269386350958,0.00024253697620224557
1158,-80.70460240259236,-51.343380136346575,15.600648281712068,2,-55.32798697216022,111.91699918876235,-0.3117542745265703,112.22875337504215,111.91675889316657,0.00024029559577343207
1159,-50.05732474882146,62.55637937986948,51.32428661602576,4,-280.9941163733692,-8724.91375346174,-8768.913608434534,43.99983208185878,-8724.912561713336,-0.0011917484043806326
1160,-16.81100535855957,-56.9075400071489,-11.808512648721008,4,-434.96575724824123,-9032.35965486586,-9026.2512736486,-6.108378455741935,-9032.358124525137,-0.0015303407235478517
1161,30.21787709479584,-27.690120900704237,28.97463945158742,4,-152.6973058164882,10.170513644588052,117.93497129289024,-107.76445802732502,10.170442087970292,7.155661776003797e-5
1162,-4.87848534294457,-13.461258483976186,21.919373347848417,1,-500.0000000000794,108.50361960335115,-50.427812588073884,158.9314325248885,108.50360475084511,1.4852506041052038e-5
1163,-0.06412914052227554,4.863115606072259,3.4463887776304003,4,-257.46643089824977,-1205.6119536092574,-609.8322551509176,-595.7796995950338,-1205.6119089434583,-4.466579912332236e-5
1164,13.288732537293118,57.25331985479648,-7.788006298562022,4,-244.1969977658137,285.3064123127877,272.0394429596249,13.266967956559355,285.30620903283364,0.0002032799540643282
1165,-47.11850179741322,-3.7429624735810054,-2.0344804973072548,2,-74.93932377466746,91.11011848504047,-1.2100674987431297,92.32018575240072,91.10945348570858,0.0006649993318887937
1166,13.531809475591915,27.219797126179976,-44.12385213664997,4,-368.86784384976863,177.55683310370802,12.589734302514607,164.9670952490311,177.55683402801864,-9.243106262601941e-7
1167,-83.59791432176358,-43.9252797694335,17.18062675406735,2,-46.90508684341559,93.44763213982468,0.1366040298463605,93.31102763332129,93.44652329864806,0.0011088411766166928
1168,-2.6569132042317944,4.561592859421011,-11.932497776603217,4,-203.73212810770357,-2566.058572963983,-1944.4287110158566,-621.6298677612324,-2566.0576859364255,-0.0008870275573826802
1169,16.334196944740427,-25.543865883858587,-8.615259919905206,4,-207.93677430331914,-746.4465131316073,-517.4327445886382,-229.01377144524344,-746.4465644894166,5.135780929776956e-5
1170,11.255265453896284,-12.821786633140832,0.9655833555475236,4,-207.4625039173395,-1100.3067728339213,-528.2033142598274,-572.1034586829186,-1100.3066969641686,-7.586975266349327e-5
1171,23.38435027675548,-34.6248487110477,15.409027026110405,4,-186.33633460102197,13.463390782368297,70.99883726875659,-57.53544730578199,13.4632493518428,0.00014143052549719926
1172,3.0400748295139643,12.829541854522425,-4.120370893706057,4,-218.64601128886773,-1546.499031030968,-917.5190062671641,-628.9800295612195,-1546.4992284933003,0.00019746233238038258
1173,-5.659762273989185,11.563135654977085,7.443017311318474,4,-422.4748821679972,-579.9290340519515,-242.3794866172347,-337.54954619246723,-579.9290004507541,-3.3601197401367244e-5
1174,9.822557317731334,21.08133570854202,-6.937929989579539,4,-210.42057372143293,-1205.572215835124,-758.2626469857669,-447.30956656958597,-1205.5720761900268,-0.00013964509730612917
1175,-79.87136776945685,-38.494075855034495,-31.192183107835355,2,-42.96777776563285,109.93574220629286,0.7318230644219694,109.20391861454044,109.93511205388457,0.0006301524082914511
1176,50.13543382223945,-67.29457037203157,18.81506410088046,4,-101.47074127685721,202.6291857528619,266.74406062095284,-64.11487630320853,202.6286288735731,0.0005568792888084317
1177,4.364477465015811,1.1227622254120166,2.2618092455106633,4,-226.9446540645046,-1261.9229061657622,-639.8337440536375,-622.0891638765771,-1261.922958074366,5.190860383663676e-5
1178,23.918710599366204,-6.384779318914902,5.194474057001857,4,-166.72692697470808,-865.9227810481187,-305.0677022071991,-560.8550785615864,-865.9227188562126,-6.219190618139692e-5
1179,-8.289803300490227,6.109632070531385,-0.8536123220363794,4,-287.64534015943644,-1506.3170524642399,-847.2774330141934,-659.0396197166674,-1506.3171079116905,5.5447450677093e-5
1180,-36.262432883853414,-9.022018304596807,51.75727928028399,2,-185.5761604181763,-23.926726394426197,-58.92554289833969,34.9988186162486,-23.924257578421603,-0.002468816004594032
1181,-37.99667040171438,-34.39465750938035,-35.21754537266077,2,-89.8685938767039,145.26395360887412,5.933445697101883,139.33050715975384,145.26335862823973,0.0005949806343892305
1182,-37.90337523061257,56.53905532540926,-33.78143254019074,2,-122.87870300129698,235.80852933759712,73.17564975341332,162.6328801576861,235.80862820807496,-9.887047784218339e-5
1183,-75.23763620108532,21.970436991289304,45.66642044054654,2,-128.48209670904396,337.11472018470187,125.54115443078962,211.57355977864452,337.1212464608966,-0.006526276194733782
1184,0.8254501993369742,5.853466451018077,-1.2898079632767752,4,-228.42995567982115,-1518.0409112447917,-865.8273181381234,-652.2135957974158,-1518.0407995158967,-0.00011172889503541228
1185,19.722761000929754,-47.71106402053447,-53.22346337169956,4,-290.79329529539285,-614.7285033785606,-451.54790998400046,-163.18058977825552,-614.7285846789403,8.130037963383074e-5
1186,10.440912142442224,32.106032559295045,-7.851747791470141,4,-271.6869715751289,-156.884452765856,-148.16081850595484,-8.72363527383599,-156.88453122655508,7.846069908623576e-5
1187,-61.356887683202444,63.83134525977049,4.867585094796022,4,-323.703813935143,-7377.098670823284,-7502.347553674285,125.24888042444879,-7377.094968942885,-0.003701880398693902
1188,82.83461459956489,-32.840977365060326,3.039136147351792,4,-75.88509368261624,-111.31855719426072,-11.405685691986953,-99.91287218567321,-111.31857131350912,1.411924840510892e-5
1189,2.4642306746290603,22.347090479961732,-20.902271284258862,4,-222.00423981990832,-5192.062817444391,-5047.829700055353,-144.2331164278185,-5192.058260138639,-0.004557305752314278
1190,0.19062426931963722,4.176282857573551,1.1817851703054643,4,-241.6540556220349,-1374.3859931938173,-740.8468074430525,-633.5391854151582,-1374.3860928712802,9.967746291295043e-5
1191,-15.604007737085393,-20.394585907497973,45.84499514233584,2,-409.3508588001975,200.63049775698602,62.68502530072912,137.9454736253873,200.62991422662597,0.0005835303600463249
1192,51.318659639531305,-65.65108780697398,45.577254253698825,4,-91.90217608931421,384.06722044349965,465.06995806229514,-81.00273574052581,384.06690511690306,0.0003153265965920582
1193,-6.719267580370938,-18.985219556687024,25.49182111999159,1,-500.0000000000794,-1404.6272773158469,-1196.9113037384986,-207.71597582903775,-1404.6280832256075,0.0008059097606292198
1194,29.582758039261687,-26.348174899078586,20.82816640857824,4,-160.55202147673785,-63.944658041146056,70.00834313152502,-133.95300176462044,-63.94473839039997,8.03492539134254e-5
1195,-30.816530888963584,-10.755260044914607,-1.0775701850311594,2,-133.95324566967824,74.111544754427,-1.1527846418697243,75.26432890972715,74.1119394761064,-0.0003947216793989128
1196,59.54004914728158,4.8825807910452195,32.75432541185987,4,-95.8575126944091,-178.1209257536036,77.18596066374371,-255.30688640446795,-178.1209348116357,9.05803210571321e-6
1197,-54.11671327828495,21.2115028579787,57.889872778590124,2,-150.825948200084,27.963096407162702,-38.293805724811484,66.2568996097042,27.958186287343672,0.004910119819030001
1198,-64.61479196088092,53.26526734868644,51.76141295261455,4,-265.5591752197811,-7387.829500481635,-7695.13370474908,307.30418048475275,-7387.825323451583,-0.004177030051323527
1199,7.789476842868982,-23.41907282910429,41.03487658322584,4,-298.4192251783465,153.14031750419835,81.87518346142394,71.2651342244574,153.14025854027489,5.896392346471657e-5
1200,-16.648231205226477,46.152482748495544,49.490073806039106,4,-442.548992142673,-6182.979955382011,-6158.5351078442045,-24.44486651488061,-6182.978564314534,-0.0013910674770158948
1201,69.8044055133968,67.67943805695732,1.916573010661091,4,-82.16841280739341,133.53087268829282,84.38206960964143,49.1488035628917,133.53047505087554,0.00039763741727938395
1202,-4.06389666905125,68.63837023368447,13.398160214460539,4,-351.0705926850447,-3613.2246672549145,-3569.55892353601,-43.66576804486895,-3613.224006812373,-0.0006604425416298909
1203,-2.2048876559381987,-47.118629610471245,8.359336285205124,4,-422.2317947890054,-17.79480830164956,-59.00736262203901,41.21255197598764,-17.795051688509343,0.00024338685978264607
1204,10.243296191944484,6.995104091994953,5.787227488987921,4,-215.08140491608356,-978.0961910576235,-412.66364734185964,-565.4325407766429,-978.0961285469481,-6.251067543416866e-5
1205,4.811471657765224,-28.176981051005765,71.09940466996612,4,-385.31281930887894,-734.2873292076965,-797.5934349906543,63.30609939786643,-734.2869541166988,-0.00037509099774979404
1206,-3.7243708948188843,8.151901475673238,-14.320977096942036,4,-203.8464784886354,-2940.177412924775,-2358.0096405656045,-582.1677697495486,-2940.178253927512,0.0008410027367062867
1207,-54.70778342443148,-21.007210796483335,-30.414260078784928,2,-61.51244452458302,128.1704117274232,4.288460388109994,123.8819509223746,128.17015575408166,0.0002559733415239407
1208,12.968397233038614,-7.536196244642658,22.37407898993884,4,-244.16631030629046,-73.89593637632738,71.0538253565234,-144.94976177298437,-73.89594338558233,7.009254943568521e-6
1209,-0.3777066294727138,8.561257068305006,-15.335010271430338,4,-194.27398286690553,-2966.2299915522117,-2401.9391641500292,-564.2908386213709,-2966.2281113379363,-0.0018802142753884254
1210,35.64959750617224,-76.6623166981171,17.932015470141014,4,-123.12265162116967,278.1828469732277,361.3255885532101,-83.14274249260211,278.18243278662794,0.00041418659975533956
1211,33.91840887524181,43.21497726667063,-18.987942757353565,4,-167.6055891786723,81.56553723496519,53.21334161731923,28.352193193481764,81.56530345958699,0.00023377537820579164
1212,-40.58586728845714,86.85654412473359,-25.93456222119437,4,-351.9001484067143,-6842.760826755372,-6741.670291030583,-101.09055811366899,-6842.753444367925,-0.007382387447250949
1213,-19.760251829700934,5.567870210105479,-44.02832909387887,4,-160.8474060779548,-14092.258012844508,-14118.631241420951,26.373172970240294,-14092.234421857896,-0.023590986611452536
1214,72.17591208317714,-51.37227453762409,-30.21140180523692,4,-85.11025242927856,189.62443212743997,43.27476568178732,146.34966616391048,189.62384936890345,0.0005827585365238974
1215,20.7609728713954,27.243198309294144,47.923447521146876,4,-183.58680688710874,59.333857275087105,97.16681434330586,-37.83296056804917,59.33373466198576,0.00012261310134675796
1216,-32.6060219442577,11.595152271700655,-27.466128734195213,4,-258.890289040458,-5946.612060687387,-5038.853298085889,-907.7587693348431,-5946.609207892112,-0.0028527952754302532
1217,-7.963363648674345,0.5142010079782171,6.38725364254887,4,-436.2472296764009,-714.7580921116885,-322.73950829641916,-392.01858312426884,-714.7580898559058,-2.2557826468982967e-6
1218,6.296982238632254,16.904620173507904,-6.101538171501462,4,-211.05152514286783,-1482.5266706115026,-903.8417396745062,-578.6849299220636,-1482.5267953827943,0.00012477129166654777
1219,-32.519421284882434,-42.304736181571954,-45.83937580426169,2,-111.50923003324444,193.08888437549996,21.045385223120103,172.04349861709437,193.08906961570332,-0.00018524020336485592
1220,-9.97404129751742,13.452914572292041,2.9314911912011996,4,-467.23273100001967,-750.0168461597972,-385.73898483647474,-364.27786088209626,-750.0168088387057,-3.7321091440389864e-5
1221,27.496482634728885,-29.399988607248666,8.946188780106253,4,-174.2028602066741,-179.79938768585822,-4.525387836039747,-175.2740018234163,-179.79939908878922,1.1402930994108829e-5
1222,18.742349698036787,-64.63224936574755,-8.514078856144534,4,-212.76975275487925,150.2401310153277,145.37333113254937,4.866804431778725,150.23920532464194,0.0009256906857615377
1223,-3.3150823721954326,3.6481691603521718,14.905580375088093,1,-500.0000000000794,-103.30078944993491,-59.68683023013873,-43.613959336852886,-103.30078335434679,-6.095588119592321e-6
1224,18.046661687989697,74.02925833424428,-53.546275313282635,4,-254.95106876338988,-1373.924065874911,-1467.8388763027485,93.91480626202961,-1373.9249692432336,0.0009033683224970446
1225,-12.659437001278432,-1.8927981080184897,-0.569620396069825,4,-354.0785956980053,-1369.1922060868965,-734.2526436958302,-634.939560542259,-1369.1921150070868,-9.107980963563023e-5
1226,-45.79465218267915,-6.119462032415258,35.70365578988593,2,-189.30296554830818,9.156319280824524,-25.31983257033905,34.47615408098439,9.147630120900843,0.0086891599236818
1227,-2.457901042061575,-2.223112620930016,5.7171660949084275,4,-302.1433855744829,-989.0391238952484,-459.2528104385627,-529.7863105570194,-989.0391133791297,-1.0516118663872476e-5
1228,28.180673634876232,-66.83101188972134,21.789258219765387,4,-148.56339916062925,153.28793282966774,240.0211804789744,-86.73324847285859,153.2872699464358,0.0006628832319393041
1229,0.6156430682578672,-2.431777531397482,1.6906771629941426,4,-244.20386354947394,-1312.310689756753,-686.784096964396,-625.5265946986086,-1312.310711452303,2.1695550003641983e-5
1230,59.5631318915454,-17.127014097796156,31.439828803742536,4,-96.07137746848178,-147.76644021939993,83.72801760016823,-231.4944577960835,-147.76646172624993,2.1506850004016087e-5
1231,-47.07856579710369,0.3439432869891064,19.795158453763392,2,-94.67650980286231,49.388976023293345,2.116835842733909,47.272139950940364,49.38895929005957,1.67332337781545e-5
1232,19.379107034875425,-25.483676176094338,-19.65732735421851,4,-202.98551065751917,-1603.2549701463477,-1251.3055356048467,-351.949435884139,-1603.254950859364,-1.9286983615529607e-5
1233,-7.561025643642126,-4.855598685710313,5.140475585971159,4,-394.4477741260472,-830.8562622223028,-387.721469376566,-443.134792379837,-830.8562744093708,1.2187068023195025e-5
1234,48.65349126366311,-9.593454325047727,-26.83179649261569,4,-105.17131112554729,-1430.1194642385976,-786.7372476128878,-643.3822181068826,-1430.1192171685384,-0.0002470700592311914
1235,-9.240813286833623,5.53344419843914,-5.687886165391244,4,-254.40003039603576,-1899.7173893512477,-1206.5967215703513,-693.1206649708417,-1899.718118901214,0.0007295499663086957
1236,3.956124242853359,22.0901062817628,-48.89132730414311,4,-184.84860644352594,-7728.448489612967,-7878.78113153151,150.33263016058365,-7728.440195164165,-0.008294448802189436
1237,-24.05905168157025,9.638010948885611,-30.397230734972847,4,-202.2232825993214,-8258.062227073478,-7929.783387099269,-328.2788853320028,-8258.056902450262,-0.00532462321643834
1238,-5.9386628478874,-4.162220515149245,7.8652199315465925,4,-432.1466416758325,-575.2169642194433,-242.5774661921111,-332.63949730037643,-575.2169553123014,-8.907141932468221e-6
1239,6.017866218911007,6.211093314406901,-12.053208272679257,4,-184.39807917922175,-2169.861815622404,-1556.6991841710355,-613.1626388099388,-2169.8628321788997,0.001016556495869736
1240,28.310642300290873,35.556929081549896,-19.307990650257768,4,-194.7092599250486,-63.45218586380217,-37.90485208065088,-25.54733484706193,-63.45217601250563,-9.851296539409304e-6
1241,17.75322896606794,-24.91034710536111,79.12510779673144,4,-207.80801714241395,69.95825342390054,-84.71081272423265,154.66905480601798,69.95836335994589,-0.0001099360453480358
1242,-6.8399143539237155,-84.07751163413516,-18.451095797534926,4,-354.223827271684,-7594.600516694861,-7558.619722884976,-35.980780682160194,-7594.5995767356235,-0.0009399592372574261
1243,-30.590686633771472,-33.90096684600898,-73.21465823577942,2,-135.07185849407955,296.17616610174446,68.73607783206617,227.44009105510824,296.1762611733522,-9.507160774546719e-5
1244,-1.2747366824521236,0.7560245383142422,-5.082852998388026,4,-220.6748767403649,-1836.5477849950314,-1169.4957366926712,-667.0520485023399,-1836.5475313505938,-0.00025364443763464806
1245,-29.72561417017266,7.12013729594994,79.37887672776448,2,-335.6602198330785,293.77351903984567,-3.321840994396174,297.09538207983957,293.7737541155331,-0.00023507568744207674
1246,-56.090195720445585,38.84698579392805,-60.48718250677107,2,-74.63012574425508,240.00897948765356,-9.897887712502714,249.90686684456557,240.00861460343864,0.000364884214917538
1247,26.67304938087936,15.455494470472054,-93.44566008264611,4,-92.34704116406796,-9866.349339406835,-9950.30513438841,83.95581456890949,-9866.348742458777,-0.0005969480589556042
1248,-0.2109712208064839,-2.662367713603232,-0.30377732989576667,4,-238.0051202227087,-1453.6316898910113,-807.780224785741,-645.8514654465731,-1453.6317559913343,6.610032301068713e-5
1249,-14.298064239881565,69.14302520161613,-46.78500499726972,4,-401.6240604363138,-8400.367974781282,-8331.760335874167,-68.60763569312051,-8400.366276054692,-0.0016987265898933401
1250,61.075468067607154,-23.396443291405607,-58.9345752651614,4,-89.08272015293055,-1244.6613794261204,-1253.8489114674212,9.187533195236993,-1244.6604361374773,-0.0009432886431568477
1251,-50.4469202531769,19.830309010600292,6.064865051138094,2,-72.20438620709304,87.41162258186536,1.7935875486564994,85.61803451261733,87.41215179578376,-0.0005292139183978861
1252,18.162843738019973,74.23245389590114,-22.411626480261504,4,-229.04172971976516,188.27728335598422,111.03445330445004,77.2428279198105,188.27680672408624,0.0004766318979818607
1253,-9.131065143173027,14.213486724477722,7.568561074621931,1,-500.0000000000794,28.580761268587977,30.84352348422237,-2.2627619873217073,28.580742132727355,1.9135860622299106e-5
1254,4.516075091489063,-2.1602140271466745,4.546881656767303,4,-238.24585368801593,-1098.0038901919854,-511.7187798461358,-586.2851112875812,-1098.0039112468871,2.1054901708339457e-5
1255,79.35658044463621,-55.459139560421804,-8.219650720001429,4,-77.40104874054235,129.76311318068886,22.682816788886203,107.08029497451334,129.76288553818253,0.0002276425063314491
1256,-44.31088914477621,7.998742792295543,-33.70470345567208,2,-267.60557249376524,475.5478440900593,-18.94494819753969,494.49279189933986,475.54760385751274,0.00024023254655958226
1257,9.41845720847761,20.13673470012055,-57.784659399381205,4,-142.4255015332712,-10399.995972872415,-10593.372748821486,193.37677887322678,-10399.988706606726,-0.007266265689395368
1258,-7.872226119906999,1.62086548289982,-3.6870611620089964,4,-256.98771337186065,-1774.8583759595376,-1086.662946690118,-688.1954291730501,-1774.858298499267,-7.746027063149086e-5
1259,56.34925958176396,-53.66116225380457,22.97751148734291,4,-97.27806340224214,77.1917986398665,144.24644344037526,-67.05464585886351,77.19151259472339,0.000286045143113256
1260,38.410249949257626,16.075120516410966,13.034353829471167,4,-135.05054900855285,-463.4210635517377,-64.90222836399872,-398.5188345500175,-463.42105411142944,-9.44030824712172e-6
1261,-1.2232135977320044,14.411852809706904,-89.94090876325278,4,-106.61646811087222,-13910.613072696637,-14219.27094613341,308.65786690284654,-13910.608953152072,-0.004119544564673561
1262,-6.062380081787218,13.019101638056199,1.9243231602653506,4,-323.6927153415035,-1066.779677615058,-546.4025491210298,-520.377128493952,-1066.7796430310382,-3.458401988609694e-5
1263,-3.3600081326256324,-18.974406984479074,2.7718841375280032,4,-380.74461565016463,-675.2604999005175,-316.8888569787369,-358.3716420913879,-675.2604999152875,1.4769966583116911e-8
1264,22.64110029455263,-0.008271571431472323,-10.810963534357223,4,-151.6462571324455,-1558.689983906131,-900.5526252375603,-658.1373611179242,-1558.6901610546265,0.00017714849559524737
1265,0.7491233908832104,-4.036484935816899,0.7502396003314257,4,-239.28010469291883,-1356.8991044366671,-725.4588945783611,-631.4402104637356,-1356.8989699462873,-0.00013449037987811607
1266,77.08431935058283,26.033917004719793,12.305741491464184,4,-79.75984452672841,-253.95876018697749,-4.928569644088673,-249.03019045350732,-253.95870996446024,-5.022251724540183e-5
1267,11.858517996643002,71.9590996907489,39.34858715494735,4,-209.36654607538082,266.69879087644824,251.49923915999997,15.199553681924725,266.6981324805497,0.0006583958985402205
1268,2.721946774019998,11.750341262743383,-0.14470717074135073,4,-232.55982525158097,-1328.5569701035956,-718.0874365144749,-610.4695350851107,-1328.5569625858016,-7.517794074374251e-6
1269,1.5224588917591275,1.9727772813664657,19.05582099262454,4,-426.8980186660576,-174.50344166542044,-53.03898850835035,-121.46445314777252,-174.50344095542476,-7.099956746969838e-7
1270,24.648685968802223,-61.67039474838598,14.976949723495437,4,-167.69870887674404,149.60309684090416,221.91680295645912,-72.31370525703691,149.60285293326893,0.00024390763522319503
1271,-0.2232330820637091,1.1891907230026486,0.43322362952135773,4,-240.13465594873176,-1431.6976394464057,-787.1801074465463,-644.5175320188152,-1431.6975568540033,-8.259240235020116e-5
1272,6.1830066770853005,-9.681381094705088,22.10554807959377,4,-338.7219875657348,-80.76806935775546,21.207192187276327,-101.97526115755531,-80.76808175099794,1.2393242471375743e-5
1273,44.10392437575748,-37.53238223385378,38.51999187934603,4,-113.63251205271452,83.8570568451976,192.5982461738124,-108.7411898223221,83.85687007554887,0.00018676964873520774
1274,0.4447620947691169,1.0001407565161204,0.6931774484588701,4,-238.2254218263695,-1406.571175547713,-765.2603133384666,-641.3108619543076,-1406.5710759011506,-9.964656237571035e-5
1275,-88.93750443624575,-44.146350499963205,-0.7495713645011836,2,-40.03129537076071,99.80297429657367,-0.685024726990531,100.48799860029905,99.79773800958829,0.005236286985379479
1276,16.368729163980163,-24.267147579261614,-86.0486241815928,4,-108.8742305667569,-9166.019622967922,-9358.236099663374,192.21646419597684,-9166.014841776117,-0.004781191804795526
1277,10.819883437062575,4.098737510753815,-0.5623923655229375,4,-193.8906175552683,-1321.3712315013834,-681.2081192791921,-640.1631142433325,-1321.3712081520357,-2.3349347657131148e-5
1278,7.192203094971849,23.00323464127309,11.184175755667612,4,-290.2761692851538,-170.95473745415964,2.631951995430348,-173.58668999928418,-170.95478407103488,4.661687523821456e-5
1279,10.943919219589558,-26.046831920297986,-7.831713415640095,4,-236.99624032131342,-815.5359001767432,-558.4727023258278,-257.06320165751004,-815.5359261657533,2.5989010055127437e-5
1280,-47.16008506675461,-29.73766221373425,51.16173649057058,2,-163.94351519555605,51.58827824799104,14.547367511079726,37.04092363014354,51.58499725284833,0.0032809951427097417
1281,36.53932029366208,-41.67824991043634,-46.46165872425996,4,-164.91297490671994,260.9716528537489,127.72546171720295,133.24619383213576,260.9713334572131,0.0003193965357581874
1282,16.7000365099656,-22.161582481951914,13.52422157689886,4,-219.13833438689736,-119.36800973481492,23.65501249177147,-143.0230224633748,-119.36804732975962,3.7594944700458655e-5
1283,-5.655785971221809,12.905427700353199,-42.97240918759623,4,-156.19767831545226,-12435.349028520024,-12426.721605064302,-8.62742697413929,-12435.34421568094,-0.004812839084479492
1284,-5.182555849611321,-5.62495767613609,5.864480001800392,4,-354.46316755975465,-857.6794880534068,-391.7014477203232,-465.9780395445381,-857.6794475128675,-4.0540539316680224e-5
1285,-24.03864341039447,33.99077445532941,-42.634819591922266,2,-129.24683532816067,219.15305266893347,33.83045512460703,185.32259663995683,219.15267969282897,0.00037297610450082175
1286,21.587910655210553,7.46698333251285,21.092388950515993,4,-189.32325867830716,-195.68066594095959,33.18791551190415,-228.86858151042608,-195.68066366061467,-2.2803449155617272e-6
1287,28.259531634370266,0.4552213343943654,36.52588036252201,4,-156.63565230227337,14.554612035828617,145.24350250082793,-130.68889028047062,14.554610497565864,1.5382627527316117e-6
1288,31.816539457205348,-19.80932832635766,-3.6691581653049425,4,-148.56929019109566,-838.3066458029346,-351.656410639205,-486.6502328824362,-838.30658916572,-5.663721458404325e-5
1289,4.878124374145977,14.433129422808092,-13.328092582279577,4,-194.19011329416008,-2188.5010124039886,-1649.1162399801613,-539.3847794846251,-2188.501149719102,0.00013731511353398673
1290,26.78895948896228,-4.704372030027278,-30.307019651990863,4,-129.26883913621236,-2606.0988355287773,-2038.8439070362106,-567.2549333621263,-2606.0980177074216,-0.0008178213556675473
1291,40.46374749544376,-58.91253786660811,-62.94664461040169,4,-125.4668571123441,857.5902932190687,810.3480752931833,47.24222272977175,857.5905559767573,-0.00026275768857431103
1292,53.52244859722804,36.72047543301861,-41.063410940430686,4,-110.4255159043751,167.71590556419184,24.221003198069095,143.49490380173765,167.71564625625476,0.0002593079370853957
1293,-11.594858179805584,-0.7249776500413487,-16.117172824737537,4,-214.64488697729382,-3699.4084258437906,-3113.0886383784514,-586.3197801262896,-3699.408315449876,-0.0001103939143831667
1294,35.78715092426016,-5.608523515777886,-20.269548562536805,4,-123.51058404537342,-1572.9420956166698,-911.5299914114263,-661.4121091738353,-1572.942177857901,8.224123121181037e-5
1295,34.469916121750636,-16.865523529660084,-20.724209744189363,4,-131.21035529030036,-1496.9810633125583,-925.5833279562967,-571.3977408856308,-1496.9810307514044,-3.256115383010183e-5
1296,7.251348475447148,-14.58222117329872,-32.90641720496685,4,-158.7881825168281,-7603.372470706639,-7352.291604499711,-251.0808594227196,-7603.367575750618,-0.004894956021416874
1297,-48.32026842297884,67.135770830686,-21.297204370545714,4,-318.8100452081567,-9335.143587129596,-9500.915179999576,165.7716123608247,-9335.142713434981,-0.0008736946147109848
1298,-17.472110641087088,40.33544966971617,41.23818784410673,1,-500.0000000000794,282.5496841566055,241.8677308094956,40.681951719037556,282.54986997150104,-0.0001858148955307115
1299,40.48444723391363,7.925052700436267,-35.5367693522492,4,-110.17371370487649,-1978.4820629093601,-1372.725151811184,-605.7569093453136,-1978.4814553455503,-0.0006075638098081981
1300,10.152200466272712,26.264441964717207,6.463585519466498,4,-261.1891182332208,-182.15543087996318,-47.996552742772884,-134.15887864893563,-182.1554921768625,6.12968993323193e-5
1301,45.88188536971796,-19.432992110331597,81.20015311600596,4,-93.77604158952184,602.9215961936338,666.5705366859842,-63.64894006882541,602.9219980643442,-0.0004018707103341512
1302,-65.3734348076557,-23.18773772537153,-0.6964862256706207,2,-52.115988455229555,91.7079093279461,-0.20454043599339872,91.91244956975396,91.71050169354889,-0.002592365602794189
1303,19.013045962605563,-8.482540882692257,23.317875640165298,4,-202.9775012108129,-99.66621440167408,71.40082819887185,-171.06704264563254,-99.66621975833236,5.3566582778330485e-6
1304,-16.458021804647423,17.032674200555125,27.54517495651073,2,-355.49552059704774,18.79642236278882,-21.78216408635625,40.5785873712702,18.79651583958357,-9.347679474913662e-5
1305,-14.446080009745895,23.710599224548567,-2.016479572804749,1,-500.0000000000794,93.44040117425152,43.4512038167906,49.98919593177129,93.44034133110814,5.984314337581509e-5
1306,-24.567589411567592,-25.414700900556593,51.55383587542133,2,-346.26934679137577,147.29360894676,73.86633242640698,73.42727759197332,147.29427428392913,-0.0006653371691243137
1307,31.732955244422346,12.303173493085769,-13.232415469962447,4,-136.30065443103695,-1304.4377757122202,-696.6220127688534,-607.8157608250182,-1304.4378769533428,0.00010124112259290996
1308,-5.689251363365248,-7.508308362731256,-17.82526917686554,4,-198.0235277230568,-4189.143737002133,-3675.3360307681387,-513.8077014752603,-4189.1399861524,-0.0037508497334783897
1309,42.21614267899195,0.7115184303588915,12.000402079741932,4,-126.06658177592409,-570.7515034577078,-100.40385140402817,-470.3476516245649,-570.7514628815505,-4.057615728925157e-5
1310,0.6491041093535028,-12.331831776933264,-31.994476341970177,4,-166.33836255669155,-8557.224280932598,-8356.91529854703,-200.3089898421223,-8557.220412607443,-0.0038683251550537534
1311,-0.6361056316777556,19.21694673934898,49.84324233857011,1,-500.0000000000794,245.89321896708213,174.02700011829896,71.8662158134881,245.89312452984635,9.443723578783647e-5
1312,1.4585359596229437,9.482959448756858,-3.1932399649334795,4,-222.66988282484547,-1573.1272427536414,-925.1179388199691,-648.00930945477,-1573.1270257095941,-0.00021704404730371607
1313,-10.520143308495232,45.159033535504534,-38.582297752814775,2,-205.53205392446267,167.35396862943927,153.97220611331113,13.381765109655406,167.35428154429843,-0.00031291485916540296
1314,72.9102822067321,27.53155022010983,-43.069672063791586,4,-81.61235775991881,-275.7110706959173,-307.2997114499076,31.58864119391228,-275.7111520241399,8.132822262041373e-5
1315,-39.56776084574912,34.49428065470914,35.25615875892472,1,-500.0000000000794,-651.2262208486108,-678.797151361003,27.570927558541786,-651.2255214361652,-0.0006994124455559358
1316,-12.259646148239456,-18.813485603232202,-6.190766869401274,1,-500.0000000000794,-510.0816523883654,-215.82876189614367,-294.2528894476949,-510.0816508668465,-1.5215189250739058e-6
1317,-72.11891294512662,-12.032955670318186,17.21717691858428,2,-49.293753688098896,70.51409602571913,-1.2402760727952207,71.75437195827281,70.51320866800326,0.0008873577158681201
1318,-43.48425411258621,36.47365895181443,-10.683872148075165,2,-85.39253792489338,119.71033495612502,5.850630770660441,113.85970416396565,119.7108739198472,-0.0005389637221782095
1319,17.476845034678483,5.669062710213469,24.9384836348137,4,-210.64139314923972,-71.9929777365508,76.98163570441957,-148.97461332182803,-71.99298280582477,5.069273967706067e-6
1320,-15.44132869571023,-86.82052601535742,-25.346458880860077,4,-339.83610208277423,-6797.496399403117,-6826.041241947296,28.544829570953727,-6797.494987378706,-0.0014120244104560697
1321,26.210556849904176,25.93071923977413,-26.796839088949366,4,-183.341698923025,-541.7891511656425,-648.1540766071673,106.36492908161418,-541.7890766699413,-7.449570114204107e-5
1322,-23.790278009986398,20.074336957684586,-25.159059891078044,2,-206.78017492966038,161.2698267785016,2.0854287703891843,159.18439818820522,161.27053204064381,-0.0007052621422189986
1323,-2.4116339352632052,3.44466506731722,0.38405230349802333,4,-250.9907715483963,-1451.7518343902884,-808.0592523684638,-643.692581720599,-1451.7518481939771,1.3803688716507168e-5
1324,1.2551402051935217,30.051329283197866,-65.34053979710718,4,-193.75697265749622,-2980.1219157685273,-3080.554933078068,100.43301066741726,-2980.1209875923,-0.0009281762272621563
1325,-14.123174015727006,-57.024034780286144,-67.5011968248887,2,-170.28833605944718,251.94889021143814,168.1256340110042,83.82325410342908,251.94753700909956,0.0013532023385778302
1326,63.00785179481634,2.08904670110242,-60.79687052352132,4,-80.56568009493962,-1994.4545215396358,-1367.702252503824,-626.7522690291499,-1994.4540576845113,-0.0004638551245079725
1327,-22.676237312920982,67.70510022373834,-6.948723968788661,4,-374.0783928983861,-7724.859617453812,-7745.353452535063,20.493835902389847,-7724.857826605052,-0.0017908487598106149
1328,31.356748177992323,-45.64581874127332,28.984077192807014,4,-143.73026540434674,142.08821853371887,224.2054908821199,-82.11727236015645,142.08795087581385,0.0002676579050273631
1329,-2.9786418977341684,-0.7875019241355129,-10.401988343821513,4,-209.11212325815583,-2416.552014014166,-1785.4379309930357,-631.1140901765717,-2416.552354949329,0.00034093516296707094
1330,19.777197549997947,-25.25037547649607,-19.08539131635599,4,-197.40091386844384,-1587.4749677109135,-1200.5670683860767,-386.90789979857715,-1587.475518733025,0.0005510221114946035
1331,-3.1631170006971976,-76.59653551396295,-26.592412305097138,4,-364.5831740648865,-6679.422060866223,-6646.786224719612,-32.63581760889302,-6679.421053242906,-0.0010076233165818849
1332,-12.10217768265587,-87.41215960935133,-37.13723418228577,4,-360.31563900492256,-6532.5585856384305,-6546.133136379567,13.57456257133969,-6532.5580528627515,-0.0005327756789483828
1333,-2.487151677336831,0.3137181311024806,-6.655195561092498,4,-219.33285514475514,-1990.5786285871382,-1326.1997347382846,-664.3788949579078,-1990.5782579503991,-0.00037063673903503513
1334,7.847944721568213,-5.239717461223425,-62.404841457444014,4,-119.13151475862512,-11574.630635881838,-11448.635319808765,-125.99528158321095,-11574.625696260066,-0.004939621772791725
1335,1.2899037225874586,-7.036261308073094,-5.718006359943663,4,-213.01772524686282,-1781.046013206117,-1140.8135748869258,-640.232438328685,-1781.0456240854187,-0.0003891206984008022
1336,-9.636557035347039,62.95184594837636,-44.69016851597293,4,-411.5084293953413,-7724.1687546221365,-7810.904089641454,86.73533268552556,-7724.1689412554215,0.00018663328501133947
1337,-27.23193880926515,-8.187755517268371,46.565745439527554,2,-218.3900809148865,0.2749291699779858,-23.677410901000762,23.952338115525855,0.27495051139180593,-2.1341413820152866e-5
1338,-5.708175722045497,-27.399487731490787,-21.17961923800365,4,-493.7817748077089,-1050.4577280946453,-668.0891383800525,-382.3685938440602,-1050.4576151630488,-0.00011293159650449525
1339,29.45588940365915,17.707884560440345,-39.122337958037974,4,-128.16639373103348,-3280.674100637457,-2998.816002638064,-281.85811269815554,-3280.6722830665717,-0.001817570885123132
1340,68.95888756838971,17.09319123508184,-18.532468340855203,4,-86.504939621361,-784.4595196908837,-317.5024224633681,-466.95709616900916,-784.4593561835394,-0.00016350734426850977
1341,-24.59613643100746,20.232403112402974,-4.625424688664257,2,-186.4390272495129,95.64894261247265,0.9484966813324099,94.70044585590746,95.64885560812911,8.700434354125264e-5
1342,-23.498633937446673,6.499727515878846,-84.03613269514558,4,-113.38912844403146,-15764.414924866402,-16182.01174753972,417.59687145632785,-15764.405259464313,-0.009665402089012787
1343,5.576020136348234,2.829112622895897,-5.7114269562297775,4,-197.14162627565142,-1732.7153339887107,-1075.164503908245,-657.5508309495858,-1732.7153218321987,-1.2156511957073235e-5
1344,11.622375771742158,-38.10925915708608,-32.4449461026638,4,-349.0221173789155,-344.23918835996466,-517.5467098648694,173.3075226994963,-344.23934405447386,0.00015569450920338568
1345,4.431371455112319,-0.08356099117025718,3.197236809865839,4,-231.20755639819689,-1197.0233401442226,-587.8712418686135,-609.1521003654725,-1197.023336793378,-3.3508447359054117e-6
1346,-7.372999709878092,-0.1975570090887065,-9.924819414256941,4,-223.87633071248007,-2412.9929746577827,-1754.7219017786497,-658.2710777922283,-2412.9923436463887,-0.0006310113940344309
1347,20.446666959049388,45.69440186562093,49.70934935019456,4,-183.21045613861878,46.48138225678621,4.322449017535421,42.15892924078393,46.48122983611631,0.00015242066989884506
1348,22.3020667616994,-44.41648002467903,-80.44012304864904,4,-123.21662806485223,-1611.9444738412797,-1671.4883060900472,59.5438296522366,-1611.9443147472994,-0.00015909398030089505
1349,36.24817377216898,-15.879503271885614,-34.5381080900864,4,-120.33013947997628,-2122.8302426029036,-1648.7449599808524,-474.085290860247,-2122.8297283897373,-0.00051421316629785
1350,-10.475809752933262,87.51715670577116,27.133992924270782,4,-330.88370184319115,-8942.514378401773,-8854.618865695467,-87.89556801865433,-8942.512010964145,-0.002367437627981417
1351,47.93190097317543,2.6049144687057884,33.99670397682644,4,-112.2578523706818,-120.0129324140957,91.71804399054022,-211.73097683989542,-120.01294523851091,1.2824415208001483e-5
1352,-5.53984390808886,-38.66334981001324,-13.862673018480068,1,-500.0000000000794,213.94743578570635,203.02289782485138,10.924540713620832,213.9474412943067,-5.508600366965766e-6
1353,25.787811260774095,63.48153577599101,11.036117291422455,4,-164.35328412267896,146.57364262981903,223.66724220578928,-77.0935997422145,146.5732284682234,0.0004141615956427813
1354,1.7464957715030958,-5.894790666464066,-1.6002145119180493,4,-225.34637143816875,-1482.3285539572123,-844.240391994127,-638.0881614050614,-1482.3286628541382,0.00010889692589444167
1355,5.729969562859915,9.032954967254945,-98.91193341378214,4,-94.91251545955825,-14382.957767425065,-14503.46430688913,120.50655556086554,-14382.94356354399,-0.014203881075445679
1356,19.29914134127284,-46.677143473689654,66.13870558815698,4,-191.03319738545835,45.863088492291055,-88.81166558447204,134.67475587759816,45.862847645171044,0.00024084712001126718
1357,7.698485553695677,38.06705889037499,-46.16678319619169,4,-352.1738218014553,-6872.250389126745,-6863.159164084076,-9.09122612690085,-6872.246630261219,-0.003758865525924193
1358,-11.275778791262434,2.547216076470222,0.923386712148383,4,-351.26605755274596,-1270.7138717846335,-662.9050775193894,-607.8087956945022,-1270.7137876109052,-8.41737282826216e-5
1359,-5.6282558332382955,-2.475975562185134,21.306728735036344,1,-500.0000000000794,-199.64780624982535,-136.27983021025858,-63.3679745978324,-199.64773480856968,-7.144125567037918e-5
1360,-53.20746040822909,-12.639768595029455,-12.76154174943163,2,-62.691217888716345,101.34950091875757,1.5738277280170259,99.77567267380944,101.34904797029309,0.00045294846448484805
1361,22.985534247576823,-11.852531364125056,-15.298829319590075,4,-151.0036753973095,-1657.9135058993872,-1094.3477228204388,-563.5657827506734,-1657.913781328396,0.0002754290087523259
1362,22.08754685051366,92.68426660778744,-15.12601343719245,4,-198.70362815738574,149.2830060093082,-11.640015635809863,160.92302121716816,149.28189516616757,0.0011108431406228192
1363,0.5099285172203369,1.152425177890793,1.2410870412292423,4,-240.6626968890472,-1368.8615664625202,-733.4382519921178,-635.4233144393035,-1368.8615008626432,-6.559987696164171e-5
1364,47.524907163049406,-47.517725316457195,17.26293952766165,4,-114.46621176300766,41.537384181980734,128.7256521614238,-87.18826904617956,41.53722545181705,0.00015873016368317394
1365,2.050379921476637,-5.850341203055461,-1.5295541293941242,4,-224.35081551778245,-1475.2528395267093,-837.094907479804,-638.157931302497,-1475.2529910537523,0.00015152704304455256
1366,-50.409847632012806,57.54909580649493,-51.11069020870924,2,-100.53331465228842,238.85018296846502,2.5453336607555848,236.30485066808774,238.84919576997234,0.0009871984926803634
1367,-19.840817248754114,15.049091809595687,-13.063534850062572,4,-361.4265554786853,-1593.8859909043567,-852.5203652175859,-741.3656296729482,-1593.885794894074,-0.00019601028270699317
1368,-48.138549618403545,23.56266198523332,20.296875706249,2,-93.98094646644425,119.48794009832609,4.458798198816829,115.02914154744559,119.48778534412058,0.00015475420551069874
1369,38.46754062248097,-42.56054567429753,19.930258008177056,4,-133.56087744674645,23.06570571192732,132.82983382617664,-109.7641286844775,23.065621091880327,8.462004699083536e-5
1370,-8.960864461104325,1.6768841796652876,-1.647867764414016,4,-281.4644590308465,-1600.7253548554277,-924.5242890524156,-676.201068799562,-1600.7253103495045,-4.450592314242385e-5
1371,-31.57328230143504,35.259872562831056,-32.47998668309391,2,-107.7288234611747,175.1175964925969,18.316142583881955,156.80145454775788,175.11745247565412,0.00014401694278376453
1372,8.739296273296608,2.7248203217431355,5.27967218533497,4,-218.48204543503894,-1039.3663642747042,-458.2232439143462,-581.1431190234309,-1039.3663052989018,-5.897580240343814e-5
1373,-47.42735374363872,-86.80339371022598,13.203243299342555,4,-314.6307390454055,-5891.529431068753,-5713.927815276213,-177.6015896968659,-5891.53344783334,0.004016764586594945
1374,4.6555082809960835,21.81468754360952,52.224338963950736,4,-376.697358315801,87.59451178713572,-63.436996196602365,151.0315153183094,87.59456928930858,-5.750217286504267e-5
1375,-11.438255238428576,-31.756885917927075,86.66519959881423,4,-321.88617843503584,-5620.366115262399,-5567.5364388989365,-52.829703022357805,-5620.36544747205,-0.0006677903493255144
1376,3.962204072795157,4.073724182911204,5.271127627308356,4,-242.93735226890985,-1071.4433063950771,-496.6151884139487,-574.8281169717333,-1071.443256245321,-5.014975613448769e-5
1377,6.590048111004312,-20.799141868220396,43.0538901912678,4,-321.3263595291099,249.66513544333304,193.53428120240383,56.130855171368545,249.6652104568366,-7.501350356164949e-5
1378,0.18540588765291138,-7.544950517722041,2.26318489563353,4,-255.82013959124927,-1182.47408695164,-599.2943683316513,-583.1797218614422,-1182.4740025562423,-8.439539760729531e-5
1379,-26.64064428117592,4.506882264924705,27.47072482407677,1,-500.0000000000794,175.74253214551058,135.18910742374484,40.55342433819004,175.7427757409412,-0.00024359543061791555
1380,-30.454683071365743,42.28659933791733,-80.52279870223903,4,-254.22613959719055,-8731.186594864952,-8708.250598498304,-22.93600367645457,-8731.184619371466,-0.001975493485588231
1381,74.50779274324174,-30.712649313287052,26.05781650923043,4,-80.72109113737288,-114.1793328773578,68.0334596501136,-182.21279317053128,-114.17939074836954,5.787101174803411e-5
1382,-15.291912046869149,-1.139220608028548,-23.548733911951544,4,-199.63645312848593,-6365.298990224296,-5913.954090911829,-451.34489816835406,-6365.295791555033,-0.003198669262928888
1383,-2.225098349696764,-4.810809723432533,1.6649429748208044,4,-263.36964891105134,-1295.4847678730112,-677.7602414761499,-617.7245292188646,-1295.4846602078014,-0.00010766520972538274
1384,79.09998829287744,20.314985806905288,46.50289662609017,4,-73.81759412637,-76.75745799563511,109.05300805714393,-185.8104661203454,-76.75751481159666,5.6815961556822e-5
1385,-12.142288484808443,-3.004072526369498,71.95638343267127,4,-314.25993746419044,-16007.79155815496,-16241.477679415091,233.6861174291565,-16007.784302776492,-0.007255378468471463
1386,-1.4614516666100608,-1.4934308189874805,2.7709093667920954,4,-263.6370060416648,-1252.504882829531,-642.0534743718898,-610.4514107345695,-1252.5048129731379,-6.985639311096747e-5
1387,-27.444408432648594,35.58936630545627,-57.76534193480358,2,-124.05257676291565,279.4096944449774,6.143702294810724,273.2659914349217,279.4083052824691,0.0013891625083033432
1388,-37.87213373557221,18.26516457656859,-11.372147546697768,2,-91.82439183899261,96.38727760462491,3.0194323117517263,93.3678451427382,96.38834494805124,-0.0010673434263281933
1389,-7.059157501155209,2.827432026208332,21.50003670152799,1,-500.0000000000794,-182.71093111508247,-110.914691700589,-71.79624015549774,-182.7108736673781,-5.744770436422186e-5
1390,-12.754499981452511,30.411099063974554,-48.916487376543785,2,-176.90493351974945,271.0620212637088,91.90612584100059,179.15589582984157,271.0620081250671,1.3138641691057273e-5
1391,3.8418564779559854,-3.8406099654728996,2.119864898618649,4,-230.67446272250916,-1245.6662949225317,-627.8513346517575,-617.8149625240042,-1245.6662381863343,-5.673619739354763e-5
1392,-31.00469854481477,-13.197985468243472,-80.64407732502501,4,-125.90514516067552,-14370.16241212843,-15059.853596548626,689.6912006053183,-14370.168695792045,0.006283663615249679
1393,27.828401790830757,-42.516998347917195,-59.60421001508406,4,-221.2980547850243,231.52991267027338,29.9074080919336,201.6225037002552,231.5296523481479,0.0002603221254844357
1394,-4.891276689007479,-1.7995232730871613,-7.9620038461200675,4,-223.3437680879703,-2141.464247741242,-1478.267485026383,-663.1967689177246,-2141.464593904575,0.00034616333277881495
1395,59.49218133365637,-4.77052881427759,50.31642873239784,4,-90.9148794849282,-16.763276376327124,143.62390392571243,-160.38718028065801,-16.763289315807313,1.2939480189544383e-5
1396,31.37029304068779,-42.91385604837915,-20.528637545692927,4,-182.4978421800415,52.99929261598378,70.40211597739669,-17.40282324035413,52.999180854069145,0.00011176191463135865
1397,15.308408593941609,-1.5379943153757094,1.7742822438757937,4,-186.14666071730875,-1141.3227849341085,-520.428834964778,-620.8939501745234,-1141.322814571681,2.9637572424690006e-5
1398,4.801096011727529,5.8213336914564,-3.6771069080110848,4,-205.77603173755267,-1600.2897535564969,-939.971561678875,-660.3181947161313,-1600.2895010125328,-0.0002525439640521654
1399,5.538659363511013,3.293051769059707,-0.8298028091210835,4,-210.40997298647045,-1436.7929585126117,-787.3498631531753,-649.443096163233,-1436.7928989543723,-5.955823939984839e-5
1400,-8.832059710242248,-4.336213714307757,5.113537432886716,4,-441.643602369033,-758.5248181884027,-349.7361118671392,-408.7887059211226,-758.5248009589639,-1.722943886761641e-5
1401,-73.36921479018253,20.166749255765374,-2.7745462303209156,2,-45.672636322596645,94.73896494133042,2.4419695353331687,92.29699538872208,94.73293246890249,0.006032472427932589
1402,-16.50297010423859,-0.4362462713293532,-23.71641680303994,4,-201.50926051076493,-6323.7117476344665,-5861.5026079744885,-462.2091380586301,-6323.705263378902,-0.006484255564828345
1403,-72.5519359814292,3.766996734789087,-18.62825504798292,2,-45.84702535459177,146.80843619330113,1.0678257462308793,145.74061084561504,146.80719370136075,0.0012424919403883905
1404,31.29868623068991,27.924125223905463,-2.110053806994387,4,-158.57462364937618,-577.7584555659225,-183.6547194897359,-394.1037342757009,-577.7584105264349,-4.503948764522647e-5
1405,57.15118881427999,-33.40125588131781,-18.252531255938226,4,-106.9334307230453,90.3116332943526,-23.26452736007134,113.57615897014861,90.311478205271,0.00015508908160200008
1406,-58.83813768129336,44.71740955038981,-8.105967430270345,2,-65.76121888937979,112.47350408653732,4.983669257059326,107.48983449088394,112.47313707945261,0.00036700708470505106
1407,-31.284417479819112,34.71906097124714,-41.39548794196444,2,-108.24993596242744,202.50417585063053,16.755841701173203,185.74833479211335,202.50304207399142,0.001133776639107964
1408,6.793913962975624,41.464365515042026,8.253730803591202,4,-298.1882491075909,66.79064814826968,102.69483395951416,-35.904185425634914,66.79037906800933,0.0002690802603524389
1409,-78.64126592619252,-25.676259612048703,40.39976640344798,2,-60.18518148175025,98.55508427385834,1.9727525233534746,96.58233133699119,98.55462452932302,0.0004597445353198282
1410,-54.137273558035886,7.3920515576135175,29.216410089698318,4,-464.83509106024053,-6103.149682403151,-6137.318860665279,34.1691920408182,-6103.148403500241,-0.00127890290968935
1411,-52.027433592554424,-44.24400059200689,9.913554822470802,2,-110.01944447857069,168.51992610008807,-1.6016633865811776,170.12158950644084,168.52003909763388,-0.00011299754581273191
1412,1.4493573201012095,4.702295973163418,31.25355819083684,1,-500.0000000000794,54.050593046649475,-4.115577204372024,58.16616714468179,54.05058145125677,1.1595392706453822e-5
1413,-14.908069641147256,-5.908114647200672,-10.616745394393776,4,-257.53478137180537,-2250.177114760134,-1510.7655770116742,-739.4115381225668,-2250.1765783920296,-0.0005363681043490942
1414,10.084043819888592,0.19243920228804767,4.9503589725522525,4,-212.33449033389152,-1040.896080594374,-455.14927383357673,-585.7468061959416,-1040.8960197801835,-6.0814190646851785e-5
1415,0.3112472580015252,0.24088119656641682,0.524338722578415,4,-238.35368267432864,-1415.7113761093483,-773.1500560423302,-642.5613199883954,-1415.711459285441,8.317609263031045e-5
1416,-39.10934759705805,24.09692728943545,39.19626759048032,1,-500.0000000000794,337.9509139943252,152.36353605302182,185.58737878454045,337.95124520877033,-0.0003312144451115273
1417,-62.22629584883588,59.103836262438485,18.220487044129747,4,-314.77696996394036,-7927.94618105084,-8065.335213622614,137.38899474106384,-7927.944381591509,-0.001799459330868558
1418,-19.69405465046238,71.22248577580234,-24.70596520366802,4,-368.8631597015858,-7338.220440967437,-7296.762466438283,-41.457946576147314,-7338.221120018739,0.0006790513025407563
1419,-3.0453757155407275,4.735310921968782,-4.43437926638987,4,-230.17071051344467,-1790.5173746714006,-1122.415556588649,-668.1018168620888,-1790.5170645210494,-0.00031015035119708045
1420,-19.828133503643006,-18.099620951130593,14.610436011898162,2,-361.19445765036676,21.84618935171348,-12.604521406186525,34.45071144280598,21.846222521867524,-3.3170154043915545e-5
1421,-59.32981836478777,16.287399571021503,-27.989188120998293,2,-57.579176760544335,165.3525258475926,4.297606861775913,161.05491911370632,165.3525362990325,-1.0451439891312475e-5
1422,45.804983867105285,80.30688989865047,-0.6931939420454242,4,-106.67355539622348,354.1408469540743,376.4383396717358,-22.29749496798508,354.1402154799943,0.0006314740799666652
1423,-45.521480453456824,83.22840312727024,-11.479775318449972,4,-333.4217021542699,-8760.346620355584,-8674.887001065004,-85.45961098322823,-8760.344968544,-0.0016518115844519343
1424,-52.844719481417506,-76.10913066918928,-18.864871817597837,4,-303.6488264147372,-9601.278833548702,-9696.077660344527,94.79886089623365,-9601.28017587886,0.0013423301570583135
1425,75.47728483049296,-34.33915500937477,42.230002249602265,4,-76.68910752026504,-30.210658111817303,118.84345522590391,-149.05411321080388,-30.21076063496353,0.00010252314622860581
1426,12.89796647282516,61.64658241042191,15.271122806827755,4,-225.0947692421829,172.57673980967886,151.50510297595812,21.071637340341198,172.5762475622878,0.000492247391065348
1427,-6.769319390745389,-11.526654262726398,-4.940236442314557,4,-266.74942017017673,-1599.8219332344438,-975.8835081836255,-623.9384252449977,-1599.8220918005034,0.00015856605955377745
1428,-0.014360898762608907,0.0075939417061570685,-0.005272875020009018,4,-237.38327669682988,-1454.0727661388576,-806.5211617891209,-647.5516046514483,-1454.0726773541098,-8.878474773155176e-5
1429,1.663918041773405,-4.735997924495297,1.7126757035602926,4,-240.1345053553502,-1274.907549241756,-657.6927764823281,-617.2147752873042,-1274.9074892119238,-6.0029832184227416e-5
1430,23.57159487985585,-24.656943364210793,-27.320284489197373,4,-199.64336151980729,-1012.844413410814,-1091.5651341674918,78.72072276430221,-1012.8439453482576,-0.00046806255636511196
1431,11.7724948965907,42.98075381657527,8.436075417913495,4,-246.71227205143308,157.79694235920968,183.87051051864626,-26.07356931313495,157.7969163390286,2.6020181081776173e-5
1432,-11.633310128234687,-13.640852309262764,-12.671191835741132,4,-254.0889106249603,-2391.0990262591145,-1758.5285163029343,-632.5705183376572,-2391.0989381563786,-8.810273584458628e-5
1433,4.930591813884586,7.28143500217392,-5.986873942641206,4,-200.5629041622336,-1720.9486226357515,-1062.0494224457348,-658.8992019398602,-1720.948565235719,-5.740003257415083e-5
1434,34.00462890670634,-26.657606474873102,-11.126016583304839,4,-154.17492555861986,-733.2660465651328,-345.6610755665247,-387.6049717083976,-733.265980401078,-6.616405482873233e-5
1435,-4.034996040128587,1.5171837572369022,-5.090651290730258,4,-230.73856896562074,-1875.7823619771343,-1200.560227917195,-675.2221337026668,-1875.7823396331632,-2.2343971068039536e-5
1436,-26.576673952247955,-7.338882771829293,62.7551089954834,2,-199.17601517008137,11.900263551956725,-18.160014402528446,30.060284743360327,11.901198203543425,-0.0009346515867001415
1437,-1.6530905451949058,4.03653084912987,-0.03655345123723864,4,-244.65265692293482,-1474.1322375786904,-827.5530481768835,-646.5791898178423,-1474.132332772219,9.519352852294105e-5
1438,34.3998949601946,-6.144787140527736,-22.627239302917555,4,-124.1079092038991,-1700.4796021561103,-1047.6074783625882,-652.8721248859455,-1700.4795934018846,-8.754225746088196e-6
1439,-23.46749922079994,-3.44265744349774,9.79294566367874,1,-500.0000000000794,86.85964150133049,37.64001678208721,49.219624992769454,86.86562740131124,-0.005985899980757381
1440,8.972181954738321,-2.891644013336227,56.24534140334188,4,-320.8586958769673,-1843.642440943086,-1899.3652179300611,55.72277644283223,-1843.64264753889,0.00020659580400206323
1441,17.063851152307503,-8.198955885050243,19.68001270193091,4,-213.5313625160059,-181.85597127052537,36.3761508115075,-218.23212252449036,-181.8559700053181,-1.2652072598484665e-6
1442,-47.260744484800924,26.85164677106513,-8.053430713563529,2,-73.58239851917027,95.97258881165891,2.015419556392506,93.95716878885283,95.97394642045538,-0.0013576087964679573
1443,-0.7210638061182832,-13.867988225740053,-27.733470614470317,4,-177.7194388434628,-7644.590648002877,-7417.678645469819,-226.91202156696423,-7644.586490319975,-0.004157682901677617
1444,27.259698164858037,-59.47705811000775,27.88498184334237,4,-151.5575677580986,178.7792805180545,258.713520482543,-79.9342402217748,178.77882379851278,0.00045671954171666584
1445,-18.106185988864077,-30.71835416244256,3.030596427666796,2,-376.7376421479695,31.336813720683747,-50.60608227707856,81.94289780540609,31.336573962514805,0.00023975816894150626
1446,-29.510028953461127,-18.929877910961395,-32.593785037089816,2,-120.87627970874146,189.89652023799812,-0.5007235710875346,190.39724243645796,189.89646748934652,5.274865159776709e-5
1447,0.6983953830308108,1.0086330180722427,-1.0530451889748973,4,-228.92761572788004,-1521.9140222315639,-866.9231285142216,-654.9908951935249,-1521.9138854948374,-0.00013673672651748348
1448,-27.843146160978137,46.506980768858654,-50.36466011000916,2,-128.18334815862195,256.64631452922004,84.57964037916936,172.06667398665175,256.6462230384685,9.149075151526631e-5
1449,40.7804765201468,22.006859496867165,5.71454927983063,4,-130.61765342522594,-548.0950889526787,-118.46080749212076,-429.63427999173365,-548.09504681683,-4.2135848730140424e-5
1450,56.98098104926557,8.455467787019336,-75.07590610623403,4,-80.50777018712151,-2988.196353144719,-2546.883449386907,-441.312916018263,-2988.19639710903,4.396431086206576e-5
1451,-10.73637196365701,-5.12908968866812,-19.164505088525257,4,-203.5197768632224,-4761.1406364646355,-4254.303866727188,-506.83674889975583,-4761.135629148176,-0.005007316459341382
1452,-24.794225044384973,-8.702329270111209,-14.070987080916204,4,-329.6399859220538,-1844.2538342097607,-983.7602298654642,-860.4936034413182,-1844.2537859711913,-4.823856943403371e-5
1453,2.729095813032421,63.68630061043841,-2.9299461106400635,4,-326.6086995704094,89.86796605807827,50.57299034933301,39.294980965341374,89.86757697530086,0.00038908277740290487
1454,-60.95199715924528,-10.87529146524764,4.795924661258055,2,-56.50635254573907,80.58348187451982,-1.5811648947571728,82.16464629609152,80.58162943777124,0.0018524367485781568
1455,-44.82049547099299,16.587607398203446,-29.61011537707743,2,-79.48663377819143,186.90833519406178,5.500105167179891,181.4082307507233,186.908064700479,0.0002704935827750887
1456,1.36677961037699,-19.259401014002222,19.49415244694902,4,-491.9269010369086,57.38385936383971,0.24293515957988304,57.140924520371854,57.38383211089254,2.725294717009774e-5
1457,-17.93022857433359,-83.48558799605983,-25.24401823848213,4,-341.66289523676556,-6379.740788351099,-6475.887080751165,96.14629865348692,-6379.740164972405,-0.0006233786934899399
1458,-38.29649256796692,14.045531989137285,16.903487496788898,2,-129.27011651414986,68.0600550921839,6.867440774785326,61.19261404684303,68.0600576534197,-2.5612358030002724e-6
1459,0.6630503180188824,2.3869142323057684,-2.0842962632777478,4,-224.3195723474716,-1594.93648792142,-933.6112139550164,-661.3252767224174,-1594.9364031192047,-8.480221526951937e-5
1460,0.936756143080239,-11.320989431864648,13.383506382184018,4,-386.8597707554106,-105.85484890477531,-8.706706246170697,-97.14814297487365,-105.85485265425015,3.7494748426070146e-6
1461,26.139282974002782,1.0271201063506679,-6.576345663176761,4,-148.58530401291034,-1307.8986455220247,-649.5515133012128,-658.3471313579103,-1307.8985401179557,-0.00010540406901782262
1462,7.207131917538968,5.434340299340517,24.560336797211214,4,-319.32603980423124,-65.87352652847271,32.856600335102286,-98.73012643784965,-65.87353311090335,6.582430643220505e-6
1463,10.746430988472714,-1.4603297430485074,14.213815932441923,4,-244.40650729965753,-442.92216779295836,-94.7636426522788,-348.15852393543406,-442.9221503460713,-1.7446887056848936e-5
1464,38.85260291562724,-49.43204515328997,-36.865335015939415,4,-152.2517453279248,204.98518525454483,122.5153703145146,82.46981526632271,204.9848744501067,0.00031080443812925296
1465,2.215604983541155,-28.4700659553691,-2.7238396305695605,4,-359.2668247846363,-345.5698569333934,-144.46090133062106,-201.10895433187142,-345.56989040054344,3.346715004681755e-5
1466,-24.79244272809908,-20.792882053871576,-19.100666890795907,2,-137.8560588521811,116.87097592122528,2.3988959531511114,114.47207899800591,116.87105097042648,-7.504920120027236e-5
1467,-50.55776062904673,8.00296955513823,-65.83420798022154,4,-138.48151914515793,-15610.683739978746,-16254.889512558108,644.2057632623977,-15610.689989506584,0.006249527838008362
1468,-1.2361661747546564,-0.9653844970805635,-1.488337166297647,4,-236.26391696374426,-1562.3514882678364,-903.1931913873786,-659.1582990437809,-1562.3514188163524,-6.945148402337509e-5
1469,18.538891821801855,-20.89709755191093,1.0478720055409068,4,-194.03114879370867,-668.3884681942313,-304.8579424968048,-363.5305257781908,-668.3884496373139,-1.8556917439127574e-5
1470,14.999587408378154,-21.818601411839527,-32.11014814781118,4,-191.118378151267,-6417.161645766459,-6476.037922284603,58.87630386715385,-6417.15913707196,-0.002508694498828845
1471,29.564760100111048,17.16613591339288,-19.07038935189679,4,-139.54383980295324,-1483.5505381141313,-941.6332524457531,-541.9172854043175,-1483.5507962114968,0.0002580973655312846
1472,-16.60353523046872,-58.88374187762617,-32.37561758277468,4,-425.2492581636884,-9052.730737695172,-8945.62381648126,-107.10693506704472,-9052.730496390404,-0.0002413047677691793
1473,24.625290776729372,-52.01778215084474,-41.239366658684816,4,-235.31091157298238,102.6357024044509,105.3655379274196,-2.7298357860379605,102.63536848988726,0.0003339145636402918
1474,-1.3934119330400716,-31.240978130125246,-57.58175252410015,2,-378.7544804711616,376.9898140678473,16.30914776177192,360.6806618080405,376.98917437474313,0.000639693104176331
1475,9.380433788132217,-33.77885435974002,-93.52845110235151,4,-110.0140718397789,-7114.916083419291,-7269.676901623498,154.76081924131395,-7114.913101942558,-0.0029814767331117764
1476,54.02815463939835,-57.71908978418171,5.989414905067967,4,-103.53267866194321,103.36977201556535,117.85094274191009,-14.481172446226394,103.36941140691371,0.00036060865163278777
1477,-30.602490612737856,-80.28034202721842,11.399827992586022,4,-328.5446715914011,-7277.619225814784,-7349.26525716592,71.64601031989056,-7277.618362122092,-0.0008636926922918065
1478,71.19738318375417,-46.39381397192839,43.26273719942677,4,-78.51794894188973,49.90733962355206,152.7611319987436,-102.85379282399109,49.90718793235153,0.00015169120052860308
1479,-15.778262088164142,-29.60941139176064,-13.28293690421214,2,-297.32491840983784,148.79974202373782,0.5893804738893976,148.21036076409612,148.79969385065104,4.8173086781844177e-5
1480,-18.431276895399662,-15.413840638414015,-9.720282263743542,1,-500.0000000000794,-5.110363877565444,11.532696860565867,-16.643060060878714,-5.110425825721064,6.19481556203283e-5
1481,-0.8580837132598017,0.4879163504183781,8.931485867378893,4,-321.22625126857525,-711.6777312584455,-282.45797975563175,-429.2197504439435,-711.6776835183549,-4.774009062202822e-5
1482,-21.020546659520257,-36.450123122745445,54.5361660875474,1,-500.0000000000794,-5471.294481209558,-5464.184553734726,-7.109927366398292,-5471.293127760926,-0.0013534486324715544
1483,41.761214966073844,50.80061143856732,36.12184770821425,4,-114.06996616729184,184.11696406367477,268.65417883002937,-84.53721543179086,184.1167855863372,0.00017847733758458162
1484,5.944210815607722,6.70000396308117,-4.242590438472192,4,-201.42695837828168,-1597.5637467847132,-938.914659721287,-658.6490896843461,-1597.5635870224403,-0.00015976227291503164
1485,-55.20783343174735,-31.520593000963565,-8.22845499307758,2,-63.71224070998507,104.89282707791963,-1.0724150434389654,105.96524179794139,104.89037198482289,0.002455093096742189
1486,-20.791596805911414,8.066738773471842,-29.005741680742112,4,-198.4705271577169,-8227.566325297745,-7890.653015488724,-336.91336599937796,-8227.562314595973,-0.004010701772131142
1487,43.05454334764814,33.45466421848826,-11.148783882208054,4,-133.76722481052406,-61.77551001045973,-46.47455443605108,-15.30095478667259,-61.7754925640508,-1.7446408932642044e-5
1488,4.295170948358194,-23.95884621106712,-32.355715031879114,1,-500.0000000000794,254.57697832569042,42.764798327713486,211.81218135211736,254.57699668009138,-1.835440096442653e-5
1489,-0.3150624188742742,3.563729244562098,-10.917135755627543,4,-199.959150284361,-2374.489187848809,-1742.8512720833423,-631.6379221229291,-2374.489256264036,6.841522736067418e-5
1490,54.16877401273416,48.67151861443034,33.75108513808231,4,-97.66367547186108,81.58857627040467,167.19044932970039,-85.60187371646023,81.58844119020799,0.00013508019668506677
1491,44.17599330172725,30.69027021537601,23.908993870826663,4,-121.29903194114773,-91.17570633396622,84.0968429743459,-175.27254925132928,-91.1757530682036,4.6734237386658606e-5
1492,-0.08060070748046924,15.495292770317988,-12.83780184893769,4,-210.79723048075186,-2339.0439356908482,-1770.2533942580633,-568.7905454497709,-2339.044942419394,0.001006728545689839
1493,-48.357239892650846,4.467066564862465,-14.84752157280968,2,-72.92260107000162,148.49155038518512,1.4465328455432056,147.04501801656465,148.4895900069215,0.0019603782636181677
1494,-12.338208355185081,-46.885501952997316,47.56156221645741,4,-446.38348746846117,-5785.950878451738,-5740.8842589895485,-45.06660327014311,-5785.950913834295,3.538255623425357e-5
1495,23.125929634141112,-37.45179315041064,-28.466795535686902,4,-245.06835453282847,-208.71995692511658,-84.36251804761716,-124.35743628190912,-208.71993791684778,-1.9008268793641037e-5
1496,-30.08505107956518,-7.042526427907822,-86.58040760026812,4,-113.58574327008188,-15397.663831213822,-15940.852744230086,543.1889365744618,-15397.659162408394,-0.004668805428082123
1497,-3.7650519682633505,-14.141252774569876,-9.807247312388716,4,-233.18808291942082,-2046.2886763040763,-1520.3283401914412,-525.960331976579,-2046.288671566607,-4.73746922580176e-6
1498,-44.00154266452641,18.302467342348066,35.06783963591313,4,-440.44465643743916,-7377.357282601412,-7546.533616023904,169.1763364770431,-7377.35712927694,-0.00015332447219407186
1499,27.85966961931423,-40.266839936344105,-12.215690253801862,4,-194.54918555431604,-85.40948483975154,28.594524633504992,-114.00400905336559,-85.40969830528911,0.00021346553756984576
1500,11.102543904210622,-24.095801128484645,-18.712759562749923,4,-216.0812411232732,-2873.5200317180193,-2615.570476437408,-257.94954619936954,-2873.517963218123,-0.0020684998962678947
1501,-48.48887332302785,-54.52097910756879,37.31461977481775,4,-354.739200958292,-5372.485791283334,-5441.76956090064,69.28377310896946,-5372.483651642869,-0.002139640465429693
1502,-39.3266367836211,-71.71225532774766,36.99299772956534,4,-293.5718169589723,-9338.907078060869,-9294.031726618165,-44.87533930603457,-9338.903606527168,-0.0034715337005764013
1503,-35.47148609863183,72.21425718869246,47.140157081520904,4,-298.6786031175139,-9852.160312743048,-9895.128885161948,42.968566292697716,-9852.15787441739,-0.0024383256586588686
1504,8.525606393336572,7.670542518799923,-1.3353838378907974,4,-201.50189847985934,-1371.373712507032,-729.470136402581,-641.9035784689532,-1371.3737662366025,5.372957048166427e-5
1505,-21.354247861056038,9.57412116354943,-4.83270431448173,1,-500.0000000000794,90.7959613338867,3.8305193405806515,86.96544132885553,90.79594678805802,1.4545828676659767e-5
1506,-0.061056324319957216,0.040701416586327276,0.1444782938634117,4,-238.3450051316961,-1444.4166446754625,-798.0797027543503,-646.3369421765548,-1444.4167282845376,8.360907509086246e-5
1507,23.373946257946006,-0.9148411965590381,3.3461211958967274,4,-165.24383358632394,-974.0904788698963,-375.39827045259096,-598.692209237033,-974.090436036178,-4.2833718339352345e-5
1508,-82.16123725914207,18.88984994102496,-27.757016763867853,2,-40.46490120325783,140.7589255614281,2.8904611743736592,137.8684644284479,140.75791002516314,0.0010155362649584276
1509,56.6202803559525,-30.26847774283868,7.112884794421538,4,-104.90520004575325,-191.79324354113106,-5.706007638072737,-186.08723638504023,-191.7932873143581,4.3773227048404806e-5
1510,22.494319534838432,13.076682070975151,-8.09609933797487,4,-158.64036136525758,-1224.3958788665147,-677.92790175479,-546.4679763991443,-1224.3958423340957,-3.653241901702131e-5
1511,-27.218849465907045,-54.55463006173058,-69.89599179768834,2,-150.4866021000968,242.54373911037894,226.32512124678104,16.218617625859245,242.54247408824662,0.0012650221323156075
1512,22.39146139214034,34.66246562136195,-22.93908054908465,4,-235.849877384292,-287.163896445014,-132.8124731574641,-154.35142211929096,-287.16395783022807,6.138521405318897e-5
1513,-62.01382404907666,-25.167639518464043,-21.009477075960252,2,-53.4402040468815,91.7997106604075,1.1860123299256276,90.61369796073595,91.800436067317,-0.0007254069094955184
1514,25.32125366428342,-6.581063236865062,-34.040270221304695,4,-128.52933755225584,-3206.0175737227573,-2682.700513251779,-523.3170581241721,-3206.0151006028673,-0.0024731198900553863
1515,40.069046321591216,-33.16009088641295,-6.658895668797667,4,-142.97690523203204,-139.26063908709915,-45.76508809839948,-93.49555247100902,-139.26064393051718,4.8434180257572734e-6
1516,7.984174356197734,7.569261679096728,7.6580159654559345,4,-233.8696369816194,-877.1299147071882,-350.22588734190737,-526.9040260300384,-877.1298706700954,-4.4037092720827786e-5
1517,-30.2571252347991,-26.39441944515436,-56.42575121334012,2,-115.50701990061343,241.75584391028596,-41.117890703565095,282.873732774528,241.75432883738603,0.0015150728999344665
1518,-1.4980140054724715,-12.596908560291078,23.97376724154295,1,-500.0000000000794,-1423.356101351373,-1217.645294913658,-205.71081012663274,-1423.3566498111986,0.0005484598257226025
1519,-0.4757810635077055,0.5053089657354087,-1.7245579399312185,4,-231.19600891053685,-1579.7363895697983,-919.3698868580396,-660.3665052103702,-1579.7365234872052,0.0001339174068561988
1520,-35.110640310178894,-15.812877691555773,45.92163356416344,2,-199.21485814556442,41.216453835161325,19.96507478454353,21.251376907229385,41.21657966307795,-0.0001258279166265197
1521,-19.29575430845611,1.5690668824002396,-12.277872233498975,4,-271.7814200469194,-2267.6133413532143,-1468.805125081144,-798.8082221693094,-2267.612824953699,-0.0005163995151633571
1522,5.17160046144574,1.7937681030574741,-0.8070598802169994,4,-212.20152818613042,-1440.1923261180089,-792.0844880975204,-648.1078384920045,-1440.1924628149893,0.00013669698046214762
1523,-9.374593253849529,-18.60154506509863,-5.877407033433316,4,-362.08569671460623,-1139.5104198416416,-622.3447059372629,-517.1657146268476,-1139.5103380164041,-8.182523743016645e-5
1524,-0.5084436501093375,-40.738768529602844,7.418857902752755,1,-500.0000000000794,106.35099334625022,59.28313075323728,47.06786236947047,106.3507981776176,0.00019516863261515027
1525,33.22890977232945,57.78301805782919,18.798476166509253,4,-137.93523928119126,173.951180075622,256.96086145245835,-83.00968173525649,173.95091399717586,0.00026607844614545684
1526,-79.85721864829445,42.93032136149475,7.625895024239694,2,-46.588153367968474,95.0070223741527,2.9673050033578394,92.03971707367899,95.00572264124102,0.0012997329116757328
1527,23.27587091147306,-28.16525572478928,9.797701748888986,4,-190.0392803686661,-121.29436571233107,5.472226049395869,-126.76659370173775,-121.29441326132044,4.754898937164853e-5
1528,28.92852684596457,-42.89503519249528,24.551271924812973,4,-155.20427195042583,90.85114597631676,170.17774065568562,-79.32659488539443,90.85098090815033,0.00016506816642447575
1529,-2.309900524009134,11.127750271746613,7.044498691507724,4,-331.46492102601206,-708.5362028488482,-313.14924368724974,-395.38695842616653,-708.536160519716,-4.232913227042445e-5
1530,10.490754660143356,-9.216675553457037,17.633372272003452,4,-260.8559836478915,-175.612725524345,24.39417402692085,-200.00690042503038,-175.61273066136516,5.137020167467199e-6
1531,-15.937569739417741,24.842153523793343,-21.81291403411137,2,-299.3618180920083,159.36012905990734,-3.11103190379858,162.47116201683707,159.35998344269413,0.0001456172132066058
1532,-0.0034140202582078763,0.7775255403264599,-0.15141905924444343,4,-236.28938670526483,-1468.2109728607866,-818.808860994459,-649.4021122448187,-1468.2109134538496,-5.940693699812982e-5
1533,17.40167587820082,1.9838263479047895,24.889742326371554,4,-212.34621485298018,-75.78827436786942,78.18594650594497,-153.97422074921752,-75.78827968387326,5.316003836242089e-6
1534,-54.766863947541154,-1.3533695106869328,-57.734014991802134,2,-136.31384375867145,735.3140119783885,-52.402753666617514,787.7167670706978,735.3142847891431,-0.00027281075460905413
1535,48.0286874643148,-0.12471637517176211,24.73468859529326,4,-114.73991873206995,-258.7555465280132,41.587669887075236,-300.34321591859805,-258.7555360440963,-1.0483916923931247e-5
1536,41.33438903443805,70.29148517331687,45.00686046541094,4,-103.16290297793513,458.8133987561185,540.5294603822492,-81.71606387815413,458.8132139366811,0.00018481943737924666
1537,-17.00125088546956,-7.451631327475788,-5.793998099224718,4,-364.32468393764367,-1551.4646081284288,-833.046378760536,-718.4182309255771,-1551.4644476199696,-0.00016050845920290158
1538,-77.63711980372143,18.104726518421884,-51.13549506582071,2,-47.43042365119436,249.16006933569412,1.2436573451038353,247.9164132473666,249.16001672608053,5.260961358999339e-5
1539,-0.12095774580483325,0.278407972227674,0.07524221407147824,4,-238.18601788026285,-1451.1971003440215,-803.9566951860581,-647.2404054366486,-1451.1970416844247,-5.8659596788857016e-5
1540,20.122945188868332,-34.22791742533499,9.805148217523175,4,-206.78389392210565,13.599800596508397,47.83092192440033,-34.23112265119893,13.59969186675232,0.00010872975607689739
1541,-57.07185009222612,12.386180441272947,42.5460215273354,2,-157.86862709750685,231.7650609222791,225.27142036333018,6.49363916435216,231.7742685092162,-0.009207586937094447
1542,-28.693291999477417,-17.249800057210926,28.42928782855549,1,-500.0000000000794,176.07023499098597,93.09485722274529,82.9753787048928,176.0700070490035,0.00022794198247311215
1543,-4.263832024112137,22.595418969595038,-0.5436931062973549,4,-372.1369925572431,-621.4066686560972,-318.1001045592431,-303.30656343386954,-621.4066373659772,-3.1290119977711583e-5
1544,55.81240048640773,9.960135999676364,25.926707272917636,4,-102.08026306553647,-250.36085941770986,46.81464975851955,-297.1755086582694,-250.3608576329744,-1.7847354740752053e-6
1545,-4.436818582413674,41.421960178522376,-15.07733014811845,1,-500.0000000000794,282.7918507796486,263.75607728725316,19.035773093971365,282.7917180090173,0.0001327706312963528
1546,-20.309547917308244,-9.955227255503866,29.68914112431839,1,-500.0000000000794,132.47221472920108,162.43227330617012,-29.960060149031506,132.47228947749628,-7.47482951908296e-5
1547,42.14534279793523,36.22982533924198,1.6827676578514053,4,-132.80394803051476,-122.90507357417775,5.796965900855976,-128.7020392771656,-122.9050924441175,1.8869939751198217e-5
1548,31.05398401884073,-32.918363421945216,-77.089488110757,4,-112.86909524569695,-4032.034152830951,-4130.107067141511,98.07294078484435,-4032.0314262111738,-0.002726619777149608
1549,-16.984480370953513,-0.5799347967865052,-14.175901612609545,4,-242.9965114865528,-2791.0053930041645,-2075.015725063878,-715.9896723090783,-2791.006400857716,0.0010078535515276599
1550,-18.570077082646517,13.660234189947385,10.72232169410159,1,-500.0000000000794,105.19646020142883,40.945617505176365,64.25084199405195,105.19641805066085,4.2150767981752324e-5
1551,-20.29183779194463,2.8009853350054,-7.244528945362743,4,-355.79150553568707,-1680.902058801372,-904.7271242552265,-776.1749378083745,-1680.9020900581684,3.12567963192123e-5
1552,5.528514852580384,6.895230880775794,-6.588314357305207,4,-197.13511225548095,-1748.1402664153666,-1091.7180854453104,-656.4221823893744,-1748.1401294873313,-0.00013692803531739628
1553,-13.639613992959246,41.625090080313164,-15.464899461555904,1,-500.0000000000794,120.74543690898197,40.03177712684879,80.71366020155375,120.74533115154146,0.00010575744050811409
1554,-38.60024797840198,-9.649270338664333,-16.243085782549823,2,-93.37531974547339,123.64886971391391,1.7815411334639946,121.86732812361396,123.64989382730647,-0.0010241133925603663
1555,-75.73434754637351,4.905189550439205,-20.53545300852681,2,-43.86026974001076,151.03691324102698,0.9910903764084241,150.0458233472686,151.03472089074617,0.0021923502808078865
1556,-24.338390497356666,10.211322492718987,-18.70144201388081,4,-267.19735984421357,-2502.840076265777,-1713.7948971314847,-789.045183989119,-2502.8409394591945,0.0008631934174445632
1557,19.599488434118797,-11.306357528649421,-44.13552773093512,4,-128.90577551348852,-6303.935265063014,-5969.870304641058,-334.06495993209063,-6303.931382389296,-0.0038826737181807403
1558,15.016097772250356,-8.369690704722712,18.568150043561804,4,-225.6205956789857,-201.17312642316466,24.83498755562971,-226.00811420228993,-201.17312156176857,-4.861396092792347e-6
1559,-45.83291215932335,-15.28086396087256,-8.501722665216905,2,-74.13751648818338,95.44943195833653,-0.009896181138290038,95.45932789024573,95.44559433855751,0.003837619779019974
1560,-20.719931970547627,-24.01389472829964,-16.056828464851236,2,-172.7926070260657,126.56452555135587,-0.05802674648672144,126.62255218398212,126.56467282458352,-0.00014727322765395456
1561,-40.92304111461332,-31.52341609664083,52.69471088651666,2,-169.79487038647216,75.98383666071999,44.70005290689598,31.283787449307926,75.98379688317802,3.9777541971375285e-5
1562,-2.930155432056724,-15.759461021848946,-1.3141659053354096,4,-286.37348904341843,-1103.3563724405174,-611.7179043636902,-491.6384683504815,-1103.3562711476352,-0.00010129288216376153
1563,6.2579475733052465,31.93619283737702,8.140640551324594,4,-313.6844908814609,23.485186608583067,97.77532629399688,-74.29013977407419,23.485122005310906,6.460327216117889e-5
1564,19.622432654313844,16.095655575018636,6.621648262692637,4,-186.03767639754568,-678.7945830700345,-240.78581499776448,-438.0087682341144,-678.7945537929475,-2.927708703737153e-5
1565,-13.750105168416797,14.409857433992117,-1.727911679077239,1,-500.0000000000794,-410.2643440528894,-146.93962487478336,-263.32471910285676,-410.26430289927845,-4.115361093681713e-5
1566,-12.538178397664588,-15.586206568533981,-33.314871943166665,4,-189.00149167188098,-12110.948534811585,-12129.94977316529,19.001206647050118,-12110.943165756617,-0.005369054968468845
1567,-4.089324056561421,-52.480722614860305,20.064974112385478,4,-391.7111544146398,-1303.6060153044587,-1287.386997194145,-16.219019123178555,-1303.6057883186015,-0.00022698585712532804
1568,-13.193750335644404,-7.991660733119055,16.010870983869236,1,-500.0000000000794,43.58620600402416,-10.416134275913564,54.002339811706705,43.58620298769828,3.0163258841753304e-6
1569,-9.841190693678957,12.528508986377664,-1.9332096169569937,4,-321.75285071866165,-1329.766672730472,-723.7375868025284,-606.0290844618058,-1329.7667057170868,3.298661476947018e-5
1570,-16.792307726464795,1.6901162980490332,-0.7139911391449588,1,-500.0000000000794,-289.11383385673304,-75.91331029657522,-213.20052204349017,-289.11382023728504,-1.3619447997825773e-5
1571,2.895169480134564,-0.10452994633137408,0.3147718669435207,4,-225.7585454455194,-1397.9387880432241,-756.810682675612,-641.128105105193,-1397.9387938680873,5.824863137604552e-6
1572,-48.7587579693358,-62.95745521529178,-35.60406530191688,2,-128.9142396583253,171.12949629469406,51.97596659335417,119.15352990963065,171.12875822310866,0.0007380715854026221
1573,-52.03572884918105,-12.252122679185772,-16.3741017611155,2,-64.09639156188226,104.20656146412583,2.4336966998313043,101.77286432481144,104.20318609972202,0.0033753644038085895
1574,62.74210471831474,19.203509387744944,4.654499517917599,4,-94.8967357249187,-503.57086074835985,-93.86840728886108,-409.7024517214525,-503.5707834523762,-7.729598365813217e-5
1575,40.717854313423715,-52.455352612732426,50.956310772492344,4,-108.6686273445561,398.885559232384,471.58184103908616,-72.69628346859996,398.8854989144366,6.0317947429666674e-5
1576,-20.318099365190836,48.05401850645938,41.88496146542405,4,-472.2800404910791,-5168.8706077123,-5222.534068184413,53.66347139852002,-5168.868941490076,-0.0016662222233208013
1577,-28.46810819530973,0.2575892940364378,-5.101332042719712,2,-172.81843861594407,106.23046709034988,-0.6030460865861479,106.83351312642037,106.23059183039251,-0.0001247400426365175
1578,-70.89116711965745,-16.209899825078367,-7.478144869156253,2,-46.5598646651727,95.37959242191394,0.059910195590249085,95.31968207063346,95.38085392844698,-0.0012615065330408015
1579,30.656009223058916,-47.708507331276316,70.18147178834302,4,-135.4416546335054,-11.276111209063561,43.10094312697637,-54.377058560980146,-11.2768173855033,0.0007061764397384707
1580,81.39634850020272,-27.693219408323852,-12.730820774537166,4,-77.32940904488423,-232.97993434027742,-96.06706568953169,-136.9128682495188,-232.97990826575557,-2.6074521855434796e-5
1581,57.589473814003995,-28.884083098560957,-49.31380944207137,4,-99.59431752400155,-344.290911705194,-434.75170774868513,90.46079464446528,-344.2908638408947,-4.786429929026781e-5
1582,1.8344607317705288,-43.305015198433416,37.80936667381784,4,-346.3806605631358,112.81655148065843,16.636273296055688,96.18027386350987,112.81633949392436,0.0002119867340724113
1583,-12.630117311862945,-0.6756078720397558,5.1478924284600405,1,-500.0000000000794,24.445071131359107,16.22604670459053,8.219024241944927,24.445071741254573,-6.098954656863498e-7
1584,-38.66605827148128,-31.36575107745423,-18.565142375183026,2,-88.16765839654097,122.76314158858978,-0.9015314201638258,123.66467233467641,122.76235168715034,0.0007899014394325832
1585,-40.60848201910276,-16.054139462601196,66.93856528447421,2,-156.91726538783917,-14.137118326332564,-50.42216191991904,36.285048423321236,-14.138090239280782,0.0009719129482181899
1586,71.75886530999439,5.12952534455989,0.8024987316092452,4,-84.68088075565751,-717.4430420878125,-150.72068600867374,-566.722356822231,-717.4429364634537,-0.00010562435875272058
1587,-12.693145977165981,15.588206311613844,-11.22039122121721,4,-278.81603040918293,-2045.5363991305446,-1387.319711229817,-658.2166863234476,-2045.5360910694887,-0.0003080610558754415
1588,-46.367243390796936,-14.109923742812544,-12.973179215266402,2,-72.50408108090562,99.62089278855053,1.6118326989748615,98.00905951557512,99.61790570755494,0.0029870809955951927
1589,-31.18726924848328,-7.906500167874165,8.996532777872824,2,-328.90365765995534,48.629908772065484,-1.0415527985691622,49.67146218745684,48.629783447878694,0.00012532418679001012
1590,40.4936028548997,-52.09483628461415,-32.77865537649792,4,-144.30064402671718,196.7024205991496,128.70191398692532,68.0005066851254,196.70223160432803,0.0001889948215705317
1591,-21.041486831053902,-15.863913837090902,37.63269638415053,2,-282.7956186288496,72.07038660209038,37.6669291402007,34.40345811234947,72.06997461267281,0.0004119894175715899
1592,-14.943043166060123,1.433688417471154,-4.210065390238218,4,-318.6285294302399,-1681.6553121747609,-959.5038972719091,-722.1514168895557,-1681.6551459266886,-0.0001662480722188775
1593,-35.34023377354691,-43.59326365949682,-53.50248974047799,2,-108.61586474386066,222.9552763646752,-3.1223481941561952,226.0776239929564,222.9544334367171,0.0008429279581037008
1594,-11.583470240423695,12.51688128710615,-28.07270029641228,4,-191.15482942728238,-8259.666046783042,-7954.118715698956,-305.5473530303405,-8259.660094851131,-0.005951931911113206
1595,56.55226553181564,-44.87987553819035,2.3066008629873256,4,-104.55189915369718,54.881313821926824,41.67213327776494,13.209179406873657,54.881182885190306,0.00013093673651809468
1596,-8.349760256158808,-32.67876475718041,-16.249395092766814,1,-500.0000000000794,51.9504449986832,97.09830746231464,-45.14786291008219,51.95031761173847,0.00012738694473313217
1597,-61.44354160518305,67.99676095862807,-35.75590866526197,2,-121.4429113773508,185.91609558167087,26.816516122237836,159.0995800449543,185.9159556715671,0.00013991010376912527
1598,-10.972793876406309,-2.4010735541467816,3.7185151973050425,4,-471.0881282086194,-826.3186110591489,-398.3499567356273,-427.96865340332226,-826.3185937507405,-1.730840835989511e-5
1599,-2.2121853003109355,2.639234414975939,-0.5599714712575495,4,-244.31213631046202,-1522.154878140865,-867.3654205065069,-654.789459459313,-1522.1547930594409,-8.508142423124809e-5
1600,-7.536593783059085,-48.307736392063894,-79.03241738749021,4,-199.84469911816646,-6147.957308640399,-6162.337860817465,14.380561940857733,-6147.956224994315,-0.0010836460842256201
1601,41.738770421032505,22.674829674911525,60.28087611497795,4,-108.67883137586276,316.377676806356,400.7386763391601,-84.36100134494751,316.37774980989815,-7.300354212702587e-5
1602,11.908686181026194,-75.92036541841459,12.743260830709106,4,-220.90049136914018,341.8992295301963,332.41798910650505,9.48124337194148,341.8982622635906,0.000967266605698569
1603,-19.338577459279644,51.76726970561671,-54.26465198759094,2,-161.42096305439225,305.3087472215857,198.84651841578938,106.46223181250977,305.30931093626174,-0.0005637146760477663
1604,20.619654717392955,3.1245830198239646,89.3903584135929,4,-197.83124555700567,-395.2801241683574,-400.7157635388932,5.435637353775312,-395.2798427477537,-0.00028142060369873434
1605,12.742632365361876,-58.6212613100488,20.62893164697744,4,-225.5774941479635,161.73794432821273,140.20538967509103,21.532556894977187,161.73745014901695,0.0004941791957833175
1606,-39.769355906783694,68.75453500827057,0.4965382517625954,4,-327.1721143991291,-7655.540014290237,-7643.311469273931,-12.228574429635087,-7655.5408028352285,0.0007885449913374032
1607,38.20048612663961,25.536464378420145,-7.1768429785027585,4,-138.08707783812915,-700.3774487314321,-263.0976180389176,-437.2798298414243,-700.3772861108073,-0.00016262062479199813
1608,-16.796214769271415,-26.92512288971375,8.449660399561795,1,-500.0000000000794,115.90576861422863,-14.400345481572735,130.306113140915,115.90564720925953,0.00012140496910717502
1609,-20.664324117317395,47.99456400552381,8.524758569263343,4,-485.06498027040044,-6988.625655832771,-7087.3044220533975,98.67873133138256,-6988.624694954812,-0.0009608779591872008
1610,-54.35031304557342,6.978951865117369,-26.00288635829311,2,-65.95975877998852,207.66115576383515,0.6213311085135979,207.0398245098489,207.66123845249928,-8.268866412208808e-5
1611,-12.606086376931035,61.2645258592694,-31.500394920228235,4,-424.58985944664494,-8622.391604299946,-8667.713097136382,45.32149890010545,-8622.390287617942,-0.0013166820044716587
1612,4.984861292010702,42.28657618051652,5.890429612449026,4,-337.408495951346,27.80618040210677,10.09758892050427,17.708589577031347,27.80599375650251,0.00018664560425918353
1613,-23.745523578870095,-73.4250373722922,-14.586735975413838,4,-352.30270279459256,-6848.518176239675,-6831.926331800741,-16.591868697880972,-6848.515617510867,-0.0025587288082533632
1614,66.43413360538858,-34.512010203191466,-15.63114982338701,4,-93.36251786343634,58.701097503350304,-24.781128955220474,83.48222497497358,58.701016529886346,8.097346395885552e-5
1615,-37.48279943158464,-30.535033966568154,-50.45969609208205,2,-94.81643272734027,199.49121007390744,-10.109201448534142,209.6004108618649,199.49106811249519,0.00014196141225397696
1616,1.1397239950255695,33.75950971850222,19.71334874741214,4,-404.2665124937298,125.33249275558539,61.10372531875191,64.22876575059196,125.3323593734531,0.00013338213229019402
1617,1.6187412035324487,14.89506657409734,-65.43407087538509,4,-126.65569006221546,-14147.340915243007,-14349.580336632527,202.23945923326548,-14147.324597348746,-0.016317894260282628
1618,14.413187589750605,-22.96919232825688,21.76824755844936,4,-231.69770214051505,20.57684604157117,113.51899567337135,-92.94214984687028,20.57679808809838,4.795347279085149e-5
1619,-6.165711191964318,-1.4188432697852016,7.286379710729732,4,-408.14252142219476,-679.7791844936996,-294.0481041537832,-385.7310787474301,-679.7791627162375,-2.1777462166028272e-5
1620,34.123901421768956,-12.359224069348317,24.420750250667865,4,-145.09565288900274,-163.10508424798604,63.18848915343124,-226.29357338549462,-163.10509117933842,6.931352373840127e-6
1621,8.208970709573801,-3.966459969560284,-16.773655779949657,4,-171.78931083972844,-2763.6594392280845,-2191.946020437152,-571.7134265202731,-2763.658835262405,-0.0006039656796019699
1622,-27.378740623321768,21.741512537792712,-78.21314456599679,4,-149.41237861243778,-7930.37640768071,-8228.669300973263,298.29291266112386,-7930.371939811754,-0.004467868956453458
1623,17.571319376347766,-7.169954754083869,2.0051833239819725,4,-180.88594848332036,-1074.0083129575462,-467.0892565567512,-606.9190570888428,-1074.0082630441025,-4.991344371774176e-5
1624,-51.228896907143934,15.683811388298663,-38.77990239562045,2,-72.76291948334314,239.45992216950245,1.0582853180084855,238.40163729390207,239.45997275328588,-5.058378343392178e-5
1625,-25.519917824265,-27.33982494559207,-21.755556015667988,2,-125.42981129176508,135.1555564517409,1.25936981118336,133.89618624152044,135.15428133547255,0.001275116268345755
1626,11.237515146744006,-72.23619403109635,-55.69203167833942,4,-284.22592494734124,-6106.585042578859,-6188.976770805987,82.39176613037938,-6106.585077433727,3.485486740828492e-5
1627,-18.30061894654202,-28.765022582936474,11.479676997025187,2,-336.45072061549325,-92.08530237611542,-134.78821925361257,42.702915748293115,-92.08563271555462,0.0003303394392020209
1628,75.60046965529753,25.162832621418378,23.2814498395708,4,-80.00554803309522,-198.8347105009867,40.666773470934956,-239.5014848755916,-198.8347410745292,3.0573542517231544e-5
1629,-41.75119732017065,-25.20139219592054,85.10940234019607,2,-143.74750324441794,36.08085421881692,-24.07109461744431,60.15194554029786,36.075295820946145,0.005558397870771614
1630,31.188062318446555,48.767221904495045,22.722245375278852,4,-146.70408242900717,111.41725528211067,196.74119919366805,-85.32394379918989,111.41693946269223,0.00031581941844649464
1631,47.964015712364926,-21.18337576529519,45.18114136181291,4,-106.78300131423207,36.426472588001566,170.2593263522458,-133.83285391493254,36.42643180376724,4.078423432929412e-5
1632,-13.052815504011354,8.187012747886392,-8.467257890382099,4,-265.6892751676089,-2038.174096038954,-1311.8468342320346,-726.3272605794335,-2038.1741316744842,3.563553013918863e-5
1633,-1.0970041055922428,-0.9126220753365883,-4.682127840348124,4,-222.06397778373824,-1793.24568715832,-1128.4350477799512,-664.8106397905447,-1793.2455020394132,-0.00018511890675654286
1634,-23.238349754938486,-26.37771865808511,-59.016163928259765,2,-138.70363650706503,287.25945068260864,-13.148974557757505,300.408427200574,287.2590879066293,0.0003627759793403129
1635,-26.146891584810234,-6.274428840823094,8.581365073004582,1,-500.0000000000794,72.56744021993929,2.189400251127675,70.37804115067966,72.56746543809928,-2.5218159990458844e-5
1636,-14.903540261355882,3.6619809914224266,21.866321398337835,2,-409.5693416204576,17.775314427222234,-12.873368076942546,30.648682591812623,17.775257640363645,5.6786858589674694e-5
1637,48.159792614435204,82.28515458162173,16.470437380635744,4,-97.7476732831143,411.8147980647278,453.87411732587015,-42.059316948347515,411.81437846816004,0.00041959656778089993
1638,15.737742780147542,-12.859714192808287,43.006711396756764,4,-242.355230710911,-11.41516808469183,-23.838918726936605,12.42375285231187,-11.415245241402088,7.715671025820825e-5
1639,29.40033928546615,-28.638245848489642,13.00664120743263,4,-165.51503933960785,-144.34615718151974,27.424226692588494,-171.7703845103946,-144.3462045130285,4.73315087674564e-5
1640,-5.583222370549416,-25.512901478046896,5.233429654214172,1,-500.0000000000794,46.4745040935334,-10.057352854638175,56.531859107586854,46.474470106230456,3.398730294179586e-5
1641,-15.268600699864455,-51.66120312625118,12.19228960565855,4,-423.25246751985884,-7661.945111790171,-7666.801697193597,4.856597903930303,-7661.9444433447625,-0.0006684454083369928
1642,-15.456050839203188,9.118674768806505,-46.907889203427,4,-155.35683383633534,-14412.44482304003,-14516.17658999046,103.73181853730969,-14412.425550799771,-0.019272240258942475
1643,18.772794349276342,-31.540754198920606,52.31043692400121,4,-200.67977731132544,47.58773346025951,-18.88948267568659,66.47721726865845,47.587617275832336,0.00011618442717065136
1644,43.605822618074924,-12.86247330867505,-18.045507485504118,4,-116.23509755581385,-1265.739582177364,-642.3301775128865,-623.4094074729462,-1265.7393969689622,-0.00018520840171731834
1645,-45.97736182690366,-74.21210816990396,16.959892206434,4,-302.63387107316333,-6967.778373869039,-6897.247388612286,-70.53097242289033,-6967.77710274711,-0.0012711219287666609
1646,27.05771631066155,10.84587130517756,-5.085983596803054,4,-150.168326655175,-1121.260205457554,-523.7011478385357,-597.559057699355,-1121.2601532892527,-5.216830140852835e-5
1647,1.945162286631425,19.288060611156432,-1.4523443010500479,4,-255.8811815577216,-1141.64968244374,-633.4122862508618,-508.2373967156332,-1141.6495770151575,-0.00010542858240114583
1648,12.380661476329601,89.85611018520402,14.058893768077835,4,-213.32067877925584,384.8594065526637,352.9821121882328,31.877297605180317,384.85905309131124,0.00035346135246072663
1649,-2.988087315099948,-41.97417357137563,-7.913148995460876,1,-500.0000000000794,201.09105057839986,185.65432182800805,15.436730918117343,201.09097729053192,7.328786793436848e-5
1650,-5.138019253465794,-11.81564045418683,-4.396627405874028,4,-260.89576256072826,-1533.2392975720936,-942.5089812082641,-590.7303162644481,-1533.239405661263,0.00010808916931637214
1651,8.339668669530615,-46.570956905355864,20.031215051755925,4,-265.0670269136512,97.21664301681734,62.73428413950982,34.482356546904974,97.21637963471521,0.0002633821021333915
1652,-65.49850427436594,39.15141298629182,-60.03522106629174,2,-63.80612980984728,216.1030281256753,-0.49058317383874234,216.5936106911836,216.10251116069745,0.0005169649778622443
1653,10.010999830968142,-2.0141626893598,-2.741071630090267,4,-192.6440821570218,-1458.398799857154,-808.9359955574874,-649.4628034673729,-1458.398848094828,4.823767403649981e-5
1654,-0.5581227443796314,0.897104686410155,-0.46568897565193035,4,-237.3257175875966,-1496.263679492364,-843.5253791104495,-652.7383011608861,-1496.2635321672146,-0.00014732514932802587
1655,-31.66555450518924,56.6814517451287,70.02554264870459,4,-295.19972604019983,-8493.266224387093,-8549.495829705962,56.229604296551045,-8493.264892141426,-0.0013322456670721294
1656,20.536193314723167,-20.396784168027615,-6.149867997084947,4,-177.7808229005478,-929.3910394525459,-542.5699636200427,-386.8210798196003,-929.3909599220331,-7.953051283493551e-5
1657,-69.72181104962577,-27.380196904378423,-23.05625477823564,2,-47.631014324631266,93.32123561460462,1.3214462649148022,91.99978895996382,93.32263826497136,-0.001402650366742364
1658,-53.47325306800905,-38.83937110887078,-19.036179788260274,2,-66.40358803021368,118.12603477378391,-1.5899593369965563,119.71599364618965,118.12506905318294,0.0009657206009734409
1659,-22.93106722611208,24.539895697605477,1.9195595563435794,2,-328.7461089688483,117.54152601784827,6.095729722310752,111.44579654033289,117.54146685848852,5.915935975053799e-5
1660,-6.1379986862633045,-31.30390814269803,-1.4084454229122425,1,-500.0000000000794,88.69566782129279,3.63088329881392,85.0647863838136,88.69550475257503,0.0001630687177538448
1661,-7.552946359894812,28.05518418004484,35.23293007236901,1,-500.0000000000794,11.016095831736935,-16.170785357542638,27.186883072892126,11.016167688376497,-7.185663956121857e-5
1662,-24.8502581407474,-26.716519050148886,-21.98351920047841,2,-128.37260105656975,134.05855790722492,1.3438055767826422,132.71475196354245,134.05937766865793,-0.0008197614330072156
1663,-85.91910240348048,10.524962940186963,-30.36312378231659,2,-38.82473462860439,168.6579391572088,0.9677741427582846,167.69016500205416,168.6539632178938,0.003975939315012056
1664,-9.32661396200305,-79.80675073125391,-50.903132239644655,4,-378.74653136421006,-10945.321596055157,-10729.069533939155,-216.25211130783725,-10945.320692482037,-0.0009035731200128794
1665,-6.413284556199924,51.82134667605206,23.865056346468474,4,-412.5047114152636,-2603.19226749919,-2578.4951396776532,-24.697134593021634,-2603.191678898309,-0.0005886008812012733
1666,6.909660327463841,31.201135578124337,22.777809063332256,4,-305.5097464046523,5.370096236237355,-19.48392312759383,24.85401908554767,5.36994840647307,0.00014782976428495687
1667,11.385158553607502,-34.135393084076426,-29.006858414293376,4,-332.4018197711407,-842.3204348265141,-913.3198493771482,70.99941617583767,-842.3211720541078,0.0007372275937314043
1668,6.613766301128158,-16.121916472813016,-2.058791396277942,4,-224.81260467008372,-1227.0568615655054,-662.2202925708804,-564.8365702609931,-1227.0568030180223,-5.854748314959579e-5
1669,-5.60068578259887,-0.9407841947835307,10.459189298838025,1,-500.0000000000794,-260.90475150286437,-93.19551079406038,-167.70924122595204,-260.9047502048581,-1.2980062820133753e-6
1670,-10.958303869457856,2.516237236963438,5.065532751784534,1,-500.0000000000794,-328.2597751200299,-109.15326013878894,-219.10651417870383,-328.2597626545786,-1.246545127742138e-5
1671,1.4752199379665147,41.917118519512144,12.664492025779614,4,-366.9338244786471,114.36772412172212,43.78225210070511,70.58547236371894,114.36742662984008,0.0002974918820370931
1672,-31.155293549709565,29.523326535934828,-0.42009397861970715,2,-136.19218395267026,138.05835708051103,5.995197579570445,132.06315931677335,138.0579047843436,0.0004522961674240378
1673,30.67214419688934,35.787297115933434,54.81868107840232,4,-134.54297767479247,232.2394868395972,300.5977023474918,-68.35821388552473,232.23948866548378,-1.825886585038461e-6
1674,49.68243555124299,45.57290708667982,-12.053011078111982,4,-118.37444761927529,120.77657683165533,28.741019960675523,92.03555737901797,120.77637497233755,0.0002018593177837147
1675,1.8502424482631958,6.8023594335862825,2.1939514930166215,4,-240.67325527428866,-1267.5501213180667,-654.6569293812439,-612.8931929700525,-1267.550046949363,-7.436870373567217e-5
1676,-1.6475101222079032,30.102543476962445,-15.587973976296553,4,-396.9820787809825,-554.7997450959447,-451.5659178498767,-103.23382827397377,-554.799753596734,8.500789363097283e-6
1677,8.522056726914524,-7.8496020999658755,-44.1760876416044,4,-137.40571696832814,-8860.559922169925,-8596.583032218798,-263.97693055895337,-8860.554268638776,-0.00565353114870959
1678,-32.40673081217468,29.133637655968197,-25.930713974185608,2,-103.23355044775484,148.39339652772819,8.034290687907534,140.35910578018036,148.39355264128253,-0.00015611355433975405
1679,-0.7949284584357668,4.364016513154236,-2.54565634979062,4,-228.69075583106988,-1636.9175621110905,-973.8361488778588,-663.0814162382098,-1636.9176202269375,5.811584696857608e-5
1680,-44.40478127439474,44.03295709586522,-20.76577223709553,2,-86.3086140563558,139.24478904598257,10.321387928507793,128.92340144547805,139.24442376033124,0.0003652856513269853
1681,-78.47764227244821,-52.23948988662191,-1.4753730377642147,2,-51.08018757397789,110.50153066965004,-0.09062357373922136,110.59215396170633,110.5020557990062,-0.000525129356162779
1682,-26.06820586771772,-15.599959374859353,26.202599841960293,1,-500.0000000000794,220.89282073819504,100.85050724551745,120.04231507360639,220.8929156090111,-9.487081607062464e-5
1683,8.45298775150624,41.66700862884451,72.87267227003089,4,-246.8115623840066,906.197220201987,875.7999037058875,30.397312456559987,906.1969167807999,0.00030342118702719745
1684,10.092511091646632,-23.941132031894604,9.184320406334635,4,-268.43076095350244,-170.04301923739604,0.5620768440674712,-170.60509707617138,-170.04302322335974,3.98596370132509e-6
1685,16.326582931143854,-52.26309690513554,42.76894847825652,4,-205.26126512621414,84.119435049941,10.354298208104133,73.76513908822803,84.11906921278397,0.0003658371570338659
1686,26.768988305925536,-6.808750091043938,5.327376506478296,4,-159.07379383771186,-832.2479156549289,-279.3193681720192,-552.9285469024278,-832.2478743490997,-4.1305829199700383e-5
1687,-47.51619096930048,31.243682245166376,-41.631913257263655,2,-76.18138888178254,189.91613527997342,9.104020942370806,180.81211368588754,189.91543852466023,0.000696755313185804
1688,50.33281248471417,-27.52169362311913,-16.8471167146207,4,-117.06554615237611,-173.61836691159203,-151.18880106699842,-22.429566643611615,-173.6183435684053,-2.3343186740021338e-5
1689,14.05319788925559,1.6720787252871716,-25.059372662361824,4,-151.3283241863686,-3412.889575871809,-2899.67799727885,-513.2115621711358,-3412.8870168328963,-0.002559038912750111
1690,-28.738217691191856,-56.83652030502651,-56.44409652981328,2,-149.0695495420851,247.16029868413094,215.14344180951727,32.016856622536665,247.16031691672032,-1.8232589383160303e-5
1691,45.75879443812599,16.14757695184666,69.1721861414615,4,-99.00723884141397,416.092461283678,496.54734312356857,-80.45488271563472,416.09265353307313,-0.00019224939512696437
1692,-12.954091923055833,-27.962192382014617,-43.46565681343841,2,-178.30879743505466,228.92789926877518,61.807773401917025,167.12012710994424,228.92714692674613,0.0007523420290453942
1693,20.212315357095292,31.050085199108374,8.956014877171244,4,-204.28751237893596,-71.47375517532176,-0.09977210476720332,-71.37398485139222,-71.47383436194663,7.91866248732731e-5
1694,0.0992595892802713,-0.0012752444036881277,-0.09799835370180815,4,-236.38807446187025,-1459.203356508042,-811.0394023322626,-648.1639544952087,-1459.2033077888668,-4.871917508353363e-5
1695,-14.2045321996043,33.133143436925415,-31.62263210945756,2,-187.34936813603653,208.26919192292902,41.89800927075028,166.37118498743772,208.26867068868958,0.000521234239442947
1696,-24.692388723866898,11.864390060475081,-63.44227575848506,4,-137.81937011309944,-14938.067878099433,-15313.819435392283,375.7515744376516,-14938.059142099419,-0.008736000014323508
1697,-22.57471595863592,-33.23874617073175,43.45915543143998,1,-500.0000000000794,195.13101014545902,111.93325801127895,83.19774522270592,195.13103821971745,-2.807425843798228e-5
1698,30.94423897686665,-48.62876427283793,67.76669179776475,4,-133.79210208885266,16.226994210650354,75.5814618955948,-59.35447236829595,16.226622958265803,0.00037125238455004705
1699,26.164045613052583,-39.6906932765869,7.414382161474462,4,-182.0825021928667,-1.7684492024535425,65.26496308379582,-67.03341367588415,-1.7686217105924957,0.00017250813895319794
1700,29.635958569106556,31.184591162851913,-42.84597396843673,4,-192.42123436513342,306.23316888577244,142.63349285765517,163.5996789535781,306.23314177610047,2.710967197572245e-5
1701,31.61012679454751,-0.8846797836333793,-1.7813601540214412,4,-141.56359976730715,-1057.1994062508356,-426.58843252860896,-630.6109731908753,-1057.199336193452,-7.005738370935433e-5
1702,-2.982718057296385,-2.0079107631560054,8.561429217730238,4,-357.509123574192,-667.0709673455866,-269.68421637660504,-397.3867493556237,-667.0709417218783,-2.5623708324928884e-5
1703,0.49679840915018375,-0.5229822442988913,1.0587914875322302,4,-240.51239898153975,-1372.5055028061424,-736.4081455790288,-636.0973572230525,-1372.5054952574992,-7.548643225163687e-6
1704,-57.83737680437817,-19.694626452129086,-20.54715764134256,2,-57.01809408154075,92.69248328243876,2.298332779201466,90.39415012546388,92.69200374940726,0.0004795330314948387
1705,-44.44273890945241,-48.76994518993684,33.99099390603091,2,-171.59426583515523,192.0126588954301,196.56983041868816,-4.557175452978742,192.01444829615167,-0.0017894007215772945
1706,-13.507878068998115,-18.916659953909843,81.13135741288097,4,-381.8071249041952,-10813.768330458719,-10704.484124895933,-109.2842142371425,-10813.76516413268,-0.0031663260397181148
1707,-52.041170845723876,-48.65191401687178,9.225339772546715,4,-347.2303019717669,-9432.926929790545,-9727.75250372959,294.8255685648866,-9432.928422837735,0.0014930471897969255
1708,6.336258843805291,34.64229007928573,-47.86995538014579,4,-358.1640403594348,-8824.947755929365,-8720.39111483432,-104.5565834398926,-8824.942417718776,-0.0053382105888886144
1709,0.8892040970634482,-2.956829147444604,7.957893739725752,4,-291.07538731267084,-821.9549685079648,-339.81374778176547,-482.1412205648753,-821.9549236196759,-4.488828892590391e-5
1710,-4.071953432259663,2.9996543888439158,-7.078246315643184,4,-222.462736687791,-2049.7202179516817,-1382.7616836207153,-666.9585362972016,-2049.7200577394415,-0.00016021224018913927
1711,-48.16158360627071,-16.746689853994386,15.278898051114336,2,-84.34553771309027,80.61809050452851,-1.2474653183515962,81.8655554386373,80.61798436244658,0.0001061420819326031
1712,40.5652989367005,-31.394507105746165,-37.6420438731145,4,-145.6669310920485,223.6445011639778,59.36603813342129,164.27846168612484,223.64452965401654,-2.8490038744166668e-5
1713,41.541505391384014,-72.75564588031766,-41.301473880238746,4,-128.31250901102268,301.44009665096695,278.1783712449059,23.26173016435206,301.4388859241931,0.0012107267738770133
1714,-30.328099094091225,-11.538207892465554,-0.10119913982202126,2,-138.4154771318081,70.23620332472609,-0.8339942079262571,71.07019732644437,70.23624705374057,-4.37290144787994e-5
1715,-3.386673931739943,0.8903077179276753,-3.2757204747661057,4,-236.5671385614435,-1725.6191912753516,-1052.6181532019496,-673.0010388564548,-1725.6189300147903,-0.00026126056127395714
1716,-3.9230094340974833,-12.485648516018072,3.8672905551696104,4,-338.6875207823771,-908.8343473587381,-428.95488872800644,-479.8794545947247,-908.8343042709837,-4.308775442041224e-5
1717,3.695347790954584,27.667181237860916,22.967722519603893,4,-379.96401312090353,53.17788230007135,-52.38067696361985,105.55855692221856,53.177787008438614,9.529163273924723e-5
1718,29.362787286631693,-5.0834118192946764,-40.861137814593334,4,-118.75423354893913,-3463.6086613707525,-2952.1551113988153,-511.4535495038907,-3463.6085769650253,-8.44057271933707e-5
1719,15.543689194108456,-40.65745655363474,37.741117802121835,4,-212.8466203525546,84.21990543526144,58.21778089745601,26.002125650451006,84.2197738841309,0.00013155113053642253
1720,-4.463945133415929,14.480316181179209,80.42023134170326,4,-429.2263024416188,-9315.370013839636,-9290.21927279422,-25.15073440243028,-9315.373481415829,0.0034675761926337145
1721,36.25990172382094,-5.393973212337175,-5.814032576098819,4,-130.7290190859003,-1107.115142517994,-467.9510081649793,-639.1641336232817,-1107.115059492177,-8.302581704811018e-5
1722,-36.98803588197656,4.2410008462153455,-51.951514059556516,4,-156.16541816385475,-15028.94325258782,-15223.43585377046,194.49259638386286,-15028.936895090472,-0.006357497348290053
1723,1.2920089038369253,-58.42882488750355,-32.103800631848074,4,-399.66100687975194,-1552.431792523826,-1548.1737213055474,-4.258069533944789,-1552.4315646583495,-0.00022786547651776345
1724,-5.900608891735408,-10.252761625396667,19.175255676838063,1,-500.0000000000794,69.1817558248997,-30.62308016540533,99.80483675777198,69.18175856623688,-2.7413371839202227e-6
1725,-53.6148015706569,-33.23070837853742,29.71346048386961,2,-170.5300780707504,316.4685727110552,369.9034592152328,-53.43488511267594,316.467846993114,0.0007257179411794823
1726,-25.7420364530984,-25.23862503027595,13.53751015495645,2,-487.97853234702353,19.195659858735166,-87.2926568747275,106.48831525463224,19.19499000908599,0.0006698496491743811
1727,-42.32909958928184,83.34515474946514,-34.56326193111489,2,-143.30961463989846,337.82161661085564,314.63232783603917,23.189282082898842,337.82081780362364,0.0007988072320017636
1728,76.10470626123573,44.56284047496071,-14.279661653616156,4,-81.38922784087592,115.54383263777278,9.801344596769278,105.74248894604982,115.54377078070746,6.185706531880442e-5
1729,38.96960336653651,-72.6692011272878,49.124555406504555,4,-105.88395864610723,437.274894615614,521.5368697189992,-84.26197438280421,437.27490240353757,-7.78792355049518e-6
1730,-39.86699647931494,-18.118396813918217,-23.9898473367788,2,-84.22538550886142,117.31201490310042,4.321681236445724,112.99033312526474,117.31185024462515,0.00016465847527058486
1731,6.7935376765052045,0.18112084580417087,-5.579829126132378,4,-194.76487402043472,-1697.4479603194095,-1044.774513113044,-652.6734481195572,-1697.447860111279,-0.00010020813056144107
1732,-23.874866310232548,-8.69341896901607,8.804197450801233,1,-500.0000000000794,76.03810558675893,6.581889369710589,69.45621637529686,76.03812950889055,-2.3922131617837294e-5
1733,-8.32263276338818,1.4573286666362535,2.2118886027467295,4,-324.75336303392515,-1241.7587070853233,-644.5164292009781,-597.2422794663619,-1241.758754611865,4.752654172079929e-5
1734,72.75609159682486,-36.22248325815435,0.005410621709605986,4,-85.28850193498232,-23.61497133981095,-3.023218473631719,-20.591753590425572,-23.615032787851824,6.144804087426792e-5
1735,7.863874293642384,-58.78781515611221,-3.379931385406109,4,-276.5225334726282,233.48859659300606,204.6021229074259,28.886477077230953,233.48830866821388,0.0002879247921896422
1736,21.611887911082622,16.607059371445633,-19.736274584769692,4,-153.0685208417174,-1812.0787199296628,-1354.1148489392385,-457.96387320818246,-1812.0781431392154,-0.0005767904474396346
1737,-10.228659336507866,-50.19824235261448,-70.27312319595966,2,-187.51844356449269,160.21777985997846,131.30398398314983,28.9138021636375,160.2161032235361,0.0016766364423688174
1738,59.19271500323702,-12.547361010228688,-39.1432751048361,4,-91.3932581704438,-1346.748137615784,-854.7427154739314,-492.00542071381153,-1346.7480154582965,-0.00012215748733979126
1739,-29.04462476715379,4.562844865509727,3.9161076781982467,2,-172.14357613640257,77.20497984933169,-0.5796820964805992,77.78466203768308,77.20494702964342,3.281968827195669e-5
1740,-76.76901343248812,0.49889363922030283,4.161166933491243,2,-43.55938892303614,84.52935988530221,-1.0105867302073241,85.53994647342826,84.52511141075914,0.004248474543075531
1741,19.58482545631635,-19.76950957861998,-8.834554900861313,4,-176.31289276645458,-1090.9448797801995,-698.7035838997706,-392.2412934523202,-1090.9448605959008,-1.9184298707841663e-5
1742,51.39986468316412,39.77599648959508,-54.586795514830726,4,-109.75755540234809,-35.74321612944897,-128.8657002070247,93.12248355127423,-35.74320305100779,-1.3078441178038247e-5
1743,0.730785531716142,5.921244936086883,-7.040164532580237,4,-208.86123323191472,-1917.8874475375048,-1256.879222067982,-661.0082245960871,-1917.8875529505478,0.00010541304300204501
1744,2.0911270118453547,-1.1271454128973777,0.7194612870638467,4,-231.422590711253,-1374.9956580906269,-737.8617342736411,-637.1339236687583,-1374.9955474977633,-0.00011059286362069543
1745,-0.23418235549640298,1.2595172004264545,-8.548784833252833,4,-206.3115974169598,-2125.174020994418,-1477.417203510752,-647.7568221679705,-2125.1739321849846,-8.880943323674728e-5
1746,-45.358787132520455,35.63142224733786,-43.7506877539324,2,-81.12031773068453,191.46468420867632,8.633329562817956,182.8313539744357,191.46494808894622,-0.000263880269898209
1747,27.878840800946417,-47.7270180743166,-7.638829986710536,4,-185.0004074784948,38.646663513932374,114.33796004762739,-75.69129608945858,38.646416180418534,0.0002473335138404309
1748,-0.7841025628821541,7.952500703741359,0.4158957852506202,4,-246.89975013791872,-1382.1268237935546,-758.8796113098891,-623.2472111287329,-1382.1269524702936,0.0001286767389956367
1749,11.436486762476036,24.665113934519262,3.6850138102814713,4,-238.93150589548566,-487.25315480055053,-205.9280448468675,-281.32510665923365,-487.2531323627746,-2.2437775953676464e-5
1750,-0.6942601307074424,9.782884278564785,-3.045128947519834,4,-232.52312922684146,-1577.1141437456313,-938.3594031328765,-638.7547458789743,-1577.1138452751122,-0.00029847051905562694
1751,-14.238675190699158,-14.36988979879655,-13.036294907145836,4,-273.9182689821896,-2225.0986107352855,-1545.2636243240177,-679.8349925394338,-2225.09784808371,-0.0007626515757692687
1752,-19.88389449827025,-5.61703724957002,16.11451040798183,2,-414.5948420768576,66.1819357983953,0.860696578507099,65.32123883443538,66.18195808780443,-2.228940913084898e-5
1753,0.45385274168764306,-89.51659021437251,-40.759780100066614,4,-404.83260644195263,-4876.537275413416,-4850.2920801296905,-26.245173381529398,-4876.535227233372,-0.0020481800438574282
1754,9.741813836331314,-36.516365687036924,30.263909844325756,4,-261.4747825572185,58.589282780976774,6.937696420602817,51.65158756399003,58.58917678116388,0.00010599981289516336
1755,-0.19167575717546473,-0.8868521817120932,0.6260971764018092,4,-241.91579775004348,-1405.8456530164074,-765.0152077343232,-640.8304452176149,-1405.8455652640953,-8.775231208346668e-5
1756,-74.43539161048797,-21.7730285839635,11.272162557439003,2,-46.73676905107452,81.88202290452494,-1.2976424169069716,83.17966494582413,81.87706667041431,0.004956234110636615
1757,22.187151953166875,3.5030434594169666,-49.67128009799244,4,-119.12865906484494,-6197.697272674525,-5825.850517748796,-371.84675424665414,-6197.69185365278,-0.005419021745183272
1758,-43.05985765634773,-22.298373638104085,12.420176279139048,2,-97.7364318792703,106.08920783497729,-0.33052655078256094,106.41973438655683,106.08923706150698,-2.922652969061801e-5
1759,-21.208751616252275,2.3857558698974795,-42.56591064273214,4,-163.741204407719,-13763.846261270077,-13758.926789192845,-4.919506265531061,-13763.838651330641,-0.007609939435496926
1760,-0.05530351579654378,-1.6534670245225465,0.9900761307554983,4,-243.5387999726373,-1373.0839933177797,-737.4355527590659,-635.6484406657377,-1373.0839023377414,-9.098003829421941e-5
1761,5.184239439956057,1.7795108233714096,-25.841846591986727,4,-163.046313482714,-5048.412313435966,-4613.266891966758,-435.14541398075045,-5048.409228992879,-0.0030844430866636685
1762,24.53728777439731,39.96168877957314,-18.716253457997173,4,-217.1456854469485,-137.6735894570398,-20.554518570201626,-117.11907347464988,-137.67369507971344,0.00010562267362956845
1763,-22.253945379067535,20.511088168223445,8.816563333465483,2,-310.0543771207371,104.0296798657342,1.5911291664473555,102.43855070996861,104.02946161300508,0.00021825272911257798
1764,-27.36511133567614,35.620178992981806,-36.2007128662731,2,-120.02123668404626,193.33099689010572,28.5775807382228,164.7534170854697,193.33112449805316,-0.00012760794743371662
1765,56.498222517189184,-24.934189833216532,-11.569642782939344,4,-105.14298594066943,-414.492825635607,-185.18060286925265,-229.31222291878825,-414.4927480602264,-7.757538060104707e-5
1766,-11.716529721597892,7.0428439245546075,-2.0015216377707623,4,-317.05152310901985,-1481.9241828595677,-819.2923045910536,-662.6318766146284,-1481.9242933252656,0.00011046569784411986
1767,9.90165784167336,5.989775779690886,-15.620138916840022,4,-170.62172579206396,-2362.359007718587,-1782.8605912072067,-579.4984248909257,-2362.358179023552,-0.0008286950346700905
1768,-17.106275503467042,-40.16194236152174,51.775503813341984,4,-495.20479901253015,-4840.399686254423,-4892.172805060063,51.773122880487385,-4840.397481331186,-0.0022049232366043725
1769,-20.36166713733821,-34.348702229847326,0.2161253471520246,2,-338.2912936934361,-35.85368079119101,-77.2281183037951,41.37443672447539,-35.8541216700325,0.00044087884148780176
1770,-10.793922929722013,13.291033986330904,-8.542186310255676,4,-268.24657827965257,-1909.0002079467044,-1259.9456940441826,-649.0545095779227,-1909.0004000589195,0.00019211221501791442
1771,-45.543604102997804,43.95657846155706,37.0582176204441,2,-170.59153708143208,160.99324349693936,114.03454207750254,46.95870467819063,160.98504053814534,0.008202958794015558
1772,-4.203484384374709,5.521267860178617,-11.930979473805499,4,-208.5175762333084,-2578.901276724977,-1956.5457143544056,-622.3555650073913,-2578.9009119895513,-0.00036473542559178895
1773,-5.307660527776712,0.25786164896378805,-4.129522413593931,4,-241.3241657343803,-1802.389092280663,-1121.3985015176117,-680.9905907090014,-1802.38901688163,-7.539903299402795e-5
1774,10.640826063519928,-75.43634585589005,-15.362661506691518,4,-253.76523831372072,753.1712090848894,735.9641174203048,17.20709203426601,753.1706578596079,0.0005512252814696694
1775,1.8365117825832713,-5.875906505182327,1.4786815236419923,4,-239.06369499151614,-1270.3378154613313,-658.0891939321888,-612.2486244082021,-1270.3377321926434,-8.32686878311506e-5
1776,-35.8502650847427,4.9783485416188915,-40.01911398394799,4,-173.22831859019172,-9747.178578991667,-9381.61901585022,-365.55955623041706,-9747.17561837846,-0.002960613206596463
1777,32.729342194758466,60.495703013580105,29.78197238136572,4,-131.55638983674632,250.9939304054434,335.3536570980338,-84.35972710938678,250.99357689553275,0.00035350991063864967
1778,-86.42127358720656,-23.282505365231692,25.190218123978244,2,-41.942182307461266,78.4791038954163,-1.5668515156956373,80.04595512061766,78.47775840590764,0.0013454895086653096
1779,28.475999948283558,14.747737292116252,-30.81735199287925,4,-130.9625999925598,-2427.403358442557,-1912.4516631358165,-514.9517006509485,-2427.4025291990533,-0.0008292435036310053
1780,-48.36926913173109,-20.47048624134835,0.5832200494497589,2,-73.2134074118067,90.19631298467024,-0.5054567949029005,90.70176920260795,90.19619308692808,0.00011989774216658589
1781,-56.79924687604722,12.938429555585726,-10.728316995828319,2,-59.33812527806071,108.11096099037839,2.7447259667740527,105.36623532942076,108.10672963046171,0.004231359916673227
1782,7.2871778076894165,26.25650417130795,-67.52610391996602,4,-145.2105828476476,-6791.323250623562,-6952.190987006158,160.86775139265848,-6791.319485593468,-0.003765030093745736
1783,10.802586056526804,6.722634426491283,10.581843322449163,4,-228.7406700295352,-692.1498562997057,-227.11028414502778,-465.03957072743816,-692.1498359403329,-2.0359372797429387e-5
1784,32.02962851997574,-8.050634733340296,77.58550836600119,4,-131.91592920595096,25.25318854945271,95.89988238132148,-70.64668935834588,25.253191795003268,-3.2455505589723543e-6
1785,7.632845363859073,54.79604519741373,-35.25922098779686,4,-389.1984643321979,137.11797965917515,-26.0633930101143,163.1813757010463,137.11798910524064,-9.44606549069249e-6
1786,-21.53505859495829,-16.264273425454288,38.79254714352841,2,-275.4745013385912,75.76023757526282,40.38286059419047,35.37737788559062,75.7604958672931,-0.0002582920302813818
1787,-36.57699322962423,4.408012071043693,52.84130072902129,2,-184.2543200832678,-30.10412806001313,-66.27534687189306,36.17122210343246,-30.105799043270626,0.0016709832574939298
1788,4.715031457998396,6.539348978290352,13.186291642174826,4,-293.3319268542676,-430.61106142158167,-109.8401757770498,-320.77088487127037,-430.6110423257775,-1.909580419123813e-5
1789,-4.527177463920188,2.347359662298396,1.2560692171738346,4,-271.44777877517464,-1387.629522797616,-754.6645920143045,-632.9649293455007,-1387.6296120813745,8.928375859795779e-5
1790,-0.6192631079453967,5.476877414650407,-0.7183167900911012,4,-237.15615200442832,-1498.620626171538,-850.4420287063805,-648.1785992325607,-1498.6206786298276,5.2458289474088815e-5
1791,-5.008116985244467,-8.955356760883793,45.61097922062256,1,-500.0000000000794,188.23877468053794,-6.935557422457681,195.1743372785927,188.23876302439018,1.1656147762550972e-5
1792,28.472964076265914,-9.818296942957321,-77.70752521390999,4,-98.34986595986655,-8527.950893508078,-8423.877129884977,-104.07379926124995,-8527.95054197394,-0.0003515341377351433
1793,25.60926673975599,10.972165458473208,44.36856866948163,4,-161.1539721445632,113.80713104763004,207.4688737750949,-93.66174300733286,113.80713855007924,-7.502449207663631e-6
1794,7.6926689196279,-71.20933173756265,-38.16230399763982,4,-351.63229312143153,-111.34883586318443,-189.57009445855073,78.22125959219493,-111.34955680630122,0.0007209431167893854
1795,3.135469123854448,-0.4751505126266668,2.941353936622517,4,-236.62582384131187,-1222.8415228228685,-610.7403956183332,-612.1011295256275,-1222.8414753632976,-4.745957085106056e-5
1796,-86.40157861400047,39.69617679897006,-30.61550167451566,2,-39.89659354069387,127.3224044412203,4.127134409740312,123.19526940898997,127.32134908395182,0.0010553572684841583
1797,-24.815073864565623,80.24570185877478,-12.37766533654037,4,-351.43765903072534,-6023.466305483661,-5994.894646694097,-28.57165137124284,-6023.465647873417,-0.000657610244161333
1798,57.8985666393645,54.90878283164638,52.58692064846504,4,-85.6714522225212,254.5705337394225,337.0718223944524,-82.50128835464608,254.57041163573564,0.0001221036868628289
1799,-57.60061044546263,-28.876416037433117,-64.31993051372457,2,-72.42390064246406,227.70836891259395,-19.84613061129235,247.55449850759135,227.7070710311766,0.0012978814173436604
1800,0.9766699385633096,1.9759000239410607,-1.6494171867858687,4,-224.9521164040734,-1560.7324187887486,-902.1305152062525,-658.6019062612743,-1560.732704283375,0.0002854946262687008
1801,-13.544173171071058,23.560907608119038,15.519897762592358,1,-500.0000000000794,-15.65645401398208,53.07101489384888,-68.72746735014434,-15.656410773987227,-4.323999485222885e-5
1802,-14.538333308959935,-54.66423590711368,-65.12317333291561,2,-171.7626790256336,284.33466279710797,194.04421016541457,90.29045279364811,284.3332100751916,0.0014527219163937843
1803,9.14657360393277,49.5748806058045,14.872413689882968,4,-252.65276953546118,155.46983989178338,153.7618212851459,1.7080182046337786,155.46949097966865,0.0003489121147310925
1804,-3.2517104495256315,2.730051901876416,-2.495946071778742,4,-239.1074427922509,-1669.8425403439917,-1001.1453175673477,-668.6972249311316,-1669.842529236188,-1.110780362978403e-5
1805,27.015607458975477,-25.68932987082852,-26.371713169570885,4,-190.19336593055726,-127.87015421393882,-263.8986751512798,136.02852022065167,-127.87021572811376,6.151417494493217e-5
1806,-28.395696904812844,-71.89491918840727,20.60242547163306,4,-323.1118170292939,-8675.933164554726,-8670.274010716661,-5.659162931083302,-8675.932761896176,-0.00040265855022880714
1807,19.93470523258587,15.534091475473558,2.590280779338047,4,-178.77330763074673,-839.5157475117309,-348.7791699928275,-490.7365782082785,-839.5156949761563,-5.2535574582179834e-5
1808,-27.532438633646194,-1.0707698085339463,-0.681289068721366,2,-182.44008500711683,76.26915717596775,-0.8315839691582649,77.10074112719455,76.26910678918408,5.03867836698646e-5
1809,-44.23826407230251,-26.848650533263733,41.272317938731554,1,-500.0000000000794,306.2614837488273,522.0335562666157,-215.77207677623898,306.2609006781466,0.0005830706807046226
1810,4.433138780414704,25.898728915311462,-47.99601619846934,1,-500.0000000000794,374.9821517943622,157.52507173734364,217.45708314098482,374.9819850775207,0.0001667168415337983
1811,67.4748290664391,-40.13466461232334,-3.351416015801977,4,-91.24627350157992,56.65348342769865,6.68215382377295,49.971328428051876,56.65341799522321,6.543247544499309e-5
1812,8.291310640227612,-19.355918103668206,-7.067132283770632,4,-214.36088813022027,-1444.4794237655126,-908.1954714539411,-536.2839563384458,-1444.479352074027,-7.169148557295557e-5
1813,53.56843873130232,11.590563768630496,-42.73772082474084,4,-94.96254123012582,-1624.9669275025933,-1120.7082831755613,-504.25864118703976,-1624.9667677531208,-0.00015974947245922522
1814,30.851347779604374,1.627729908711746,-17.91554734539366,4,-131.93912148769257,-1623.1253676097074,-963.0590695217813,-660.0662992519542,-1623.1253339124362,-3.3697271192068e-5
1815,-25.07915384844228,26.902347321744337,-20.574695863118357,2,-133.41439749281443,135.36016194138307,5.0944380299876055,130.26572394280805,135.36071102870721,-0.0005490873241456029
1816,36.71100178309159,-23.46562241064335,35.761597386644965,4,-132.19098216828212,15.21243804928659,140.88775412137727,-125.67531627605737,15.212394048730234,4.400055635578326e-5
1817,-1.5198161678544841,1.7214786174633159,0.07976324450616303,4,-244.66189756306488,-1469.4079275119311,-820.4420655381352,-648.9658622492664,-1469.4078255975369,-0.0001019143942357914
1818,21.89368357482298,-81.98360771262433,4.85627397768278,4,-185.30264689404962,21.28052371288878,-22.710579334241118,43.99111002668939,21.279850606316327,0.0006731065724530083
1819,22.333335680533335,-16.09070923476711,12.27802430816503,4,-186.07575122508095,-353.8123981129206,-62.3683325621644,-291.44406531107916,-353.8123836283846,-1.448453599550703e-5
1820,-5.324180305020511,-2.133307393578059,2.5641489326128157,4,-295.7275367469247,-1249.3729429351533,-646.7459294247702,-602.627015761885,-1249.3728339630525,-0.00010897210086113773
1821,-6.0974602971925105,-2.8555254156978807,31.372867994631626,1,-500.0000000000794,-4397.466677089679,-4155.260917490631,-242.20574646173625,-4397.465994692647,-0.0006823970325058326
1822,4.995845297043436,-1.8383429208171695,-1.3776054315220172,4,-212.1385944734426,-1464.7088631800393,-817.8549088867685,-646.8539539712905,-1464.7088267414908,-3.64385484772356e-5
1823,27.049404330959554,-26.917312565296214,-40.56357152457893,4,-203.07336529873396,250.68777357550505,122.57689894671203,128.11087667245263,250.68772719611948,4.637938556584231e-5
1824,14.472440739228125,62.86006138178833,73.83366202397889,4,-194.46779634124738,59.67506865336158,20.344734562945657,39.330340169860094,59.67545021631663,-0.00038156295504876425
1825,23.938003732030005,7.198602785789906,-14.409115118721965,4,-146.62247166190653,-1617.3597886642265,-990.7472579076515,-626.6125305645918,-1617.3595356732328,-0.0002529909936583863
1826,-17.389110315333546,-2.0236249242260773,-13.812254665016594,4,-247.80005478795357,-2655.0204031548874,-1920.3646497590157,-734.6557542729946,-2655.022522287993,0.0021191331056797935
1827,-1.2708887501227495,-10.839348854915592,2.956760765179378,4,-283.9757104321533,-1025.7421332529073,-503.02558758097916,-522.7165453556529,-1025.7420529357703,-8.031713696254883e-5
1828,-36.20386650588006,34.639774344872386,33.61272611312391,1,-500.0000000000794,249.84370251444872,77.94689816033726,171.8968116908286,249.84360119352806,0.00010132092066328369
1829,-80.49217988731448,-5.595701703969523,-11.273520689479769,2,-40.639402237657556,110.84457981348662,0.5998614590782871,110.2447185413108,110.83817166262095,0.006408150865667039
1830,2.134967256181279,-47.19596141344177,17.186293855049097,4,-321.7563562386434,225.06933832807414,190.63031621111773,34.439021688869175,225.06921206766094,0.00012626041319663273
1831,27.164298057843943,-14.77907702915894,-27.14717555938753,4,-136.46825682198664,-2306.5014820043266,-1781.4046618987104,-525.0968275001416,-2306.5006976321456,-0.0007843721809877024
1832,2.3458374549396943,0.6983526833030806,8.00298241712408,4,-274.1011851819362,-854.209527102469,-354.2871398403915,-499.9223861419788,-854.2095248894344,-2.2130345769255655e-6
1833,4.016730543294704,-25.81243767316926,-2.1140023123284046,4,-304.29734162253203,-621.1159605238427,-261.2945462485331,-359.82141331557244,-621.1159568130985,-3.710744181262271e-6
1834,41.6391355135918,14.378959540796405,-60.134487231990974,4,-100.16435410115193,-3954.005611423218,-3747.1326593269714,-206.87294774651033,-3954.002729097597,-0.0028823256211580883
1835,8.65865137327093,-16.852396284591745,88.06191454428516,4,-261.63635183286135,-334.7862783242179,-390.13285549553405,55.346555354191686,-334.7855777367952,-0.0007005874227274944
1836,-40.99980566590761,12.619781267541692,28.41252600606244,1,-500.0000000000794,-437.1228887195711,-641.3706006704815,204.24771651107454,-437.12122573660935,-0.0016629829617613723
1837,-21.970837971463475,-22.39762718944036,5.493350523796422,1,-500.0000000000794,103.94602682511365,40.89732247985903,63.04870241252192,103.94662803038457,-0.0006012052709252202
1838,68.8225986001332,25.158905791246,31.087855095523217,4,-85.20552924651446,-131.34228920084968,76.70591555903023,-208.0482044405764,-131.34234267380725,5.3472957574740576e-5
1839,0.3032636643548157,3.7920228551861164,-2.0885372634046324,4,-225.7533019431222,-1597.0445667393658,-935.6536914795014,-661.3908785862175,-1597.0447690131969,0.00020227383106430352
1840,-49.36394534640241,-4.376928777428315,-78.58923906070238,4,-126.64739941903161,-14633.511983655075,-15597.13317044944,963.6211935074998,-14633.5065857547,-0.005397900375101017
1841,56.13187963490851,49.38021953465947,-24.42867433726857,4,-106.50823213296135,185.1317684099512,47.756937647548845,137.3748323624219,185.13179359355885,-2.5183607647250028e-5
1842,3.8463316986489064,-8.120354358602746,32.31006059630279,1,-500.0000000000794,83.79442059858273,-39.02794944155432,122.82236848256957,83.79439319958134,2.7399001396588574e-5
1843,28.427169204946548,-45.52307667671478,28.525578127564692,4,-152.3160224718697,151.6568635901669,228.42311732721737,-76.76625366511595,151.65674764747865,0.00011594268823955645
1844,8.164258220688668,52.54062828234407,-15.461670610216432,4,-312.759099980272,183.78593835201343,147.15933278503496,36.626606313437506,183.78588575693558,5.2595077846717686e-5
1845,-6.7072827289445005,-9.529146952711097,-11.492408607946453,4,-224.19133802052025,-2530.662811193906,-1941.6197750358751,-589.0430447563444,-2530.663281221945,0.00047002803921714076
1846,-6.405315541904292,-17.088524976963466,-12.62794549501755,4,-245.51868983992662,-2359.4552017772376,-1906.7108126521046,-452.7443829842862,-2359.4541552893693,-0.0010464878682796552
1847,-42.44820330031609,-3.648765434859897,41.14498630033557,2,-189.59291128878863,7.178630433068961,-27.431419017906315,34.61004717505888,7.174845015012086,0.003785418056875045
1848,8.188122136273705,-1.0978084292476409,-18.85459636279638,4,-168.5371727676666,-3095.6670564543247,-2549.395323374541,-546.2717349985603,-3095.6660633373253,-0.0009931169993251387
1849,26.53129285353796,46.11179849689602,72.50911530589855,4,-154.18708953977892,-52.33919490189465,-80.43873386408241,28.099542005929475,-52.33992667476958,0.0007317728749285379
1850,-31.91430331166676,44.46195839729541,-4.869628375432663,2,-135.94622106165164,157.5869210738255,43.39816861222613,114.18875244650883,157.5871228754183,-0.00020180159279448162
1851,31.823134650220467,-87.30826840376163,-25.32694336267821,4,-160.89490194574128,26.80876280983942,95.21555772071139,-68.40679634349513,26.8076853587187,0.0010774511207181092
1852,-4.691500548464113,-13.530054727809656,-3.0249646777711936,4,-275.38170135644674,-1343.9516792908994,-782.094593522827,-561.8570854008176,-1343.951557914371,-0.00012137652834098844
1853,1.7388855667123742,20.020273017452908,-18.960225637929163,4,-212.0673610163853,-3764.590553257256,-3521.859873700366,-242.730681575431,-3764.588241704511,-0.0023115527451409434
1854,-12.93481133811643,-4.204628561844824,-8.415518122150576,4,-258.68066570532295,-2097.345068382431,-1365.7161491199297,-731.6289221778609,-2097.344665081085,-0.0004033013456137269
1855,-3.0338322180839326,42.05030425722781,-87.15446890463268,4,-131.01332317510796,-3640.580362519386,-3739.222999011881,98.64263615837832,-3640.578840182798,-0.0015223365880956408
1856,-18.14053681107393,-15.533579180701896,26.233273639751747,2,-356.8671116378141,54.188614584752884,12.445860281871893,41.74275315402306,54.18870457225551,-8.998750262634303e-5
1857,11.61617431320101,-50.851678159784335,21.538397998144077,4,-234.35057230129198,144.33208361125304,132.8495984100424,11.482483743774413,144.33189025430292,0.00019335695012046017
1858,-5.611128676199012,-26.06614389251405,-22.606761171936277,4,-387.5452001617174,-3946.108239184543,-3737.759779658229,-208.34844532320227,-3946.106262661878,-0.0019765226647905365
1859,47.42095997365143,29.6228098399791,0.8896050828834082,4,-120.3892474795496,-299.33816921965166,-61.60728240556514,-237.73088460115406,-299.33807918446826,-9.003518340477967e-5
1860,25.23360071220894,49.53720297133475,23.194834677496438,4,-164.39872510157863,141.7146606676611,213.8400317594718,-72.12537198223355,141.71436235495693,0.0002983127041602529
1861,75.28269107146893,64.78034670087219,-1.5470954852661831,4,-78.30130999073097,127.02439898940531,51.829649435049745,75.19475003845646,127.0240760561502,0.0003229332551200059
1862,-20.36868206775761,-32.74797674523127,27.82343968876749,1,-500.0000000000794,193.12837348912885,-98.99606980152147,292.1244461517094,193.12835398696708,1.9502161762829928e-5
1863,-59.80628435385045,-35.316874406345704,-0.08949457712328612,2,-62.252706951288644,106.49211777216017,-0.018216185491495958,106.51033344434315,106.4903335111671,0.001784260993076714
1864,30.685040796993285,33.40911556298264,-39.20463195525035,4,-191.91525505045706,246.32208936931448,60.9349055512056,185.38718577945514,246.3218510901049,0.00023827920958297
1865,3.49476784673948,6.33146208034003,1.1816416373730694,4,-227.50369166383507,-1325.8444374567575,-695.6193642694446,-630.2250744059752,-1325.8444821039234,4.4647165850619785e-5
1866,-29.529854869137473,-19.770640229133683,35.987686845194325,1,-500.0000000000794,257.3648285978115,154.33388241697583,103.03094175556097,257.3649338053554,-0.00010520754392473464
1867,-21.77894711687541,-26.10527857696029,-20.6108600639526,2,-147.68403895433923,137.18096817189218,1.1600472338305223,136.02092084917166,137.180257006998,0.0007111648941702242
1868,-14.418795998526205,-83.51927873370464,-50.459093746949875,2,-175.34995469302095,108.73564177117927,253.10803147107373,-144.37239004228624,108.73222897538382,0.0034127957954552812
1869,13.640994198814253,-48.355934446056786,34.552519116201786,4,-221.24049050045826,118.49309706984197,71.77518000759581,46.717919219876784,118.49263887298815,0.00045819685381331965
1870,27.97060641477414,16.951380776918167,3.3507060309381482,4,-157.26767477006152,-745.3428705012825,-253.79828066858417,-491.5445914813253,-745.3428038764539,-6.662482860519958e-5
1871,-24.86476393349404,37.906143202510606,-38.111489586666444,2,-129.42499919939374,210.36764312710844,46.96432544865149,163.40331746784508,210.3666750985989,0.0009680285095328145
1872,-2.19214852950491,13.023316329594662,-3.595896837826242,4,-243.57888170213482,-1535.2709668122336,-943.1999559811643,-592.0710145312639,-1535.2707378666641,-0.00022894556946084776
1873,1.4152176948755089,8.428312901988244,-39.849150519503965,4,-150.09306485301977,-9664.187575989521,-9459.149406237519,-205.0381173420795,-9664.184262736302,-0.0033132532189483754
1874,-5.092012637963575,-7.785636745582648,-19.999299813798284,4,-191.81411091922726,-4880.58114976771,-4403.0755198302095,-477.50560486922393,-4880.576989573687,-0.004160194022915675
1875,-8.230007358111477,-20.731598161175768,-9.87664961523849,4,-325.12662682009164,-1405.0398384456219,-830.1162015051683,-574.9236361941155,-1405.039732798982,-0.00010564663989498513
1876,1.2623057181171424,10.234250058499047,-16.651416351659552,4,-190.18565783096724,-3076.9296862837964,-2555.4983392318845,-521.431350654816,-3076.928442501692,-0.0012437821042112773
1877,50.700405982840145,-10.059279084823553,62.0039885348952,4,-96.05917707216253,216.5516196947126,324.7907519425783,-108.2391320698049,216.55167883457693,-5.913986433370155e-5
1878,-31.355437266681033,26.398787635469972,40.741721899087686,1,-500.0000000000794,232.53089696262876,169.4035116187526,63.12738651691157,232.53086945725792,2.7505370837843657e-5
1879,29.879823095861603,7.054809212877406,22.64341702669291,4,-157.54379245282956,-219.82308891062334,38.690134548396465,-258.5132233179447,-219.823086453553,-2.4570703374138247e-6
1880,1.569551909671884,-21.950447425552564,-35.12338846412214,1,-500.0000000000794,-15.549104144225739,-96.73680043429856,81.18769379870622,-15.548938060195004,-0.0001660840307344813
1881,-14.90426403102019,27.82843808134972,-68.19489476548198,4,-289.52983157124714,-10631.34807191756,-10749.750277536754,118.40219473182442,-10631.34401048037,-0.004061437190102879
1882,16.507416486440636,5.901263713073992,-15.674681527113698,4,-158.13881017499028,-1996.111560624894,-1391.6719878027582,-604.4395680934733,-1996.1115296111627,-3.1013731359053054e-5
1883,-8.121214229709706,11.865058453073289,-7.611575811396502,4,-251.01948485743455,-1907.166289136739,-1284.4559865916356,-622.7102968486499,-1907.1660696903587,-0.00021944638024251617
1884,3.066181945371648,-3.3795295944262196,1.5125419952895158,4,-231.40101635403585,-1295.1868013977582,-670.1941690105567,-624.992634370764,-1295.186885124858,8.372709976356418e-5
1885,48.36318715599368,-15.249299621234147,-32.38552015416032,4,-105.93582461739241,-1448.734276818829,-952.065842166392,-496.66843619040327,-1448.7340256694326,-0.00025114939626291743
1886,-17.372018674288242,56.04202541504038,-34.88982411326064,2,-294.24848357415976,208.27738583060432,248.80936071436625,-40.531970681621864,208.27513214940856,0.002253681195753643
1887,7.293753175262395,-37.389917333736044,-57.71476721516785,1,-500.0000000000794,345.1177268218936,170.11984341600254,174.9978861679743,345.1179903620667,-0.0002635401730799458
1888,-0.7288335406971537,-3.450249295183371,2.487230690427491,4,-257.78906835580864,-1252.7297918947409,-640.9570585439725,-611.7727360289656,-1252.729761520165,-3.0374575771929813e-5
1889,31.858228545767055,-19.422838587430242,-11.632727578936885,4,-143.98888551992417,-1114.6477643625437,-589.8024326757936,-524.8453335540502,-1114.647720243438,-4.4119105723439134e-5
1890,-62.315363193978364,63.22237089917319,5.644751569421584,4,-320.754543643757,-7500.035541240366,-7635.38632358828,135.35077619564325,-7500.0344110070155,-0.001130233350522758
1891,7.352301863663357,28.94422884563201,1.7755121246749113,4,-291.1806395243315,-214.73777652895575,-65.21148605322531,-149.52629099142655,-214.73779789694495,2.136798920560068e-5
1892,23.30292254683933,-16.596735081802745,-4.359911993831086,4,-165.73894471008097,-991.5347845195166,-512.6577865161202,-478.87700048201833,-991.5347463182925,-3.820122412889759e-5
1893,-39.357656531496104,12.075851360706908,21.39895934939841,1,-500.0000000000794,-1003.9245272040317,-1000.4661420346596,-3.4583784960493125,-1003.9412889724017,0.01676176836997456
1894,-22.191696319918538,-52.232919573552934,10.755983804385052,4,-422.19380786088874,-7907.661750725486,-7968.543914798477,60.88214624365105,-7907.6614756559775,-0.0002750695084614563
1895,29.888850772119678,-82.604947516032,6.509977370140409,4,-147.44506302248573,66.87630514714003,152.31764624933783,-85.44134100568174,66.87618223925675,0.00012290788328073177
1896,11.644056966377756,83.14314023096375,48.64122095028955,4,-197.50333867960802,341.2579283561533,337.55683219629714,3.701101304301736,341.25784413597637,8.422017691600558e-5
1897,-75.673054883103,52.029417530778055,-19.227980607516393,2,-49.31998977101428,120.54244535724983,2.3129568808178496,118.22948788377879,120.54170482908984,0.0007405281599943692
1898,33.8330675807733,4.005697838889579,-58.42183167937822,4,-103.63323071574578,-4844.197321280578,-4425.359286273703,-418.8380558309172,-4844.194713221911,-0.0026080586667376338
1899,-3.746189205469823,-4.4472812691301185,6.784972688705224,4,-341.4446320914543,-821.8992869374117,-361.952359588067,-459.94692738561577,-821.8992725370608,-1.4400350892174174e-5
1900,-23.310722509636918,16.41339009018405,12.63916681866065,2,-445.32114467487673,-0.4406194791355792,-79.74997080935734,79.30935190343574,-0.4397181814232197,-0.0009012977123594723
1901,-39.81147504091507,53.85085692040459,-1.8357049630989444,2,-213.8178366710684,176.2806168149253,62.96189322225512,113.31872063660434,176.26952995280686,0.011086862118446561
1902,-15.761292603363595,-4.767502413020443,-42.53289752004559,4,-159.2747555623334,-13331.96996531635,-13292.788155191412,-39.18177291507322,-13331.964311157675,-0.005654158674587961
1903,33.795000350693385,44.23463543303746,-41.228073867574174,4,-176.37747403402773,211.94356530279634,99.28691665050917,112.65665000785472,211.94362746386224,-6.216106589818082e-5
1904,-0.8068219708779644,-1.1855911362724278,2.1278164036348777,4,-254.49142686549973,-1300.857618201136,-678.8803257737745,-621.9772941630549,-1300.8576306137616,1.2412625665092492e-5
1905,-59.516325894813306,-14.730463608971316,23.930828438224335,2,-69.0766070008038,64.8715188626678,-0.7947996462955004,65.66631833806194,64.8715632666472,-4.440397940186358e-5
1906,24.541811634025425,65.9617868822562,55.549682013073415,4,-158.7763568579105,-89.37580054691227,-116.78840239720154,27.412606150256828,-89.37627261302343,0.0004720661111576874
1907,-58.0153748407137,-65.80066333097973,-16.09428335759502,4,-308.668066399666,-9785.919588675566,-9901.380858226721,115.46126330405642,-9785.918737849697,-0.000850825868838001
1908,-37.91908182117927,-4.6324413596848935,18.930974428326508,2,-249.60075649324378,41.889960098892885,4.391504279777149,37.49845523342624,41.89001053205165,-5.0433158762075436e-5
1909,2.733774067742903,5.629255316218089,52.79177428220683,1,-500.0000000000794,-107.05752204660317,-125.33120915712473,18.27368683267612,-107.05745567757367,-6.636902949708201e-5
1910,-10.312609058717838,8.031728390242208,23.188186348287392,1,-500.0000000000794,56.281618728886265,2.4226932211543075,53.858925274145136,56.281613514508635,5.214377630125e-6
1911,-14.439417830855836,-12.59665948760406,-17.293873409897152,4,-236.4908430436469,-3708.126969069128,-3155.9124210677696,-552.2145378199675,-3708.1253299406308,-0.001639128497117781
1912,-7.8657629590176645,1.7069540953981714,52.84871423448018,4,-383.4478313876229,-14513.074138009948,-14520.047750633086,6.973621117341657,-14513.045840912751,-0.028297097196627874
1913,0.22751333676229615,0.3768202153404827,-0.6847597882325466,4,-232.863402406998,-1499.9713226441327,-847.1810117472027,-652.7903116837649,-1499.9712781395663,-4.4504566403702484e-5
1914,-21.318995718109495,56.768455486596125,-38.1307871439994,2,-166.25980172419156,311.0838761090375,200.6873843333882,110.39649300091982,311.08444222738143,-0.0005661183439542583
1915,-2.4007500670116637,3.670329616580588,0.5559041996916482,4,-252.11438149428452,-1437.3784738864429,-796.3627128332123,-641.0157604546868,-1437.3783818155132,-9.207092966789787e-5
1916,19.520084602974617,-44.1675455529622,56.75880326438979,4,-191.45881618243038,55.83369336492361,-51.45336001750608,107.28705458305956,55.83350904336038,0.00018432156323200388
1917,14.714931495524135,4.949256710499839,6.693684615881903,4,-197.79885016663107,-904.8483237763372,-348.5210657894905,-556.3272570252693,-904.8483205202471,-3.2560901672695763e-6
1918,-17.60990352831248,9.4116416424102,73.57953739135289,2,-333.3574938741562,113.90993060488351,133.30274703850313,-19.392817996134358,113.90839050343462,0.0015401014488958253
1919,-0.6811784720005716,-15.436882595360837,28.568146435471544,1,-500.0000000000794,66.04195071791477,21.59350986000212,44.44844441831101,66.04194188894617,8.828968603324938e-6
1920,14.300634460407307,-5.184894569365091,27.18393091023747,4,-235.51919026018214,-26.06575790039182,93.83582756575322,-119.90158532062222,-26.06576069574324,2.7953514205592e-6
1921,-52.07808227672667,-7.753539080742979,3.3516242305562276,2,-67.61724535490237,80.30445432604338,-1.3951494646176117,81.69960345930083,80.30211473859637,0.0023395874470111266
1922,-10.857341473037756,-10.156630131833907,59.18548119413635,2,-367.7107422412696,158.94507386794183,86.72792313993124,72.21714772609913,158.94383168061256,0.001242187329268063
1923,-33.40463591281199,-30.008065398830276,19.166113991722717,2,-248.92932644537814,143.83216267329442,18.48797918970824,125.3441823524022,143.8323474541495,-0.00018478085507922515
1924,58.80306323678765,-49.8461660007064,47.45410956912006,4,-87.89624027458329,163.71598449127742,256.7209311904963,-93.00494722609183,163.7158544673652,0.0001300239122201674
1925,-25.74203824600955,58.36531037469733,-14.982228967213834,4,-402.82473729776154,-8539.058372409967,-8400.979664367751,-138.07869005631048,-8539.0578467664,-0.0005256435670162318
1926,-4.107187965174892,-24.68482310248555,-21.8053619661131,4,-314.8500807688599,-7465.475906046264,-7379.450611871196,-86.02533032552505,-7465.474201688376,-0.0017043578882294241
1927,-9.37749457730614,6.900660988174615,3.232546479766648,4,-381.7157662136221,-973.8110775758538,-467.58515567261674,-506.2259204493489,-973.8110176876525,-5.98882013491675e-5
1928,15.318718788443203,6.01463652595334,-9.180311672387573,4,-168.4528813223093,-1623.0545566590765,-991.3571791322839,-631.6973774145443,-1623.054798230201,0.0002415711244339036
1929,12.204992473822875,-72.7583742882269,4.27230114137282,4,-228.5122716121475,336.31920170336707,322.0929263865878,14.226275234393254,336.31888092984656,0.00032077352051373964
1930,32.13347833037339,17.431321155525406,28.976673348981837,4,-148.5278265035292,-69.31502451403827,87.45389112759865,-156.76891612588358,-69.31505782101787,3.330697960279849e-5
1931,7.742403890764364,-27.18673181552105,-29.492565344186715,4,-381.467885922879,-4597.618796344186,-4604.661148964557,7.0423604494431995,-4597.614553616297,-0.004242727889504749
1932,2.104079992025197,-1.081846718083606,3.8108854549498514,4,-247.37807867487743,-1167.5900513247618,-570.3471366061669,-597.2429167271515,-1167.5899734871255,-7.783763635416108e-5
1933,33.657732055387235,-33.48176362079059,-86.47927795271241,4,-100.83285533041881,-5006.419795134038,-5117.993847708267,111.574050722085,-5006.417952696978,-0.001842437060076918
1934,4.702975857465189,-67.66336839832672,-2.981298921927218,4,-303.5890391761114,167.143663921753,133.12102503690187,34.02263884044747,167.14321638153058,0.0004475402224102254
1935,18.148481595586972,-65.63944749791733,52.562033797994324,4,-187.83852157403933,-15.798274043036534,-94.64324879671805,78.84496636219245,-15.798732007588015,0.00045796455148128246
1936,-5.4882865019351215,24.79399061106678,-13.457317202303148,4,-307.786205674093,-1473.714889433418,-1182.3364563407808,-291.37844040170376,-1473.714864001358,-2.5432060056118644e-5
1937,55.72689614389795,-28.676702613493294,-66.23175796093483,4,-94.2112873389327,-2041.2499222961396,-2094.803782480495,53.55386917211796,-2041.2482811685156,-0.0016411276239978179
1938,75.90020566034083,1.9399258893793419,57.25496079609504,4,-74.45026714261195,-32.925850056203345,137.6628674441225,-170.5887173889852,-32.925887928843714,3.787264036958504e-5
1939,12.127091638665265,-7.672170066954737,8.70663356362799,4,-218.48456457856923,-754.7410745308526,-257.5432599278064,-497.19781362923817,-754.7410334952198,-4.1035632875718875e-5
1940,66.5705890221148,36.188299294971934,-48.55584705491647,4,-88.90907846518284,-0.9810084531410671,-121.34548771374219,120.36448282137673,-0.9808274027320127,-0.00018105040905436187
1941,-2.098281031609433,17.165012890285265,24.698559931165452,1,-500.0000000000794,-1830.950911407958,-1666.8192796981216,-164.13163887874495,-1830.9529209149996,0.0020095070415209193
1942,-65.79182911196183,-17.099594636038066,35.835529343276576,2,-156.75141594940845,51.985154336162516,3.0015632399856678,48.98358861523563,51.95905591538517,0.0260984207773447
1943,-14.05075341460015,3.701446312305848,-17.2426673828145,4,-217.48080663469736,-3797.687298136726,-3206.4605223623103,-591.2267737655188,-3797.6845629182076,-0.0027352185184099653
1944,-0.5827142102203062,0.2113061882301946,-1.35648464035293,4,-233.45051975290664,-1554.2444978772544,-895.8973712034776,-658.3471289822266,-1554.244623878135,0.00012600088052749925
1945,-9.861884925176582,62.755037578430176,-76.7834290421409,4,-206.1834853932654,-8749.646352854383,-8738.027192680609,-11.619092545497661,-8749.643911916173,-0.0024409382094745524
1946,-17.665707725387794,-16.160360494487065,28.704486473901145,2,-341.4505967933379,49.296843275632945,12.300475444128317,36.99636843236677,49.29665727600653,0.00018599962641729917
1947,0.5109105457816308,2.155906154489384,1.9870440467810526,4,-244.27928164145322,-1319.8682485010665,-693.654805489918,-626.213443865153,-1319.8681592121986,-8.928886791181867e-5
1948,4.289032060093414,37.39848124696281,-25.179399783784756,4,-483.9571111013339,-299.3717462229922,-200.66320130623873,-98.70854129119225,-299.3718056317234,5.9408731203802745e-5
1949,-44.51424577278872,23.379662590748648,22.670016961319735,2,-110.94388701859442,103.28991374649044,9.054685470530647,94.23522800454307,103.28966650261512,0.0002472438753216011
1950,49.25713232565717,-6.713506982849295,-16.03750066524448,4,-107.22904762177231,-1203.300842370336,-529.9862773926443,-673.31456381585,-1203.300735838709,-0.00010653162712515041
1951,14.814031814813106,12.899523572297312,-5.199880393075327,4,-180.51491913196918,-1281.1170286233423,-727.969702361767,-553.1473264067822,-1281.1169229346567,-0.00010568868560767442
1952,-5.496175910436939,-7.357953892640268,2.305152489045472,4,-305.3406410646809,-1190.9580471683232,-605.2072519700012,-585.7507986715144,-1190.957983528094,-6.364022920024581e-5
1953,1.195869605254359,-4.209581356779339,4.307894701737535,4,-258.35023232588014,-1106.6102341158335,-527.776597667958,-578.8336379283879,-1106.6102850978089,5.0981975391550804e-5
1954,-45.73642156551068,2.5480835478794757,-27.204333717838985,2,-95.86075811092526,344.99030491354716,-3.8372044585096643,348.82750993726023,344.9905911837081,-0.0002862701609274154
1955,-70.07860614681606,61.34604587522287,10.867912076218078,2,-140.1141919583888,119.77604356069398,39.352203796956985,80.4238288899433,119.77637535016954,-0.0003317894755667794
1956,4.165771193323578,6.593736150409526,-13.723012207381293,4,-185.6854829022978,-2448.426487533846,-1856.5507570495713,-591.8757402422127,-2448.425704229776,-0.000783304069955193
1957,-35.49818130100682,71.65459830533884,3.8989651350872205,4,-326.3500934650651,-7060.998766735699,-7000.13635154803,-60.86244025169005,-7060.99737909407,-0.0013876416287530446
1958,-29.75591205627484,-7.362016579230173,79.04969328975704,4,-367.67873095953934,-5933.33644471904,-5902.342640137709,-30.9938121515634,-5933.335266694717,-0.0011780243230532506
1959,25.106692349312667,-47.889583304086784,58.31605808727477,4,-162.44476194701633,1.9273310515686295,-6.613901970295086,8.541232180126622,1.9273400583153215,-9.006746692019618e-6
1960,-30.33088446224392,-7.186043461513334,23.148793621476486,2,-496.5409424169945,65.03336193077679,41.59609807015147,23.43726314977617,65.03377573963904,-0.0004138088622482883
1961,21.2784974720205,-10.107970147788041,39.619847446000165,4,-185.76031016398403,54.172451898164454,151.03465887685613,-96.86220651976512,54.172470348318996,-1.845015454193799e-5
1962,-51.20535252051504,-1.546531978297579,-7.455097272018554,2,-67.14050107869606,107.29076243599434,0.10475557623741591,107.18600700812324,107.2917343729166,-0.0009719369222551677
1963,19.94877729918135,21.814310284916655,4.215583714671782,4,-189.36983728774027,-564.515213543841,-216.630665649322,-347.88454703876494,-564.5151478568536,-6.568698745468282e-5
1964,10.885327858852229,-1.2214001031964559,11.110939048358176,4,-231.10596434107856,-658.1991791884944,-205.1547602190862,-453.04441859745316,-658.1991573665554,-2.1821939071742236e-5
1965,-74.82117220647106,-13.770993266170612,27.26013467147658,2,-50.77581337239186,70.90582786101436,-1.478409391029291,72.38423739081733,70.90535368854236,0.00047417247199632584
1966,-33.65242228796757,70.85058825094414,-26.72205364463281,4,-356.41248073634245,-8074.773650051338,-8183.273280744841,108.49962101570952,-8074.7897903686735,0.016140317335157306
1967,7.5722014769524595,-19.261823758720002,61.282849966864504,4,-374.4547469091295,101.56778346013414,-45.91655780526495,147.48434267767152,101.56796816955676,-0.00018470942262638346
1968,-3.664348699641707,7.0368727345491395,-12.471099727484432,4,-207.1631064826003,-2616.465899161569,-2003.974211353076,-612.4916909027569,-2616.4649719110093,-0.0009272505594708491
1969,9.24343463164215,1.4001097248152854,37.3528533446606,4,-354.22893318492316,67.16127157091313,-100.37916305278594,167.54043527688387,67.16124690705065,2.4663862475904352e-5
1970,-1.4283587996810545,11.425337199569595,9.046986778045559,4,-348.2544988702319,-518.4591249420489,-207.13683819355253,-311.3222865570421,-518.4590997330245,-2.5209024443029193e-5
1971,7.245215293419347,-61.698210841667056,39.62498861002393,4,-248.24656510571864,711.1591384343767,705.0184755464577,6.140662161456499,711.1589499689474,0.00018846542934625177
1972,15.67740314312211,15.152852834708316,33.19082280159509,4,-219.41209242760215,33.26896683687597,114.9730454673459,-81.70407916844971,33.26894949659826,1.734027770794455e-5
1973,9.207252640793016,-71.32489411329544,15.422880067493155,4,-236.31550695622218,518.188483113362,517.3444991796681,0.843988119580203,518.1877605180165,0.000722595345564514
1974,0.6959207924441562,-9.041190140280913,-33.3532778623847,4,-160.56867954638315,-8488.649149694804,-8235.660885747637,-252.98829929087591,-8488.645076437624,-0.0040732571796979755
1975,-19.322121866884125,0.8353878307339113,-70.3737657775842,4,-124.4144549847266,-15831.22738972431,-16119.42713371617,288.19974542168643,-15831.208733171736,-0.01865655257461185
1976,24.017083570657338,-15.70394478555756,-33.45230386427752,4,-136.78953556542785,-3543.9211473239952,-3104.747627580651,-439.17351019308836,-3543.920041308148,-0.00110601584719916
1977,-29.58237653867198,-14.49567396927368,-41.85024381706244,4,-183.563622630016,-14735.02004134453,-14878.624703924223,143.6047105232894,-14735.017992197543,-0.002049146985882544
1978,2.2349697240316364,-44.85139779374034,-8.02908758657389,4,-458.8806486321876,153.87840853471565,1.4102528392010019,152.46815763920975,153.87810142434623,0.00030711036941966086
1979,16.707528411317583,-3.5159818328261703,-31.440266817769565,4,-141.16229381912737,-4207.983473655422,-3742.0275298049596,-465.9559406592569,-4207.981061680238,-0.002411975184259063
1980,-81.68608721822775,28.55164472935393,24.29088689388775,2,-45.605799979981015,85.22470005426625,1.6111986444920567,83.6135008734321,85.22435423142615,0.0003458228401029828
1981,-65.86438626917854,33.538116773455606,43.708927747912604,2,-140.96293052049893,245.99313126529515,50.21736075018058,195.7757573551655,245.92937955366833,0.06375171162682136
1982,-9.347420280535472,-54.74053289547959,-23.15393431990694,1,-500.0000000000794,-8522.39944371085,-8499.80921225906,-22.590216928989342,-8522.396401544127,-0.0030421667233895278
1983,-79.70296314704079,14.508826550687992,38.902086437513425,2,-52.26765840620356,61.46170272595506,4.807155982083887,56.654546372517,61.461815643539424,-0.00011291758436726695
1984,55.09473154343367,-47.97753778992249,29.195083398083547,4,-98.60881504433014,57.94707412646345,151.21247790059272,-93.26540437368752,57.9467551253817,0.0003190010817490929
1985,-11.538125899361445,-32.11117822547956,-18.91048489446774,2,-341.2778850771369,128.57575517992112,19.905263038129462,108.67049265528057,128.57553002274105,0.000225157180068436
1986,-3.9860675826215286,-22.53830326349229,-32.44959945088057,1,-500.0000000000794,253.21883331117306,8.751631314349144,244.46719884628217,253.2186999155813,0.00013339559174596616
1987,6.53285624820161,-34.79674782771282,-22.78794006032265,4,-416.04802696019635,51.88975450553477,-57.79051207814822,109.68026710681244,51.88958662035241,0.00016788518235699712
1988,38.01509019500076,-39.394029412100316,-33.981734154208986,4,-159.11032317822438,197.46407904368866,50.3148195951414,147.149258521877,197.4641274829763,-4.843928763875738e-5
1989,39.69118036671424,52.48134293425542,26.968186281463694,4,-121.85822085770776,142.39032026376466,227.8743584775276,-85.48403868201359,142.39015774803147,0.0001625157331943683
1990,4.402390668034848,-13.97758986555769,14.1369440736805,4,-332.8090986122911,-125.88995541510323,-0.12694679972931158,-125.76300875929448,-125.88996141682928,6.001726049476019e-6
1991,-1.081969268186225,2.563253268016386,-6.678837012434463,4,-214.0402835428501,-1967.2228911037796,-1304.0319092743555,-663.1909821947745,-1967.2228279659907,-6.313778885669308e-5
1992,1.9878546649390667,3.205794598766337,-21.81126402805161,4,-174.01592505495083,-4381.744232359467,-3905.899118058988,-475.8451292869248,-4381.742398513139,-0.0018338463278269046
1993,-31.386478125702908,45.70182389602847,-30.377042097605358,2,-120.96505374199782,207.56575675662833,48.82110463242422,158.74465326513047,207.56492922040164,0.000827536226694292
1994,-2.1921634996263646,27.757292527355258,-37.59375615714364,4,-397.73897512377835,-10823.066167530855,-10862.921093461087,39.854927906798,-10823.060308256843,-0.0058592740115273045
1995,-58.329718738030095,36.829516869461514,-21.93906236653145,2,-59.784948366956684,120.98912145602985,2.794324468272996,118.19479648648833,120.98919005028665,-6.859425680261211e-5
1996,82.53883903636014,-3.243500784961505,14.43894269007044,4,-75.54390640005897,-465.26957307166253,-30.293192319840713,-434.97638115399354,-465.2695077436051,-6.532805741699121e-5
1997,7.058376170040137,8.286036699599071,-5.258433322823841,4,-197.19866167878465,-1603.5583429148119,-954.6764512017364,-648.881893296961,-1603.5585901798374,0.0002472650255640474
1998,18.831868405729942,33.52563381015689,-17.15161637754531,4,-240.01212120154696,-417.8707111937668,-244.49707756107273,-173.37363351336353,-417.87074969305104,3.849928424415339e-5
1999,-31.355482880436536,-35.280404941525674,-32.00973048100302,2,-106.15652109458811,140.98902046690063,10.899660589337337,130.0893599499192,140.98863939396043,0.00038107294020051086
2000,3.6277187149180783,-0.7867646932977461,-0.910802971323857,4,-218.3820977640874,-1461.8918871858573,-814.482456158336,-647.4094310772241,-1461.8918144611052,-7.272475204445072e-5
2001,-16.215664543454285,22.381887783836024,-15.975707650927896,1,-500.0000000000794,115.59082272312851,44.79200134566751,70.79882266464922,115.59073320234133,8.952078718493794e-5
2002,-10.844411837685374,-11.881981083404485,8.435292340674112,1,-500.0000000000794,49.19985746711252,-0.1665146212431482,49.36637225137824,49.19984618228627,1.1284826250346214e-5
2003,11.52226188193309,-28.227981282338362,-30.27544826428649,4,-351.9126867294199,-1516.5381684028014,-1518.2178575683922,1.6796799476962667,-1516.5377663136583,-0.00040208914310824184
2004,21.25443818815506,24.487840759168225,-25.505807254109527,4,-185.98177549149466,-2113.6741200838205,-2114.102788203048,0.4286738574025332,-2113.6725231199216,-0.001596963898919057
2005,93.80076238273396,-23.498128512485884,18.106905567359217,4,-67.24012742488978,-245.9360579573783,17.019848706200595,-262.95590706507164,-245.93603650050417,-2.1456874122804948e-5
2006,-19.853426614023046,34.6198757667829,-77.80447955196007,4,-206.51806009160472,-5464.206989072173,-5576.716212003762,112.50919924930017,-5464.205800175755,-0.0011888964181707706
2007,-51.696454133390475,-63.73424974730951,4.6590683691376675,4,-318.8180875930157,-11087.035830313673,-11103.392950728936,16.357100245227535,-11087.037276623962,0.0014463102888839785
2008,36.23142001589524,23.908899790149174,-86.71923268174626,4,-94.65074537119433,-6894.144720448694,-7000.903966287338,106.75924788592889,-6894.142820848503,-0.0018996001908817561
2009,-45.98150715877098,-34.56854246143835,-9.080292634142914,2,-80.71973696395189,120.58080195257172,0.11736865668154867,120.46343319648575,120.58078714655082,1.4806020899982286e-5
2010,23.535420389959462,48.609292187942856,-12.663443739340607,4,-210.95087660915254,69.32516060032542,85.3734825151947,-16.048323144946437,69.32482839641312,0.0003322039122934939
2011,-18.99390811523426,3.9962573913848147,35.09190749578929,2,-294.13716848098227,21.761717997620167,-5.548907202556372,27.3106270561093,21.761745433250347,-2.7435630180150383e-5
2012,7.255647997663872,3.8101098926040913,-55.086090914183806,4,-126.03664091093721,-10670.199829299374,-10495.437202970437,-174.7626585074177,-10670.196166715425,-0.003662583949335385
2013,48.84294262517703,-30.704313406573714,-9.275193987207837,4,-121.23588483323336,-116.6769569508126,-68.81984172227827,-47.85711593123316,-116.6769487656586,-8.185154001694173e-6
2014,19.52983514580009,-21.737875882354587,8.715905630513054,4,-200.47132369415343,-302.0956273925875,-70.4251643985119,-231.6704637064662,-302.09561723679826,-1.0155789254895353e-5
2015,20.993552792505213,-37.783831162850525,-86.42895093657991,4,-112.26579424540826,-4529.427300594919,-4632.556071965987,103.12876619273283,-4529.42525337316,-0.0020472217593123787
2016,41.93539298303079,-26.56456246801832,43.499346574317265,4,-116.74773509599667,82.58047360692441,198.12988079745628,-115.54940713035393,82.5804253840285,4.822289591288609e-5
2017,-56.66498914745197,27.9088631990697,60.70733157612265,2,-142.99600028518805,59.08783543621108,-36.56513285257068,95.65298140073448,59.07114765845045,0.01668777776063024
2018,-52.17816102800969,-71.66496870224357,39.26817508204601,4,-275.29605019312095,-8464.226011371833,-8475.089447633685,10.863427022854875,-8464.22240045359,-0.0036109182437940035
2019,-0.2643430315227103,-3.5445090955120997,2.9170539933887616,4,-257.8202493746769,-1218.947207450762,-614.2183391754215,-604.7288713659121,-1218.9471279250795,-7.952568262226123e-5
2020,34.5668077406507,-13.731274936971129,-24.8478736489849,4,-126.45703921670183,-1726.532818179239,-1137.9691345391843,-588.5636846914279,-1726.5327665639331,-5.1615305892482866e-5
2021,-0.2352049361585187,-12.498708815019437,9.61719005983885,4,-364.85345493924916,-379.53256532786065,-134.61235458903084,-244.92021033066507,-379.5325480271598,-1.7300700847044936e-5
2022,-0.08315225362527127,-5.471186672034413,7.219842276393771,4,-296.9136174975377,-847.3457813413512,-360.71549992954556,-486.63028042582624,-847.3457428173789,-3.8523972307302756e-5
2023,15.81943635481948,11.442450286283723,-78.5000496312024,4,-104.95016067325625,-11557.281084403125,-11589.081812049923,31.80070550779503,-11557.279192940323,-0.0018914628017228097
2024,1.2129497058592082,-54.73947765521467,-2.275474902415014,4,-346.43277714581376,169.8884936485297,141.32911292890063,28.559381170223002,169.888036738401,0.00045691012869042424
2025,7.160949616831515,-6.203264467569453,-8.826079231304263,4,-188.07370498914264,-1919.754789769027,-1277.192074318305,-642.5627154893008,-1919.7543017778137,-0.000487991213276473
2026,-23.874797665684273,61.373340876432884,-13.582671586495126,4,-400.63613224594394,-8639.50794680791,-8595.581775730543,-43.92614649990271,-8639.506695738772,-0.001251069137651939
2027,-20.032036412598558,-46.063288275150946,41.03805040576281,1,-500.0000000000794,-2511.806024849517,-2589.103868654107,77.29783892193028,-2511.804354889141,-0.001669960376148083
2028,-6.111007788944019,-11.633206416713204,1.656899590664659,4,-331.75303373970394,-1100.8070912591263,-552.6876912150038,-548.1194002156202,-1100.8071036726608,1.2413534477673238e-5
2029,3.1598980369178054,6.693557141644441,-20.38405414578484,4,-176.1347406381497,-3836.497621042463,-3351.9595459091297,-484.5380664597894,-3836.49490906733,-0.00271197513302468
2030,12.77177792837786,-77.16083634264905,-33.36399914103563,4,-259.69471736443717,893.6296423299402,866.7797459778051,26.849906765012495,893.6294239647456,0.00021836519465523452
2031,-13.662788212166474,-7.033906000477213,8.315622409006103,1,-500.0000000000794,45.82235561986176,1.4299161613196736,44.39243923538173,45.82235372578288,1.8940788777399575e-6
2032,1.317471672168047,-42.789469868966975,-39.80987577698013,1,-500.0000000000794,106.72911168839696,1.0935441370649774,105.63556867046961,106.7291220326828,-1.0344285840346856e-5
2033,57.89507952069665,7.689115320329195,-36.155330659365056,4,-91.96787492643455,-1454.5853199712199,-816.8448366335205,-637.7404865134805,-1454.5851121065873,-0.00020786463255717536
2034,75.29796436656774,44.652899215674985,-19.886784636689832,4,-82.2111496293098,139.45003982222187,14.156300128900325,125.29374060459138,139.4499275073827,0.0001123148391570794
2035,32.585506320669325,-2.155863612922258,-42.78829570277379,4,-114.14736520234976,-3234.2885621067076,-2713.606149671272,-520.6824110962604,-3234.2895473354847,0.0009852287771536794
2036,-26.44190905022542,-3.5520223944624294,16.840685148279213,2,-326.0827317459082,38.37473770317005,6.841109109360321,31.533627839398036,38.37465504670671,8.265646334137955e-5
2037,15.52798057790648,-9.010692663917986,-30.95538790636297,4,-144.99808982342932,-4547.157081094825,-4111.140639744941,-436.0164329940871,-4547.154740475683,-0.0023406191421599942
2038,51.90825468962129,-33.238228441775675,-10.248873003654667,4,-115.87757405565914,4.8248256687331486,-29.50571916661924,34.3305437504091,4.824764042739239,6.162599390968637e-5
2039,-60.385239437472336,-42.48589081034275,1.7672689103367378,2,-68.51048318482366,112.13623141611895,1.1102638017205553,111.0259674344221,112.1359238909276,0.00030752519134580325
2040,-8.343979368164057,-15.405568098712413,-47.74223619483247,4,-154.72629696805765,-14668.58012758458,-14694.239362493532,25.659255414368683,-14668.582491215127,0.0023636305468244245
2041,15.46448558426297,-27.603453606601313,0.23952948752100842,4,-227.3972125143724,-275.53968590680256,-126.84119362254418,-148.6984939057268,-275.53966279847697,-2.310832559260234e-5
2042,15.606656210966236,0.444314245739797,-15.114548927729063,4,-160.12755566121152,-2062.018622847732,-1440.1360256005023,-621.8825992568255,-2062.0178624325627,-0.0007604151692248706
2043,2.547677724691798,7.514023843223279,-2.5678244300322985,4,-218.3815126405317,-1554.544933531741,-898.0847676008758,-656.4601701876663,-1554.5448065362505,-0.00012699549051831127
2044,55.04596954230071,59.62248974078842,52.365533907297156,4,-87.26467616075954,332.21037971932253,412.0147353941232,-79.80435487710244,332.20993804358477,0.0004416757377612157
2045,28.927782001227406,48.139774925035056,29.411647191576147,4,-148.54709786287034,164.51933904905945,243.0085768603461,-78.48923848994124,164.51912041033094,0.00021863872851213273
2046,54.46356101740095,48.68225065921274,27.702854537437577,4,-99.25524932965506,58.37650129653556,134.94359322625104,-76.56709265219136,58.376116293392194,0.0003850031433643153
2047,62.82287134422062,36.001258602700105,34.13307211403529,4,-89.85135628858293,-23.09856702800886,106.32453119275276,-129.42309819035995,-23.098692210084636,0.0001251820757772748
2048,-13.049239966437765,-79.6360961974719,45.69174382452667,4,-299.32548372152377,-7925.038800891639,-7840.4537259710305,-84.5850731583202,-7925.037930985903,-0.0008699057361809537
2049,-6.866155323934938,-54.59139837840163,-49.82572598162774,4,-468.8307169664812,-8670.608784306287,-8744.312278085754,73.70348922590681,-8670.606976239882,-0.0018080664049193729
2050,-3.0288116135504652,0.8209893183518335,-2.0210416750170963,4,-241.2773647393984,-1628.9651560175266,-961.5437061442726,-667.4214519534089,-1628.96496180898,-0.00019420854664531362
2051,7.0644509942058,29.583388848509202,-25.667731808403058,4,-339.028552980486,-1878.6871634615172,-1832.6900917800467,-45.99707439588795,-1878.686146625469,-0.0010168360481657146
2052,-6.254515749344864,14.272246528292982,12.826897714927625,1,-500.0000000000794,-6.168746518650222,0.8806647324357507,-7.049410485822345,-6.1687627713371,1.6252686878104328e-5
2053,78.05879739429983,20.550177433659456,-26.818766347961652,4,-77.96961497780501,-624.6507951229795,-302.6182533633442,-322.0325434239217,-624.6505900018924,-0.00020512108710590837
2054,17.29542357680075,-16.680084708428517,7.142663088079369,4,-202.3077159664369,-565.463843745492,-188.24326760089977,-377.22057616127114,-565.4638020398058,-4.170568615791126e-5
2055,18.345323304749602,7.522861411121007,-27.11960609816262,4,-144.18371276023208,-3141.0473815158325,-2630.77489851554,-510.2724831334755,-3141.0459337684883,-0.0014477473441729671
2056,5.845914397703168,8.614802409160754,-1.1975678556352793,4,-211.88209678982906,-1407.3888333725693,-762.0161986356325,-645.3726368524858,-1407.3887459849318,-8.7387637449865e-5
2057,-21.931830640264625,29.207529836670094,-13.254044762050281,2,-171.78373178752406,131.8198815787249,4.541131646742623,127.27874994033581,131.81980991118402,7.166754087961635e-5
2058,-0.06444387386303319,2.3829491081540293,3.873271070091482,4,-259.82283815536135,-1184.8585515201296,-590.8047118700713,-594.0538412512326,-1184.8584886544284,-6.286570123847923e-5
2059,-13.123673565606397,30.529701246150147,-18.742727451663704,2,-371.92565079983154,175.11098928387744,13.517116006255074,161.59387523019177,175.1110640108164,-7.472693894783333e-5
2060,-64.9469468173793,-66.50659402793417,-16.859118833292452,4,-295.6598963882572,-9619.920568119764,-9736.179541512693,116.25894628266369,-9619.916604478876,-0.003963640887377551
2061,-6.987295777226695,9.474544086460277,18.992927944992935,1,-500.0000000000794,66.94828703618704,2.877368898592561,64.070919090926,66.94828653886405,4.97322986348081e-7
2062,10.293674447794348,89.29659944102956,15.598253529334702,4,-220.25898399378246,695.8681545011677,682.8817682280511,12.986383285377567,695.8669644386719,0.001190062495879829
2063,32.09876405539773,-1.0134791626681887,8.418033934202201,4,-147.24437455350528,-716.3383456699298,-191.7192582490186,-524.6190869200973,-716.338307175796,-3.8494133832500665e-5
2064,13.054705078293766,22.20283379021004,-3.0173648881033888,4,-208.24852767191211,-873.6511753242411,-486.216230986438,-387.4349469101457,-873.6511409268562,-3.439738486576971e-5
2065,-5.81664895325278,-7.455109481879791,34.418648052692824,1,-500.0000000000794,189.76751715463536,-15.831557131275957,205.5990782758397,189.76753289225266,-1.5737617303557272e-5
2066,4.020412016973991,-8.758313669697007,-72.2640270809456,4,-114.51831535880504,-13976.148153006943,-14025.77458687207,49.626400893798674,-13976.141399323118,-0.00675368382508168
2067,6.761224421147488,-39.34105591704945,34.04654678064789,4,-275.300366216597,190.41149056577623,135.9037478344774,54.50774536803414,190.41149277227467,-2.2064984364078555e-6
2068,6.308105590767496,9.268662880327376,-99.03226289468695,4,-94.73683839435753,-14312.957036266214,-14434.698412559923,121.7414082704127,-14312.942849025203,-0.014187241011313745
2069,5.933295700482154,76.19382469087654,24.175954428647852,4,-245.17712401343744,789.627019079459,797.5880331511543,-7.961014468295221,789.6273255894847,-0.0003065100256662845
2070,10.41153432522819,7.196978342934221,27.58451166250242,4,-274.5778969047955,-30.040956121353382,61.29382391737674,-91.33478008180461,-30.040961079932387,4.958579005176489e-6
2071,-1.6078675650095433,-61.310707350607416,-40.84478109845786,4,-401.20055996509177,-5717.11772223901,-5702.760702650081,-14.35700290332094,-5717.114402247654,-0.0033199913559656125
2072,68.06867810184275,25.709177928489947,-10.049884820797468,4,-89.36172659442931,-343.3851903205529,-124.80507204292358,-218.5801180653586,-343.3851182720888,-7.204846411923427e-5
2073,-15.39596026220045,-46.03659671448736,21.605780882156726,4,-443.54355055625166,-6880.360759397871,-6916.656450953889,36.295678047490846,-6880.359686276079,-0.0010731217926149839
2074,28.04145956962748,-7.222269196370381,57.022794233592506,4,-150.41761749521385,88.49646169460367,171.98613898500363,-83.48967372431049,88.49639835701116,6.33375925076507e-5
2075,2.7008265536590477,-4.897209094272268,-7.849804763454537,4,-201.51494883648667,-1959.1658697952425,-1320.1048223979726,-639.0610474178992,-1959.1655721849047,-0.00029761033783870516
2076,70.58030640890021,-12.434754550887018,-15.011836318362448,4,-85.22050816830392,-856.1530782870328,-297.5043163472578,-558.648762870976,-856.1529045452486,-0.00017374178423779085
2077,-15.735144459880349,-1.9299333757312853,4.573349373388229,1,-500.0000000000794,43.8942035367536,12.674679564685523,31.219523893171846,43.89420563440601,-2.0976524126581353e-6
2078,21.94211550487293,60.27190612874693,-21.552940060113677,4,-217.76094976366392,146.95061737207254,116.17968376554266,30.770932027155382,146.9499105693482,0.0007068027243519737
2079,-15.941957795042653,-56.46825391264256,58.17696698362889,4,-354.46336241969857,-10059.945828334981,-10008.503889649784,-51.44197714961277,-10059.94591415061,8.581562906329054e-5
2080,27.787093388259635,42.21035279337449,17.5335421546547,4,-165.3412090899887,36.54642928890546,113.45501548485076,-76.90858662691949,36.546161996081224,0.0002672928242333228
2081,-6.003096975839525,10.08943329464884,45.36954771702645,1,-500.0000000000794,169.9006157804763,27.66637119900623,142.2342482031784,169.90061653970616,-7.592298629788274e-7
2082,16.229092945495424,35.5563441882232,-22.54403712359498,4,-277.14398286311683,-250.0132119653042,-234.06915642507283,-15.944052811402909,-250.01321127445468,-6.908495322477393e-7
2083,-18.515852397943274,-6.902237799790153,-23.71940005286817,4,-207.58652793796077,-6163.258158144752,-5680.215023614576,-483.04312032494244,-6163.253827529029,-0.0043306157231199904
2084,17.925061084942417,-6.833351977354108,-32.17757078943066,4,-139.38409479624144,-4164.748510648382,-3697.503489475547,-467.2450146664562,-4164.745385654334,-0.003124994047539076
2085,-68.55172528409369,-36.88583615610022,43.53830714464031,2,-137.0208699008906,301.0481853338986,32.603054044912724,268.4451355257345,301.05356763774694,-0.005382303848364245
2086,-0.4359248663432597,-5.705976736278226,43.36244634506428,1,-500.0000000000794,193.69834738875275,-25.574131566895858,219.2724781911638,193.69826817709068,7.921166206870112e-5
2087,-2.6139134165632787,-0.7260202442335789,2.48478969755786,4,-269.27568645983484,-1280.705810133451,-665.9112515925272,-614.7945602527706,-1280.7057002219738,-0.00010991147723871109
2088,-28.918984659282273,-17.70846124694662,-22.988325995861324,2,-123.24899732760053,133.6548337977275,3.344963281946392,130.30986966427028,133.65474812988901,8.566783847641091e-5
2089,-13.938809276923754,5.208373767838227,10.943704877342867,1,-500.0000000000794,41.98862127622526,3.735328724626463,38.25329265441337,41.98862055613713,7.200881313451646e-7
2090,-63.72955315161396,9.086419411741185,-32.8532148399,2,-55.58514610384863,220.5158618912559,0.39024234748661,220.12561987684896,220.51590116839108,-3.927713518692144e-5
2091,-3.6772850383583564,2.1659963882760764,-0.8734646596194144,4,-250.60067680595506,-1552.9843984800448,-893.5570714541195,-659.4273300037482,-1552.9845609967242,0.00016251667943834036
2092,-14.811853376261688,6.696885777149907,-15.884208950328853,4,-229.0838345962848,-3212.274453187724,-2575.1848016882163,-637.0896480209932,-3212.2731627948156,-0.001290392908231297
2093,8.392850924889284,15.587669864653611,-12.590231292042688,4,-189.19043063967234,-1874.8064027243518,-1374.7950299164654,-500.0113667663408,-1874.8061303297375,-0.0002723946142850764
2094,-41.51359636535564,-26.02166270873147,-26.844034295861448,2,-79.91810244066544,121.47483438936324,2.8584797529122716,118.61635367201109,121.47523384923021,-0.00039945986696920954
2095,-6.481768977629069,33.848381525681674,5.373650160028347,1,-500.0000000000794,110.23838968929573,72.20114241170872,38.037244020387554,110.23842903240092,-3.9343105186162575e-5
2096,2.897719069255647,20.053415886558746,-4.555233280093837,4,-241.56337384224616,-1333.731940049542,-785.9974165437319,-547.7345265448399,-1333.7319018673466,-3.8182195339686587e-5
2097,15.689292747833582,-2.8260693115090785,-1.530350228656443,4,-179.34405439205824,-1290.6466748754883,-648.0360741612486,-642.6106003238608,-1290.6466673029165,-7.572571803393657e-6
2098,-49.80019131974422,20.801768846489992,-11.349359751275607,2,-68.0295637884583,90.30750239524693,2.6145157938870964,87.69298660677626,90.30752072836759,-1.8333120664237867e-5
2099,-39.29431030196827,4.621945162074637,-34.65462123501203,4,-219.61715805864046,-7470.829855986562,-6654.084881562891,-816.7449681117325,-7470.824633577231,-0.005222409330599476
2100,61.677753900691165,-32.76831765280537,-12.716504026100116,4,-99.60086957491326,7.05974197960558,-36.930799706725615,43.99054061947261,7.059654366684739,8.761292084091821e-5
2101,12.930014375117464,18.956823370485793,-12.884006446523442,4,-185.42649699378168,-1453.158629334193,-1093.5445792420844,-359.6140498057425,-1453.1581941564605,-0.0004351777324700379
2102,-5.934382094441452,81.32591866561606,39.11962841638178,4,-308.54375814478743,-4962.990548965516,-4901.684536559773,-61.30601261987245,-4962.990774881637,0.00022591612105316017
2103,48.80343040630495,-10.710741553296579,-69.76956270918036,4,-89.08753840651275,-3706.7375140636295,-3421.1556961427436,-285.58182622695614,-3706.734952585336,-0.0025614782935008407
2104,-27.26129068478047,57.47421025624663,-6.05259595248074,4,-394.1861447461295,-8948.69042037399,-8814.156952415016,-134.53345020365643,-8948.687854333479,-0.0025660405117378104
2105,11.474348439201894,-27.67916551759458,-39.917110729443564,4,-400.7349053829996,-932.8987054884825,-1023.1914881031356,90.29277356481168,-932.8981156823619,-0.0005898061206153216
2106,40.4011909404437,23.44504949538189,-7.580827197085941,4,-131.00004422387596,-766.7016281052884,-293.39400074016254,-473.3076263217252,-766.7014413344676,-0.0001867708207328178
2107,-17.242731862233516,37.15750373132725,11.453805650257529,1,-500.0000000000794,68.664787074897,166.34000192285714,-97.67521460528965,68.66472928010889,5.779478811973604e-5
2108,-0.3768755351363188,23.721939976724997,-19.515389044078283,4,-248.97472785747024,-4615.37418894716,-4497.660291496304,-117.71388438300836,-4615.3710606881905,-0.0031282589698093943
2109,7.337591544156733,31.732005152967215,-69.61358623127121,4,-155.47921904928808,-3555.800579967735,-3663.1057979540697,107.30521968788898,-3555.799473241747,-0.0011067259879382618
2110,-31.472194454991314,-58.04380345697369,34.810941770938925,4,-392.6243679788091,-5364.4965858800815,-5466.459999211903,101.96343508921919,-5364.494031448085,-0.0025544319969412754
2111,10.393346234504936,-12.337075147906853,-6.615887138027799,4,-191.78005527395186,-1566.8186712563302,-964.8991642200731,-601.9195110793127,-1566.8183872299462,-0.00028402638395164104
2112,-51.036106963326986,21.94244037354292,16.856376812690755,2,-80.07943441822098,101.66013152937524,2.4007900571545644,99.25934093261155,101.66010131524406,3.0214131172101588e-5
2113,46.369782034756284,-8.656441654144494,73.86084861419926,4,-96.50774605655089,475.82542556481536,552.6483994364482,-76.82297351496885,475.82577191260594,-0.00034634779058251297
2114,-52.45821015642366,25.849456788778152,-19.352179034381187,2,-64.31365311857328,109.68802101694953,3.349036866935128,106.33898366512389,109.6875397054159,0.0004813115336332885
2115,-13.15351218268297,-26.9945130203857,75.6118512898113,4,-417.98271037030213,-9327.652411110033,-9261.954603048931,-65.69779645001653,-9327.651450408364,-0.000960701669100672
2116,-14.76800198760598,54.90534793064154,33.238315348205184,4,-422.70484902403274,-6525.90669079416,-6485.108192560712,-40.79847527562853,-6525.905378619453,-0.0013121747069817502
2117,-17.216739101574216,-31.268590520590493,-34.65223220703662,2,-159.07889694968222,189.2978329799406,42.31024059203972,146.98759161470434,189.2980220036827,-0.00018902374208096262
2118,-31.101023984490418,-2.7916474333760166,-38.978811846198404,4,-177.00016979763046,-10927.808322676858,-10706.353361432468,-221.45493048302976,-10927.80883737208,0.0005146952225913992
2119,-10.159217998260731,-17.98591118691565,14.442989785179224,1,-500.0000000000794,76.0361158541256,69.14477448319695,6.891340704385912,76.03612075642924,-4.902303643916639e-6
2120,-39.398473592911685,-3.5554258933884033,73.99867336303868,2,-153.49967214724626,-24.10183496133182,-57.028237275765235,32.92639640396922,-24.101347463187103,-0.000487498144718046
2121,-1.1167723578694007,0.4506533640673444,0.09522526114640253,4,-243.21107362014502,-1459.9189156629784,-811.5600195926401,-648.3588963477076,-1459.918896209785,-1.945319331753126e-5
2122,-80.4467806164026,27.670681919058204,-21.025259197116622,2,-41.40066434020082,107.99123830867923,2.895596969618929,105.09564105924693,107.99521704980059,-0.003978741121358098
2123,-9.557883772980189,18.403850969512547,9.208445003187814,1,-500.0000000000794,14.145096489649212,12.549570711882334,1.5955251150087586,14.145073735615885,2.2754033327743173e-5
2124,65.60555357893574,-22.83263792693737,-61.96109280392124,4,-83.54976409137085,-1179.542927648102,-1168.3496067585143,-11.19332351608288,-1179.5438422595114,0.0009146114093709912
2125,2.7059136972692186,-5.827966737606312,-51.21942202103087,4,-133.61756983198865,-11372.00089822856,-11221.35741410838,-150.643427462441,-11371.99467073549,-0.0062274930696730735
2126,-34.82021674626317,-27.442683408959184,-61.63498445511584,2,-108.39321978613195,256.06574452027115,-51.03683266536843,307.10257618823607,256.06472328205774,0.0010212382134113795
2127,-17.009012561096387,-52.8191883395217,28.529790441566988,4,-462.5448527646872,-5493.740739809118,-5480.269467354251,-13.471284584765963,-5493.73966544863,-0.0010743604880190105
2128,24.732932894103755,-60.745048936353975,-49.421480954500936,4,-237.1604216051299,-107.65089567518535,-34.74670454712373,-72.90419252302428,-107.65164977319168,0.000754098006325421
2129,-1.7208902581069814,-5.5302961932497245,-1.2398802059296552,4,-242.60421973628164,-1490.292929224282,-847.7859161294901,-642.5070133324797,-1490.2930270047045,9.778042249308783e-5
2130,-8.913601328279032,-27.547641695276415,-5.017065602324995,1,-500.0000000000794,78.27915226497045,61.58477017893077,16.69438353284572,78.27906979178272,8.247318773157986e-5
2131,-7.214262892897931,-5.912553749547906,20.533246629110504,1,-500.0000000000794,84.41798905518156,-46.22037513285652,130.63836452094202,84.41798122103239,7.834149172936122e-6
2132,-1.81250840655899,-4.918321707811054,0.2548327900236916,4,-251.16146121218182,-1393.365954923216,-758.7861788268732,-634.5797770890302,-1393.3659049902408,-4.993297511646233e-5
2133,78.72684189919681,38.25975267818461,-35.89110691751008,4,-78.31266775903538,87.95972850727163,-33.93108826545441,121.89081903704513,87.95965364509695,7.486217468510858e-5
2134,-33.70482250585608,44.86828432890991,-10.852294904657022,2,-122.14134352462503,133.47140937579246,36.26216996387638,97.20923878032899,133.47065222605838,0.0007571497340848055
2135,-10.172052864702522,8.85086559424145,14.301129976834856,1,-500.0000000000794,58.094417008315986,20.577454259604714,37.51696323702339,58.094410810321946,6.197994039780497e-6
2136,40.67514728019394,77.14378951173666,15.541158745793886,4,-112.31657869812645,334.09204541883537,397.92083609417006,-63.828789198174846,334.0920398385664,5.580268975791114e-6
2137,32.364607936486145,-27.233356882691528,-0.3730254752105973,4,-157.7169665172884,-535.3274473634186,-163.2834705905079,-372.04397625427214,-535.3274499340516,2.5706330006869393e-6
2138,15.899303093544408,6.129601511067372,-39.744650574960346,4,-134.06089485495528,-5944.640082276361,-5559.774298298817,-384.8657676897217,-5944.636666381326,-0.00341589503477735
2139,-36.53438705260099,-56.24375839447889,52.53586462274513,4,-344.07673436352593,-7513.263736331455,-7649.457124872285,136.19341415655575,-7513.264318154611,0.0005818231556986575
2140,-83.25760489373438,-17.08671373562572,-22.530679429029675,2,-39.2677247242894,99.15817242903738,2.306281776253166,96.85189005675035,99.15547101999019,0.0027014090471908503
2141,69.60277139428544,10.059352091913402,-51.217878996937195,4,-78.93830943399855,-1446.7804685519777,-902.4058039554243,-544.3746656033879,-1446.7804122805915,-5.627138625641237e-5
2142,12.66793019717326,-3.2291868731566438,-27.04992614250825,4,-151.1896133397526,-4068.77484825873,-3592.8113247692136,-475.963521417041,-4068.773911368266,-0.0009368904638904496
2143,15.55034085945821,-13.208461451990356,38.8459624422709,4,-238.83963905754624,-18.25642751885016,20.944113488673633,-39.20053950851957,-18.256432523234732,5.004384572515619e-6
2144,-33.002885272004605,-65.07003953314123,46.04694465558072,4,-322.03431111189695,-8747.247007937563,-8854.263084343915,107.01606702771481,-8747.245821852815,-0.0011860847480420489
2145,-2.8500413891841547,22.96891026838506,-42.4666996746916,1,-500.0000000000794,352.04106251639803,92.74602473228231,259.29503506052214,352.04103429544296,2.822095507326594e-5
2146,0.9272106488519288,-3.455020557986268,-5.1275698404106524,4,-214.3493712629405,-1771.8925675621742,-1119.034137005916,-652.8584314530218,-1771.892959261318,0.00039169914384729054
2147,-0.14615763369237755,-0.38051966400731696,0.28629332527642926,4,-239.671257493667,-1432.711219199719,-788.0001909453265,-644.7110284552232,-1432.7111078568394,-0.00011134287956338085
2148,-31.641574268637836,4.348794192398783,-62.3802275314265,4,-139.5573750039365,-15277.680621251478,-15714.50915274233,436.8285370875535,-15277.680297337083,-0.000323914395266911
2149,-42.70474597477837,-6.548605856260046,-35.69076140798677,2,-337.61847697218735,461.76910174585714,-22.646818819831804,484.4159214486461,461.7692674121848,-0.0001656663276321524
2150,-7.729751716064568,-6.159400780533973,7.15591046668241,1,-500.0000000000794,-450.76289218534214,-190.27635289791746,-260.4865376987674,-450.76287905701287,-1.3128329271694383e-5
2151,3.7596399902684694,-89.45475150484052,-28.514693930236202,4,-345.0071672032191,-822.4285537574756,-856.4539895245857,34.025446567127986,-822.4297181829473,0.0011644254717566582
2152,-0.45207411959226484,-21.864065226895985,-8.964287289955212,4,-266.67781937091684,-1336.4088134924846,-935.1200500611332,-401.288755964024,-1336.408505753398,-0.0003077390865655616
2153,-4.6537817335793585,22.636912776220477,48.62042941481563,1,-500.0000000000794,293.41379252886895,214.7839483335473,78.62983953304926,293.41387951966647,-8.699079751295358e-5
2154,-3.399825051992099,2.30635055861802,20.29614343520606,1,-500.0000000000794,-160.14018188667964,-152.06633757412442,-8.073846764757398,-160.14015476157047,-2.7125109170356154e-5
2155,4.911139233452185,-2.4830255628728968,9.801524260296691,4,-267.8943464216857,-712.3671758515062,-257.1429480182639,-455.2242278048963,-712.3671556714456,-2.018006057369348e-5
2156,34.09681904936236,-16.02461428387902,7.9419971806566485,4,-145.94194169227845,-571.28306734424,-137.10588191167528,-434.1771856508728,-571.2830354583471,-3.188589289493393e-5
2157,45.11414019616447,0.579805392114223,-32.50306273241541,4,-105.89982839022234,-1719.6430793964744,-1063.6704387314162,-655.9726399041134,-1719.6434567858148,0.0003773893404286355
2158,3.2818819630918172,-16.071822966154212,26.368086152035158,4,-480.55336052094174,89.2263701909025,-36.66374424991554,125.89011487154387,89.22632888231074,4.130859176143531e-5
2159,50.26464081285934,-18.180286911633598,31.589621585503785,4,-109.03616211828808,-109.85354291340832,93.78216802922894,-203.6357110178187,-109.85357906315528,3.6149746961200435e-5
2160,-72.73437290438117,63.35130235758031,-14.71994270552158,2,-67.01731094972318,153.51500014728785,5.735425651594471,147.77957433408704,153.51472413707887,0.0002760102089780503
2161,-67.84391796995531,26.245210451505848,12.46162113328628,2,-53.38783175636326,87.6198537878428,1.7743504738572689,85.84550278229904,87.61765250181496,0.0022012860278408652
2162,0.18671109002960315,20.907756703610893,14.703469171095483,4,-418.7209150970224,32.08031094313697,18.069132622443266,14.01117850437173,32.08027384587913,3.709725784517559e-5
2163,0.1004995628405543,5.73550966880039,2.6346358062823287,4,-251.97457404386637,-1255.6863162538568,-649.1996514710254,-606.4866655436665,-1255.6862123664598,-0.00010388739701738814
2164,33.65980243636156,24.376827542763934,-1.029430870446025,4,-148.00183170263045,-667.3966386114259,-213.81921695614648,-453.5774204192589,-667.396597776577,-4.0834848960003e-5
2165,-7.390762450772679,-4.132037446049614,1.4131797945370372,4,-307.49014433510075,-1306.8042174197344,-690.8133006913247,-615.9909185110454,-1306.8041501129965,-6.730673794663744e-5
2166,-4.830960090601434,16.802728781808412,0.2143827995237183,4,-313.76635183127985,-1023.3096321061063,-565.6014938460966,-457.7081396837005,-1023.3095259853906,-0.00010612071571358683
2167,-54.57926094275395,7.439482222958291,-67.11934908722452,4,-139.02525458559563,-14794.813625094324,-15500.96686299602,706.1531904281346,-14794.80915861032,-0.0044664840042969445
2168,6.276851206312728,1.1385674817841893,-19.85363749528292,4,-170.1781990143897,-3450.658229581473,-2928.597920260307,-522.0602893009944,-3450.6556187912097,-0.002610790263133822
2169,11.402282499816483,-32.170531563475684,-9.31884635859555,4,-279.8892604273535,-87.17349972672025,-102.99196702472584,15.818468231663543,-87.17354616111137,4.643439112328451e-5
2170,-41.33912972619479,-20.975789215809673,0.10963231220163115,2,-88.20725721111258,91.32989224473108,-0.4627314167079992,91.79262346761664,91.32958816005113,0.0003040846799535757
2171,56.92122330646447,27.066338549828195,18.31585266491744,4,-101.55932406186902,-199.92860791878695,32.16930933478931,-232.097917852935,-199.92860921609733,1.2973103764579719e-6
2172,-1.2897583056369981,-2.0618387703642234,-1.2447929686813477,4,-238.18824223906506,-1535.789271749976,-879.7702361720411,-656.019037084983,-1535.7892314192313,-4.033074469589337e-5
2173,-0.5044867785659061,14.84162781000097,-1.6830869270357909,4,-249.66229344473606,-1333.1220662179355,-775.7611147515211,-557.3609480933593,-1333.1220215329777,-4.468495785658888e-5
2174,10.515043743454802,9.323609709743424,-3.4396544842059273,4,-192.20042749328294,-1399.485678053516,-775.2086012657096,-624.2770786174598,-1399.4858040586025,0.0001260050864857476
2175,-14.546297143584011,-23.426264743350526,14.30142030600366,2,-395.5623990561806,14.293229092889826,-31.61654945867487,45.90977825523521,14.293338751292744,-0.00010965840291810025
2176,-11.924608793878175,15.361604880004299,-36.76313126531015,4,-180.40883766042413,-12434.875557282605,-12513.356014525853,78.48046288002105,-12434.868153434716,-0.007403847888781456
2177,13.60910644683271,16.568090346090386,27.564458411419228,4,-234.22619480441816,22.027593305876167,111.04486903129606,-89.01727588930792,22.027570802711775,2.2503164391451946e-5
2178,21.634802019342313,57.58627321295313,65.90706412465428,4,-173.80977410040697,-32.98018415995202,-155.92334357893338,122.94316470897341,-32.98106147901171,0.0008773190596897962
2179,30.79055863059259,67.45494639468632,-32.199961660637555,4,-176.170337620578,138.05812294664864,183.72700911310068,-45.66888475772511,138.05836061580888,-0.0002376691602421488
2180,-73.76813176186185,0.5176610431716168,-2.5146032502704023,2,-44.95081562646333,96.47868598040559,-0.5738809098199062,97.052566786953,96.4720794589531,0.006606521452482639
2181,-0.6223726323277435,-5.690470663130088,-8.672687451991738,4,-208.7169802449607,-2113.485309954489,-1479.4281759459645,-634.0571368154363,-2113.485010146307,-0.00029980818180774804
2182,-0.3361683942252749,12.49471707389062,20.22291321452379,1,-500.0000000000794,43.58113441112488,-12.655517085236585,56.23665099052401,43.58111706927563,1.734184925084037e-5
2183,-61.339779110674385,11.329895576247386,-3.447319334876282,2,-55.06030096757891,98.93670127599759,1.5932408107307754,97.34346025504311,98.9361721241832,0.000529151814390616
2184,35.26289383148281,34.210064782134,18.4317791668187,4,-144.1372878186738,-76.37619395532859,77.27162692203332,-153.64782156307723,-76.37633280867824,0.00013885334965380025
2185,15.365369846003691,21.640506276346926,87.47433051837821,4,-218.04802951952894,-26.65368373954884,-132.5322547241775,105.87858258932275,-26.65330893287952,-0.00037480666932054874
2186,4.633296692212506,-3.168895134054285,-22.782607528834564,4,-168.52488300073307,-4444.4572814624435,-3971.1515243567574,-473.3057666926184,-4444.453394316682,-0.0038871457618370187
2187,36.31565283194517,19.8676436768046,55.36795571277243,4,-121.84532273014806,258.70691039515,344.5923124556544,-85.88540381122239,258.7069685787724,-5.818362240006536e-5
2188,51.33876799995815,-50.22541741663044,8.907402779432099,4,-109.73074711224629,60.34671288271031,98.22156306432069,-37.87485147058476,60.34666362629682,4.925641349018406e-5
2189,-33.71481594561708,-66.4966644949703,-25.013601640556207,4,-357.8976762948503,-8266.586016588515,-8476.30044857049,209.7144226583429,-8266.583038760855,-0.0029778276602883125
2190,-39.32538734476429,-67.32096942840211,41.46472656509864,4,-299.7076499270745,-9233.991409706869,-9208.56072777044,-25.430660054516334,-9233.990524264382,-0.0008854424868331989
2191,8.615205596760516,34.72692714494929,-13.009515514516778,4,-322.5092673924737,59.57503050542607,-32.409817877804144,91.98484830832251,59.574959623402265,7.088202380600706e-5
2192,-4.750994859322953,19.972292243352292,-5.56553970421377,4,-288.95209712030373,-1233.8460900311266,-808.5059199702076,-425.34016149188557,-1233.8462906102025,0.00020057907590853574
2193,33.47519151002624,26.633580970729728,-62.472243996025576,4,-119.90771390430382,-4509.760122806614,-4599.440241729149,89.68012838608468,-4509.759927760163,-0.00019504645115375752
2194,-10.346116685168939,-6.403651757998857,-9.847276745742445,4,-238.61388303440353,-2297.674532469882,-1606.3422324978796,-691.3323100977886,-2297.6741085877898,-0.00042388209203636507
2195,-26.815641341762444,78.21886583566327,37.712139779613764,4,-316.63860484039753,-9719.224577338355,-9734.414933251805,15.190320249945726,-9719.222019174511,-0.0025581638437870424
2196,-28.55822083161265,28.03325208226377,-21.672349148219915,2,-116.66378886713899,133.52807798919778,5.835053896161858,127.69302433154783,133.52831315818918,-0.00023516899139508496
2197,1.23522844187548,-5.323879851754222,2.15011458933635,4,-245.44621839538993,-1237.047663313676,-629.6210050132904,-607.4266612837055,-1237.0477455118291,8.219815322263457e-5
2198,27.636109492841197,44.25861612751988,-47.286798341954515,4,-219.64112442888845,156.1000931346313,96.31127298054648,59.7888194065876,156.09993804294854,0.00015509168275684715
2199,-48.33209293319598,-13.039991064580699,-16.12914902711893,2,-69.25479474908762,102.15691006687302,2.491816096812583,99.66509348157923,102.15453519173671,0.002374875136311516
2200,-64.96464869571716,34.830575969196914,15.605050710184702,2,-61.67714094564612,94.80341585484048,3.2928357626296667,91.51058015697438,94.80306629778099,0.00034955705949357707
2201,-0.9489909186209448,0.4226662055203407,-1.6484939877261782,4,-233.63939262930654,-1579.7077435520016,-918.821609074212,-660.8861370156988,-1579.7076945572735,-4.8994728103934904e-5
2202,72.87995359697639,12.327475312608344,-10.54817134739664,4,-83.21265268686001,-764.863083247271,-232.2421310664335,-532.6209522054421,-764.8629411623884,-0.00014208488255462726
2203,14.843685828135612,-9.167291481340978,21.152968564565434,4,-228.9431274759201,-108.07316593049885,61.428661838571166,-169.50182780828214,-108.07317128247402,5.351975175926782e-6
2204,-35.54621850180177,37.387135703576554,35.8302030277982,1,-500.0000000000794,491.26748947781056,369.1431997502251,122.12428889747659,491.2672729769889,0.00021650082163660045
2205,10.330863781263256,-76.06949254913503,-39.185814214567685,4,-319.4675883706465,151.59830893858023,43.460631414935875,108.13768341115421,151.5967546254113,0.0015543131689241818
2206,-22.75651555994843,-53.7429119404938,26.64387835785644,4,-492.7470074264051,-5990.67118275523,-6073.532055340556,82.86087138894298,-5990.669846121998,-0.0013366332323130337
2207,-17.161827107820145,44.33528970467435,0.49651127051161464,1,-500.0000000000794,61.473599893924,181.13596867612526,-119.66237081840858,61.47363255126206,-3.265733805335458e-5
2208,8.38817208130828,0.22888529340936264,25.175349670226634,4,-306.2143566818327,-64.36002293172155,41.762589440362206,-106.12261190671569,-64.36002240424476,-5.274767858054474e-7
2209,-1.7332913074425564,14.201064472111161,6.923177407028292,4,-333.544283354724,-621.2410251173322,-277.1445853368628,-344.0964388159055,-621.2410069280368,-1.818929547425796e-5
2210,-8.61865776813674,1.9629861024187396,0.46953615280767613,4,-301.6301663353099,-1414.4265773850627,-772.9484288959526,-641.4781467382094,-1414.4264697431993,-0.00010764186345113558
2211,28.473179253118065,10.878931088254147,38.89105142537454,4,-153.42061134629412,51.80101014141663,167.15843458015436,-115.35742446138464,51.80100538053923,4.76087740253206e-6
2212,-15.800115669605095,-6.88745737729566,-35.8852270437447,4,-171.98365308238058,-11334.877640154042,-11175.648933878485,-159.22868848893552,-11334.871740067549,-0.005900086493056733
2213,-56.49176763638749,53.460041624944495,12.089489136377326,2,-153.22692931796814,198.99863649173,17.829714819366554,181.16892191557355,198.99836143675083,0.0002750549791699086
2214,-8.535532197260425,2.299351052218559,7.822338659600675,1,-500.0000000000794,-183.38486543022904,-48.56668216747013,-134.81818316849194,-183.3848652046404,-2.2558864998245554e-7
2215,28.090250206161933,-31.778782348960707,-34.077704685332904,4,-211.65199494261736,173.6713914961665,6.441749279515078,167.229642428117,173.67132029758403,7.119858247506272e-5
2216,-32.91357209015595,-14.242165037837628,42.67696811039775,2,-213.5145927244672,70.39239288587787,49.26556782895787,21.12682323910683,70.39300593368712,-0.0006130478092529756
2217,-15.334079684036254,-28.841420907576065,17.05953006347915,1,-500.0000000000794,-5.135685974542656,-1.374347104745747,-3.761340565594027,-5.135694139083374,8.164540718169633e-6
2218,22.732292332369806,-88.97552534854671,3.0844832507267936,4,-182.4236655417527,53.640084594257644,-25.47008721947636,79.11017706642072,53.639312073716475,0.0007725205411688307
2219,-20.188939937683504,-39.737719242226106,41.34580712129238,1,-500.0000000000794,349.648679361069,218.377225195885,131.2714549630056,349.6488844424278,-0.0002050813587857192
2220,0.0792645713024763,-15.486292168584253,-0.26643157264592265,4,-268.0095903967881,-1033.2688670270952,-556.3091920700944,-476.95967482735654,-1033.2688152824942,-5.174460102352896e-5
2221,-1.9179800849550988,18.94087995349342,-14.207850054198682,4,-226.06240516433385,-2518.496035942251,-1990.5742616373773,-527.9217797197708,-2518.495851831941,-0.0001841103103288333
2222,13.053944697789731,37.97286591076477,10.385038013396645,4,-242.45355772173747,83.43446177651295,107.28658565835735,-23.852125401281484,83.43425691180116,0.00020486471179026466
2223,-35.7477091217522,-26.737102074286856,-10.77177384457204,2,-98.66147653385681,116.78714944512511,-0.7418602753640872,117.52900932369315,116.78492151004153,0.002227935083581656
2224,42.04586105127837,-39.40937252606545,0.9453478202775869,4,-134.95577168355655,-38.37594965158238,42.94207831443593,-81.31802914828138,-38.376095570603916,0.00014591902153426872
2225,23.957181883074544,2.985441736124915,10.813481553801314,4,-171.5815807400584,-670.1153780368932,-178.4039722255042,-491.7114050004878,-670.115337754882,-4.0282011127601436e-5
2226,-45.9177367138388,-18.428835867027907,40.25518735865902,1,-500.0000000000794,252.38406802758092,157.05444076948768,95.3296283749478,252.38490422190816,-0.0008361943272348071
2227,60.75639288715613,37.8790029870675,-0.8616395407430033,4,-98.87599790748958,-6.1384471353812575,2.842914910601725,-8.981361500618338,-6.138503202748843,5.6067367585121985e-5
2228,38.217144867275444,16.797383164075608,-2.129780568968522,4,-131.53073564261337,-856.4086051718099,-296.2776311899112,-560.1309741232639,-856.4085219934328,-8.317837705362763e-5
2229,-30.136024850433515,6.724883497611404,-6.029157735263087,2,-148.25120332726078,104.72017821162063,0.15471106925578676,104.56546716013008,104.72012215500962,5.6056611015264934e-5
2230,-40.70803972060067,18.95833524034001,-11.68563244477271,2,-84.50458817770429,94.25034463065963,2.9612258969950784,91.2891186321012,94.24804759516617,0.0022970354934557236
2231,7.521092040156959,20.871486540630293,-19.588751469423148,4,-199.1135670786954,-3403.216844704564,-3179.146700329073,-224.0701296295819,-3403.214562431964,-0.002282272600041324
2232,-2.450807185546723,-32.34171040225499,-18.630660512175822,1,-500.0000000000794,152.31426166395943,49.60833305377091,102.70592783507475,152.31427869736513,-1.7033405697475246e-5
2233,19.879242903152214,-8.560933764469231,63.74214609125678,4,-214.2754735315819,-74.7394416859526,-117.77078697879465,43.031341743442546,-74.73958595137766,0.00014426542506384976
2234,11.905666407782052,-11.495913375503136,53.547793046821525,4,-287.78923017366634,127.44752775292366,-17.21143890619094,144.65896381188193,127.447633803841,-0.00010605091733850713
2235,-23.15191592263296,-13.78463859279439,-54.94575305289777,4,-152.7753200724462,-14509.653250959313,-14817.298839776337,307.64563663466856,-14509.645873386155,-0.007377573158009909
2236,4.906995604922192,-15.518904307574807,-75.10784216620888,4,-119.24698696490593,-12870.74035346719,-13120.655457185503,249.91512876983506,-12870.726067960675,-0.01428550651507976
2237,-25.17785792962082,-86.58371732141454,-10.604522442729142,4,-339.2713179866171,-5880.830030227513,-5951.288180825293,70.45816735215459,-5880.828323176995,-0.0017070505182346096
2238,47.883158897678165,11.556660013226455,67.96110368967496,4,-96.89247284155557,362.2997743759713,450.17131297901506,-87.87153990622411,362.2999459537883,-0.00017157781701371277
2239,19.24953191792464,16.96401163983367,-2.5131785221266814,4,-176.11381508685176,-955.2302541477367,-479.41243549315266,-475.81781888205546,-955.2302123968652,-4.1750871446311066e-5
2240,-32.708892795340724,58.570028132093555,8.991744741258927,4,-394.1238040937165,-7562.157996053893,-7456.519780057347,-105.63821099390235,-7562.15731734812,-0.0006787057727706269
2241,28.01371124856287,-15.537736699696596,77.00331319900411,4,-153.48155003792502,-70.32914933233339,-15.80682978026865,-54.52231704142718,-70.32938205745529,0.00023272512190430916
2242,4.442055795043353,-63.64531016935105,-67.06477668114398,4,-277.8850577114439,-7327.622392337874,-7277.193866436021,-50.428525923684425,-7327.621410410982,-0.0009819268916544388
2243,29.50998650676244,-6.754855358104326,86.12537296175867,4,-145.8301152733199,-105.47299711548911,-35.41999761307854,-70.052998572784,-105.47316367998506,0.00016656449595586764
2244,-9.378599922878491,-5.993372866176252,6.005987009497841,1,-500.0000000000794,-193.57849398830302,-48.325042689351214,-145.2534505195471,-193.5784974395767,3.4512736704073177e-6
2245,36.07544024412858,34.558598139815935,-30.053609340663417,4,-162.13687846093814,210.735270343678,30.69362010634792,180.04165057955814,210.73519236601518,7.797766281214535e-5
2246,38.08476074561686,24.08076130457802,-55.932980584441765,4,-117.51682703416556,-4011.2382799531624,-4065.8152478445745,54.576969855823315,-4011.2374029625785,-0.0008769905839471903
2247,17.528297493997176,-18.869197719955274,20.441830145529366,4,-213.0570986730395,-48.99209125812684,74.67083437770775,-123.66292622523163,-48.99211342168803,2.216356119078e-5
2248,20.9936179281284,-5.14417948438863,-14.069470648013441,4,-151.93332255748382,-1756.7291421096206,-1120.517186783315,-636.2119521721863,-1756.7292575275073,0.00011541788671820541
2249,54.62379348603462,-69.81069771371016,-19.97621292899175,4,-101.63344505929798,244.49863620972687,203.4824010868824,41.0162351756727,244.49816877957397,0.0004674301528950764
2250,-15.299609885434094,10.774784059078868,1.351316607740915,1,-500.0000000000794,47.440948598914225,16.88127239920563,30.559676540996367,47.44093958733829,9.011575933470795e-6
2251,-48.33358384852209,-44.1412722383333,49.082466137127184,2,-155.73325389137966,212.71368187081194,114.9070909745135,97.80659359813029,212.71299536349844,0.0006865073135031707
2252,32.493117432476666,3.2668809744236396,-17.103502604766142,4,-129.79632026866534,-1544.1475159833624,-877.3744501585649,-666.7730673938316,-1544.1475928784673,7.689510493946727e-5
2253,0.7457265657706318,57.26448068498838,-39.679028702304734,4,-430.2486380682407,-2629.3352385347534,-2623.777652596362,-5.557587168383936,-2629.3353368970484,9.836229492066195e-5
2254,83.29193661765446,-33.88412485952631,-27.083721278241317,4,-75.54072278581137,9.646188118726606,-62.30645431898898,71.95264149985074,9.646158413257147,2.9705469458463085e-5
2255,-24.734117910869692,37.16945201443095,-0.09654597723430447,2,-333.8952800177268,-250.4366384991847,-339.42482769598035,88.98818780082325,-250.43786038463614,0.0012218854514287614
2256,3.703059413670515,-7.1948282676418085,49.61922412074096,1,-500.0000000000794,-0.43508913783217024,-85.39788810318365,84.96280437499443,-0.43518998941640524,0.00010085158423500662
2257,50.55844336846591,63.132893989296235,-21.571559988703243,4,-111.22924705969145,206.14399413757184,146.13342832192552,60.0105643249833,206.14385166062203,0.00014247694980440428
2258,-24.74232490203898,-11.74890713148396,-13.498957923991107,2,-433.52968476287083,137.41893026714806,-1.5938744204777655,139.0128051294395,137.4189363613896,-6.094241541632073e-6
2259,-43.29819396118642,5.80027483336902,-6.814837061729932,2,-82.64718884193734,109.50074670526031,1.2498537778779701,108.25089326862744,109.49727097155572,0.0034757337045903114
2260,13.590890849199514,5.250874945045725,27.672261430009925,4,-238.55406918318667,-20.14463063645609,91.32044829204358,-111.46507881284506,-20.144634055572393,3.419116303859937e-6
2261,-0.7084863015999464,-9.712349989961888,-14.877596042743573,4,-197.33940612912096,-3098.2776912485415,-2544.092150980445,-554.1855393061413,-3098.2773370842065,-0.00035416433502177824
2262,55.02994112121084,-26.553818117446944,-76.19141266495863,4,-88.84674040030526,-3414.0976645396804,-3457.318120166495,43.22045714265577,-3414.0933204031753,-0.004344136505096685
2263,-25.5328244274796,-11.09587702756477,-58.78004220742409,4,-145.37192982738583,-14637.079839208238,-15016.775941705047,379.69616434751185,-14637.08015313069,0.00031392245182360057
2264,-19.33691798278522,-2.4087419641038714,20.42843613310103,2,-359.31637174112603,8.680942529908544,-16.68943658378546,25.37037914134201,8.680911356723465,3.117318507861455e-5
2265,-97.32114651287243,7.237239883861064,-16.6950308671974,2,-33.48268114201425,126.6668012909496,1.5056356277726795,125.16116607520021,126.68306558260481,-0.016264291655204488
2266,10.246611971438664,-2.373279531922849,1.3899027111840072,4,-201.99848664209443,-1227.8018214052327,-601.0633075603489,-626.738515276052,-1227.801858838085,3.7432852423080476e-5
2267,12.272104407036629,14.445427165428498,52.2359018668254,4,-267.56191783900886,106.74283903959142,-17.847766787473027,124.59060265620795,106.74275533300565,8.370658576950518e-5
2268,26.93929903905498,15.059485232951317,56.808842914527204,4,-154.19716981885014,82.62565431989523,158.92114354281205,-76.2954877696561,82.6256912326929,-3.691279766826483e-5
2269,37.223407281215216,-38.13007590664655,-49.28876682149792,4,-158.86655683920705,324.8393651602393,190.2167768920599,134.62259049692187,324.83941714781145,-5.1987572135203663e-5
2270,82.899159718635,37.227515131369195,18.313789845997448,4,-73.90724459718214,-74.12879341095066,32.22195497805212,-106.35074789431312,-74.12888169033086,8.827938019351222e-5
2271,3.8155245869994427,26.030297240473782,0.6751362805158837,4,-303.03628981034166,-604.6753927961668,-245.19925624635277,-359.47613541110167,-604.6753340522947,-5.8743872045852186e-5
2272,-41.005009522586235,18.679300668969606,-6.692095944274318,2,-85.44833563868887,96.32525693854461,2.577530123998982,93.74772664840964,96.32467379020399,0.0005831483406240068
2273,-60.459354924698964,70.20983642879416,12.4169434390073,4,-350.8000142817863,-5566.925167280188,-5508.746402257376,-58.17876374184147,-5566.939063499841,0.013896219652451691
2274,-14.941045332435175,5.234471211986604,-1.2295460190070147,4,-405.46642983383117,-1213.9189991479182,-621.7265957973755,-592.1924069646916,-1213.9189626580765,-3.648984170467884e-5
2275,4.07700190911302,36.128246137684,-56.05736477543382,1,-500.0000000000794,374.81767527234956,169.88326185296845,204.93441324054012,374.8173595205834,0.00031575176615206146
2276,33.623190461912884,-48.80378908565247,-17.57416158504843,4,-166.672253991806,92.76500388274381,120.91331651584333,-28.148312046757606,92.76482649657095,0.0001773861728651127
2277,-0.9248617326288889,-2.488485506633324,0.9398650991536364,4,-248.41605299021074,-1374.975469764418,-739.5328707106321,-635.4425993173006,-1374.9753763380932,-9.342632483821944e-5
2278,74.88641705925349,23.551015073534224,-60.692594771701636,4,-75.69820333104929,-824.2867289299022,-774.017811998185,-50.268915208325865,-824.2873131448381,0.0005842149358841198
2279,-7.972096818830375,-27.725461917077943,-27.30542912995093,2,-419.5823395027673,218.56757106085917,17.653552852148366,200.9140172212387,218.56747242833728,9.863252188324623e-5
2280,-27.15896109564868,-56.938791755143654,8.134040339080228,4,-394.3213375648024,-7698.488289330213,-7716.965704060858,18.47742181641451,-7698.486807404326,-0.0014819258867646568
2281,64.66934363100806,59.68377564994476,-27.4616138051845,4,-91.44727796334286,201.75315012839897,80.86062750649448,120.89252376012537,201.75311651715396,3.361124501566337e-5
2282,16.082534553928298,48.28026764684203,-41.186515023935854,4,-314.4836391187468,342.86467286592097,146.94005051838093,195.92462146206694,342.86438253886337,0.00029032705759846067
2283,36.069382390281916,-85.78952232138924,12.310272688435454,4,-121.35280602090907,243.51627726524777,316.2733410576841,-72.7570606848801,243.51529424629203,0.00098301895573627
2284,-11.653257565727602,0.003031355795240549,-23.605191507677986,4,-192.835869179908,-6427.802772751067,-6002.865410922833,-424.9373624694138,-6427.798040878917,-0.004731872149932315
2285,25.673867858510896,16.909175793855344,35.92415467349514,4,-164.2382871628266,49.03600617317972,154.12772469245772,-105.09171865430895,49.03598947138833,1.670179138812955e-5
2286,13.160456466899731,-1.3528808805468848,8.720071241112752,4,-210.8539478603638,-803.4393763593089,-283.3297082292801,-520.1096679219191,-803.4393552214033,-2.1137905605428386e-5
2287,4.270392178244392,-4.559115735161827,-0.46183717497269955,4,-218.79339208195594,-1397.7240519210268,-758.8503395161649,-638.8737116012222,-1397.72407858685,2.6665823270377587e-5
2288,-21.271193123231612,-45.64488151524907,48.01233002884896,4,-470.95608507877927,-5716.821247746074,-5772.551331907337,55.730096331957114,-5716.8200832157545,-0.0011645303193290601
2289,25.192374020315842,17.06953917425793,19.724919624572657,4,-174.98479774863304,-173.5391459475633,26.025635765128833,-199.5647814113087,-173.53916185023883,1.590267552842306e-5
2290,9.4725035311568,5.505147401732925,-37.85428211257251,4,-142.70793871651406,-7053.50360087482,-6713.4690441073035,-340.0345439663061,-7053.4992935793925,-0.004307295427679492
2291,61.621430880804745,-5.415459141820332,15.075511737621156,4,-96.06657663229676,-459.9265575533425,-37.37745739685685,-422.54910040926006,-459.9265142319272,-4.332141531904199e-5
2292,65.34595378147927,35.25202873021513,-45.865267272845614,4,-90.79911383821847,18.961631513011945,-104.99343393987418,123.9550692056341,18.96136745034781,0.0002640626641330357
2293,-19.59907308293355,-55.95321498456475,42.3824225242027,4,-403.4104369607072,-7375.152215812799,-7364.908782227056,-10.243454943197815,-7375.1524451671,0.0002293543011546717
2294,-18.678983020244996,-11.709222050998848,13.593761095971114,1,-500.0000000000794,104.12846528902953,29.724967992341025,74.40349887146913,104.1284812776314,-1.598860185936246e-5
2295,31.847745027162357,33.5870561762743,22.259173432284992,4,-151.74055299233729,-28.450431336816866,90.35079227402363,-118.80122456993958,-28.45055246374577,0.00012112692890298149
2296,64.40336989418529,11.036915106310104,5.350325499509579,4,-92.63568516185862,-592.6626627102868,-111.23665755603079,-481.4260041562146,-592.6625600426988,-0.00010266758795296482
2297,-10.372425838535351,-73.56915448021435,15.84994930090602,4,-340.9957534643615,-7811.0996502412145,-7749.885139223129,-61.21450366198767,-7811.092642913145,-0.007007328069448704
2298,-14.03232425218215,-8.350355356627354,-41.0327086370758,4,-162.62134890201082,-13232.47515344258,-13210.290122525335,-22.185032687872447,-13232.469210974956,-0.005942467623754055
2299,-3.396842312322411,-11.065323589761348,45.475921547311295,1,-500.0000000000794,46.29123413953591,1.3468107581670044,44.944425287175854,46.29120541207267,2.8727463238453765e-5
2300,10.54499133111103,86.47215502432293,17.785634231318515,4,-218.72873213592572,617.4554737427464,606.1929359849737,11.262532630073395,617.4552516372604,0.00022210548604562064
2301,2.1558479043125085,-1.5748009132972811,1.873210233085943,4,-236.74797092291456,-1294.9279696090284,-670.5255584172386,-624.4024130012705,-1294.9280303489538,6.0739925402231165e-5
2302,-7.353670910961128,-38.30639637565948,-14.991900568365336,1,-500.0000000000794,237.62984595101406,240.17153327545023,-2.541686316068553,237.62966807143846,0.0001778795756024465
2303,-3.9287474823421946,0.8482425319733031,-4.10585292375379,4,-234.99417706105447,-1793.5176076301927,-1117.720607955519,-675.7969995141113,-1793.5177931031042,0.000185472911425677
2304,-78.21818772189619,18.776169026842034,10.554823666690806,2,-43.885020086536414,83.69022768680831,1.1124429527613733,82.57778450128434,83.69053655495425,-0.0003088681459360032
2305,18.889102575778956,3.533340958126146,-27.225729846328097,4,-142.18917217994132,-3073.5262955683847,-2542.1265504651165,-531.3997490001668,-3073.525150648817,-0.0011449195676505042
2306,18.230155566540745,-54.57833466272589,-50.96058321671329,4,-297.13771205441617,336.91938685352216,114.79944456924541,222.11994433135428,336.9191900485305,0.00019680499167407106
2307,6.091778403557889,8.207528783687984,6.747033719121148,4,-241.40389159015288,-935.0703195221158,-396.33717390163986,-538.7331423498842,-935.0703265241023,7.001986432442209e-6
2308,-33.893155838843796,-85.07261850470422,-23.579394973272368,4,-334.46583035275125,-6795.7275239031,-6735.182968379019,-60.5445845454569,-6795.727478214614,-4.568848544295179e-5
2309,-0.011617999977617404,-0.18350733414061135,0.03131041845680439,4,-237.63343722321406,-1450.3187941900674,-803.2843891689739,-647.0344053159632,-1450.3186516046378,-0.00014258542955758458
2310,86.79731939437329,23.851801025954607,-17.085213678370554,4,-72.17322914197747,-434.1409657397965,-156.42167103503164,-277.7192934323664,-434.1408689755294,-9.676426714122499e-5
2311,-15.929545505743816,-8.348910791910477,-13.308322834325686,4,-252.35991556008005,-2547.7032643622315,-1827.1112202562092,-720.5920411936553,-2547.7030169707036,-0.000247391527864238
2312,40.97646160660584,-49.04317829318636,70.13431494983385,4,-101.5174264602012,519.9402408747624,578.0610461596796,-58.1208045215165,519.9402189870992,2.1887663137931668e-5
2313,5.610985161954683,-0.6534193330907279,-7.654976498060652,4,-193.42804121615254,-1876.5740121237673,-1231.3804009821524,-645.1936120239636,-1876.5737825150316,-0.0002296087357080978
2314,-7.571689479327235,24.230527847214294,-22.68638445260031,4,-293.9416240387518,-7944.075109622748,-7845.481725314422,-98.59340332239555,-7944.072460256659,-0.0026493660889173043
2315,-0.7680445714587532,-12.641384501242598,-17.129676738349108,4,-197.22263985437564,-3702.703730535797,-3205.262466863857,-497.44124357777787,-3702.700811809026,-0.0029187267709858133
2316,61.80843404390745,15.489844853434668,-24.211116925722724,4,-92.59668125754214,-977.7248699568113,-477.4009226459827,-500.32394693498765,-977.7247562436728,-0.0001137131384894019
2317,9.538843642742437,61.43242974097467,-10.833204158838273,4,-270.6083451606062,365.687074491507,334.0652256398538,31.62184447337048,365.6870585248035,1.5966703529102233e-5
2318,-23.938980194806707,-3.0262451521664686,30.511414506618653,2,-273.88142098756913,-8.454260121141616,-31.6282692956631,23.174009907918414,-8.454031034779025,-0.0002290863625908912
2319,48.49811855717865,-0.8895788732468785,-59.4466123348784,4,-91.60327050660617,-2817.791618879189,-2272.1789932785623,-545.6126349353391,-2817.792794921317,0.001176042128008703
2320,3.732678209530685,-1.1442501034641674,-2.8863518267828914,4,-211.5103477849653,-1583.5046665850643,-929.7114142412344,-653.7932537267977,-1583.504629852126,-3.673293826977897e-5
2321,-9.565639542186464,89.93171803121122,-4.559333257024088,4,-349.0259961342186,-8235.425832063327,-8183.874618399024,-51.55121176179617,-8235.424109122716,-0.0017229406112164725
2322,13.4117411373596,43.57432575122391,10.717885923773144,4,-232.70623570480547,148.92542880660963,174.47953727775388,-25.554109819900507,148.9252788481272,0.0001499584824387057
2323,4.329618871462764,53.78329732662029,-3.7286542245133973,4,-327.4058087181942,83.84581609989367,-0.5782115672143672,84.42403075295886,83.84529261457924,0.0005234853144315821
2324,-9.553223113698172,-16.36446166746005,25.768361753482083,1,-500.0000000000794,48.63972934750181,6.582813233752069,42.0569169627651,48.63977545367117,-4.610616935707412e-5
2325,8.018996179996579,-3.9173977953434123,-7.914758308140078,4,-187.4673109778509,-1827.4145964841618,-1181.70498812036,-645.7096087555475,-1827.4144419054278,-0.0001545787340546667
2326,-22.349035254444257,-2.7649873740779776,-26.920526999245226,4,-202.65965602136077,-6951.102718920237,-6473.584492909663,-477.5182021341949,-6951.099243827153,-0.00347509308357985
2327,-18.964533067057555,-35.914180729882276,-1.5599918188301203,2,-353.9580900487402,-176.30910632686272,-296.83307736542486,120.52396804407907,-176.31006090772397,0.0009545808612472229
2328,-17.316438757491543,-2.988605431103514,24.238793573441278,2,-351.5540359070008,7.6638219508314895,-15.61380618342769,23.277628342328626,7.663853730643138,-3.1779811648036116e-5
2329,26.17859892736189,9.253703454745214,94.59430697100574,4,-161.98462948157902,-195.42166583932627,-164.75573074026792,-30.665925771669848,-195.4213424450646,-0.0003233942616702734
2330,4.54323765633518,-1.677473236639035,-3.758635630552167,4,-206.420888130894,-1623.3869497107182,-970.2392742405898,-653.1476760052827,-1623.3868537289252,-9.598179303793586e-5
2331,-46.670186459279726,-82.51211895957918,-6.206431322216289,4,-329.81961677518007,-6588.193047905189,-6446.806980072869,-141.3860900754448,-6588.192493928799,-0.0005539763897104422
2332,31.115420479662223,-16.159641568604787,21.85221499983506,4,-155.03649986969964,-159.4543748858147,53.83321488529402,-213.2875898786187,-159.4543881344818,1.3248667102061518e-5
2333,-16.74202591377978,17.979444753102847,-15.144364289076279,4,-319.3472349289338,-2029.4294738825529,-1467.536344634006,-561.893130684524,-2029.4299874798828,0.0005135973299275065
2334,-6.380145650743252,0.47889247512230204,5.995659241628421,4,-369.5541724281235,-856.3504648941959,-390.3929524626951,-465.9575109489556,-856.3504700159644,5.121768595017784e-6
2335,-0.8203821450284452,-3.7814522628207277,-1.3134559538399555,4,-236.41782316821514,-1515.2165116841213,-864.24465082026,-650.9718616007955,-1515.2163796643456,-0.0001320197757195274
2336,46.73816398136981,10.173265279572647,-22.455854373496738,4,-109.024773476742,-1332.6401684293887,-697.030943256884,-635.6092215853041,-1332.639977284456,-0.00019114493261440657
2337,-51.14044113908036,-3.2722427216484884,-40.415737718890526,4,-405.42025725422616,-14474.36744429154,-14837.62109578771,363.2536280256097,-14474.386584924252,0.019140632712151273
2338,-6.151867174854723,-11.502526773900202,8.97329076953974,1,-500.0000000000794,-45.28810659888629,-5.442503917557346,-39.845602753166794,-45.288114793277884,8.194391597271533e-6
2339,-6.239367227095917,5.388535746564041,11.374698735152384,1,-500.0000000000794,-88.80474759186723,-13.182229099101267,-75.62251871858884,-88.8047521875269,4.595659675032948e-6
2340,-20.218081702457194,-35.485672980155165,2.4319530534060823,2,-318.5424899698218,-232.4541352404482,-272.5031134758301,40.04898004340468,-232.4544997041906,0.0003644637423860786
2341,5.644224278179779,-48.67529947385151,-18.210459739417825,4,-390.71647421919295,130.02279433690413,-2.4923262049076853,132.51512341599062,130.02255904863682,0.00023528826730512264
2342,36.70827375287568,49.503665962998255,-30.516190892814677,4,-158.0763540169144,172.437219774123,102.88542108229906,69.55179721162604,172.43682983309014,0.0003899410328642716
2343,5.822917846568548,0.5681176296263788,7.665533350156329,4,-245.61111518202992,-892.879321491218,-365.89807974418767,-526.981239880254,-892.8792918556929,-2.9635525038429478e-5
2344,-65.5165714928948,-0.8579662138407684,-21.588708324307806,2,-51.505440851459916,162.99245495249343,0.44797575427964387,162.5444787809392,162.99136991881133,0.001085033682102221
2345,-0.2673125128019635,0.5385999018525186,-0.3538951642075077,4,-236.6464837395444,-1483.7557858762054,-832.5236985736057,-651.2320878303019,-1483.7558961979148,0.00011032170937141927
2346,-41.18634872954608,-10.112083855368672,21.950009462746134,1,-500.0000000000794,276.68422595500374,233.3212821614039,43.3629440799144,276.6844878675517,-0.00026191254795548957
2347,-0.7917063238846076,-0.04849280300886241,-0.2839221808183384,4,-239.77815544510284,-1480.79596788969,-829.8340593196717,-650.9619090322909,-1480.7958093657758,-0.00015852391425141832
2348,-0.269646048885561,-0.3398572116004426,-0.049053376485691996,4,-238.5483424050798,-1457.4310556647408,-809.5176663401605,-647.9133896449861,-1457.4311709790575,0.00011531431664479896
2349,34.608192596294785,-71.27709283605657,28.396565298042844,4,-123.5228915137172,283.2600619412357,371.32871175715223,-88.06865044246194,283.25929105990036,0.0007708813353133337
2350,-0.7311939313916053,6.357935585071196,-6.8994096958326185,4,-214.21297782350638,-1924.668914079342,-1264.2961832209512,-660.3727297959302,-1924.668989828892,7.574955020572816e-5
2351,-3.874537607597524,-13.806061433718275,-17.810808815216042,4,-204.87958965212724,-4236.2658980575625,-3759.1491719563055,-477.116719310532,-4236.262916929349,-0.0029811282138325623
2352,6.2937456490533945,-2.3260661547774784,-20.068404313319864,4,-170.00467383397816,-3563.371562635065,-3043.5926060001693,-519.7789435922434,-3563.371293182742,-0.0002694523227546597
2353,5.097569548794524,-0.7698957338002347,15.886241157284307,4,-312.6073685270992,-225.53003812135805,-16.334176523133486,-209.19586178425,-225.53003623638796,-1.8849700893497356e-6
2354,-36.900629230616495,3.330998364138185,-3.538670113622878,2,-104.24836946741692,99.84711255994566,-0.22675676334902822,100.07386945972556,99.84551113650276,0.0016014234428922691
2355,43.664437662557155,-17.455549800065004,4.884182333196854,4,-124.80283372839776,-621.9058580962857,-149.6213963198565,-472.28446103469565,-621.9058027634031,-5.533288253900537e-5
2356,-40.25985403211026,-3.3324176394245963,11.498931916645311,2,-104.84284189369,57.70368737884284,-0.22473936382089982,57.9284266415205,57.7036726876962,1.4691146638767805e-5
2357,-24.47238893646211,-21.52328721781377,-1.6153139532283276,2,-198.73701997697503,80.59867014324627,-0.20692428169620072,80.80559424015985,80.59858497784036,8.51654059061957e-5
2358,-1.61352389424828,-0.5873688910032834,-5.705085109365123,4,-220.02508721548315,-1887.0429984106872,-1222.6123197351633,-664.4306793180854,-1887.0425536043417,-0.00044480634551291587
2359,-90.29489956395147,-6.423334817997681,10.152597074138516,2,-37.01803588497531,80.0295395679982,-1.386816786324884,81.41635608507825,80.02093573364942,0.008603834348775763
2360,-55.95949125204514,24.510130034214065,-65.65900274609659,2,-76.99679404501788,293.41387063287027,-24.738842548177033,318.15271199040717,293.4131705501328,0.0007000827374668006
2361,6.683910778345285,-15.167372995748162,-9.328672702319425,4,-201.67310183537057,-1825.2123133751827,-1245.1583740663807,-580.0539366004474,-1825.2119990979843,-0.0003142771984130377
2362,-56.74074404449502,-11.039934088288913,68.2302629358743,2,-138.84746671646874,-13.89908550658136,-69.98411611511493,56.08502496808784,-13.897684014458534,-0.0014014921228255872
2363,94.87105664058055,-2.1037927415281867,-4.9118160371588235,4,-67.05296172242132,-720.0006819403809,-144.4626869844914,-575.5379947619518,-720.000541501925,-0.0001404384559009486
2364,-1.0079688412493655,4.3636924808114393e-5,-0.589255035166226,4,-239.24693240674765,-1504.529080051483,-850.7348862876831,-653.7941946649396,-1504.529179116103,9.906461991704418e-5
2365,-9.442946870728438,31.16716455122191,-38.52581395869102,2,-224.44909695461348,234.1948414064354,42.66618990299912,191.52865213019618,234.1938644962428,0.0009769101925769519
2366,30.2103284362938,9.845002085942681,50.52288060571038,4,-141.381920587979,173.7201690938943,264.72231887615953,-91.00215070340393,173.72020931195033,-4.021805602860695e-5
2367,58.08925307885839,14.094203770701943,2.968115205688588,4,-100.38025513776061,-623.9141330605099,-140.47600393282963,-483.4381282642975,-623.9140603131814,-7.274732854511967e-5
2368,45.89706199498052,-7.909516322443349,-18.94533392922797,4,-110.73159096842544,-1316.7725857422686,-643.9374579780413,-672.8351280370392,-1316.7724148959087,-0.00017084635987885122
2369,-40.56556582916537,34.487945252649105,-2.015289682985414,2,-100.0657564553754,117.31637838344918,8.244645954781213,109.07173211774342,117.31671998959013,-0.00034160614094957964
2370,-0.09071091780113817,-1.0305576004591026,-1.1527717680965353,4,-232.70230163298342,-1526.0365174042354,-871.4938848088033,-654.5426339422556,-1526.036636637828,0.00011923359261345468
2371,-37.8205066330315,34.15496005702794,1.6263884942949547,2,-115.36076830865856,126.5409235915497,8.409065781115658,118.13185763858934,126.54090274971975,2.0841829950768442e-5
2372,-40.48395641471384,-26.969114139123697,-41.8334895586968,2,-86.32844988472175,172.1081514342137,2.6717784589904015,169.4363717054921,172.10844443883073,-0.0002930046170206424
2373,3.073334078457975,5.951008896173707,7.87525292675725,4,-266.82588172625947,-859.8903520296703,-358.88734231804324,-501.00300851095807,-859.8903109270224,-4.1102647969637474e-5
2374,-76.3166580615888,-43.81878663661001,4.835580398646778,2,-49.96283140938272,104.0370697465944,0.165051363187688,103.87201800490286,104.03460847634602,0.002461270248375058
2375,12.800788115104218,-87.458609122862,-31.513919028704738,4,-252.0312839946497,721.5178005271548,688.4233555846693,33.09444386615227,721.517386529079,0.0004139980758282036
2376,59.42401981547982,-19.020277655684858,-11.802779554965472,4,-98.8424658448901,-761.0258757041565,-290.0810333747332,-470.9448434379836,-761.0257500998094,-0.00012560434709030233
2377,38.92271991145896,43.76607947196442,-4.7547003990984695,4,-143.13678749159826,28.548045260268115,55.439023280172236,-26.890978852173546,28.54781173378734,0.00023352648077334948
2378,9.305074595437812,-11.623657562900219,8.833882447471339,4,-242.337677575334,-657.9111605557564,-215.1863659328379,-442.72479478756014,-657.9111217734478,-3.878230859299947e-5
2379,-22.048164353346145,1.8384838232043208,37.65330051289368,2,-262.49935804196883,0.7070722225520113,-19.0756394762907,19.7827124011916,0.7071082235387028,-3.600098669154228e-5
2380,-13.954128038489412,-4.527482453542119,-40.236412037043415,4,-161.5070131014988,-12379.692668302303,-12288.943927665949,-90.74876474208989,-12379.689167655575,-0.0035006467278435593
2381,23.236402660260435,-16.995665703350767,-89.64992922566681,4,-98.30565413261542,-10013.124177829477,-10161.291463600632,148.16729270720674,-10013.121065451996,-0.0031123774806474103
2382,6.622649099650443,-12.599937323688284,17.48659030227519,4,-311.00015417355513,-86.92054681156087,40.00514150747993,-126.92568811812951,-86.92055702339262,1.0211831749984412e-5
2383,0.8530941261676851,1.851601062233071,4.063456290351346,4,-255.2746030071104,-1168.1860532713263,-575.465419845461,-592.7206350515723,-1168.1859609472515,-9.232407478521054e-5
2384,-52.70756844835087,-8.686540918092454,14.699916412473758,2,-72.68704023969687,66.15229893271173,-1.2994339611020571,67.45173287257722,66.15209087745198,0.0002080552597476526
2385,-19.441855483805078,-74.11484300476798,-44.61766159875219,4,-377.06044459792247,-7713.24420392292,-7613.928296353495,-99.31587204199242,-7713.247048497379,0.002844574459231808
2386,2.261553852662303,38.5040494288486,27.11537391079895,4,-321.2832982445345,212.8936445432904,164.76107365701236,48.13257162430214,212.8935600613398,8.448195060850594e-5
2387,8.000551077683873,-14.456257488623148,-32.05176828282471,4,-158.8218474612106,-7191.358535891387,-6925.069089561759,-266.28945040660386,-7191.353716595239,-0.0048192961476161145
2388,-7.342187808638504,4.145511269538723,16.81094163138872,1,-500.0000000000794,51.15916037641234,-35.90958320848306,87.06874359180156,51.15916265952163,-2.2831092891806293e-6
2389,27.956286170716435,10.97620614926205,-65.3204815025591,4,-105.96127356409743,-7364.733129487293,-7179.746235773533,-184.9869143718396,-7364.728313161771,-0.004816325521460385
2390,-18.621276640681522,34.627262647305805,-27.321490162189086,2,-162.284235840566,186.81704816837365,37.49658599121263,149.32046215185173,186.8179922597702,-0.0009440913965477193
2391,7.167976038400505,-3.3408961084104356,9.21341737111529,4,-247.10341776607913,-766.4528779186248,-278.8311108842176,-487.6217673716848,-766.4528646007581,-1.3317866773832066e-5
2392,11.546890822059586,-3.491050712131965,-33.257033792013395,4,-145.4775164159948,-5663.349847455526,-5262.6337862625705,-400.7160828367167,-5663.345488675707,-0.004358779819085612
2393,12.438134029301322,27.669580756629987,25.983834489856456,4,-236.35824933009457,68.68788605721303,133.29944916459363,-64.61156353987538,68.68785223758591,3.3819627120124096e-5
2394,-36.06298007525421,-20.450122090033883,4.692822965740861,2,-111.81470136852381,96.83713591087148,-1.1509392579510154,97.98807471876829,96.83694638278527,0.00018952808621008899
2395,30.441713205699433,-21.532966759936734,-19.879438837832623,4,-148.02644827947162,-1431.6605367009447,-945.8320341073279,-485.8285062102101,-1431.6603271643348,-0.00020953660987288458
2396,-0.3074002154079636,-5.321225444767109,11.045095797864025,4,-354.79486355988746,-456.37887850083536,-147.38007495415826,-308.99880269645945,-456.3788639798132,-1.4521022137614636e-5
2397,-9.015626431007192,80.84649020962716,33.57057745469417,4,-320.76877482996747,-7231.781155992256,-7162.060365094525,-69.72083142194033,-7231.779640434528,-0.0015155577275436372
2398,48.61208416701902,63.81242683201108,-12.740097510791486,4,-113.24448680181024,182.97174524164865,154.11419822226136,28.857546373847754,182.97104211946152,0.0007031221871329763
2399,8.774575144465798,-8.210798631856068,-8.738848565419323,4,-185.84069392560878,-1843.86677538391,-1202.3286212010858,-641.5381526774515,-1843.8667053599006,-7.002400934652542e-5
2400,-5.25894188318589,5.0710053801918695,-1.878997444072743,4,-254.84216483776876,-1611.373243011481,-949.6859340509525,-661.6873126622747,-1611.3732107769388,-3.223454223189037e-5
2401,2.5592657515922546,0.1912641997238704,-13.030384377466333,4,-189.15378434985328,-2565.474835260476,-1967.9439417538808,-597.5309022368378,-2565.4761887380537,0.0013534775775951857
2402,0.15516435154969935,61.52133392298101,-37.41807517257051,4,-403.51150400606247,-3828.1567837569137,-3817.0020550343465,-11.15473114495561,-3828.156390972467,-0.00039278444683077396
2403,11.073905673051241,1.7719890876955322,14.36261339505402,4,-241.13391455429823,-446.5123142828545,-96.11810278634835,-350.3942105583824,-446.51229372447506,-2.055837944681116e-5
2404,-0.3525303586426962,-0.41542434539466766,1.2895432105963147,4,-246.2424204045677,-1364.027919708973,-729.8795857142783,-634.1483342080916,-1364.0279141296814,-5.579291610047221e-6
2405,4.9081927544976365,-10.651347387911368,-32.16887910987371,4,-158.67290072820416,-7489.867258481494,-7207.571582671608,-282.29569479207703,-7489.863347133919,-0.003911347575012769
2406,39.21959052014947,24.778556714056148,-6.567679220970124,4,-134.9905512993065,-708.5048430945683,-259.9712478724835,-448.53359437922444,-708.5047078820317,-0.00013521253663384414
2407,-8.097611855806532,10.874192293921697,81.65539099450083,4,-401.75047674536467,-10842.323367292724,-10774.570960086141,-67.75243086353734,-10842.321274542277,-0.002092750446536229
2408,-7.285373335964639,-15.800251546354055,-4.812581215029823,4,-298.61955101606355,-1387.1384858606054,-786.5490776304343,-600.5894084372081,-1387.1383216543127,-0.00016420629276581167
2409,4.381117555953326,-4.262086375571021,-5.579447819730008,4,-202.57274081339222,-1739.143139249969,-1090.3681146089286,-648.7750249599877,-1739.1429099239342,-0.00022932603474146163
2410,-52.77733542291028,-9.033275015551956,70.12720605683833,2,-140.5733654368361,-34.00600494246746,-91.4291601735546,57.42314279406762,-34.012517389671935,0.006512447204471528
2411,-14.383209335717613,24.424225494879984,0.8157611768448951,1,-500.0000000000794,22.321510944591616,3.3377419094696275,18.983769040267394,22.321453846307495,5.7098284120371545e-5
2412,-61.779550942709,7.651659718022753,24.366696607622746,2,-64.07663721711394,52.2571748273841,2.34807211344883,49.90910242852491,52.25712149988998,5.3327494114796536e-5
2413,-28.422619372452306,-49.232376725277916,-46.09098717749961,2,-130.45877533634422,236.54675894338018,97.92338149969156,138.6233761307632,236.54670534653883,5.3596841354419666e-5
2414,57.650294514914,6.075765027014429,-4.663348821295859,4,-99.22064457104108,-881.4582663252322,-262.287609290575,-619.1706586679225,-881.4581391443298,-0.00012718090238195146
2415,8.155896703269551,-5.797889148164499,-9.123579947715783,4,-185.06082040363017,-1914.160150629461,-1271.8624071526765,-642.2977433448409,-1914.1600997124167,-5.091704429105448e-5
2416,-66.32042190043049,-25.34772210637412,-15.112185440039887,2,-50.08368938640359,88.38209259725954,0.3452779698538983,88.03681436903857,88.3820953146322,-2.717372652227823e-6
2417,-10.29148189150834,13.948437324328971,12.65438819860443,1,-500.0000000000794,62.60684231618652,-5.128245916202278,67.73508851253784,62.606828460104545,1.38560819777922e-5
2418,-40.03667905265995,39.20024300610528,46.75781438949983,2,-176.52940632649867,207.70508102051525,148.370368070098,59.334705807399985,207.70463766143112,0.0004433590841301793
2419,8.233097764417112,-15.059976174648536,32.74043169269571,4,-333.8309633507621,51.47340848658299,-50.01279552887826,101.48620277067316,51.473365150706776,4.3335876213745905e-5
2420,27.022353256812448,-9.068065650462517,-21.66929181415961,4,-136.74877343338923,-1919.231616129122,-1316.2755419605999,-602.956072092957,-1919.2322779047192,0.0006617755973366002
2421,-17.503790407924313,-19.283920850199095,-24.207759767036773,4,-259.57147958535285,-7704.313521845901,-7379.485323574364,-324.828194665718,-7704.309742445508,-0.0037794003928866005
2422,-52.206038642822136,-6.455874643915871,-63.95325571725779,4,-141.36635949744692,-14839.755204424378,-15398.883051373192,559.1278365266138,-14839.751938906174,-0.003265518203988904
2423,-43.99666845538744,37.79645511763501,64.64255495854917,2,-151.6095201725113,147.0972887017677,35.32099405291514,111.77629888604173,147.0974833810837,-0.00019467931599592703
2424,40.22761760149313,-38.72543885306281,-2.181569433776948,4,-141.1762663442105,-41.25692216203155,30.790847892651705,-72.04777174994638,-41.25698806565276,6.59036212127262e-5
2425,-11.021880624766613,39.95525195172168,37.517276763592236,4,-491.7087496391328,-4472.136941639379,-4455.006956405192,-17.129966579992978,-4472.13496592541,-0.0019757139689318137
2426,4.731917851941559,14.313494881921182,-52.08041947970782,4,-135.16180851049586,-11765.84994718521,-11676.401163181643,-89.44872172382757,-11765.843805829256,-0.00614135595424159
2427,19.781702286580025,-7.179928019972202,-96.9100164854692,4,-90.74634367941218,-11631.100172813723,-11606.213780034976,-24.886396975116067,-11631.097400988043,-0.002771825680611073
2428,10.38625819416523,5.791546248347982,-3.2498858405769253,4,-190.1592063844022,-1447.7635780382082,-800.7281801077831,-647.0353992809786,-1447.763550828519,-2.7209689051233e-5
2429,-9.966370552848279,-15.538138888964445,35.190003770320246,1,-500.0000000000794,97.70476775396467,108.14566027260298,-10.44089525212805,97.7048762962781,-0.00010854231342705134
2430,20.91611209466029,-52.05123931569761,54.69658812679146,4,-182.2035472251145,19.901930981991907,-71.30933748496179,91.21127117329712,19.90174953685903,0.00018144513287765562
2431,-27.978131292332776,-1.4188778705375114,24.199164774073548,2,-275.7459826994471,24.21298495821183,13.003314000962897,11.209668727940878,24.212489963747654,0.0004949944641765569
2432,-1.9071147845109648,52.66165591803195,-11.295626037920766,4,-468.72554668084825,-107.75147960608076,-149.91825577588935,42.166778983104244,-107.75175754772009,0.00027794163932526317
2433,1.4376118084772613,-17.044650339432415,-7.082746055103694,4,-232.5965456962995,-1566.4769281869808,-1040.6693086237456,-525.8076186265487,-1566.4771881176118,0.0002599306310457905
2434,-1.2222410408604374,-2.891433397837841,-4.598781949479848,4,-223.5104602599074,-1769.028316028572,-1108.1189756596777,-660.9093411531354,-1769.028082127341,-0.00023390123101307836
2435,20.642320460801514,-26.816064093669322,-78.28753184559913,4,-116.248739311556,-6955.483504141856,-7103.997633432014,148.51411377432336,-6955.482473214653,-0.001030927203828469
2436,33.34902968370826,-11.278681408861251,-16.17363627939108,4,-131.79120331596815,-1429.4807511962556,-805.9940716268212,-623.4866832170446,-1429.4807151765654,-3.6019690242028446e-5
2437,-56.53470602937353,-30.210018384792598,-8.099329780830406,2,-61.56491457445658,100.86401494866328,-0.8588089320503773,101.72282334039325,100.86270309438923,0.001311854274050006
2438,-1.2980204311132655,-0.7194439836596235,1.9638385681933457,4,-256.21464928926093,-1318.4519351607416,-693.6077858924996,-624.8441506591539,-1318.4518766491096,-5.851163200532028e-5
2439,-0.35749476430854565,8.160580366908226,-13.080685296859182,4,-198.70191925470323,-2573.5274380798924,-1971.970424690898,-601.5570213281123,-2573.5286586088237,0.0012205289312987588
2440,50.83989079414527,70.12981479652042,42.98976771850853,4,-91.44915173090767,394.67276023578813,472.77330289273453,-78.10054117754494,394.6727282354077,3.200038042905362e-5
2441,35.20470698423904,39.421008773381516,-11.272596098492174,4,-159.25815600938165,-2.675491671027261,17.52610165487663,-20.20159364099191,-2.6755460494521577,5.437842489675049e-5
2442,-0.7175193657523362,17.39088229282289,9.273544134943018,4,-367.6778596345047,-287.63814796110216,-109.58021888185466,-178.05792814484238,-287.6381300334086,-1.7927693590991112e-5
2443,31.957105577463526,-2.1782045559181946,50.479838199369325,4,-136.90940102380696,175.4729883816966,273.03511186884293,-97.56212380453645,175.47303111038525,-4.272868864063639e-5
2444,6.051293218853765,-52.56313932124053,29.08936279282087,4,-268.02996019700095,397.504648889902,370.6562542305007,26.84839679728572,397.50448030463787,0.00016858526413443542
2445,-15.423831893753146,-9.71892032116621,27.4819327359107,1,-500.0000000000794,107.30261614116519,-17.42655965054682,124.72917659786565,107.3027739190426,-0.00015777787740489657
2446,-18.964389981491475,-20.964855786737697,-34.21238236708819,2,-180.20514288948414,194.02039608295317,1.112169624099161,192.90822556555372,194.0203211825986,7.490035457635713e-5
2447,-41.33395473063559,44.30443345079844,-39.60501618679268,2,-92.70218947056132,188.68557599576545,16.696365319267418,171.98921106948035,188.68531421064793,0.0002617851175159558
2448,-12.89963387685759,10.952007704887652,7.681738045327082,1,-500.0000000000794,55.37518835459337,28.308039513480857,27.067148214726313,55.375182407577086,5.947016283869289e-6
2449,-10.816015406725578,-19.46370773447613,-0.11997384030481902,1,-500.0000000000794,52.391215055837506,40.827432505419054,11.563782004826768,52.39118766057096,2.7395266549490316e-5
2450,-13.214538693264718,-47.32044359686594,-1.790716063668783,1,-500.0000000000794,-176.78619954270542,-216.42582499442554,39.639623291064034,-176.7866802077655,0.00048066506008126453
2451,47.22069433991878,-3.4418283913309313,-13.473336058588963,4,-110.66367729659582,-1168.271324010458,-503.94215833549214,-664.3291641343744,-1168.2712320657909,-9.194466724693484e-5
2452,-9.98877361286964,-19.027632607689828,-12.528407327890438,4,-288.7783386165478,-1939.8902235665666,-1339.3049966528984,-600.5852286986249,-1939.8897840782918,-0.0004394882748783857
2453,2.661247344245459,-4.041856437067567,3.3628915955115493,4,-243.1082436718436,-1169.8993386314519,-570.6220690405592,-599.2772718931922,-1169.8993213217966,-1.7309655277131242e-5
2454,-10.151762868500818,73.28616314307355,65.29738935626871,4,-271.77728313693996,-3431.9904444839917,-3374.938041985735,-57.052358549699086,-3431.989765701256,-0.000678782735576533
2455,-7.681206224661471,9.366946804475127,14.803593841060776,1,-500.0000000000794,46.89555440110093,-6.8932994850145555,53.788853862383434,46.89554461700271,9.784098217835435e-6
2456,48.35818460643288,49.60428171463965,6.944732947152467,4,-114.94294005063408,59.30353582123802,84.88099521764363,-25.577458930064527,59.30341119717013,0.0001246240678938193
2457,35.480543864959934,25.848650868653554,15.320429661889355,4,-144.19126323920915,-252.25556372493338,9.307605322322209,-261.5631686159521,-252.25560287742022,3.9152486834836964e-5
2458,-3.8319416670233277,-4.981322531569895,5.225549531294749,4,-317.5061809065162,-984.7041766028423,-462.5147326363664,-522.189440307684,-984.7041571639681,-1.9438874119259708e-5
2459,-0.8954585108340329,-9.102746423032716,28.68722711784415,1,-500.0000000000794,139.3141353601589,-64.11835530962219,203.4324916186713,139.31410022188751,3.513827138590386e-5
2460,0.7115294761878751,24.963048556941626,46.203441182308474,4,-432.02660060594235,17.026804580417718,-93.30399485566565,110.3308003599193,17.026817748194258,-1.3167776540257137e-5
2461,-1.5400593282777146,19.343131237672825,-10.892196453018036,4,-236.7430777722124,-1915.0696746291487,-1385.1919652396477,-529.8777056253872,-1915.069972991176,0.00029836202725164185
2462,-10.19498523403687,26.61524001740504,-32.34786358005885,2,-341.0119419621826,211.9474504135839,18.000004706370195,193.94744862145492,211.9474722063676,-2.1792783684304595e-5
2463,-47.220103341959465,11.445146342940095,-44.21084385824811,2,-127.64203259037187,300.5024033344695,-26.587748247218002,327.0901510705233,300.50148148499,0.0009218494794822618
2464,-42.81412128109789,-34.79773818765894,-8.244164727932286,2,-88.98714021999415,123.19417281892069,1.4408019709483855,121.7533708967563,123.19337180892559,0.0008010099951007987
2465,45.526836854596034,-42.87792487842296,-53.04951519110017,4,-126.18508201008714,329.9283404703875,230.4311687759973,99.49717326879868,329.9284058582457,-6.538785817156167e-5
2466,-40.50499600515972,-21.826175945985266,-24.214365910708946,2,-81.76336631788435,111.76835185488197,3.507604648996966,108.26074658945919,111.76832482110737,2.7033774600226934e-5
2467,-49.124634472879286,-52.755168030061775,27.49865748838137,2,-166.49355626067202,335.81254719601225,249.18164480533235,86.63089801323976,335.8067705179861,0.005776678026165882
2468,-39.76403209356658,38.11341502226636,-19.580905732047608,2,-90.47491072748848,132.55861504158386,7.894077615972004,124.66453794857647,132.5582397996424,0.0003752419414695396
2469,1.8742838965522775,-0.7624736048801004,-0.3801916825356985,4,-227.4604819718445,-1452.2057642616192,-805.5478264884362,-646.6579379833018,-1452.2056968105928,-6.745102632521593e-5
2470,10.336550433965797,-10.07695231671766,-4.875608859509213,4,-191.94650465021198,-1517.7074753575089,-884.0169586561325,-633.6905190572276,-1517.7075310558766,5.5698367759760004e-5
2471,2.731543996684801,6.972287597927608,-8.832437004106492,4,-199.49122057396266,-1997.2911287573304,-1347.385607807917,-649.9055217876833,-1997.291185610525,5.685319456461002e-5
2472,21.324632099999697,35.12984489549226,8.459273539473841,4,-201.35926636879574,-17.975792418974557,24.4226799676577,-42.3984725967301,-17.97590209276613,0.00010967379157378332
2473,52.34055332288697,38.163398808413426,32.614542150136785,4,-103.07606509422435,9.432114680708393,127.92446344832504,-118.49234935444295,9.431937192706284,0.00017748800210881654
2474,74.2119320087794,-37.925480491049484,-27.970162233789754,4,-84.08256070402724,129.3233257973237,-7.446588460626263,136.76991308038356,129.32327977199088,4.60253328071758e-5
2475,-6.08468753665017,2.723554016412815,23.694338694647573,1,-500.0000000000794,-431.59756026878335,-269.7642961407598,-161.8332623869141,-431.5975473418061,-1.2926977262850414e-5
2476,57.681553223364766,-3.1926997412564835,78.8614469919175,4,-82.50430984240198,447.3439442018974,536.5102215629702,-89.16627870800936,447.34429107660856,-0.0003468747111696757
2477,-10.262127403325625,-11.022986042619909,5.511190697315316,1,-500.0000000000794,19.660625731936946,29.663910440731765,-10.003284863648798,19.660618874499214,6.857437732321614e-6
2478,-25.770310266492032,87.63894582531864,6.1272962542051514,4,-342.50706939950334,-7295.952214487934,-7412.023516756653,116.07129324779878,-7295.952377440228,0.0001629522939765593
2479,2.4845861154206004,1.7349763349424627,49.30505940196547,1,-500.0000000000794,252.82382063652344,-3.9595928872727155,256.78341897439924,252.82387004032205,-4.940379861295696e-5
2480,15.672253598405433,3.205710841995671,-16.903360189294478,4,-157.68962052781922,-2170.1750286147976,-1564.562879982081,-605.6121535628673,-2170.174991533485,-3.70813127119618e-5
2481,28.241416682402196,-81.00653946758429,28.726147854544994,4,-145.29323750411814,-36.3088847575553,49.94912867721675,-86.25801491981215,-36.30931296281916,0.0004282052638657774
2482,25.400019626658242,-36.03258661236177,53.18606931439703,4,-160.14861953476338,75.67285803043616,125.12297989579773,-49.4501183638116,75.67273253785247,0.0001254925836917664
2483,-4.409682260826688,-3.447979783179481,-2.355193884838118,4,-248.47743156375395,-1625.411516341259,-954.4961970959824,-670.9153198661245,-1625.4112368370427,-0.0002795042162233585
2484,5.684008183297308,21.59595897963393,-71.08219243022442,4,-129.58884810976824,-10420.30823243604,-10654.88806158727,234.5798331113663,-10420.305326839398,-0.0029055966424493818
2485,1.5710049164680047,54.066378649881585,-36.41608638081436,4,-491.03419398776396,-801.3270221456227,-823.9518303128834,22.62480659895697,-801.326452700256,-0.0005694453666365007
2486,39.84696356799037,-4.980683203176257,5.3200993016274225,4,-129.21326197329745,-756.0350299326451,-207.72749918011758,-548.307530544464,-756.0349800569666,-4.9875678541866364e-5
2487,-55.47428246502434,9.99842386809815,48.08788243693954,2,-155.63822588719725,-65.43714836633725,-127.42025362177408,61.98310839091208,-65.43590270231294,-0.0012456640243101447
2488,-69.52430371499794,-60.508090931599696,34.0214650322392,4,-271.11836875228613,-8475.920162557546,-8583.677339030639,107.75719977083607,-8475.614397329211,-0.30576522833507624
2489,-19.03535872759286,-2.147879639940202,-15.798506889810167,4,-243.95982102463324,-2892.0788892494006,-2154.8787006248126,-737.2001964035326,-2892.0787778511653,-0.00011139823527628323
2490,-0.04258327295280858,0.0074997777547434995,0.002740500593688843,4,-237.55900945604537,-1453.8098789597123,-806.2887025044598,-647.5211767559537,-1453.8098355059399,-4.345377237768844e-5
2491,-43.171886068207684,75.07217548102172,-9.841194422186032,4,-355.49855944480674,-9058.712751399877,-9020.821932434072,-37.89080692920113,-9058.72177080533,0.009019405453727813
2492,10.311038873140602,-20.2041376725046,34.94901211110957,4,-288.9217591285911,35.18015322350623,-44.17475576247424,79.35490860060278,35.18011752296414,3.570054209234286e-5
2493,-25.056913679835496,-59.14772022100742,-23.889006641895794,4,-401.3770562036174,-7794.7649992742945,-7764.8613102660065,-29.90367440549873,-7794.764713690311,-0.00028558398389577633
2494,69.64580602146367,-31.89208867611153,3.213874518842165,4,-88.47287198824091,-122.27955850020932,-12.643687056877031,-109.63587231117882,-122.27956063816995,2.137960635195668e-6
2495,-48.3651502085337,-20.6552731510636,-28.248740511132247,2,-69.31680809321895,124.86138792129047,4.377318915634819,120.484068461417,124.86137504104956,1.2880240916501862e-5
2496,-2.014266308139017,45.6724462634705,-43.6259530967329,2,-415.16961107553294,336.4956577193861,311.3647328213098,25.130922770121774,336.49560294314136,5.477624472405296e-5
2497,-40.62222288329802,6.202167075201141,66.41208247198561,2,-158.98027350291977,-28.62603826143751,-68.62818848228761,40.00214596111074,-28.625130155436494,-0.0009081060010167619
2498,14.839660753410614,44.60871829168118,-0.801940430783022,4,-244.1511389667687,109.50365713214985,84.89443930506484,24.60921666516636,109.50369064367614,-3.351152628283671e-5
2499,-9.502986331564083,-3.8287415421643645,3.8580403190527197,4,-411.0443438927597,-906.4835048568964,-435.4737567589702,-471.00974524418393,-906.4834962671167,-8.58977966800012e-6
2500,39.92692569577427,-16.350141417122376,-33.63898866026229,4,-116.5519310233519,-1818.0527856673132,-1348.2634939094262,-469.78929183682055,-1818.0531520286736,0.00036636136042034195
2501,34.6196739748451,-21.92243100547555,-20.796621464138408,4,-140.42629177367556,-1232.6386218538273,-824.8743068709459,-407.7643153973956,-1232.6384606217343,-0.00016123209297802532
2502,-19.530953750892643,-10.812596158387507,-10.391915897937535,4,-352.50447335578076,-1611.6185915245928,-858.1533805279648,-753.465213847383,-1611.6186090270571,1.750246428855462e-5
2503,-24.21223959459405,46.48364035903527,-63.43997837566283,2,-146.17304464562577,269.658234467036,173.58145548881882,96.07678230796655,269.6571710123006,0.0010634547354015922
2504,-3.3635631429575596,1.6852322927499548,0.9739814029309946,4,-261.2968553029918,-1410.3756879212483,-771.6511064275887,-638.7245806023158,-1410.3758016060904,0.00011368484206286666
2505,-6.736563942496062,-1.6803026957159863,-2.596535552899529,4,-259.34704854983465,-1671.2705690904254,-988.7482342983776,-682.5223364402746,-1671.2707139965958,0.00014490617036244657
2506,-2.8815343825402224,-17.5371468741799,7.69393769936307,4,-454.8717042475681,-288.633299461294,-98.23756906621892,-190.39572954012135,-288.6333058283298,6.367035837229196e-6
2507,13.284249364164639,-22.651353358191745,13.202914409323597,4,-242.81031231671113,-100.88624350163987,36.191299763503935,-137.07754410331054,-100.88626887390468,2.5372264815359813e-5
2508,-64.37765550855023,-61.49921438092319,34.89689887617742,4,-273.1360449578531,-7800.622102604521,-8041.555809197066,240.93374483170487,-7800.623570412172,0.0014678076504424098
2509,21.12803566594386,-50.493967279486775,-57.625007114713604,4,-276.29230709386144,69.36713351462762,-122.4967984541268,191.86393341397792,69.36649431773398,0.0006391968936441117
2510,43.73086943838112,84.0242474802676,-22.168551260924648,4,-113.36895819099517,388.5241005281262,385.69339514663346,2.8307025829562122,388.52325669354184,0.0008438345843728712
2511,-13.754599126462148,-4.8076432041486274,-10.190042070370476,4,-251.9657855669772,-2271.32355683231,-1543.0355021049008,-728.2880567915106,-2271.323185905025,-0.0003709272846208478
2512,-0.8238750525641378,3.555353644727254,12.334057536640637,4,-373.8877953331056,-365.40283647781433,-107.44968610948713,-257.9531507681448,-365.40281865895184,-1.7818862488638842e-5
2513,-11.499531581154734,4.822363755006001,16.831506087600683,1,-500.0000000000794,46.69116351770625,7.604450158716706,39.08671262476912,46.69116957782958,-6.060123325823952e-6
2514,-47.615367533904006,3.1167740947040774,38.487382851246146,2,-182.60452853995972,198.61680138173742,196.68217047714225,1.934629515137189,198.61782090089812,-0.00101951916070675
2515,4.315162167460918,-0.1539737242645483,4.275056889219647,4,-237.02434272326164,-1128.0877473744217,-535.3696647919423,-592.7180839316637,-1128.0876544739674,-9.290045431953331e-5
2516,35.757446499897114,-24.360284163607414,2.11555417667268,4,-145.32959415445782,-565.9824722992248,-156.49760106698207,-409.4848707270782,-565.9824669689142,-5.330310614226619e-6
2517,-32.36165523059806,15.042784361826516,47.09337200023898,2,-206.37832088510677,63.13095308304693,42.412386603827315,20.71856542129697,63.13118364002271,-0.0002305569757794501
2518,16.13808230530129,24.732862014192982,6.961728926104097,4,-216.1632284822019,-306.5637842301551,-107.3573610361783,-199.20642228676596,-306.56379449045926,1.0260304179610102e-5
2519,48.909986374755334,49.47047635424775,-49.9401647904384,4,-116.64521307256685,314.2794558599524,212.57935435161048,101.70010314385338,314.2795194777368,-6.361778440577837e-5
2520,-48.948440343067766,8.98575053218612,-50.84909583088291,2,-124.6087989357254,454.6957431621919,-41.933621682194165,496.62936476217106,454.6949370488639,0.000806113327996627
2521,-6.2090135159242985,23.406875731800053,84.25282537056637,4,-368.6216038482092,-9521.363177378875,-9491.211634432348,-30.151524816625884,-9521.361930278052,-0.0012471008230932057
2522,36.51079491495446,38.06731615907656,-37.58060090364646,4,-162.76393448659468,230.68956391091723,65.03095606371912,165.65860908329645,230.6893205384293,0.00024337248791539423
2523,11.218846423370593,18.985512870057573,2.3073369858626243,4,-217.83770435446402,-868.5788781056543,-406.67874674002866,-461.90013103401515,-868.5788273353818,-5.0770272537192795e-5
2524,46.300529005159596,74.87098672545173,-7.390460391393924,4,-110.35976232147446,285.58286723119085,294.688222020322,-9.105357923955722,285.58252417905567,0.00034305213517882294
2525,-0.17081158480395478,2.5351029058184458,6.593988304296239,4,-283.1020574095116,-956.3960114217093,-431.1230711201377,-525.2729375650022,-956.3960067373292,-4.684380087383033e-6
2526,-0.14732347112550703,84.09545877326373,12.280722933126793,4,-325.81993728656795,-2584.8037352764727,-2557.0951867378512,-27.708533507671778,-2584.8034632763324,-0.0002720001402849448
2527,-53.46637943667275,18.976861732031033,72.76158407278629,2,-136.91993318833073,-2.7574345061437633,-62.13167920550725,59.37424924066464,-2.761048069866147,0.003613563722383528
2528,-8.874293020411358,43.1779829917632,71.92795341321037,4,-366.4126388562148,-9433.07793118975,-9417.126684723155,-15.95124446625686,-9433.07353942591,-0.004391763839521445
2529,-61.648682333537266,14.97706985662375,15.839203819101286,2,-59.55647604445477,77.47191502710821,0.8307782777765532,76.64113637305111,77.47062135827333,0.0012936688348759162
2530,-29.5420560088867,14.234077416039586,-13.595842810033655,2,-143.83817428134742,108.96016262111199,2.1152353295236215,106.84492715499461,108.96025074838843,-8.812727644169627e-5
2531,32.38526261261038,-12.904753437700977,44.74882624891168,4,-137.85307796486276,119.58753305632257,227.15887177385707,-107.57133773486608,119.58755070380239,-1.7647479822358036e-5
2532,0.4349923341305196,0.7116308036088569,1.532281184136002,4,-242.81754367635867,-1347.3815368187784,-715.6053120620121,-631.7762252986146,-1347.381428706332,-0.00010811244646902196
2533,0.9353604393915055,1.4932204638528312,-0.9857045448219621,4,-228.03173629612374,-1516.1519421753048,-861.5384121306673,-654.613531403183,-1516.1517976492294,-0.00014452607547355
2534,18.914907921917667,-52.70765519292283,22.530921856518265,4,-191.53101485994813,154.77677837319933,193.7648637814821,-38.98808343547362,154.7763791280563,0.00039924514302924763
2535,31.329550496651507,-57.41675927285264,-10.260663141467054,4,-163.91463330975614,125.51957675385711,192.8230417152519,-67.30346422547423,125.51898059781026,0.0005961560468534799
2536,9.721308545317948,-28.00465805830838,11.752514272882548,4,-278.54619079112445,1.516705571917484,86.44255158622349,-84.92584565103327,1.5166470509149237,5.852100256031889e-5
2537,3.270766673819949,20.43005365020647,-19.957106195478968,4,-208.5776547140334,-4223.616054719332,-4029.82458826922,-193.79145486199516,-4223.613105856035,-0.002948863297206117
2538,14.596960850091374,-19.183250328868166,-72.71028690603421,4,-119.67012643473474,-10196.139390083454,-10386.080769118335,189.94135028311865,-10196.137431384703,-0.001958698750968324
2539,-7.66459104089653,3.0772178021405607,3.29685592503947,4,-331.7452389475425,-1143.3384235177389,-572.9508322164211,-570.387592895759,-1143.3384437900577,2.0272318806746625e-5
2540,64.88905835690417,3.6481703400800067,-67.57088039846492,4,-77.44928821432556,-2116.378940276056,-1513.9121730059944,-602.4667676561563,-2116.381042568666,0.002102292610288714
2541,-18.13235106247842,-21.460825539124187,-16.747004840301788,2,-251.47474107655984,120.14864899016433,-4.298215339797185,124.44686352557932,120.14841208037014,0.00023690979419654923
2542,75.24381638123586,39.65111030805526,-16.337227740949647,4,-82.5235455612678,82.55594523140724,-5.445858094970298,88.00180530369899,82.55596018916731,-1.4957760072320525e-5
2543,20.556775834354642,5.312122259544612,22.777001110604058,4,-194.34588732874207,-147.4676295200637,54.00663051173548,-201.4742602564167,-147.46763397141942,4.451355721357686e-6
2544,-11.503682549394759,-22.662547309830998,9.34447336583592,1,-500.0000000000794,112.6244874865836,68.6574730250524,43.96701494202902,112.62444747690986,4.0009673739405116e-5
2545,-40.17717004142198,20.70703983010359,62.07083580000083,2,-163.93431664965112,26.76664732013936,-8.565261673108862,35.33190972786014,26.765744746183938,0.0009025739554218148
2546,-8.661439801076304,-75.93149620755666,20.759211219164488,4,-331.5576907453623,-7085.239918417407,-7018.699231040663,-66.54070539441727,-7085.238671938582,-0.0012464788251236314
2547,63.609295355589055,-51.36589487254085,10.150175062400832,4,-92.01671619280015,64.05655752127979,64.82220153902814,-0.7656445745112521,64.05630528748253,0.00025223379725503037
2548,10.05931849783285,-12.109553857095907,38.813873181823475,4,-313.02185527274116,69.23823995346011,-51.29089496741747,120.52913369592781,69.23826023254948,-2.0279089369523717e-5
2549,-6.567838166844112,55.16814897050209,58.28996677519836,4,-352.6130372294343,-7259.338043977838,-7243.560472045624,-15.777592576011259,-7259.336229446642,-0.0018145311960324761
2550,-1.3303679216773592,-53.41627109450882,-31.30886051088494,1,-500.0000000000794,-2507.371056206128,-2504.098092430692,-3.272971905770864,-2507.371751626254,0.0006954201262487913
2551,-63.628608942326046,46.638442814698664,59.95869682408601,4,-282.4793830473803,-7142.211283931732,-7370.277044525897,228.06578064073187,-7142.203189655989,-0.00809427574313304
2552,-56.52192900556674,29.1496166839649,41.19592735979709,2,-161.46984235759214,108.44063232435722,-101.63097623575958,210.07160404628564,108.43890257052901,0.0017297538282150526
2553,-14.317697258856045,17.37454638213197,8.155219256756235,1,-500.0000000000794,8.423578526066192,-11.827881148559422,20.251460967021746,8.423543770075636,3.475599055668965e-5
2554,30.72158324419292,-49.02295411919068,-24.77100257713564,4,-184.45541228049441,92.50756445356627,131.11563644673356,-38.608071983427294,92.50715021579836,0.00041423776791305045
2555,-11.783040876658973,-81.08387525846963,45.59784082742407,4,-297.30204221961543,-7317.684059554847,-7233.839764418282,-83.84434077435459,-7317.682195245238,-0.0018643096091182088
2556,5.913787088544569,12.533676707076074,-47.68796995380046,4,-137.94691163032226,-10476.767598349134,-10301.479076712041,-175.2885024862515,-10476.766995152133,-0.0006031970006006304
2557,9.91600983356846,-10.082495937423387,0.3859035915150687,4,-206.09447472945038,-1216.83465322501,-606.6973251325246,-610.1373283264151,-1216.8346528013647,-4.236453605699353e-7
2558,22.106006733901626,74.18143223785118,34.927877158250894,4,-171.25083311195982,-57.379395501807814,-85.29385094398836,27.914453686889395,-57.38028682713404,0.0008913253262292642
2559,16.817088931942386,-0.6728228371873617,-59.616898778551054,4,-115.34731887328404,-8936.943812323278,-8684.067272242739,-252.8764954162198,-8936.941183693898,-0.002628629379614722
2560,36.573216673683916,75.04203865022528,1.3347778710444642,4,-128.37361268556634,251.02116135955544,310.23884103625784,-59.21767899075356,251.0206054197674,0.0005559397880290362
2561,-33.91907546401336,4.2042290530434645,33.09044831051961,1,-500.0000000000794,270.2315394721827,178.09677836552694,92.1347629533606,270.2317179682802,-0.0001784960974759997
2562,12.990389016859131,75.6627491995046,-1.580938143290446,4,-228.9727259531754,350.01324004256,322.44866955908617,27.564567469892324,350.01256619545194,0.000673847108089376
2563,-5.0694114639052295,-85.02152513114021,20.710677227530887,4,-323.00955537192056,-5554.283964872085,-5490.117083671812,-64.1668724931255,-5554.283141006281,-0.0008238658037953428
2564,-63.321394573274475,-27.426213337675797,7.167335471147431,2,-56.743107519620196,89.8795185919162,-0.647619378892364,90.52713768442963,89.87904616184542,0.00047243007077213406
2565,-16.688938944314405,-16.602235534749518,19.402107406034094,2,-365.6734323406888,9.514785148124556,-19.424894092026022,28.939678788281398,9.514829114049059,-4.396592450284231e-5
2566,-12.395706312349668,54.93790616248527,-43.299550892676876,1,-500.0000000000794,-3764.0669498298757,-3709.607744982479,-54.45920831587584,-3764.067469227234,0.0005193973584027844
2567,-46.88727677315213,-26.366495057743784,0.3773553933251727,2,-78.22863404607942,98.86607601489692,-0.21560928370317373,99.08168486961473,98.86748202351944,-0.0014060086225242685
2568,24.285512033118405,0.16035136578130818,-9.097349135462075,4,-150.08598647481358,-1445.123571364826,-784.6168029219315,-660.5067676772413,-1445.1234861199023,-8.524492363903846e-5
2569,87.91511102809477,12.812430432766867,-27.064330771173083,4,-70.24934829280383,-852.427283593943,-320.3194792910682,-532.1078051049088,-852.4271278596368,-0.00015573430619042483
2570,26.11832365184082,-13.65249562148635,39.54662993808485,4,-160.98988559501134,88.41205624925782,192.67455153913204,-104.26249452698242,88.41206567954816,-9.430290347722803e-6
2571,27.465205629645677,-37.91645792252944,20.698483078991742,4,-165.30449551335153,35.524852651444895,111.02762035216561,-75.50276824218699,35.52466985952569,0.000182791919208114
2572,26.589085438567466,-10.568587239256239,29.91505272222213,4,-165.93154441913074,-42.43906008950795,104.24203624238594,-146.68109637291823,-42.43906819080973,8.101301780527592e-6
2573,-36.184666058314896,44.60721362019237,74.67006318899685,4,-278.52203349653496,-4292.173832599588,-4080.667100213381,-211.50670336759612,-4292.171608552519,-0.0022240470698307035
2574,38.03712278220258,10.466768740240056,1.5965414346317983,4,-131.58610815147074,-843.4592566379432,-266.4525628999778,-577.0066951718383,-843.4591985741646,-5.8063778624273255e-5
2575,-0.6134760646980089,-31.556961786688763,9.88253276833931,1,-500.0000000000794,103.0254498511347,71.94004506049362,31.08540446013816,103.02538179222,6.805891469241487e-5
2576,41.781475703191376,24.09018184592222,-63.92771997707903,4,-106.45604862961447,-4351.634701893197,-4403.0467982938535,51.41209806787697,-4351.6325390398315,-0.002162853365916817
2577,-33.473133738394836,24.779436216940233,-41.35980268541535,2,-104.06410288333623,217.03649714969075,4.883768416550925,212.15272828386586,217.03633123407204,0.00016591561870882288
2578,-17.56455838221618,-84.48705097591308,-35.72473671803603,4,-350.9797501070408,-5010.361015212465,-4981.992108826503,-28.368915491024048,-5010.360267751246,-0.0007474612184523721
2579,3.6960759900659617,-88.34966983600802,-15.521987507230406,4,-329.65356826170364,-902.066965077053,-921.6801512303651,19.613201981113775,-902.0680809213555,0.001115844302489677
2580,2.1870520841066385,0.14302625944670094,3.0046827894549226,4,-241.6922815245586,-1229.3422006815738,-617.783100954695,-611.5591019581218,-1229.3422109789735,1.0297399740011315e-5
2581,7.124192893730566,-31.792839103742796,7.349505263497253,4,-313.8187455662699,24.123795405367346,99.9372284190501,-75.81343285154759,24.123726929640824,6.847572652191047e-5
2582,6.047635935430152,0.9447778035035647,-2.6401164132750186,4,-204.07658611701197,-1531.9309922854159,-878.7043123838332,-653.226681394259,-1531.9308104226714,-0.00018186274451181816
2583,-10.112316525278228,45.5756332050764,13.67929061426661,4,-452.3784842953874,-4931.012026287833,-4925.583452280891,-5.428586769729173,-4931.01062399905,-0.0014022887826286023
2584,32.86645379530707,6.888428669797448,-44.15094309198844,4,-113.3045065706999,-3286.4272145412433,-2783.614149220274,-502.81306434566903,-3286.4281240129603,0.000909471717022825
2585,-50.603770502190876,41.7040129661268,-12.720844824296295,2,-74.60097734029729,118.77647028993692,5.49737919609946,113.27909083943594,118.77582289154468,0.0006473983922461457
2586,4.014380433692268,-1.4510756667905582,-8.797829242955967,4,-195.0866579323933,-2023.2015509018834,-1386.1562697307945,-637.0452830606249,-2023.2015403364678,-1.0565415550445323e-5
2587,73.93711719646372,-3.551549922376903,52.888395049624364,4,-76.92963528631445,-54.38987442737652,126.318386125077,-180.7082603034144,-54.389921047693804,4.662031728486227e-5
2588,30.28028345034238,-13.64047983816817,3.25440604822562,4,-151.75478097509878,-768.9779626090495,-262.9377078626154,-506.04025395969745,-768.9779158160071,-4.6793042429271736e-5
2589,-2.900813525822509,-0.889232313410155,1.1318550488169339,4,-260.84779415607824,-1384.9133333863583,-748.2960907264999,-636.6172425004135,-1384.9134147115851,8.13252268017095e-5
2590,-20.45155742217806,-10.579873737959476,-21.442402437377634,4,-230.56736946363165,-4708.729917784671,-4092.0839118231816,-616.6460205822873,-4708.726134373206,-0.0037834114646102535
2591,40.370283371492825,30.52177118294972,41.082046347133996,4,-120.30520055624835,73.92943924285777,183.5453635226193,-109.61592460553076,73.9293490388921,9.020396566938871e-5
2592,19.550687592081335,14.74235091987583,28.063574844182146,4,-196.60885668734474,-8.93086816234758,101.02789339166162,-109.95876186297964,-8.93088830887274,2.0146525161024442e-5
2593,-2.274448813022597,36.44079808485898,-26.036559408312527,1,-500.0000000000794,242.86014953878555,66.8118318460505,176.04832092396316,242.86014406785202,5.470933530205002e-6
2594,-1.6593299043070093,-2.6681974099106025,-0.1876024606321823,4,-245.96939461691426,-1458.288336086205,-810.5419886330585,-647.7463479767234,-1458.2882258438367,-0.00011024236823686806
2595,2.4970609195583577,55.48703516264939,-63.37986598405021,4,-327.1588397683102,-4599.663825432082,-4557.705587905789,-41.95824049389999,-4599.661538032742,-0.0022873993402754422
2596,2.5826871137235123,3.812009602586065,-13.457960857326501,4,-187.75332799093673,-2566.4938896253084,-1963.1744388502882,-603.31946035734,-2566.494847690824,0.0009580655155332352
2597,-29.97661068411586,-10.755515547757872,7.274261106143627,2,-172.38512220115229,54.65207786376582,0.6988754747349377,53.95320225289348,54.65207717394212,6.898237003838403e-7
2598,41.50527461529511,-38.705827788721216,-59.88167416333094,4,-127.65390089942458,39.55529245712909,-25.099240864271447,64.65453515750822,39.555505780801546,-0.00021332367245463502
2599,-77.23913075159186,58.70602263285229,-12.271345915512487,2,-52.80743085402655,121.71617949719518,3.5272304224288713,118.18894857155212,121.71577760627068,0.00040189092450759745
2600,25.348091348358174,30.37659640089384,7.9424182902906955,4,-180.8661919635611,-219.2272166965324,-32.73664333241021,-186.49057308150694,-219.22729157726585,7.488073345029989e-5
2601,27.966407582759132,42.063290102002554,52.57978332093575,4,-144.40238489626705,155.35491605639788,219.33653238249354,-63.98161364207267,155.3548075203765,0.00010853602137217422
2602,74.71691426528093,40.902987592472904,28.263252231742086,4,-78.90734499858783,-23.11128664864916,69.9060891393731,-93.01737542254658,-23.111468896978458,0.00018224832929902846
2603,-65.24447774265933,-36.07944924928561,9.129283353087823,2,-59.036161863526885,96.93888329186574,0.12138925049971484,96.81749377350917,96.9376888894915,0.0011944023742387344
2604,-4.709308637897767,2.272651679403711,-1.512762189262059,4,-252.41054517802093,-1604.8311323627806,-938.8317524968094,-665.9993829746951,-1604.8310329347894,-9.942799124473822e-5
2605,9.787757076675188,27.88409899552128,7.5564034360645715,4,-270.1534957567255,-73.12675519391956,10.77669851502853,-83.90345475652825,-73.12684702611466,9.183219509623086e-5
2606,37.66090872245132,-14.658488120116177,-82.13679507710248,4,-93.07041439586229,-7094.947896325954,-7076.958001117,-17.989893345244486,-7094.944825442882,-0.003070883072723518
2607,23.700212863228007,-7.368729313613691,76.79057426319001,4,-182.88236629306135,-178.21473027030902,-124.57306947730022,-53.641666032578094,-178.21473662356064,6.3532516207942535e-6
2608,4.802133464463195,35.94085955502586,4.875426900196366,4,-341.21641757444206,45.20970913970309,113.57672806277078,-68.36701948542117,45.20959283108124,0.00011630862184830448
2609,10.282554901757223,10.0502529074591,-10.532176053581866,4,-180.97073182088351,-1791.1062945218846,-1210.0675712867155,-581.038721994961,-1791.106189915205,-0.00010460667954248493
2610,-18.37149779985842,-35.145340860568425,64.0688485004563,4,-442.2002790853141,-7652.201913294331,-7658.1869610846325,5.98502726306231,-7652.201535533695,-0.00037776063527417136
2611,-9.844749217770751,11.67178051121653,-29.873707555339006,4,-183.3212021353324,-8759.971408960088,-8515.076263365416,-244.89511184653992,-8759.966852783455,-0.004556176632831921
2612,-2.300477443647206,9.67778866595703,-5.536801472241092,4,-228.90239760554593,-1768.214366092618,-1125.3275695621267,-642.8867933733352,-1768.214856415012,0.000490322393943643
2613,21.761533743880864,10.317972197998738,7.049425979166289,4,-176.05253794417686,-771.8578167339901,-257.4508603168723,-514.406957642794,-771.85778081741,-3.591658014556742e-5
2614,-17.59911879592704,-37.183056542206025,-30.47909853698336,2,-162.30915632151647,184.30466228234758,68.3329720442071,115.97168963188983,184.30414666428985,0.000515618057733036
2615,47.31623456321203,28.860978786884267,-17.812471695474965,4,-121.74004831975942,-132.41453140479956,-136.70183597302895,4.287305591305489,-132.41455333985476,2.193505520153849e-5
2616,63.800392824419674,-22.090844454063564,5.981109776700749,4,-94.64155229441094,-409.22552162367066,-64.53295524752959,-344.6925655042241,-409.2254636044036,-5.8019267044073786e-5
2617,-10.01435167503777,-65.17206287530036,6.9607620174680624,4,-382.9812396319845,-7245.502885617784,-7195.649541285692,-49.85333447187022,-7245.500480609422,-0.002405008362075023
2618,29.451752681783752,-73.97509254175144,-38.58199330448924,4,-188.063137996722,34.733650026578694,108.2630912610841,-73.5294415580647,34.73328673451898,0.00036329205971696865
2619,-2.1779139791121693,-13.030416171109138,-3.449873368175756,4,-253.3455038567103,-1385.0903533430107,-842.2872701065603,-542.8030805941563,-1385.0904337365732,8.039356248445984e-5
2620,-11.11879726630195,47.230377442312005,-12.730790996009336,1,-500.0000000000794,205.8734983273813,380.90712126087243,-175.0336244926761,205.8735477181008,-4.939071951071128e-5
2621,-12.892205150269273,-23.289141723377664,-73.92110365593517,4,-154.6097120382433,-6580.167317547788,-6808.976009186387,228.80870904553765,-6580.166396409713,-0.0009211380747728981
2622,-19.581389500060524,51.212638662963535,44.8305642500414,4,-422.2232095701443,-6695.402489496157,-6689.981026601407,-5.42147975287856,-6695.401560942062,-0.0009285540945711546
2623,-10.767174612090187,-55.30470230758159,49.943015133366316,4,-382.2783958804816,-8411.189922221582,-8369.857707972771,-41.33219204472732,-8411.189043176539,-0.0008790450428932672
2624,9.098792130299977,41.05761935148792,-12.802196082795708,4,-328.1074716649194,128.69319014712738,109.12713309247172,19.56605646493602,128.6930051140677,0.00018503305969375106
2625,16.32869734672639,17.525702584872118,58.37873976616787,4,-228.12397569983673,78.26648880448688,-62.92128868620482,141.18777787787036,78.2663829386091,0.00010586587778504963
2626,3.120694620177997,21.164791300728034,-76.25144747267947,4,-124.01908714564065,-10932.501466878626,-11197.096033450702,264.5945592023446,-10932.501349259339,-0.00011761928726627957
2627,88.04038651172304,-37.97110370859825,28.333382480678832,4,-69.39484516612774,-57.277252158888324,64.92145498583791,-122.19870758203376,-57.27741201208673,0.0001598531984043916
2628,-14.826093257508221,-9.5211972838347,-13.83823315707782,4,-246.86491356018942,-2706.18691369029,-2016.2791350514897,-689.907784137058,-2706.185883404053,-0.001030286236982647
2629,-14.900257026404427,16.45882499667506,0.19748694271093814,1,-500.0000000000794,69.34469543056902,40.660504167448856,28.68419133087662,69.34466566178564,2.9768783377903674e-5
2630,72.32635178028407,-9.618391085690634,54.36852607812329,4,-77.71644610703159,-35.48658342869578,135.8045648691981,-171.29114803105466,-35.486629267049345,4.583835356442023e-5
2631,39.22109461693427,48.604381235718336,-5.473405700817999,4,-140.61957205319908,72.99054672855222,88.15632356145042,-15.165777197685568,72.99020361391945,0.00034311463276992527
2632,-15.288517037628042,11.079762934186842,5.3371490977818175,1,-500.0000000000794,62.7593790463825,23.128086113558624,39.63129288874089,62.75936743299533,1.161338716570981e-5
2633,-7.7146408882145545,17.847500609651345,5.386110592058719,1,-500.0000000000794,-130.24035535022338,-69.78009814937136,-60.46025689276488,-130.2403608638726,5.513649227850692e-6
2634,-2.782859205954027,-27.75650736811278,-25.453635184505927,4,-410.7974632614094,-4787.760704183148,-4613.106397070194,-174.65430237875162,-4787.757778045418,-0.002926137730355549
2635,71.56577426328494,-32.73566177199018,13.396439146629838,4,-85.25851665851262,-114.87861140446005,26.38222576296564,-141.2608377485243,-114.87864607240883,3.4667948781930136e-5
2636,3.773427280433687,-17.89228546313815,13.870204098461011,4,-351.9079925093739,-36.773759477517984,18.949315541785072,-55.72307516268336,-36.77378031223641,2.083471842695417e-5
2637,-4.041913697105229,-8.721685102970005,-0.3929017775378915,4,-269.5002666842293,-1350.5017773781822,-741.4155348566785,-609.0862439953927,-1350.5019220478412,0.00014466965899373463
2638,-8.806443206118603,78.46088652231886,7.070740738994543,4,-347.7105567807625,-7600.466910382324,-7546.634255182569,-53.83265396686205,-7600.464281952512,-0.0026284298128302908
2639,-22.411855085072112,78.74405578262397,-42.69377459888427,4,-390.6957066653171,-5075.17357708772,-4919.360559028174,-155.8129836586709,-5075.176363745038,0.002786657317301433
2640,-6.087800789046467,44.5841267170227,78.8101314810949,4,-324.10267159075204,-6020.0092315096135,-6021.64476038434,1.635475381382625,-6020.009140246879,-9.126273471338209e-5
2641,20.5069986834333,-80.29525850316558,36.60301212836715,4,-175.25008039846279,-67.0754340307218,-131.60516334184004,64.52972855763772,-67.0764787371533,0.0010447064315002308
2642,-33.88154514094792,-14.419489214702258,3.0554850764874253,2,-119.14219287486054,70.73233698844702,-1.171558514778308,71.90389515993199,70.7322592271496,7.776129741898785e-5
2643,14.028539977002342,-6.047570572066197,40.02575229528187,4,-272.2667869486615,-85.17671137573282,-41.08010919250333,-44.09660235368661,-85.17671459690541,3.221172590883725e-6
2644,-60.991072142807816,56.9916501300084,-11.608619252471222,2,-78.58205630527041,162.84048118575288,8.928148671238938,153.9123326602067,162.8402573344708,0.00022385128207247362
2645,24.452069169720147,-50.07561964259182,72.2106071368841,4,-165.82731329558052,-24.992917847176518,-135.63084199704977,110.63792266369377,-24.993076655747114,0.00015880857059613618
2646,74.50556383766124,20.755444082374723,-6.0864994664863525,4,-82.45309400254297,-526.4751706562153,-142.67762053252036,-383.79755021768875,-526.4750696667758,-0.00010098943948833039
2647,46.37035941585321,61.50959978993426,-27.57594359219444,4,-121.12234752390566,226.54804401163122,166.66399314752096,59.884048695729014,226.5475282577701,0.0005157538611229029
2648,25.04619707756518,-21.553777004437983,4.341492409840626,4,-174.35551816910106,-506.46875362060246,-173.56276682970096,-332.90598815788985,-506.4687282899162,-2.5330686241886724e-5
2649,7.184278773280093,78.51511787792933,41.44121151433263,4,-221.05240536023598,920.3796582331586,935.6879548389259,-15.308285073262246,920.3794878287032,0.00017040445538896165
2650,3.086955290680093,8.185609303046956,15.379873620409922,4,-338.6007228186751,-201.38498156276546,-17.609377490637865,-183.77560448997357,-201.38498383387204,2.2711065810199216e-6
2651,67.85978238161067,12.431784750302818,56.75366258832475,4,-80.68353160426993,7.3014481896029935,159.1652499492922,-151.86380170552988,7.301395049519887,5.314008310630669e-5
2652,-16.278328318016648,-66.29606800116719,-38.670547064946305,4,-385.5637469010657,-9281.946037308317,-9285.243763481007,3.297731667967307,-9281.945947054617,-9.025369945447892e-5
2653,52.06080416606778,10.537498867434659,20.34739831588671,4,-108.54765650895197,-336.8768176788961,8.205359223204471,-345.08217605184706,-336.8768065790813,-1.1099814798853913e-5
2654,46.56252986742052,-59.067535159162986,63.13845748300264,4,-93.20958462112034,602.8108330408363,671.5971458503674,-68.7863149923449,602.8109097042864,-7.666345004508912e-5
2655,-49.131213541170496,-65.18998111366164,-34.37155531005643,2,-136.69666632921945,176.17983331162637,72.5818837476554,103.59794930087132,176.1794804765732,0.00035283505317806885
2656,-56.6648958752969,0.8962661666565296,-69.52534949119165,4,-133.4055107422413,-15361.751942741032,-16070.627037883578,708.8751083480191,-15361.736554849238,-0.015387891793579911
2657,29.093088442631267,45.15797271322016,41.184681520024846,4,-142.42715027606047,224.07198423004036,296.9786108851665,-72.90662742980398,224.0718711621856,0.00011306785475539982
2658,-19.00615848723198,14.674159522224805,-46.49822337068137,4,-166.22967878640029,-13999.256688836069,-14228.134151393378,228.87744831739948,-13999.251822561017,-0.0048662750523362774
2659,35.984335545740606,-39.60010971792475,46.492947828810586,4,-123.837858856876,260.36944982859546,340.5387740421941,-80.16932477715639,260.36936571156724,8.411702822286315e-5
2660,45.351011948524096,19.598692217951072,81.72610368678819,4,-94.18151153312617,603.8500351203,665.465749942447,-61.615711076601,603.8504158403106,-0.0003807200105256925
2661,-9.100863764340177,-2.300922134834786,13.291754031741768,1,-500.0000000000794,-4.991504471684309,0.2945003016723551,-5.286005630512213,-4.9915023877352525,-2.083949056874701e-6
2662,5.7309595194947045,-13.04528182111546,6.6239540669263075,4,-260.54915789541536,-749.3779417370158,-285.03690339783725,-464.3410399528262,-749.3779099217487,-3.1815267107049294e-5
2663,-10.54123073566502,46.99544696769322,-40.48855039184802,2,-202.0171470999827,169.86435676832545,187.56218104661687,-17.697822041810998,169.86423638896082,0.00012037936463116239
2664,29.171759103816647,-13.948037772495272,-42.27778867720328,4,-122.3005452487708,-3881.562060614947,-3500.7760575926422,-380.78599828712055,-3881.563065088303,0.0010044733562608599
2665,44.74321143945868,-64.5265514484805,58.72216874791457,4,-95.64579632526852,586.8701024629062,659.6953164631487,-72.82521591901998,586.870190136443,-8.76735367683068e-5
2666,6.058766544114097,-37.1616792998801,-66.92062821025998,4,-290.4392705894806,-8614.834627963004,-8653.757005828593,38.922364230807084,-8614.832658815589,-0.0019691474153660238
2667,1.1511032836563404,-4.0307697114067444,-0.30483035108117973,4,-232.24719896359255,-1424.5929158296867,-784.3653681839824,-640.2275480003016,-1424.593003108739,8.72790521952993e-5
2668,-9.152545835075045,5.607761542666863,1.6537273606727103,4,-332.10716045631585,-1239.7558181383736,-638.2632868860387,-601.4925327962275,-1239.7558127020488,-5.436324727270403e-6
2669,-16.008653283613107,1.1792095990470166,-41.492647873302104,4,-161.17020332353968,-13048.043829918932,-12995.90102397926,-52.14279048810754,-13048.036755134757,-0.007074784174619708
2670,5.4891901805784205,-3.0326602538567085,2.631913305259786,4,-224.96963761444565,-1206.2020735415615,-592.4077970956547,-613.7942787005887,-1206.2019820039886,-9.153757287094777e-5
2671,-32.34635729872509,41.980623684046265,45.77602930476849,4,-474.68314516366564,-6406.757401363615,-6356.993949915267,-49.763438338645884,-6406.754861755094,-0.0025396085211468744
2672,-22.128788507848387,-16.885432055918326,10.898935283307486,2,-488.42381311739666,-54.69711136622609,-124.03837082653276,69.34125750360427,-54.697387107675524,0.00027574144943542933
2673,-51.805128816500115,-61.86501371859934,-28.143593630112864,2,-138.02866727803007,165.3030933211259,35.21031209195305,130.09278115211777,165.30236747818842,0.0007258429374985553
2674,-12.046769045061271,-13.129531289864039,-8.977196801712825,4,-283.5860143832699,-1825.3619760476247,-1133.7493709818948,-691.6125984959834,-1825.361719781213,-0.0002562664117249369
2675,27.18344645735589,48.012526950527395,-13.900815244833188,4,-193.189520852094,33.31009638051113,101.27611668277352,-67.96602083951508,33.30991967472111,0.00017670579002526665
2676,-13.000327454719358,38.85503199163066,-23.642595007780518,2,-434.55184845819406,257.61796900325504,69.41967320200426,188.1982965495096,257.61723296259714,0.0007360406578982293
2677,22.30845037637701,14.022188667241604,14.802594094720058,4,-184.35614553798288,-370.324664044571,-59.59444440536776,-310.7302188635289,-370.324647061374,-1.698319704246387e-5
2678,-36.59670885097035,-54.05968283901091,70.65706507303744,4,-288.40672553216854,-7618.753602950089,-7544.9077184422085,-73.84591424879999,-7618.754814923612,0.0012119735229134676
2679,5.2784768197461025,49.604731137997504,-51.41329811741219,1,-500.0000000000794,419.8498342040249,172.84332476175996,247.0065095991336,419.84929744170296,0.0005367623219285633
2680,44.95028849739963,7.785794307779641,-18.12239067690151,4,-112.16498829808215,-1293.5361315257214,-628.3449610957083,-665.1911668897362,-1293.5359869200172,-0.00014460570423580066
2681,14.829604553547364,-20.575185131398012,3.931839892831276,4,-214.85969863491363,-614.6876583247691,-236.97863374803336,-377.70902312787587,-614.6876194329651,-3.8891804024387966e-5
2682,-36.61961656890166,-27.200060079677783,-38.06924226192589,2,-92.50765310949335,161.45209227537998,5.373921115054494,156.07817013111125,161.45207933936462,1.2936015366449283e-5
2683,21.54486580475758,-41.79418445047042,18.134088931972247,4,-187.02655863714946,92.896480239846,144.66015290806712,-51.763672753922215,92.89634915133013,0.00013108851587162462
2684,-53.802628531227725,-58.90188646619398,-51.796146558279524,2,-102.3610364474746,193.62820375811935,-6.23229351698508,199.86049735023835,193.6278074640956,0.00039629402374430356
2685,-3.3432555434486124,0.1845598711534868,17.129166900749,1,-500.0000000000794,-136.24101934546613,-92.0951471819024,-44.14587097326587,-136.2410093962592,-9.949206940973454e-6
2686,-4.348960251106323,-5.665975007982993,3.0408556382178995,4,-296.3838490510934,-1171.2857841979971,-588.7445544369955,-582.541232756441,-1171.2857052209151,-7.897708201198839e-5
2687,1.0165706438532975,5.715132526805183,-13.462689284288167,4,-192.19706344795162,-2611.973799528143,-2007.151115336306,-604.8226939308965,-2611.974888878211,0.0010893500680140278
2688,25.64165998666393,31.422610940760624,-7.895028779001729,4,-185.44244289911887,-521.7506991492638,-204.57404352745695,-317.17665517541207,-521.7506937584649,-5.3907989467916195e-6
2689,15.366760752527034,0.07318660340196599,-0.13137198056359137,4,-182.06129041461637,-1231.914407465387,-596.27293706296,-635.6414715327314,-1231.914372451986,-3.5013400975003606e-5
2690,-75.30821902309586,15.576409810979827,59.50153603657913,2,-130.56121086832002,61.46855081369009,-80.81799049673383,142.2865521896389,61.46563986423847,0.0029109494516248446
2691,-54.529706322767424,-5.1546861542142866,22.31206051064893,2,-77.313432828287,51.19063361537195,0.44289546703935906,50.747738015885,51.19061918312006,1.4432251887797065e-5
2692,7.078049085044757,-48.35900943440187,38.74823171895673,4,-261.3832304249175,433.6194420304523,394.3217899329994,39.297653940621956,433.61941787217927,2.4158273049579293e-5
2693,-24.856501309876602,18.990217830761697,28.785624001960556,1,-500.0000000000794,141.38479922936207,52.77859560940226,88.60620345419257,141.38480256347808,-3.33411600195177e-6
2694,-8.25554376545575,62.12876042811906,52.776840538395845,4,-336.44305509017846,-7416.845005726471,-7376.808365745909,-40.03663622484131,-7416.844160984775,-0.0008447416958006215
2695,-35.89921313437348,24.65009452902888,75.397209672729,2,-161.59310463589674,76.73259921012658,29.87652373639059,46.85608551750949,76.73159802556178,0.0010011845647994733
2696,-24.99380569967423,48.490987894447315,34.79972164712274,1,-500.0000000000794,-2085.280249359199,-2157.7208469441953,72.44057803259052,-2085.2796990374313,-0.0005503217676050554
2697,19.439343900869854,52.15429631681074,-27.47526055822529,4,-251.9475069995828,200.26812701056846,79.2343048179403,121.0338217562275,200.267915041464,0.0002119691044697447
2698,53.076871089389805,-54.751759942997246,-59.98591124073933,4,-103.59267724207017,353.44163737295594,286.03740156503494,67.40423714196339,353.4419250592287,-0.00028768627277031555
2699,3.233803359131513,-21.399089142699786,-17.740364621051413,4,-222.32642703729098,-3833.2365072879024,-3614.802978281397,-218.43351292494938,-3833.23360699831,-0.0029002895926169003
2700,37.39312065962124,-9.674905583419013,56.6234679771584,4,-119.63101675295343,250.388316125678,343.524925258632,-93.13660999967546,250.38841323141276,-9.710573476695572e-5
2701,16.484547322367032,40.33281959659758,1.4843828863073425,4,-235.1758848314331,73.70043309485317,41.50130428463954,32.19912780098847,73.70026034483527,0.00017275001789585076
2702,-14.061520174847445,-11.62562886063884,-0.25657007602484433,1,-500.0000000000794,38.183498920907155,9.82718726640334,28.35631185303867,38.18349339262857,5.5282785851318295e-6
2703,6.54119188977011,62.852663567357276,-46.42677980215082,4,-412.9825496493377,-163.67919069843896,-237.65400649918027,73.97481574445938,-163.67890514497765,-0.00028555346131042825
2704,31.774147720225514,-35.008589908369174,-21.11755589467963,4,-182.8026295359195,82.36652340949219,-1.967610855272542,84.33413509773503,82.36630109001403,0.00022231947815498643
2705,-6.705933565879348,-5.111787000519558,4.643961403055468,4,-358.31105143651405,-948.9692584186722,-454.7835501237985,-494.1857048766868,-948.9692200384103,-3.838026191260724e-5
2706,-16.724778379269097,-31.115926209229038,5.994939739000679,2,-364.5244082281856,-14.655902101178775,-102.64444358899337,87.98854008177102,-14.655991145702876,8.904452410085639e-5
2707,7.3820076129032515,-71.74578935036706,-3.8180765463846082,4,-270.03195893339085,465.03545691607246,445.9160082338431,19.11944878880516,465.03479586641174,0.0006610496607208916
2708,22.740338596721713,-1.9962670185347198,-13.04012661007089,4,-149.54557189106725,-1660.9182710626037,-1008.9805563010734,-651.9377162462928,-1660.9183707609136,9.969830989575712e-5
2709,26.184552604655106,1.4874120369279102,17.622644287764334,4,-169.79764886989236,-375.64897435214095,-30.327942504736523,-345.3210315663853,-375.6489666530135,-7.69912747955459e-6
2710,-5.36968671703579,25.89554519876405,-12.260842259983036,4,-340.926080380414,-988.4284553951451,-755.4141271888346,-233.01432296870067,-988.4283290708175,-0.00012632432753889589
2711,21.90706437580876,54.53373869671915,9.533042684523464,4,-186.252164235548,126.86876786761296,178.50518830153572,-51.636421772212756,126.86828121167508,0.00048665593787688977
2712,-18.80802309326058,91.31706974762275,-36.07021935902571,4,-360.38731306125396,-7010.078530054234,-6902.597913216078,-107.4805938766865,-7010.07752473879,-0.001005315443762811
2713,-41.99746791242875,-49.90377504050786,73.67856753548368,4,-291.36154884167604,-8663.692135633446,-8668.885696389418,5.193566852374901,-8663.690684960213,-0.001450673233193811
2714,51.982631069233584,83.03328662279753,8.659352918624224,4,-94.40114093978417,380.3828547627641,402.3597423443364,-21.976889385090953,380.38303191051165,-0.00017714774753585516
2715,16.200126527759124,-33.27728688292498,46.28220502017382,4,-214.9128326074717,64.67293705853452,-1.016655835375946,65.6895918682349,64.6728426388667,9.441966781764677e-5
2716,-43.60074461022032,34.15903010303817,9.864378673687744,2,-106.80515783791036,135.61890724295276,4.990303935992405,130.6286035472965,135.61879786795578,0.00010937499698115971
2717,41.75590307634458,-88.98275251168813,-15.179416298735045,4,-114.70918219018205,346.8756350265716,366.57434897512064,-19.69871153519322,346.87541246012876,0.00022256644285789662
2718,2.430739394849634,-24.692925200461417,5.4277465916816805,4,-360.69561582811053,-169.66827968363134,-69.0791018657397,-100.58917936497457,-169.66829004871198,1.036508064089503e-5
2719,28.640393716516733,-48.866243873665944,-23.242548978443246,4,-194.40766716780647,66.75654542089752,126.2238931748126,-59.46734741318009,66.75657060665411,-2.518575658427835e-5
2720,-2.2866460317015296,-2.1014147011942663,3.070347396569883,4,-272.80606871163457,-1224.620740752787,-622.464723023827,-602.1560204346421,-1224.6207755351295,3.478234248177614e-5
2721,-5.862442849290165,-85.6584958410862,-46.483805553293124,4,-408.9762405606033,-9456.368207585632,-9307.38762110352,-148.9806155434725,-9456.366900849303,-0.0013067363288428169
2722,-37.91002959360438,36.55333609949532,18.27499356424735,1,-500.0000000000794,49.75482810285744,-101.19015250703907,150.94498250286344,49.75394933384831,0.0008787690091267564
2723,-0.12069746477209037,2.7796069533486696,0.801204052013016,4,-240.86909109916854,-1409.1219057202895,-768.6507112627304,-640.4711940263376,-1409.1217831714143,-0.00012254887519702606
2724,-9.859739756568962,10.71919213499333,1.105708178270792,4,-366.96824639380765,-1039.482090446876,-516.697756348159,-522.7843355388154,-1039.4820301886882,-6.025818788657489e-5
2725,16.092751375748097,-39.05080115419143,52.98884422650291,4,-211.74132910405885,95.74713626312257,-10.067158696839318,105.81429668458239,95.74695322461561,0.00018303850696099744
2726,36.01655922216335,-49.59930779475956,45.81392521443989,4,-121.20848669191197,319.8084868798497,393.60695182725135,-73.79846707128956,319.8082817124252,0.00020516742449672165
2727,-68.49940407344803,15.249962325972144,36.313523605663796,2,-67.22471506291721,64.55052201784613,6.889442650112229,57.66107908255393,64.55058829211877,-6.627427264049857e-5
2728,-13.773929916405427,4.3961289064593965,-5.775944610949802,4,-286.1405768817296,-1844.3821092559526,-1115.8713011953466,-728.5108085935439,-1844.3824278844236,0.0003186284709499887
2729,-0.6756883099934088,-6.036616170867198,23.943536935007774,1,-500.0000000000794,-517.262383038226,-480.4781828532514,-36.78420138897644,-517.2623689258339,-1.4112392022980202e-5
2730,-3.7784811765761566,-3.131947150414025,-2.629852192698357,4,-243.5022037663727,-1645.2435939877507,-975.6124067612157,-669.6311877592226,-1645.2437963584066,0.00020237065587025427
2731,-71.15507639427044,5.847861698241017,-54.31230316331899,2,-129.09743161261164,533.774530797381,-28.43404672176131,562.2085767141797,533.7759558718585,-0.0014250744775381463
2732,3.954514428167455,56.18644395525164,45.83276272008385,4,-309.39142205296497,-11.514428192204141,-68.00666897627515,56.49224764593523,-11.514827394657807,0.0003992024536660921
2733,-36.870693675457524,23.120613772887186,47.030116117675206,2,-195.44121195147534,152.12857557443633,129.37023476724616,22.75834699595721,152.1293306045959,-0.000755030159581338
2734,4.5249561900901245,-48.7997066431709,21.288599584390894,4,-289.78639236029164,222.5739729699652,186.7964674126467,35.77750307709321,222.57369138799066,0.00028158197454786205
2735,-10.570543012967011,8.945899541874855,-0.7422483309157354,4,-329.6208672327541,-1322.6717257105636,-705.9839403879571,-616.6877848586255,-1322.671634663177,-9.104738660425937e-5
2736,12.516178529628196,-16.761123033641923,-35.8021435231413,4,-151.6908036619585,-7126.92428536644,-6825.981797997457,-300.94250135094023,-7126.919826185005,-0.004459181434867787
2737,2.6822432243982073,13.92373704961216,-16.028374853187355,4,-193.26120267117435,-2743.790714722065,-2236.822513661946,-506.96821196531135,-2743.789855714442,-0.0008590076226937526
2738,-56.74114192457469,14.303421991317517,32.5781764191678,2,-170.54176533899525,134.1711308057665,115.74380751702614,18.427317808528773,134.16810608781168,0.0030247179548155145
2739,28.08693625623223,21.43437912388922,-64.6435742237078,4,-117.2729371487705,-6842.941904749117,-6943.087411173324,100.14550671260561,-6842.940275213221,-0.0016295358964271145
2740,55.44879195213678,28.35199990289312,33.833077474783835,4,-99.78927854020014,-59.396343246188806,106.21419522477335,-165.61053820807703,-59.39644551429377,0.0001022681049605012
2741,-45.833000738315945,-68.57521454699487,35.815177734937336,4,-286.01101945791487,-8411.067523055533,-8382.09486396167,-28.97266562993324,-8411.066204433719,-0.001318621814789367
2742,-4.893949724336904,35.92845410077221,-52.35682173723616,2,-327.29431607081494,274.3849861948021,93.47824876731345,180.9067357999184,274.3849470633557,3.913144638545418e-5
2743,-38.677512030444426,44.39792085399911,-10.324998270439346,2,-107.70469529590619,147.47226446613675,21.61434773204495,125.8579164627067,147.47258718644835,-0.00032272031160118786
2744,-13.340524211290925,-9.096843624006166,2.165817686630416,1,-500.0000000000794,35.78757849576277,10.798436190374238,24.989142399413716,35.787574694648676,3.801114097257141e-6
2745,-45.81166282758566,-16.826676492778983,35.845196782991856,4,-486.38561502364075,-6424.59616344299,-6529.688929534523,105.09277342078377,-6424.594692211439,-0.0014712315505676088
2746,9.429954500474556,-66.74893564804258,22.149128790094522,4,-235.89912204098934,420.2769597802103,414.34637725552716,5.930583311093637,420.2770550699118,-9.528970150540772e-5
2747,-24.334634653575474,-5.2528754808042315,3.5895225415112018,1,-500.0000000000794,79.92002107296823,4.445442533494119,75.47457883608502,79.92004941274499,-2.8339776761754365e-5
2748,0.8852044926772561,11.708189228658359,-17.89399020930656,4,-190.34197412762418,-3358.080520368651,-2870.6882105137565,-487.39229566488893,-3358.0802924867257,-0.00022788192518419237
2749,18.395268693667553,0.5854656721357252,-81.76004737908622,4,-98.71673451077716,-10736.148168512234,-10571.576460381884,-164.57169411933333,-10736.145368381338,-0.0028001308965031058
2750,15.755688008757991,44.72764433744383,72.4027272474922,4,-204.87811353133472,73.04825407554716,-26.64659456136132,99.69484624741496,73.04820477261701,4.930293015092957e-5
2751,43.827552375467924,-8.9538434479516,57.800067555013996,4,-107.4877216931326,221.061328727106,325.0518573323761,-103.99052855925355,221.06141950699688,-9.077989088268623e-5
2752,11.079829771769543,38.931509883099984,-44.404882584296516,4,-341.30509023305365,-3215.44122721868,-3206.4373107780484,-9.00391940794386,-3215.440588218339,-0.0006390003409251221
2753,44.384349679633424,25.31721057418858,72.72917009445055,4,-98.63418321918459,503.2295278302807,571.431038013211,-68.20150865452781,503.2297954820948,-0.0002676518141129236
2754,17.07399725080556,-4.97082266023572,6.392329538232464,4,-190.24969314230285,-887.1477921480717,-327.25349221815475,-559.8942997123655,-887.1477883761854,-3.7718863268310088e-6
2755,34.074683154991675,55.47877566571006,64.41638599208213,4,-117.60130874949601,203.47659685119612,273.00780865097903,-69.5312087300275,203.4768375207688,-0.00024066957269042177
2756,22.34605019041216,0.05241172409558333,-1.5469336036217658,4,-161.94902246651773,-1182.4613711197194,-542.5403639695837,-639.9210072269397,-1182.4614194666233,4.834690389543539e-5
2757,1.4630340787241964,46.26782635123206,-24.86574491966627,1,-500.0000000000794,243.58954228480937,101.48961883618092,142.0999249206963,243.58935714587207,0.00018513893729732445
2758,-9.089248734724684,8.4224683221193,0.7525973679279931,4,-327.56502279641484,-1260.9772290261064,-658.2621147515488,-602.7151149618755,-1260.9771578677876,-7.115831886039814e-5
2759,-91.82324919596273,4.1772965129834345,9.842972993111088,2,-36.32821977608811,81.52599943486476,-0.9642664144678084,82.49026567228144,81.5368667664948,-0.01086733163003828
2760,-41.12333268651302,39.5431873400558,22.83124235767761,4,-430.94653694503614,-8002.012366779011,-8272.370179767488,270.35778231050716,-8002.013098413319,0.0007316343080674415
2761,-30.560597694300363,4.727492880006339,0.13585684310356638,2,-145.33314252264853,79.4815616345019,-0.08744734337914772,79.56900903902111,79.48152348012796,3.815437393939192e-5
2762,-18.49879426099758,-30.965375601417612,46.15760999226024,1,-500.0000000000794,254.86511508863344,216.24625145940544,38.61886959482592,254.86486138211166,0.00025370652178935416
2763,-3.0237934358231784,5.71980714840634,2.0863862901511125,4,-269.33699432231475,-1296.982059916204,-687.930202503832,-609.0518568555822,-1296.981970875572,-8.90406320195325e-5
2764,-37.38859849163438,39.46015982081602,38.64707732258089,1,-500.0000000000794,165.6712189023659,275.9796934488466,-110.30847108911259,165.67087150273025,0.00034739963564334175
2765,9.453680390669895,73.47050669323072,-43.69811148089555,4,-373.4636118300442,195.97960328663348,15.093334154750943,180.88627128695643,195.97870257249878,0.0009007141347012748
2766,-11.413908073556442,9.408569908541256,82.49306058801817,4,-379.4354299195402,-8249.154372235695,-8159.863104833585,-89.29128080700261,-8249.153074596245,-0.001297639450058341
2767,-11.117909483173525,1.41302691615763,-19.952271990572527,4,-201.46958009190698,-4964.635483013088,-4463.662793155529,-500.9727097939973,-4964.632606986686,-0.002876026401281706
2768,-27.419051712123178,-23.82422471489117,-23.90276559631378,2,-117.83585502627245,122.52963209762925,3.5671797579083875,118.96245101049675,122.52986662923855,-0.00023453160930841932
2769,-24.92320604540878,-10.6659152287031,11.770052620507997,2,-491.7656728166247,26.7277179098223,-45.949969121801296,72.6776867532583,26.727868478538333,-0.00015056871603391642
2770,18.604359079397067,-10.117970000502028,-9.299762792390098,4,-164.48702685159336,-1517.0274900985848,-919.2201762927967,-597.8073170847622,-1517.0273652291753,-0.00012486940954659076
2771,-0.04360455547475305,-0.02117336626560757,0.05549618895722648,4,-237.8394957403377,-1450.0054868551256,-802.9672491219545,-647.03823802006,-1450.0054770177665,-9.837359129960532e-6
2772,-51.0409797465726,-14.947560231708081,50.56477049947928,2,-161.88958237596847,-23.475043817095134,-65.97976890196995,42.50473161590446,-23.483864377289372,0.008820560194237714
2773,-17.581560470078863,-37.33005197008345,-79.51854152149538,4,-208.31284643405576,-6396.270461900414,-6473.156651710693,76.88618037275897,-6396.270047009449,-0.00041489096565783257
2774,-29.03666572574008,-37.600782300055855,29.93894224407563,1,-500.0000000000794,-1.5522300104314344,-262.312282965318,260.7600505340678,-1.5524355767491544,0.00020556631772006284
2775,11.70390644347533,16.716327009683514,16.25820459371372,4,-247.68723052052673,-156.46739687081728,17.468152343827498,-173.935549804218,-156.46741214329703,1.5272479743089207e-5
2776,7.719059950084342,15.598067327847676,4.43386893181437,4,-233.8066797025859,-936.8232391146068,-415.1664193387809,-521.656816068029,-936.8231974475893,-4.166701751273649e-5
2777,-43.15517880108168,15.866461770332362,26.05673803833249,1,-500.0000000000794,176.963123551938,-82.14965957363827,259.1127873081986,176.96156549955987,0.0015580523781295597
2778,36.88403480313334,-1.3216024117992917,11.790229852584995,4,-137.45741687096046,-584.1612700663621,-114.31632862651601,-469.84494075334067,-584.1612267084532,-4.3357908907637466e-5
2779,-1.7282043175911979,-13.342967597003332,-22.715664660201718,4,-187.84934160965017,-5788.22884310657,-5422.116560309975,-366.11230075090555,-5788.223778843329,-0.005064263241365552
2780,-3.600610794930064,45.97123961442539,63.038218897771515,4,-378.6965629908703,-5918.730686076545,-5931.903433044767,13.172752882538687,-5918.730902706991,0.0002166304466300062
2781,-4.847263875723116,53.181061349647756,-19.22426067694579,1,-500.0000000000794,50.133893059366855,-35.98373350227372,86.11762460639058,50.1339093619767,-1.6302609843421578e-5
2782,-36.503585684120615,16.83982041633088,64.86054304475203,2,-167.77550057044172,20.716353943173637,-9.327043747012077,30.04339813867887,20.716827897180107,-0.0004739540064697678
2783,-8.800620634516363,4.564482696328668,-0.5602878920195175,4,-292.75188559588526,-1493.8879592120231,-835.9656160731762,-657.922342849472,-1493.8880572017044,9.79896813078085e-5
2784,-24.524657371501558,81.26087157038222,-18.018792894831524,4,-346.62377074678824,-6262.715222171157,-6207.20276194903,-55.51244789878323,-6262.713947320694,-0.0012748504623232293
2785,46.52394728662265,4.686448289445632,-72.19755881772113,4,-87.7849495051141,-4041.087798087038,-3591.875264445399,-449.2125328545521,-4041.085564279946,-0.002233807092125062
2786,-7.264352698117377,5.030365347679607,-61.562839446368294,4,-128.40730277864745,-14857.479991293705,-14902.763072050766,45.28304788646092,-14857.466067239706,-0.013924053999289754
2787,-20.864782119514306,2.9159468088379286,0.7325536571037982,1,-500.0000000000794,70.21556163002157,6.08228176438413,64.13328005448425,70.21556092714266,7.0287890707732e-7
2788,-12.591935793705021,-19.815242407622076,-8.479450588923735,1,-500.0000000000794,-439.763621745547,-181.92204020624368,-257.84158170027234,-439.7636093942714,-1.235127564314098e-5
2789,50.083445579910276,55.386207103424695,-55.18969566447511,4,-109.74644068537417,391.6014798782298,316.47710370265366,75.12437886627362,391.60176806318776,-0.0002881849579807749
2790,-9.294376196614472,1.0124615112919193,-6.546041838698815,4,-247.26906169618186,-2017.5486852246313,-1320.5230279823459,-697.025657558435,-2017.5482941055216,-0.0003911191097358824
2791,-44.043507537724444,67.344966178873,15.208433809131352,4,-308.0457321064442,-7425.462612696095,-7437.343332343827,11.880717617810209,-7425.462368272516,-0.0002444235788061633
2792,53.939528172454,59.5773979793819,49.93107619349886,4,-89.19310485213268,314.4877648661543,394.6324916913698,-80.14472616279407,314.4875177669393,0.000247099215016533
2793,-22.4282992832422,3.120862714247164,-12.163957259715929,4,-291.043638018561,-2041.0742134157858,-1189.008715753679,-852.06549605491,-2041.0743071118936,9.3696107796859e-5
2794,-35.16411142999169,-70.59874433422551,49.973178846698026,4,-297.4770122655095,-9995.984464504792,-10054.81143577205,58.82695025330988,-9995.982781324214,-0.0016831805787660414
2795,3.865672469193815,26.80656287809402,14.623313564488338,4,-359.4604838626563,-30.75702212827587,55.90621242771151,-86.66323404205224,-30.757109686154617,8.755787874648036e-5
2796,9.866401656120669,-21.92075762480226,20.855620258104704,4,-279.2733608930639,-5.57087043736289,88.21525220581545,-93.78612268708589,-5.570922423038715,5.198567582453961e-5
2797,-12.387262705819305,-12.019349030500653,-15.954679892118955,4,-233.11807835010484,-3433.8440461101395,-2894.3664365772693,-539.4775946071074,-3433.84195360394,-0.002092506199460331
2798,50.04207599486897,1.509372837799881,-53.771077936613906,4,-92.61667643769997,-2364.1079692178737,-1776.5168327793592,-587.5911383090702,-2364.10707289473,-0.0008963231434790941
2799,-5.358294259037448,1.9199924396879118,15.50500507190115,1,-500.0000000000794,-10.467312614559775,-37.878431968337665,27.41112032455781,-10.467310785843486,-1.8287162895092024e-6
2800,47.07791209768567,20.946281571635158,-21.773030882742756,4,-114.18062755686083,-928.3832671410726,-551.0655773976093,-377.3176898169074,-928.3830715527605,-0.0001955883120672297
2801,4.123038676653934,4.967922033089773,-11.243443740072998,4,-189.25986227132165,-2204.5090875362775,-1575.0927692328903,-629.4163254827333,-2204.5092656084903,0.00017807221274779295
2802,-11.394286569233328,-7.145912773054167,-27.419342452153543,4,-184.59498339043034,-8022.952571527179,-7677.9391250156195,-345.0134563458569,-8022.948418261595,-0.004153265584136534
2803,2.0203481333089783,25.74898907026005,11.071063088935365,4,-379.000477001339,-7.722727448845652,25.736831426075465,-33.459557668553295,-7.722780199979106,5.275113345426519e-5
2804,2.162529543257482,59.77500329092447,0.1288374331248375,4,-326.0575746427675,165.55186694314287,125.3514618213389,40.20040058130862,165.55133271412393,0.0005342290189389587
2805,-30.709333272416067,70.20502239761605,-22.962636381056623,4,-367.3952744508433,-10114.99783011838,-10116.766224901972,1.7683811513977512,-10114.998664192966,0.0008340745862369658
2806,-11.63373860986096,18.92400896368376,4.8775318244543815,1,-500.0000000000794,74.14207922090762,52.89765602450141,21.244423544713726,74.1420347464721,4.447443551214292e-5
2807,-5.78865341094728,14.567425946173564,4.838636140431979,4,-383.75531719200103,-729.5873858614507,-320.28027743224277,-409.30710668983977,-729.5873553851452,-3.047630548280722e-5
2808,2.830952072476929,1.4945012654904513,-0.7422945564857898,4,-221.29702989756535,-1473.2284755837175,-822.7668832054061,-650.4615929169881,-1473.2285667135536,9.112983616432757e-5
2809,57.20845616547251,28.630720038946937,12.323806831589447,4,-102.14436825024623,-215.74561340208206,5.715254456586764,-221.4608677418116,-215.7456366941472,2.329206515128135e-5
2810,-0.5345170178685076,32.66412757614647,91.82157014132977,4,-270.24274884148053,512.728924005552,511.88879233348666,0.8401494627112932,512.7299467922096,-0.001022786657586039
2811,-78.4778914783276,5.81039490572775,-8.591103622522013,2,-41.95028569699693,113.07115342625087,0.9826441898285591,112.08850929969226,113.06719464392222,0.003958782328652433
2812,-35.94522571307988,9.109977770695249,60.25766049198161,2,-174.68108243026006,-10.926659610065718,-44.39833080144606,33.471667924173595,-10.926567880292689,-9.172977302895902e-5
2813,-5.806833906250443,-3.453715981726656,-12.06275081799676,4,-212.49868448205459,-2715.6878249893794,-2102.2693104303594,-613.4185209784579,-2715.689767272982,0.0019422836026024015
2814,-41.14837863205241,-17.808597837646193,-36.03666824170181,2,-87.1995791543507,190.0956692729532,0.03021482487867615,190.06545419269744,190.09535491545012,0.0003143575030719603
2815,-1.2177240431153686,6.8392403102837225,2.2516486073795314,4,-259.33977802298756,-1269.051531881969,-666.0964198630359,-602.9551118959099,-1269.051496362255,-3.551971394699649e-5
2816,-3.3525590806921812,-23.53461786108981,-18.74531899876189,4,-269.6337006079223,-4465.063140430708,-4109.0351211259685,-356.0280318729067,-4465.05946892317,-0.0036715075375468587
2817,10.687649520431638,2.223083548352181,-1.6983955155833346,4,-191.9270061832205,-1388.4522259044338,-741.8565956939622,-646.5956301554843,-1388.4520934387808,-0.00013246565299596114
2818,73.69120147018924,5.238630003733726,-23.498484358190886,4,-80.61025870894484,-1069.9443666383063,-399.2359812254188,-670.708384201874,-1069.9442690657097,-9.75725965872698e-5
2819,-18.905124950784366,-56.339532124779765,20.15273859134257,4,-447.37959376047286,-5790.432557905889,-5800.525319211931,10.092754089852265,-5790.431510569275,-0.0010473366137375706
2820,10.634237365424905,23.15009056230767,-49.10808104747734,4,-175.20548460458372,-6389.202749743033,-6517.621736461806,128.41898905499542,-6389.202002687013,-0.0007470560194633435
2821,-20.475876570664376,-50.40782198319779,34.69855663129423,4,-494.9896205523586,-5221.4859434238015,-5279.795775354307,58.309834840382855,-5221.484548383978,-0.001395039823364641
2822,-24.57925890109007,80.11076771394325,15.420924418225686,4,-338.2885909864142,-8102.729851454904,-8140.1354986936185,37.405636903927544,-8102.730060358843,0.00020890393898298498
2823,-85.50633818364034,-3.181144281936792,-23.89489124278534,2,-38.478228809644406,144.33363894667625,1.0182839606450549,143.31535467952895,144.32528715314595,0.008351793530295026
2824,1.7782509107238287,0.693493641641939,2.9371771607462493,4,-243.30952976466446,-1239.514334956889,-626.6943820552726,-612.8199549641031,-1239.5143315864698,-3.370419108250644e-6
2825,0.1071378950120324,33.885933074208346,-9.055790839042128,4,-447.15238439110533,73.93976040385957,9.162684592844839,64.77707600973733,73.93970246203943,5.794182013119098e-5
2826,-1.0109304422907828,10.62645821367012,1.5127638612832865,4,-260.0904970992025,-1240.2787793097293,-663.8610666280823,-576.4177123392894,-1240.2787551092367,-2.4200492589443456e-5
2827,-22.31997919669358,-16.206741000243433,-4.521604090722905,2,-258.33537816542406,93.02815134678231,-0.3120947784321036,93.34024617290592,93.02812898210831,2.2364673995411977e-5
2828,-40.97376614449161,1.8050788386127785,17.27181432657954,2,-122.34702915534335,54.65146548278111,2.3096235549244537,52.341841588939786,54.65149054434276,-2.5061561643724417e-5
2829,71.06645185350719,54.790606128527834,11.267756084314923,4,-82.72958730703711,70.01527471314728,47.20717447089471,22.808100819680103,70.01482098073903,0.0004537324082463101
2830,-5.937247043275875,-8.538173660788118,-6.523278995418991,4,-240.9087100374397,-1876.8649833049665,-1236.5042338182936,-640.36074886472,-1876.8648980544772,-8.525048929186596e-5
2831,-24.91217330373835,-21.561710408317666,0.7257127583312494,2,-209.53094248399677,70.71733839630427,1.099263566196297,69.6180745016974,70.71733034440862,8.051895648009122e-6
2832,-23.66371692017417,-30.80653909354266,-7.5322274834777865,2,-175.8444143952021,95.96516653646786,9.219452922554245,86.74571321210315,95.9650011967195,0.0001653397483636354
2833,-0.06424359836847758,-0.0827583620975876,-0.6055907236458977,4,-234.74317048178182,-1495.238646778444,-842.9997300919373,-652.23891733286,-1495.238684964978,3.818653385678772e-5
2834,3.2239545819875057,40.85657062494132,16.342256970213203,4,-336.7067474065173,65.83396944487335,-12.64826504505594,78.48223328527513,65.83373081758471,0.00023862728863832672
2835,-34.403400324354266,-19.070711131883048,-46.54154160937844,2,-109.81950525723637,240.64750842893673,-23.638796420294003,264.28630436972804,240.64768898416537,-0.00018055522863846818
2836,36.19396834046639,-24.686813444449363,50.637698960238865,4,-124.20009856144297,225.3911611267546,316.44758711321725,-91.05642556177911,225.39120502887613,-4.390212151861306e-5
2837,-37.18944735958205,12.441566364640291,49.825146262880146,2,-188.97790104623257,15.393835337413375,-16.92860167484894,32.32243367585003,15.393853814352012,-1.8476938636879936e-5
2838,20.990498796756416,-17.218496840195748,0.7421743379917135,4,-178.88901029457355,-800.9191416147735,-360.9749476513287,-439.9441954518396,-800.9190554782829,-8.613649060862372e-5
2839,-15.228958606817532,-59.12745455727388,52.04242964576297,4,-357.0410241650601,-9615.238383373126,-9558.614763628284,-56.6236360659366,-9615.235775695854,-0.0026076772719534347
2840,70.44702051689036,31.13336996214514,8.98361297642197,4,-86.34768025529407,-160.46508778473603,-0.6631702558366688,-159.8019170632739,-160.465091240183,3.455446972111531e-6
2841,-6.533963269570443,-31.63965346371222,24.86741943236661,1,-500.0000000000794,81.32733030318181,-61.09125945960579,142.41858850561894,81.32730562063733,2.4682544477627744e-5
2842,24.328837193598254,-24.247680415848553,-5.753046656483766,4,-175.93450708624817,-733.7644513338984,-378.08744502364493,-355.6770038706046,-733.764332021996,-0.00011931190238101408
2843,-47.368513463436244,-63.51618567782846,1.1025848501931768,4,-328.17379921761886,-10519.116178682805,-10631.555397444721,112.43921547754219,-10519.114551508774,-0.0016271740314550698
2844,-13.22018234425249,-21.33031581525373,37.5131362492317,1,-500.0000000000794,206.7850767823337,244.75626553564544,-37.97118872081547,206.78506020178503,1.6580548674482998e-5
2845,10.53072139842125,4.573982931136191,21.647365769410293,4,-263.1544331893763,-83.0311719286234,60.69321213017575,-143.7243838916104,-83.03117472842467,2.799801279707026e-6
2846,19.186312894009465,6.135451540481879,12.022326906705361,4,-190.86569060951604,-609.3889576659001,-160.11544478153405,-449.273511848605,-609.3889208483114,-3.681758869333862e-5
2847,-71.2746054059592,23.213877140985304,-48.44005888772335,2,-51.31720542597427,216.98874943637685,5.695725110517507,211.29302481064568,216.98905141616902,-0.00030197979216950444
2848,68.34898602759871,17.838278065873098,-4.922690979089249,4,-88.326209772494,-622.966088615142,-170.61954208868343,-452.3465464952205,-622.9659540482694,-0.00013456687258894817
2849,5.572791509565065,5.764502779957018,-1.4286260140572067,4,-209.67685697259603,-1454.8999492220846,-803.7767510364939,-651.1231999951336,-1454.8998179171385,-0.00013130494608049048
2850,85.34140474024214,4.51399655381647,29.74048346612498,4,-72.0788936364454,-276.64626593490993,49.91145283444769,-326.5577179404495,-276.6462633892101,-2.545699828715442e-6
2851,34.80568998407545,-17.042074525251184,65.0198416083981,4,-122.27422846699494,268.77538082624994,342.717738339678,-73.94235760728311,268.7756075976856,-0.0002267714356776196
2852,-38.43071114379586,-8.736475099175527,-41.15943599190747,4,-188.36740542334923,-12149.784707744506,-11917.528898979954,-232.2558263940545,-12149.779890543492,-0.0048172010137932375
2853,-78.0875632581604,-21.961247887532082,-36.17392509620141,2,-43.08252698320837,129.52525008699192,3.8312234024639222,125.69402640262635,129.5251016415121,0.00014844547982306722
2854,36.85349042214071,-73.21427110463746,-46.5721788452896,4,-149.02098866029084,147.61949718675356,112.15783865620237,35.4616594116327,147.61986077657485,-0.0003635898212905886
2855,-92.28275336558788,-10.137188285361661,23.80951152620374,2,-37.82297828987445,68.16720228888394,-0.915861179108899,69.083063286423,68.16367177750355,0.0035305113803900667
2856,25.421981784779714,-8.598734021262771,-70.44283580503769,4,-103.89516611793663,-8475.630333466403,-8310.219063320155,-165.41122094896403,-8475.6254670706,-0.004866395802309853
2857,10.103244504188432,29.96338641850728,69.49842251232121,4,-251.99212730290597,520.7410549664493,469.08198959005614,51.65906315250739,520.7412322110873,-0.0001772446380527981
2858,-1.3854752028539674,-2.9464748814481303,5.57515215570051,4,-289.38546713831835,-1009.974170262063,-468.72120191648173,-541.2529658460331,-1009.9741256110516,-4.465101142159256e-5
2859,-14.491161453478027,-42.83977502360685,-76.07583611216003,4,-267.2213742118765,-9461.517805654621,-9482.955575832675,21.43780117959508,-9461.517094958186,-0.0007106964349077316
2860,-3.131549845394929,-38.18067423956822,2.8025528573234193,1,-500.0000000000794,100.1637119899251,82.09201813316744,18.071697521271545,100.1634991244558,0.0002128654693080989
2861,19.383778058503115,0.6371350683061038,-28.901443834303763,4,-140.0416528282973,-3307.2633281589397,-2787.362414164773,-519.9009063268904,-3307.262923197661,-0.00040496127849110053
2862,76.48885825696563,55.558428569744216,-22.755095624786293,4,-79.76089855591103,173.11712929911812,38.63822774590153,134.47890178027632,173.11713673566473,-7.4365466105064115e-6
2863,27.546751672673256,-19.276531653459248,6.474347886993557,4,-165.25971954413566,-517.8977754430358,-151.43681298253028,-366.46096387782853,-517.897742432498,-3.30105377770451e-5
2864,-15.995787940507642,-78.2660567930993,-2.722137079244382,4,-350.21166892190894,-7955.496450489154,-7961.262527692485,5.766078753589918,-7955.495288880711,-0.0011616084429988405
2865,-29.727730851211962,-50.85259585555554,19.25168801469717,4,-416.85611102559056,-7379.921094966658,-7477.851543425968,97.93046232127065,-7379.920350893718,-0.0007440729395966628
2866,61.1523162365585,-35.651392045173516,10.60008730795964,4,-97.67602231867988,-70.37910744098673,32.85975010964739,-103.23885806766194,-70.37922365347318,0.00011621248644644311
2867,-54.609189332638124,81.12603191687764,-1.3479419036432974,2,-140.18885099661844,182.9870884373241,260.64772452891714,-77.66065762597056,182.99095077233454,-0.0038623350104387555
2868,-62.00353304980679,51.94574441275048,5.325839941932144,2,-81.36040703385964,163.28987608257265,5.6738154596472405,157.61606006817976,163.28982567306002,5.040951262458293e-5
2869,-5.084861056891646,-45.12000674335484,-19.408541610771547,1,-500.0000000000794,350.497710759978,403.53986837304683,-53.042154881374465,350.4980319499448,-0.0003211899667689977
2870,41.31059020341376,17.92489359876926,-26.93361968707148,4,-117.99912535288681,-1434.5407421443635,-923.2429737528579,-511.2977718871671,-1434.5407921033764,4.995901281290571e-5
2871,14.846778736345739,48.585913809652055,25.429621088001447,4,-211.23302587357136,147.44899859159813,161.56176865719516,-14.112772176658511,147.4488281217975,0.00017046980062218609
2872,-19.761580232948244,-50.511257702820885,1.9363917127320522,4,-482.1349513706368,-6959.384499235726,-7044.272378783023,84.88786781526653,-6959.383005073769,-0.0014941619574528886
2873,-18.694622483864418,70.58737369080951,-23.473399871558172,4,-370.9150776240258,-7309.149712161401,-7350.157330172252,41.00762078845963,-7309.149093170949,-0.0006189904524944723
2874,7.930972587841972,-2.79136404475433,-16.001662549899326,4,-173.40919699342948,-2671.2296451722823,-2092.0044613061436,-579.2251914840623,-2671.229848930278,0.00020375799567773356
2875,39.193909814467204,79.41412449403222,9.673049465040913,4,-116.43830837778584,321.5714765055851,379.8705718565255,-58.299092718286744,321.5712541159964,0.0002223895887141225
2876,10.099264177339773,65.43901925573171,10.293804659657345,4,-240.93415670046159,327.2622199740738,307.9947165248756,19.267502245395814,327.26194093248,0.0002790415937852231
2877,9.606730628724598,-6.885886601872662,-7.2204906947560685,4,-185.52909623472857,-1726.8678151372983,-1074.744027126204,-652.1237873828493,-1726.8676664676395,-0.00014866965875626192
2878,-35.96247325233439,-43.70810476956435,3.128269633164444,2,-139.6575849671148,143.08451419662978,29.484758234909073,113.59975543421109,143.08303584023477,0.001478356395011815
2879,17.27527608553126,-19.142101305515798,39.05080353575448,4,-216.15856357438204,12.141978620718636,63.432318488291266,-51.29033907833011,12.141947100020165,3.152069847089933e-5
2880,-29.601537705603715,43.20181234642377,68.31431225698408,4,-314.31950612608784,-5805.281866979036,-5694.358491997867,-110.92341081348606,-5805.280762160013,-0.0011048190226574661
2881,53.08300550571374,27.629847416584795,39.24473028944888,4,-101.28903056143285,-17.673379614224174,129.2386872635482,-146.91206720789765,-17.67345713389507,7.751967089575373e-5
2882,-28.19176858500898,-14.935224754669822,-24.879847162591354,4,-352.78394600857877,-13347.268372211447,-13191.96413941355,-155.30421588742973,-13347.25455461484,-0.013817596607623273
2883,19.71323799318077,36.80642217813557,-62.434441873983616,4,-184.47743655984345,-19.467377568947047,-81.88999713432744,62.422622397725924,-19.466520650801538,-0.0008569181455087005
2884,-11.891791561689043,-4.1107433693440925,-4.973243085383704,4,-279.9893421896631,-1791.8848126546238,-1071.5135148511567,-720.3712978984775,-1791.8847931599075,-1.9494716298140702e-5
2885,-1.734441482299844,-6.2596336170653375,-9.145250499046465,4,-210.77549469045877,-2187.0677771436326,-1556.8771273969855,-630.1906555341345,-2187.06706799678,-0.0007091468523867661
2886,-40.209504423630676,65.38912709045694,-57.023553666168716,2,-141.29382968504993,259.6128857329457,210.51422933413298,49.09865625359229,259.61297553086547,-8.979791977026252e-5
2887,13.796842451349622,19.610398653791126,-37.657132745247225,4,-157.52267926023774,-7822.607275248548,-7753.286017015736,-69.32128120733786,-7822.6024392249155,-0.004836023632378783
2888,-22.04771118467692,17.976794164322726,-93.53671123367296,4,-114.12673449231956,-12525.683681891756,-13029.834419698265,504.1507283841445,-12525.67829132755,-0.005390564207118587
2889,13.11518540521683,-82.84210597332212,35.34552813935366,4,-199.08460857957968,224.85019831138695,213.82669383418164,11.023508002922242,224.84986495605065,0.0003333553362949715
2890,-88.09421146397027,0.702760305098485,4.121208635937563,2,-37.527635490725906,86.48169199510652,-0.9661259243577843,87.44781783963211,86.47984375060312,0.0018482445033924932
2891,73.2463794653465,28.997045939180804,9.120222960167848,4,-83.52841753516614,-205.26085300376027,-7.953330110678108,-197.30752242464152,-205.26087739774044,2.4393980169179486e-5
2892,-10.124338252271048,-6.201380740206942,-6.23080229692588,4,-259.1966974027014,-1900.596573837336,-1184.3347170758077,-716.2618568870898,-1900.5970531363907,0.00047929905463206524
2893,29.427414613448523,-15.150566932067251,-64.4807407812447,4,-110.36583788009528,-7323.796803423573,-7316.885274021404,-6.911531043118673,-7323.7935178202815,-0.003285603291260486
2894,1.0931228030159679,-4.539069814452968,54.53467431568942,4,-380.81376033904723,-8558.710325092414,-8727.579464824492,168.86912748797351,-8558.708561147743,-0.001763944670528872
2895,-42.065167635011484,79.84611239174731,0.1181234737903987,4,-340.51877653863124,-5870.3571471412915,-5745.003690091304,-125.35344546079745,-5870.36449386197,0.007346720678469865
2896,-28.164765439919655,45.158974894530864,-9.177058473086433,2,-147.28051784237852,138.59925171745698,64.52717677473447,74.07207409866506,138.5992620770134,-1.035955642691988e-5
2897,-20.534806965226643,-43.97462964247968,14.854517436807596,4,-492.29262820745237,-7113.7566414561725,-7269.615879220649,155.85926263797592,-7113.755432457504,-0.0012089986685168697
2898,1.3694878475690895,5.553832505524973,-21.99136579522898,4,-175.49378163407846,-4468.424363711072,-4004.238684147665,-464.18568141607824,-4468.4214718620915,-0.002891848980652867
2899,50.8691720094144,-41.2383921525983,15.283690637881097,4,-111.14511648342292,-17.094719994046994,86.54890445667061,-103.64362472490889,-17.094841526084572,0.00012153203757847564
2900,2.519064024433191,15.052406023679904,-1.1028243157698219,4,-236.73044787199842,-1303.3760313656528,-721.542773871875,-581.8332592601171,-1303.3758732116887,-0.000158153964093799
2901,22.813643475466996,-69.22516515609098,-31.502505181923947,4,-219.16992233189876,159.82825692562236,74.52485466762592,85.30340743402806,159.82759098589918,0.0006659397231771891
2902,-27.180816020028338,2.529429268580088,-7.448858601515196,1,-500.0000000000794,98.09300926418008,5.2835876096056555,92.80942177889918,98.09295039608195,5.8868098136599656e-5
2903,-65.43559459870539,-54.190676731105036,-4.713195501427545,2,-73.31997375322109,149.3471067381287,-0.3707731539194441,149.7178793094888,149.3474342972923,-0.00032755916359406
2904,38.238150666802284,-1.531103923434497,34.45326097660783,4,-130.8903319983481,-68.75433631302955,104.76643568783024,-173.52077180683892,-68.75434861641922,1.2303389667067677e-5
2905,-34.51089873866845,15.005337743255877,-2.3181900115387903,2,-109.49377286249283,89.76135355984152,1.8451010008004018,87.91625222437784,89.76090551270383,0.00044804713769508453
2906,-77.66106141102932,-30.164099245291357,-16.408337644578534,2,-42.91584231049184,87.44981036823522,0.018783595243719052,87.43102642790694,87.45083950811294,-0.0010291398777155791
2907,14.576365873099975,-43.992452262832956,39.51163475894504,4,-217.6975647676663,99.92126133843415,42.2967230074082,57.624540724529176,99.92111193642702,0.00014940200712487695
2908,-62.51668167098629,-41.046407865011545,43.241772442181905,2,-145.6579286698115,-87.10894414985285,-271.4352327996954,184.32627919707235,-87.10914727223256,0.00020312237971609193
2909,38.71001632405624,-89.79790597067911,9.73896741053818,4,-113.96699761619622,318.9141134714518,376.3987012959627,-57.48458331234771,318.912632846287,0.0014806251647883073
2910,-9.570553715594144,-12.403430292562104,39.42312997325544,2,-468.3763770781,127.26611562269287,2.9332282898056854,124.3328855180928,127.26596050279237,0.00015511990049787983
2911,17.662748539801314,-0.3290217638932706,6.518904447997496,4,-187.36854906181003,-893.6661362922715,-330.51470171919533,-563.1514343500842,-893.666069981166,-6.631110557009379e-5
2912,-67.6428921479202,-6.8766521511869785,-8.64077755375479,2,-48.93064403256051,105.27792346962137,0.08591894945850964,105.19200452548719,105.28552625154943,-0.0076027819280568565
2913,13.700669199042368,-64.90716043039842,18.943222648781184,4,-218.46031294809583,140.9075043034078,116.23706757295541,24.670434924448486,140.9067748020836,0.0007295013242014647
2914,-7.254254942341015,-1.217416153154187,22.986943501215258,1,-500.0000000000794,-211.47155126799802,-123.99584064448906,-87.47571159403087,-211.47147974965716,-7.151834086016606e-5
2915,-8.195019107564075,0.2592716500224963,2.332162616997456,4,-326.5117543061592,-1226.8783446154434,-634.8559117492006,-592.0224346851587,-1226.8782818324723,-6.278297109929554e-5
2916,4.492116879814824,-12.57881598205083,-4.760795956416038,4,-215.70912560233387,-1549.375892527633,-942.1966233504253,-607.1792699099315,-1549.3758565750975,-3.595253542698629e-5
2917,-43.29072765434083,6.8161842696977395,63.65160978085262,2,-158.40997057097917,-33.75559456099808,-79.3905276799741,45.63494098702925,-33.75663038295873,0.0010358219606558805
2918,30.258176393426584,-19.725575636018682,21.474439880146196,4,-158.02961526346945,-124.43962638947251,58.962581994610105,-183.40220851112127,-124.43965105194583,2.4662473322223377e-5
2919,47.425366869491256,14.458612750404342,-38.242785964710706,4,-103.83567955617822,-1652.4017123830317,-1182.953490720831,-469.4482169833207,-1652.4015605499744,-0.00015183305731625296
2920,1.464359519063509,95.70546565345524,-22.17555694908329,4,-346.66563531926903,-1580.026187227626,-1598.8656123587102,18.83943578404268,-1580.026584424232,0.0003971966059452825
2921,62.0186829700426,-29.667820007883066,37.68080547692672,4,-90.80053465501072,-43.95950901315365,118.76310650622736,-162.72261537202596,-43.959581689013646,7.2675859996707e-5
2922,-21.32019054720797,-46.3881790405452,-46.25690403051758,2,-146.17767652129731,275.94935280931355,143.259261202128,132.69009107108343,275.9492832837963,6.952551723315992e-5
2923,19.061617411741338,-4.537733836554515,-68.05151916232083,4,-107.826108300613,-9375.553050632485,-9157.604251490922,-217.94879425110446,-9375.546912932254,-0.006137700231192866
2924,45.02121918991312,59.80399158205285,-37.74813536132627,4,-125.18283875231353,277.89616862315927,205.02295664375825,72.87321138548332,277.8955720917943,0.0005965313649767268
2925,1.3630006273490594,-0.3305956331761293,-1.1324650769081057,4,-226.31701024698472,-1511.2787655617954,-858.5610318672421,-652.717734623972,-1511.2786713846656,-9.417712976755865e-5
2926,27.017792247422125,-4.954833241537501,-55.281311537155425,4,-111.15140132190648,-5904.561984723174,-5529.000099867871,-375.5618669101072,-5904.5592250373475,-0.0027596858262768365
2927,12.050491297200509,25.144620086675268,-16.592378424513647,4,-211.95618286222032,-1471.4153801066086,-1268.7631127039197,-202.65226546816479,-1471.415288288196,-9.181841255667678e-5
2928,3.9642168669484747,-89.51214425189663,40.690529961457024,4,-228.43637052319818,1255.3269473373389,1289.9913794261204,-34.66443280367055,1255.3257835288844,0.0011638084545211314
2929,18.184321244893113,-75.07921250359867,29.563087005511402,4,-188.8587778724996,-20.109257884936248,-69.85333910680711,49.74407400148979,-20.10976031492181,0.0005024299855627135
2930,14.515687640315308,-18.428719690789123,-20.45383556182688,4,-172.3783727432286,-2847.84082672025,-2495.7835496648804,-352.0572836410414,-2847.838992198816,-0.0018345214339205995
2931,57.387711303795555,38.61318936992165,38.57148049154696,4,-94.40672767554638,27.804096336530847,142.30869813496676,-114.50460223433095,27.803979231829214,0.00011710470163350806
2932,51.9792027707313,-10.005366888010695,3.5504147716010004,4,-108.74555451831796,-720.6992372648833,-175.17135857771441,-545.5278783881338,-720.6991738507002,-6.34141831596935e-5
2933,-4.417340415316974,-35.57543206837503,-9.342893957869318,1,-500.0000000000794,144.5213677992769,104.51701114925686,40.004359094551035,144.5213400707105,2.7728566408313782e-5
2934,82.20466062350432,-11.818639861295757,41.46079696611488,4,-72.7059288112944,-145.5963787262872,93.14902074859836,-238.74539938831495,-145.5964039881748,2.526188760043624e-5
2935,-22.598280693280127,-10.22210362920081,45.89422994765547,2,-240.82373537609834,25.616687187683443,-2.5474966774042507,28.164185211406576,25.616915301813773,-0.00022811413032997052
2936,-3.102303858597488,28.74217528956932,-1.519041448996777,4,-458.8494915729718,5.640687061985628,-3.499771435198305,9.140458231174213,5.64065145647441,3.56055112176179e-5
2937,-24.726182406971358,-0.19590401860629336,-3.8810226973679343,1,-500.0000000000794,96.11177003921733,-4.440961365870837,100.55273142896176,96.11175826780097,1.1771416367878373e-5
2938,79.20275392125993,9.631081770911697,32.59620806597814,4,-76.2535625306938,-222.8396144807613,64.21801502588737,-287.0576292293001,-222.83959628115412,-1.8199607183078115e-5
2939,-3.552517500790722,-5.333971689528797,-8.91680609961254,4,-216.60060463218264,-2194.2123786715606,-1553.5584310251033,-640.6539554172365,-2194.213217526748,0.0008388551873395045
2940,2.491326423096851,1.4758530265886116,-2.7451855494307393,4,-215.4236172643157,-1606.5807187818693,-947.0742866973707,-659.5064339544533,-1606.5805949108938,-0.00012387097558530513
2941,9.225906046851257,43.93399003589494,17.038414094459743,4,-256.1327072443737,112.39007926350091,125.23114577637945,-12.841067651879888,112.39001427454808,6.498895282902595e-5
2942,16.190749034535024,-2.326277227780994,8.05438190245043,4,-196.50553763518178,-822.1053766996972,-286.7145888064144,-535.390787311148,-822.1053552790261,-2.1420671146188397e-5
2943,-19.901440317605196,-3.6959196909924783,-75.46947915900492,4,-119.68549924459442,-15819.820966312378,-16133.09657490041,313.27569974249985,-15819.808048396764,-0.012917915613797959
2944,48.79753992052233,-74.12401505939182,9.23656568589924,4,-102.877062256291,268.1866091883976,314.1938245677836,-46.007217761481755,268.1864199930055,0.0001891953921244749
2945,47.40561851068912,-74.18888793926767,-10.690584381565538,4,-109.77413167567903,284.0817478510804,292.65618980544554,-8.574442444222145,284.0812883290616,0.0004595220188434723
2946,-17.214653297527093,-61.026548817213225,49.646571472335566,4,-352.47466902982,-9662.642070300977,-9615.285541223271,-47.3565472093653,-9662.643306995049,0.0012366940718493424
2947,-1.8075298773637714,-37.28166476513222,-9.451809383346125,1,-500.0000000000794,195.05988526278523,163.26955357326602,31.79033425972744,195.0598357920912,4.947069402305715e-5
2948,-43.85708882057468,56.75785459536029,-61.53980557166337,2,-120.73650696306544,234.9741578543245,37.95449800713458,197.0196602341976,234.97350296101257,0.0006548933119177036
2949,-20.72722127563986,22.23924458647854,25.321933074549626,2,-330.4076459383687,116.89143988996447,24.45150118190738,92.43993843666638,116.89132379794391,0.00011609202056206414
2950,52.43901121712736,-64.84786837871485,20.7533546376569,4,-98.88357466588586,171.898870868148,235.4905216660364,-63.591652118616885,171.89877329848647,9.756966153418034e-5
2951,-10.942845192456614,-10.934226167695392,-8.096235333999307,4,-269.12646308455487,-1902.0543928955547,-1201.435936165072,-700.6184556992396,-1902.054167178154,-0.00022571740055354894
2952,9.398395836246713,-41.16025623231742,-63.68827568564636,4,-345.5407346242462,-2231.125973987949,-2251.0523019176276,19.926334676896442,-2231.125085301619,-0.0008886863297448144
2953,3.7939727727994823,-10.506736494873442,-3.3762610802105284,4,-218.26675215061098,-1502.3118820959223,-885.993856423393,-616.3180252182382,-1502.3117554427026,-0.00012665321969507204
2954,35.55306235804336,5.315890840600685,-24.219053197162037,4,-121.28139510325575,-1717.084169438874,-1057.8745026224287,-659.2096656796472,-1717.0840125841203,-0.00015685475364080048
2955,31.18659013645857,-12.98987612032639,12.870881372724517,4,-154.06584086516216,-453.86746447595726,-74.45033518895818,-379.4171298329675,-453.8674314387596,-3.3037197681551334e-5
2956,-0.3443859470471212,0.7040103605633209,-2.275371509781078,4,-228.18155688281072,-1617.0654038459782,-954.4535959925832,-662.6118096905659,-1617.0653695391768,-3.430680135352304e-5
2957,72.02390363846634,23.343016545014308,-3.774318095116493,4,-85.05120084121698,-421.9531892293882,-107.03013286364494,-314.92305634578673,-421.9531230796086,-6.614977962726698e-5
2958,26.870829786745343,41.069538710689514,46.44733801628809,4,-149.64193294680126,183.2913231295205,249.85977567060277,-66.56845145666733,183.2911278916443,0.0001952378761984619
2959,-68.07944836629851,-54.22299912291113,16.464539405055216,4,-301.46256590208696,-10080.36440414336,-10217.789280683077,137.42493370641571,-10080.366312376686,0.0019082333255937556
2960,-30.877802792097054,72.07386954810042,29.336560092700843,4,-315.7599653244722,-8771.594263458504,-8786.874851419983,15.280562149342009,-8771.592555770823,-0.0017076876811188413
2961,-21.99593126261668,-63.45583616870907,41.437698789614004,4,-355.51050070300715,-8716.235565333816,-8740.043418182426,23.80786404801902,-8716.231320775041,-0.004244558775098994
2962,-10.817271925350397,46.11243674460798,65.79974341176658,4,-376.3190521941084,-9229.613850743846,-9198.255894927554,-31.35795491609136,-9229.614229350438,0.00037860659176658373
2963,20.99161796874917,-13.443123855890306,-14.79424625380656,4,-156.9160122543117,-1654.5146950572832,-1131.6152949292832,-522.8993983340407,-1654.514542586009,-0.00015247127430484397
2964,-6.717323775359311,4.417902774795674,-1.9258464452534227,4,-262.9204086674354,-1625.2205948459527,-956.7723338960203,-668.4482642072987,-1625.2204913474438,-0.00010349850890634116
2965,29.087425929723928,4.951401814954191,-4.874291667915383,4,-143.80101248225517,-1187.0090524351995,-535.1084809556207,-651.9005714456493,-1187.009087591688,3.5156488593202084e-5
2966,17.287264554802046,-23.65334184692933,-3.0583565284948078,4,-201.2447540116517,-683.3555298760859,-378.2043414642174,-305.1511895406059,-683.3555280145623,-1.8615236285768333e-6
2967,2.4864833402936197,-8.729277952489692,25.891339952844476,4,-463.356838190807,-844.478256720832,-662.7647662916423,-181.71348541953472,-844.4782566306689,-9.01630983207724e-8
2968,-48.21691377694221,-4.434614600131706,-76.55610578652873,4,-128.61665886448986,-14692.697970874164,-15620.056718217693,927.3587831396657,-14692.700587702982,0.0026168288186454447
2969,29.901880563954265,36.74113505520242,19.81131488907908,4,-158.71724270591216,-7.742610779817562,93.27929559945657,-101.02190719830548,-7.742721044182311,0.00011026436474903534
2970,-40.75624567775985,-1.756721352614343,13.008368953183206,2,-105.18456011305064,54.847050783025594,0.4777557007063513,54.36929494935272,54.847049474918116,1.308107478337206e-6
2971,9.635529510996005,-50.75759199733538,-81.4307524691404,4,-141.01902763853406,-763.9479030411644,-795.4717150422464,31.523816244555356,-763.9470062594195,-0.0008967817449274662
2972,7.1172851471181104,-5.479123618915004,4.139427199029835,4,-224.86331988380735,-1082.304483117683,-491.78275404933936,-590.521730024788,-1082.3044666987762,-1.641890685277758e-5
2973,8.660074170712175,81.84938367647622,-19.793236809107043,4,-289.5759983765102,199.722660307863,128.9928599140063,70.72979362963835,199.7218022500889,0.000858057774109966
2974,-66.9417049500615,-14.705521020854892,50.65360501510154,2,-147.0068783293075,49.01352597888923,-67.29184256103729,116.30536831278009,49.00974669117004,0.0037792877191904495
2975,8.557855644432387,-28.62338170364598,-8.638387688442647,4,-273.5506799457476,-611.941178435583,-408.10925341269643,-203.8319236312542,-611.9412483791626,6.994357966050302e-5
2976,-12.754967183049477,20.931162424436184,-64.24362514269009,4,-163.96297796855694,-8717.02450331122,-8999.555169165415,282.53066358458915,-8717.019358300111,-0.005145011109561892
2977,-81.38403119132388,-51.30285671000745,-2.4149683056795452,2,-47.45095149090206,109.70082402003256,-0.511142103494614,110.21196588489734,109.69910043232218,0.0017235877103729536
2978,83.8601292533338,18.38150601440661,-50.806890116840776,4,-70.40865208854808,-869.6440440981532,-571.4855155154006,-298.1585295599706,-869.6439492198755,-9.487827776410995e-5
2979,54.339442612417834,-31.96050396045663,-76.67299767205225,4,-90.85610341337488,-2923.470176605556,-2990.1376795598067,66.66750930292363,-2923.468019674759,-0.0021569307969002693
2980,52.57936542040644,11.01469764612162,-18.056748472300306,4,-103.39414133031329,-1116.3760350234697,-501.19290889386826,-615.183124058044,-1116.3759444781094,-9.054536030816962e-5
2981,-47.59304406501893,-72.29250154249438,26.01532431443852,4,-289.1159305843223,-7664.8937723736735,-7640.811163340554,-24.082630380817974,-7664.891297788321,-0.00247458535250189
2982,-19.366056829738373,-1.077909848254814,-18.28404595686487,4,-230.93078342238843,-3588.586081788824,-2909.771792272767,-678.8142905111843,-3588.5833626540752,-0.00271913474853136
2983,-72.50210125760123,19.51383976765574,-62.560735494378534,2,-57.26965028898232,305.1121188612811,-7.1419443399243026,312.2540622534178,305.11209576471543,2.309656565557816e-5
2984,-29.33425624863245,-67.40464586147326,25.437623075588483,4,-336.3815650826267,-8185.4099312685885,-8216.954269846845,31.544348559192226,-8185.407690151876,-0.002241116712866642
2985,-14.586783730661352,9.757409517689753,-10.555440318497388,4,-266.77990681853754,-2157.5523864780257,-1437.1409832965523,-720.4114093729875,-2157.551719883841,-0.0006665941846222267
2986,-35.88509146029839,20.664770767567543,-82.29802585182878,4,-144.7520031204379,-8202.905179076668,-8521.012908616902,318.107704022619,-8202.903770265846,-0.0014088108218857087
2987,28.667157448163557,-18.11308798697396,73.50130348162693,4,-149.41237293010533,-36.14789711834495,23.12338120324776,-59.27127640665022,-36.14795163667169,5.451832674197021e-5
2988,-4.149636526458898,-13.902030316455852,1.6940092456252827,4,-320.4536753258448,-1019.9902030295809,-509.8615433502285,-510.1286576652741,-1019.9901870095176,-1.6020063299038156e-5
2989,58.398835899654046,-2.228385053763606,-72.61191566720467,4,-80.03372636003887,-2714.6432355973952,-2171.6537286749713,-542.9895166039092,-2714.6417617951565,-0.001473802238706412
2990,-32.353909877054214,-57.813856725677354,50.989151904502776,4,-353.33789538197567,-7881.452975600567,-8048.81726535814,167.36429009243997,-7881.45226998172,-0.0007056188469505287
2991,1.7189652328266753,-5.990354969451866,9.280280285092024,4,-298.859485793768,-678.986813580468,-253.34383393964825,-425.64297904008225,-678.9867991399921,-1.4440475979426992e-5
2992,37.92881982544825,-1.7321155606999334,79.41285290060368,4,-109.92728770008624,322.09860647724224,386.64970003655554,-64.55109176306185,322.0987058884068,-9.941116456957388e-5
2993,29.045401366349385,-33.26718817890014,-4.325629483421191,4,-178.48826047517792,-350.39302882558974,-92.62844865285007,-257.76458087885106,-350.3929765369992,-5.228859055250723e-5
2994,20.533598609184775,-50.697565057404084,18.428034854030155,4,-186.15170588740986,162.43697818495644,214.8892354087885,-52.452256741104,162.43649608575353,0.0004820992029124227
2995,26.521909372820804,-42.7751038427373,-1.712175920248933,4,-188.80243534372818,-10.854600182763638,68.97615373597536,-79.83075463079588,-10.854664899726325,6.471696268661731e-5
2996,42.08153976993452,10.0875419049445,45.30688990018678,4,-116.93828395138966,35.5082596906929,169.1088308637638,-133.60057105154095,35.50825236323752,7.327455385564008e-6
2997,3.602316789957748,-6.344327890360657,-2.834337724069481,4,-213.96601834487177,-1542.1608226539097,-899.2299777850208,-642.9308455845,-1542.160696650746,-0.00012600316358657437
2998,16.26887635201535,-2.0904764175917476,77.96718630527427,4,-233.80041613030863,-858.5862788745832,-726.0073161393141,-132.57896268776022,-858.5866943120338,0.00041543745066974225
2999,2.1931784330478843,-10.244580849704173,-0.2781605510177247,4,-237.11034545191694,-1280.1932074420035,-695.012303342422,-585.1809060738277,-1280.1931945177619,-1.2924241673317738e-5
3000,3.245050051142987,-25.790739354166988,53.94840108272949,4,-424.62061049694336,-10.97001021138885,-121.33716373718883,110.36714619372188,-10.97004496546276,3.4754073910292504e-5
3001,7.85742916472544,2.8726607332073075,3.88854434693133,4,-217.25306313782627,-1128.9342534242078,-527.0788097381172,-601.8554446462847,-1128.9342772813015,2.385709376540035e-5
3002,20.06108196143811,17.76303963508417,-47.642673653184744,4,-134.58374779831374,-7596.201052642076,-7580.057053236026,-16.144040304132236,-7596.197870445557,-0.003182196519446734
3003,-9.809063014855415,17.22379419850357,22.754628954660976,1,-500.0000000000794,106.77253569221155,47.02496928142363,59.747566507834605,106.77250299346277,3.2698748782422626e-5
3004,22.04312525908965,63.224250902133775,-71.59639046495325,4,-154.52199113149487,717.7405594378921,698.080919862841,19.65963291931589,717.7415928359777,-0.0010333980856103153
3005,-22.033761150420844,5.333628694212378,-37.465384491326674,4,-175.36783039382664,-11678.603323285788,-11540.324561419493,-138.27876206030956,-11678.599689031596,-0.0036342541916383198
3006,-4.964178949964725,28.180272254123444,-4.633482348489978,4,-489.33045523195574,-118.99898122515023,-32.27014053283038,-86.72884038843576,-118.99908789834231,0.00010667319207868786
3007,12.66499633841951,13.405159433294928,42.790989631184246,4,-265.96140481986487,48.10535673211947,-48.6188002101852,96.72415785726491,48.105353792283026,2.939836441839816e-6
3008,-30.8836123328032,-64.72879765405003,-21.873630780060278,4,-379.5600498527102,-8774.978856864227,-8840.015319036622,65.03644139693296,-8774.976221186698,-0.0026356775288149947
3009,-21.17741803812288,2.7459511783063286,-4.397474388691628,1,-500.0000000000794,-253.42641275360984,-60.17242276490063,-193.2539893476381,-253.42639596632577,-1.678728406773189e-5
3010,52.59452134560561,12.987009121861439,-64.57142559928832,4,-88.51978599991888,-2724.1571709465707,-2423.476112009572,-300.6810613750823,-2724.1555318331875,-0.001639113383134827
3011,0.9859171856831223,5.647465839096786,1.711419120907781,4,-241.51817415937094,-1318.876203113456,-696.1892200853275,-622.6869834596195,-1318.8761122014364,-9.091201968658424e-5
3012,2.9301598874055816,0.18778947156234804,7.146676698719508,4,-262.830996317308,-925.6291322925829,-397.6759457656962,-527.953183891636,-925.6290812817622,-5.101082069813856e-5
3013,-13.675467641827964,-30.437836756489908,-16.224034446792235,2,-311.6131945056705,134.59005758165696,2.744465144337817,131.8455920994458,134.5897663361755,0.0002912454814634202
3014,-55.059017037582024,-45.15247662678686,58.67164856575431,4,-330.38288530434767,-5899.018112018827,-5924.646529604551,25.628393343285726,-5899.0136587971,-0.00445322172708984
3015,-7.432325045756021,59.324162753777614,31.10470140592363,4,-383.98048055654283,-5809.9585372828315,-5768.76985896362,-41.18866297779507,-5809.956778529434,-0.0017587533975529368
3016,-21.176459758610164,45.36263034879771,19.734795190548137,4,-454.6652671797673,-7272.076267623791,-7366.652117696972,94.57583670758908,-7272.074999951915,-0.0012676718761213124
3017,-12.14781393376554,-77.42928891671133,-59.98560689667557,2,-177.57718661453603,62.21711722629499,147.55423964782267,-85.3371309947072,62.21569731660087,0.001419909694121202
3018,21.34033979481492,64.4075300834096,-28.029926778846352,4,-226.61439724703627,167.50011788078822,91.39491017271789,76.10520434763396,167.49956780270873,0.0005500780794989168
3019,11.818650378028243,64.36328643135899,-11.663182780406126,4,-252.77428437529437,411.1815001256378,384.2651442781356,26.91635457710374,411.1808574404722,0.0006426851655874088
3020,10.522155384765005,80.83268617697306,28.296980388622092,4,-213.99549903859872,510.69022916343937,507.0173355877911,3.672885036329894,510.68933332913383,0.0008958343055383011
3021,-2.0271579716816324,-20.919288085076555,0.1639958923497003,4,-343.36389838777984,-687.3861532006486,-362.1911615535491,-325.1949931795027,-687.3861121367293,-4.106391929781239e-5
3022,-15.207328808743613,6.200858268409212,11.847190106892421,1,-500.0000000000794,57.40866661990057,17.58996228922203,39.818704106224075,57.40866729724308,-6.773425056394444e-7
3023,-34.29504142754441,-37.87930594621414,-23.24473532848269,2,-102.42928910018975,130.1262345956991,7.175435382078223,122.9507992274271,130.12572190900494,0.0005126866941509434
3024,-79.6052920164286,28.019056162768468,36.70557343131866,2,-53.502387273005,106.50307579801589,3.1205265144964778,103.38254884064469,106.50352872651808,-0.00045292850219880165
3025,-39.51774987789267,31.990055088210894,-23.010739040252012,2,-86.619916819645,133.1928192753869,5.232642658017529,127.9601767701929,133.19268449129447,0.00013478409243816714
3026,20.45596428631935,2.021263605803315,-11.345055352059795,4,-155.0238574214237,-1632.7904054720536,-980.0178539781645,-652.7725519885902,-1632.79022377319,-0.0001816988635710004
3027,-10.543703381350026,-17.459614502826447,9.444876830190474,1,-500.0000000000794,68.3034241107667,-7.508237906946786,75.8116620736351,68.30339639618192,2.7714584774685136e-5
3028,-38.399549401107976,7.036439794220011,-25.346179383594468,2,-369.0836895448422,303.9442326421907,3.498272703298545,300.4459613269157,303.9445208697806,-0.0002882275899196429
3029,-30.17949446329966,-72.12634348116015,-19.017319466695138,4,-361.1973256798768,-8370.09285035452,-8332.533849672127,-37.55897159548924,-8370.092390265952,-0.00046008856770640705
3030,-1.4718240089006847,-0.9671836242026985,-4.315603455468523,4,-224.87297146111612,-1770.4028122262396,-1104.069775523706,-666.3330370580766,-1770.402604279055,-0.00020794718466277118
3031,-12.424212031264359,-85.64675661485849,6.313482911390225,4,-345.9071625095675,-8627.292835963159,-8573.934945330902,-53.35786372294831,-8627.288605194866,-0.004230768292472931
3032,-7.300532454804068,9.234188181527673,-4.490071337254586,4,-257.76126768580355,-1727.0796867886847,-1066.3332828424766,-660.746402715695,-1727.0796201715696,-6.661711518063385e-5
3033,6.227035095903663,-21.25071183904711,35.63734814238646,4,-333.94030822870695,133.11062074596592,66.54905446887217,66.56156661156761,133.11065743398237,-3.668801645062558e-5
3034,-8.754927771830499,-1.9420841220358542,10.40096776628656,1,-500.0000000000794,-11.417814601725611,13.111793406961311,-24.52960803311059,-11.417814017194404,-5.845312074370668e-7
3035,-29.290576682731626,-34.6604548539248,76.11564286363839,4,-297.79905734259165,-3485.7060235315084,-3407.5134046970643,-78.19263495368392,-3485.7046709203396,-0.0013526111688406672
3036,5.710036641559538,11.121173602588524,8.628699558723286,4,-258.9560623794836,-752.3333703428904,-286.2905799836061,-466.0427904079268,-752.333350667474,-1.9675416410791513e-5
3037,1.5159024439791133,14.88298080021974,-44.72936002127263,4,-147.84365761162744,-11448.086699749712,-11323.454461130625,-124.63223610158205,-11448.082164566125,-0.004535183586995117
3038,-7.734714547228452,58.81841003938607,11.994180527185968,4,-401.74238475515295,-4205.374650063809,-4168.469640292074,-36.905024132796704,-4205.374338397505,-0.00031166630378720583
3039,13.350263101473713,2.4979277143928855,20.64066892130182,4,-238.52466795983108,-139.61780828736752,45.439152170982105,-185.05696048470327,-139.61780757136867,-7.159988513194548e-7
3040,6.136687728682487,1.5543320320198857,-1.3220959900803277,4,-207.34393140645503,-1453.3373165469955,-804.1224777454199,-649.2148392387352,-1453.3373739345561,5.7387560673305416e-5
3041,-1.2650465257503707,-1.9794750309069746,-3.976803100416113,4,-225.796169737306,-1732.8215933978038,-1068.9767796152726,-663.8448144191435,-1732.8218064178989,0.00021302009508872288
3042,20.27969052935188,23.173034578338438,-12.491734142270403,4,-177.47336226975574,-1007.2985225119438,-676.6520804391458,-330.64644094834614,-1007.2984244169187,-9.809502512325707e-5
3043,-68.47576238718,27.421006494826518,8.78572141500193,2,-52.04139005431874,90.17223105075311,1.979966165625376,88.19226426203754,90.17327656234716,-0.0010455115940430915
3044,-6.479359692166571,-8.270491245771485,-12.693271244391543,4,-216.3078434133691,-2803.084259392878,-2215.828194751348,-587.2560683076736,-2803.0840900543612,-0.00016933851657086052
3045,-4.890040595328112,-7.5971621295533724,-8.64144494976256,4,-224.68214111812847,-2143.225099961189,-1511.279532927494,-631.9455696639936,-2143.2246689289254,-0.00043103226335006184
3046,16.50063749588454,6.915278238627484,40.58588805671832,4,-228.34100103549426,-21.762153788893645,42.7515300822936,-64.51368515645237,-21.762172738624763,1.8949731117601232e-5
3047,17.274284604175378,76.09508921083693,-30.733926781834676,4,-241.47849633733617,278.8982402337167,193.59877866181526,85.29945850805017,278.8975039444583,0.000736289258384204
3048,-3.235885167920566,0.8078851152699198,7.5420860264884215,4,-336.94598963105585,-794.6993734638768,-341.28450125909916,-453.41487207550404,-794.6993687404182,-4.723458573607786e-6
3049,5.85895709653284,-13.831149080139786,12.842626843660003,4,-301.9608600925771,-276.11154174425246,-47.05849943677383,-229.0530415691875,-276.1115394714749,-2.2727775785824633e-6
3050,-58.044830215808524,-11.232045857151498,24.15112915393433,2,-72.19483932469119,55.860616419654164,-0.44598609148087076,56.306602374752316,55.86070007375198,-8.365409781418975e-5
3051,-17.402209286060344,53.124515684597,21.44236177231942,4,-450.46641551713657,-6041.393979522139,-6045.48429175663,4.090296410878012,-6041.39248083693,-0.001498685208389361
3052,-56.587142818282594,59.471738395888664,39.0112414410102,4,-278.7947366711502,-7580.899854009512,-7739.055700392421,158.15584597842883,-7580.895127716648,-0.004726292863779236
3053,-29.89373939502278,-11.234824419364674,19.75513706151285,1,-500.0000000000794,226.92173135671882,144.029077954302,82.8926532844672,226.92190455650973,-0.00017319979090757442
3054,-1.841342590348284,4.976264421325606,-21.013885937038193,4,-182.14337290236304,-4563.684980135234,-4081.678449283721,-482.00654863526165,-4563.682329086264,-0.0026510489697102457
3055,-3.3741889408831005,77.73719521545975,49.13550392903519,4,-287.64061660950017,-2478.0343315203354,-2429.1242611185685,-48.910020091485194,-2478.0335540646006,-0.0007774557348056987
3056,69.56135025530682,10.051797101183405,4.894504397347515,4,-87.07895340948396,-596.7500294158635,-107.92188417569142,-488.8281444873279,-596.7499322516845,-9.716417901017849e-5
3057,10.804111704592946,-18.794286774961172,13.099755220128815,4,-259.2321307647809,-209.69205041663184,-0.5090337240306179,-209.18301641200824,-209.6920709947088,2.0578076970423353e-5
3058,-12.518566132457018,21.57091969826331,-16.870299600099344,4,-302.6045293736587,-2633.34099073004,-2135.234086468434,-498.10691040781694,-2633.3417733226593,0.0007825926190889732
3059,-18.96390831780023,-76.07635491468727,32.739530015737614,4,-322.18133817990963,-9469.53953810724,-9429.098964494397,-40.44053595690628,-9469.542917825009,0.0033797177693486447
3060,14.031741284632382,56.48034516100185,-2.742531185281016,4,-234.4761138001062,237.68938919859974,234.27603783732505,3.4133504662121625,237.6889787403167,0.00041045828302799237
3061,-22.259846898274507,24.993595445487376,23.66680991794235,2,-339.76364882066025,165.96693179143142,22.526697545645863,143.44023423414197,165.96686527414622,6.651728520523648e-5
3062,-35.38241426982843,4.274414204613415,14.413760830845732,1,-500.0000000000794,-43.45042098463013,-110.1404949657798,66.69007058996382,-42.64019334572444,-0.8102276389056868
3063,16.213821459847797,55.806880641915605,1.2584017727991532,4,-219.59102496056957,178.751166339892,186.3843593376581,-7.633194136472039,178.7511336139881,3.2725903906793974e-5
3064,13.46452585125901,1.503210822167344,29.121882177490956,4,-244.5677560579111,-22.02282954573637,87.56875633350171,-109.59158554784644,-22.022831063147596,1.5174112242277715e-6
3065,0.44010585125523893,68.1779288757969,-24.08797555116302,4,-372.52462321069095,-2961.7457692704434,-2948.9299140597473,-12.81585607336244,-2961.7456571606244,-0.00011210981892872951
3066,16.834067960900384,-8.355917979658939,10.386123338081195,4,-200.78681672393037,-628.8796906634901,-181.48746035643427,-447.392230944968,-628.8796492406067,-4.1422883441555314e-5
3067,-17.17768876931199,8.381405437478033,1.2248267099777863,1,-500.0000000000794,55.637252136559134,12.127517397229246,43.50973490190718,55.63724486188442,7.274674715063156e-6
3068,-62.97088475391346,-24.46520571164657,18.55369696513111,2,-61.11825737661443,87.81504950173789,-1.4773739503455634,89.29242316914237,87.81508686781822,-3.736608033477751e-5
3069,46.694621912529605,-20.129844623722825,-40.674186318802775,4,-110.49462397761167,-1223.5429517755604,-1171.2305730253465,-52.31238482428405,-1223.543235271039,0.00028349547869765956
3070,-73.40879999492878,17.875981956881663,-10.203803176504046,2,-45.15400183813711,100.03104687645703,2.518520962757089,97.51252607997738,100.02460009735954,0.006446779097487365
3071,14.653378034014894,32.11270474441146,-10.056673933207286,4,-241.1148527169325,-285.22903909228705,-223.6223941539535,-61.60664607947874,-285.22914732323363,0.00010823094658007903
3072,0.7737294725006159,-18.459880254263062,-63.109344103594196,4,-142.2821396363312,-11241.310757123918,-11492.421313179679,251.11055601326305,-11241.307467747865,-0.003289376052634907
3073,-51.36020764730781,-33.39706791881683,-61.33125307060036,2,-78.62924905721644,219.26497644947366,-21.578223744546737,240.84319944067278,219.2644357721369,0.0005406773367724327
3074,75.74636814939231,2.3051858934357528,-17.824481529516074,4,-79.73828336060653,-979.1161163425506,-322.0243131181364,-657.0918031607747,-979.1159860919954,-0.0001302505552303046
3075,5.736256289066306,-62.85275436342832,50.30353884196948,4,-254.96298366857505,835.1476814765815,835.4681847272356,-0.3205194338300978,835.1475178049719,0.00016367160958452587
3076,25.042556819697456,-16.179796311584994,32.195564429046044,4,-169.79928738489977,19.52177583369999,135.92575692815885,-116.40398096084994,19.521756081180694,1.9752519296645232e-5
3077,-25.6948015539033,4.884243321214252,-27.84197000850404,4,-206.97646071334316,-6028.264426216256,-5455.597912363601,-572.6665283905992,-6028.2607471584315,-0.0036790578242289484
3078,-19.30801188200586,-2.182367703403059,16.053894628428573,2,-405.22191847529206,29.29019274027452,-4.519755789054809,33.80994874316786,29.290197964411572,-5.224137051840216e-6
3079,2.6402572345431277,0.5718308626905271,-2.134409661394024,4,-217.27810157864857,-1561.5604525870785,-905.3733129457515,-656.1871418295895,-1561.560268546994,-0.0001840400846049306
3080,82.71200072036254,-19.88063629889109,-15.861931439259036,4,-75.55897860921272,-580.6865608699554,-203.21704100698918,-377.46951982562484,-580.6864027317332,-0.0001581382222184402
3081,-4.959724713510212,26.031258933191026,24.41345249392828,1,-500.0000000000794,81.94975559916682,33.97263160931242,47.9771230085221,81.94963498513286,0.00012061403396046444
3082,60.891467650299994,-19.09559037823247,0.5257677335503194,4,-98.03292179475845,-563.7585718093223,-135.74700165417508,-428.0115684559772,-563.7584898420049,-8.19673174419222e-5
3083,-55.17624040141801,0.13773105525777288,81.86886457499398,2,-129.64660097438633,-41.55825350112737,-105.16137502406104,63.60312188356193,-41.562016970095144,0.003763468967775907
3084,45.06239702226998,-17.554982372062106,27.17080858426303,4,-119.54030662465912,-144.08101618839075,78.00649025008107,-222.08750645897058,-144.08104605772743,2.9869336685806047e-5
3085,-45.73756559965139,-42.3066558158347,22.3119269242511,4,-405.750640805971,-8701.220243166801,-8995.346904870847,294.12662654601303,-8701.218275077246,-0.0019680895547935506
3086,8.988742158171377,6.406412746572933,-6.4694003748165985,4,-187.87846776087156,-1645.1911967196436,-998.0534155696591,-647.1377821394501,-1645.1909807944435,-0.0002159252001092682
3087,-4.632016845775624,-59.83767991638296,-78.85231977555623,4,-196.67932583749473,-6831.7836922422275,-6816.896529772937,-14.887159845817473,-6831.781766545589,-0.001925696638863883
3088,-9.821377417436478,-81.56114346582191,0.881654677613575,4,-349.01766882800615,-8164.3260333202315,-8113.568966995953,-50.757052643865954,-8164.325615704288,-0.000417615943661076
3089,-7.438067540360193,-7.751334316289384,10.906597093331282,1,-500.0000000000794,-14.225151553487809,-0.6522822037376358,-13.572869363849412,-14.225153799432485,2.245944676459999e-6
3090,39.71921516618997,26.4720194310475,43.47676921909514,4,-120.86877858545726,84.78735556871898,194.51469307253933,-109.72733791820785,84.78727641894561,7.914977337009077e-5
3091,-10.56438317823344,9.33080846803104,-0.8988371170773843,4,-329.1888099946661,-1323.398641690297,-707.7925309150172,-615.6061102057079,-1323.3986063937198,-3.529657715262147e-5
3092,0.35735327467795924,0.19252476816359393,-0.05172416974782846,4,-235.31507559961108,-1454.4110690053872,-806.7888827170583,-647.6221865929048,-1454.4109898352153,-7.917017182990094e-5
3093,35.984052777182825,-10.615021523406947,73.67666045779511,4,-116.49878336424635,266.66207432759245,333.9202809899794,-67.2582069844083,266.6624510659083,-0.00037673831582196726
3094,-52.45216800409453,50.520821995748385,36.21454942786452,2,-162.55902102242428,216.86885598012557,-36.779424522072986,253.64827769233324,216.86568375446055,0.0031722256650255076
3095,-75.29663504591709,13.63998307488494,-12.786498707686043,2,-43.839841176012726,111.02235173998662,2.3019789174113585,108.72037327002407,111.0155183364275,0.006833403559113549
3096,-31.493246939654995,5.246438111009164,6.275106673604053,2,-148.14803491674638,67.74521065348317,0.1991875878491257,67.54602292935743,67.74520844121058,2.2122725908957364e-6
3097,3.5597564399017756,-0.6714625647009984,5.530059883824198,4,-248.51334542359422,-1043.700750550646,-475.9814445919889,-567.719304957626,-1043.700694549293,-5.6001352959356154e-5
3098,2.5085325666976632,0.8312030194798028,0.15239432096884536,4,-226.38548303993554,-1417.9448437818583,-774.0111886632725,-643.9336551367487,-1417.9447816190439,-6.216281440174498e-5
3099,-41.412212067514986,-37.260311970449045,46.969679974878204,2,-173.56779605941364,136.71448235579965,107.86950307595835,28.8449836800304,136.71362536277536,0.0008569930242856572
3100,-7.060285677910807,48.02090304295398,24.364441413330326,4,-419.67464894597634,-2396.61003023298,-2380.675792942193,-15.934244663361953,-2396.6092245929467,-0.0008056400333771307
3101,-19.33315052548731,53.794037291398,-3.7374265159867126,4,-471.11845928834083,-8121.374221241994,-8163.535958186965,42.16174695380038,-8121.37242759193,-0.0017936500635187258
3102,87.47176651096648,-40.469509100391605,22.354579555884815,4,-70.28447367939415,-36.95017382384884,49.43165516420784,-86.38182937704204,-36.95031158940614,0.00013776555729805295
3103,-6.950220504800743,-6.361890533069556,2.843003868729068,4,-329.65422641159694,-1132.8004091428731,-571.4671000925372,-561.3333100780811,-1132.8004215538401,1.2410966974130133e-5
3104,-2.020673543699979,-9.688668879593013,31.289150250203384,1,-500.0000000000794,68.4409615374359,-10.30778075021962,78.74874117117318,68.44092194982758,3.958760831324071e-5
3105,2.399423172326198,-22.056847425371544,-6.390251339198818,4,-260.5959115285797,-1164.0822814332837,-716.9105406684455,-447.1717391587157,-1164.0824307811602,0.0001493478764587053
3106,-14.130018224614622,-9.90835264111536,10.633110156004795,1,-500.0000000000794,46.63870776371946,1.6870178196804266,44.95169007650788,46.63869594385708,1.1819862379525148e-5
3107,4.951305117086833,1.8616421443044955,8.377604216637145,4,-255.10878147613852,-842.8048584829077,-337.2122434067585,-505.5926141740624,-842.8048317813269,-2.6701580736698816e-5
3108,0.5781243345667989,-2.095361676833003,-1.5540141526513211,4,-228.47967498239137,-1535.6712325302708,-882.4824935775144,-653.188740295488,-1535.6711072180394,-0.0001253122313755739
3109,15.406775544289312,-1.8501180934595653,21.671176723092394,4,-225.64499926271196,-126.97825507718801,55.7014936007443,-182.67974860614777,-126.97825726633025,2.189142236375119e-6
3110,75.52727774642788,21.138421001447274,-18.898660824614293,4,-80.88455847773157,-573.3087985270266,-234.4888540956871,-338.81994232859114,-573.3086617333397,-0.0001367936869201003
3111,49.22232507349085,-66.59624682127895,37.1450960417572,4,-96.89204322798008,322.0188357703015,404.4259466749014,-82.40710903500653,322.01848648261176,0.00034928768974396007
3112,29.82670522874366,69.88771975617627,12.379219692364071,4,-145.64660680662664,176.36045219030467,259.7369372070213,-83.37648761734424,176.36001917439313,0.00043301591153976915
3113,-17.67518929779369,77.91386478848533,39.529767811728576,4,-319.0604161908545,-9693.340665316175,-9624.882961245825,-68.45767344905677,-9693.336523978829,-0.004141337345572538
3114,-44.75618519072862,70.45538399521597,-3.6975188911426575,4,-367.5115928148097,-8669.685514544644,-8631.949458702162,-37.73604721184634,-8669.677715259013,-0.007799285631335806
3115,-31.515550338509776,37.84701738372082,18.028606893075306,1,-500.0000000000794,-2315.9009459150193,-2487.0157556754657,171.11479506321805,-2315.898403967339,-0.002541947680128942
3116,-6.446820118541643,24.226977545093,14.089521310851731,1,-500.0000000000794,102.85174581867304,58.41188068973314,44.43986565979854,102.85172327794913,2.2540723904285187e-5
3117,-13.44852883944396,9.123331718066629,14.724486133534306,1,-500.0000000000794,67.72628758933087,46.936990114258165,20.789297972030436,67.72629238974794,-4.800417073624885e-6
3118,-33.90668110479912,-82.8295757821015,-9.437897878958813,4,-340.63120611442014,-5856.007932315952,-5773.832506743472,-82.17541244065404,-5856.00730107347,-0.0006312424811767414
3119,55.01659121526295,-38.74379569351958,-62.04551745350261,4,-101.03057369848501,-418.81581007273275,-495.95147570277925,77.1356655865708,-418.8154975513208,-0.00031252141195636796
3120,-4.755749884189245,-52.06368100598462,40.02684414832728,4,-409.67143209037897,-4043.3835750055086,-4037.5408820795938,-5.842691181590235,-4043.38285276479,-0.0007222407184599433
3121,-6.095606376650005,-35.745410201622896,-53.74981934884046,2,-214.0534624763122,297.31209008745805,129.786192029481,167.5258968402954,297.3100060509096,0.0020840365484673384
3122,3.2271916569293824,0.7585617093481588,-50.30356530695875,4,-133.85823105447244,-10989.114080886042,-10828.347810946143,-160.76626224025458,-10989.11265956513,-0.0014213209124136483
3123,-45.94084089398488,-15.762164569478207,-10.719076595340768,2,-73.44154848943417,97.63712265455064,0.6353654208609001,97.00175682467197,97.63916264060511,-0.0020399860544699777
3124,52.806231793048404,-18.910617878723873,52.55148978539699,4,-97.15770358005435,77.93704103354139,206.3342146181695,-128.3971737730885,77.93703063343075,1.0400110639352533e-5
3125,-20.705146363217672,-50.21649786921813,-52.371363594082055,2,-153.57710941220626,292.09581726399045,188.79561314509573,103.30020420950557,292.0953650494823,0.0004522145081296003
3126,-1.6022105520965226,2.2525548324212568,-0.7412076828821251,4,-240.41239529118573,-1529.7592353945327,-873.6451748558721,-656.1140625796764,-1529.7591776441823,-5.775035037913767e-5
3127,-60.01015750291613,-61.13483322911942,7.027621780827763,4,-333.00047745281677,-7326.116008067332,-7452.150731496619,126.03473325568775,-7326.110304231137,-0.005703836194697942
3128,-59.96513144265562,20.284363653270066,28.578187852126327,2,-73.87596525557068,105.53227233713059,5.090881305067129,100.44139066123532,105.53235493755315,-8.260042255869848e-5
3129,3.8624095222381727,-38.917304249648076,-11.89073775189042,4,-425.75601880585566,31.280937012257525,88.06015823055958,-56.779219381106174,31.280911890131012,2.51221265124002e-5
3130,-45.33103617135193,-49.4904127417004,4.604834599372393,2,-126.46446856873996,163.24189007932986,21.351363680276098,141.8905250300203,163.2412183910155,0.0006716883143553787
3131,-68.79843470575979,23.86467425286053,16.28944365286342,2,-53.16784498966468,84.0566792406241,1.5658529900416642,82.49082590713384,84.05523074900418,0.0014484916199251074
3132,-42.14077107389121,-79.45682161645901,36.83933233716106,4,-293.37287172343304,-10129.868748403209,-10036.39373547035,-93.47500040905888,-10129.865051588247,-0.0036968149615859147
3133,3.3416474794675155,9.385776381993129,13.992427907884968,4,-323.4133369907203,-292.7759405539445,-56.88565754861914,-235.8902838844683,-292.7759324264988,-8.127445710215397e-6
3134,37.386367805909956,-0.556246831613085,6.428887878183415,4,-134.24662570819459,-751.760400594601,-204.3336811466406,-547.4267191819332,-751.7603511090248,-4.9485576255392516e-5
3135,-0.4347849151461813,-8.54150762751967,6.263228399400343,4,-298.5346393582306,-858.633135461471,-374.14455603810563,-484.4885773505068,-858.6331018403473,-3.362112374816206e-5
3136,80.31045499795057,3.987456974652429,-58.972127875110694,4,-70.10414247730428,-1521.304517032379,-849.5449550235256,-671.7595660174113,-1521.3045301485317,1.311615278609679e-5
3137,17.380460027475554,3.471950259312358,9.266300955713906,4,-192.76164057388297,-765.8214129163342,-250.0751778221127,-515.7462349821434,-765.821366209791,-4.6706543230357056e-5
3138,14.75384742013714,3.32408567409933,-36.78536992415073,4,-137.95724973946136,-5614.174200097823,-5214.44086291798,-399.7333110545114,-5614.170107133064,-0.004092964758456219
3139,-17.974224430590866,-51.41173726623526,-35.68453400756645,2,-173.3967988326551,276.1844212792311,207.45209695581312,68.73232473098865,276.18360678770546,0.0008144915256593777
3140,-5.694098193644616,-44.648825955895056,18.833144825733537,4,-429.9358422713699,-1918.701903544501,-1913.0238786493956,-5.678031810646169,-1918.7012878324906,-0.0006157120103580382
3141,-4.42649241555539,69.26081918166204,9.157965213332947,4,-353.6737249722542,-3889.5146411972787,-3846.9606355069213,-42.5540211479178,-3889.513993877591,-0.0006473196876868315
3142,25.9106447706319,8.341767754938525,-46.91345257321265,4,-118.84281320624208,-4970.271648551007,-4575.104080391726,-395.1675916249819,-4970.268847314388,-0.0028012366192342597
3143,60.944958925172955,23.808869463240505,-6.970779152215113,4,-97.56503951267469,-463.1871121633318,-151.1608991035723,-312.0262131923025,-463.1869893724947,-0.00012279083711064231
3144,-79.31853849475303,-7.3099978801214345,4.477248234122202,2,-42.0845291231062,85.66027851593104,-1.3889926732310531,87.0492706906194,85.65121871344635,0.00905980248468552
3145,2.5159170785288105,0.8603089703042422,3.611616903792489,4,-242.88489506014295,-1189.0650794268815,-586.1861325421859,-602.8789488443775,-1189.0650001164884,-7.931039317554678e-5
3146,26.458740277575444,15.46231844163966,19.04403344133211,4,-170.13191089649064,-227.37895444892334,11.962599396071468,-239.34155371106803,-227.3789562782686,1.8293452512807562e-6
3147,-1.2312580448128971,42.79471677443304,31.80692193014544,4,-370.48493824629867,40.794691572879344,-28.768830118447596,69.56352425470291,40.7943279668033,0.0003636060760427995
3148,9.648324584006852,-7.773797160635755,21.832389015682473,4,-276.79571681664953,-62.86630456444647,64.49025477294677,-127.35655930346951,-62.866311727972544,7.163526070996795e-6
3149,-2.625272372105337,42.034128704253774,-35.94044128304407,1,-500.0000000000794,260.1394522069508,166.19887774799136,93.94057299210043,260.13956028069435,-0.00010807374354726562
3150,-2.5893142637891495,2.055293939973696,2.4675610574357365,4,-267.16378886976344,-1293.2757597193324,-678.0575411936187,-615.2182193580363,-1293.2757209021736,-3.881715883835568e-5
3151,4.962550944973253,-6.385895974223941,-29.452511458877623,4,-158.81094131348624,-6206.952536579886,-5827.4338815453675,-379.5186778704236,-6206.948871387623,-0.003665192263724748
3152,-28.02934134686048,44.82866645852149,-4.647796143972805,2,-158.2451315141554,135.58120251989837,67.1027339571761,68.47846946101593,135.58046206389284,0.000740456005530632
3153,-1.2745196997585948,-31.839377814964216,80.13675017980324,4,-368.3221255964572,-5962.984012257511,-5968.97609309343,5.9920780688766975,-5962.982199682442,-0.0018125750684703235
3154,-64.77969917757044,4.86739352673421,55.231531441401614,2,-149.32668929743465,316.2841734704308,260.1374031007149,56.146773416119956,316.28553240683976,-0.0013589364089625633
3155,-22.61037737581041,29.557004135192226,34.90302088498031,1,-500.0000000000794,234.53108768241046,-49.071481945462196,283.6025694767159,234.53103421926852,5.346314193843682e-5
3156,-7.057529161948504,-3.2599325384025537,7.759849029869029,4,-479.2529167450475,-542.5250101850594,-237.99843728511527,-304.52657138211123,-542.5250000251114,-1.0159948033106048e-5
3157,-73.55071452548059,-19.48848728843879,46.55664422103935,2,-139.3722946839083,31.433388552577078,-40.19203991273575,71.62542975834096,31.44876605928352,-0.015377506706443
3158,29.562188668699743,29.5798722992109,-58.43363519608023,4,-137.54236468277483,-2823.2006759030132,-2907.2094344925104,84.00875061085517,-2823.199758687019,-0.0009172159943773295
3159,6.589851461648578,60.18562265239884,3.1670587949150115,4,-277.1848555786599,283.06893430036865,251.1049997763503,31.963932372796773,283.0687520229206,0.00018227744806154078
3160,-6.609786910420779,0.0901150187447543,-3.404884194209196,4,-252.2471459375888,-1747.8139739831759,-1063.301380265429,-684.5125943802113,-1747.8141142085356,0.00014022535970070749
3161,0.6925188726632592,4.911476214198155,2.4386758692009822,4,-246.4467096339591,-1276.8229661840164,-662.2339879796722,-614.5889790582831,-1276.8229991173064,3.2933289958236855e-5
3162,22.406642132544533,35.980759345054004,-9.9646223150626,4,-212.77995186775624,-267.2694568108646,-102.48374738046424,-164.78570876045404,-267.2693938880238,-6.29228408115523e-5
3163,-1.7778248709221849,-18.522990060139133,18.2555375677055,1,-500.0000000000794,68.90170375443824,33.054474687912126,35.84722913802422,68.9016870636455,1.6690792747908745e-5
3164,-11.69053447744765,-4.614209628921015,-40.008239704313965,4,-159.89565118009148,-11999.59682618954,-11887.150319785373,-112.44652206717487,-11999.592061233909,-0.0047649556308897445
3165,-0.6980790255375487,-3.7413758314004117,-6.147111358554234,4,-216.38217770757353,-1879.9698904212776,-1227.4065451053648,-652.5633465404242,-1879.969464826768,-0.0004255945095792413
3166,54.84868562771882,-12.178557123813745,-31.648392288761187,4,-97.72874980435637,-1327.3494436538215,-772.7346501007069,-554.614792546371,-1327.3491762891033,-0.00026736471818367136
3167,-35.600570947196736,-36.268730448303295,72.30354408549195,4,-291.0915084337946,-3733.0804716441753,-3637.701336084348,-95.37913133442322,-3733.0802819050505,-0.00018973912483488675
3168,45.070839843067226,-44.14355488847231,-53.29550069217152,4,-127.14266566695852,355.36668486969523,257.99763385715977,97.36905272235518,355.36663544533644,4.942435879229379e-5
3169,2.338204748999919,14.322796942874783,4.615900970780548,4,-266.34413276169977,-923.3006140748386,-433.07446936413635,-490.22614085196926,-923.300617304145,3.2293064577970654e-6
3170,9.306010093732896,-42.36829514541768,49.462267491838645,4,-250.03663623442876,372.83552455099596,315.1525643621038,57.68295824988285,372.8353900021552,0.00013454884077646057
3171,-1.566965175064231,-62.99550042004114,1.5238003711243304,4,-361.5580451524602,-1148.4166938028923,-1124.5735665008408,-23.8431324855376,-1148.4167883447487,9.454185646973201e-5
3172,-2.2868196470508573,1.265031399071608,1.6950587180020382,4,-259.6192504765663,-1351.7907592521701,-722.7625540424777,-629.0282052633919,-1351.7906466727575,-0.00011257941264375404
3173,25.72415705017655,-15.331210074272354,-30.314251115865375,4,-136.51814331199174,-2814.6999438164617,-2326.668871462679,-488.0310715426905,-2814.6986185612436,-0.0013252552180347266
3174,8.070474727344822,57.876622892567475,71.84888433153473,4,-224.93140997671182,842.1658823789812,834.5834071435106,7.58247760443305,842.1658026663742,7.971260697559046e-5
3175,-0.04935175826249085,-1.486278833048498,0.16284224125667765,4,-239.04802389839708,-1431.6711958444844,-787.5572036653103,-644.1139924926599,-1431.6713541877173,0.00015834323289709573
3176,-18.291531849163672,12.748208290476473,-22.582810045873842,4,-226.1448594606408,-5304.490540404436,-4848.9885236323225,-455.5020327204953,-5304.486892500585,-0.003647903850833245
3177,19.58234714628901,29.546436762926657,48.790172196636966,4,-191.22006168007618,54.40542751448071,56.1848478808823,-1.779422854773609,54.40534596224716,8.155223354577856e-5
3178,-18.660053485480603,12.159469828914878,15.869561730480395,1,-500.0000000000794,99.57182126141548,20.822479536739735,78.74934128601967,99.57193861014309,-0.00011734872761337556
3179,-54.52917235826116,9.526756917259602,39.87494184727697,2,-169.12199685335278,335.227766920427,259.4913817455838,75.73638147673563,335.22804034755154,-0.00027342712456857043
3180,-66.32795758293845,68.28865903628544,-8.114403254059674,4,-311.93279167581903,-8198.224984572491,-8275.334583443564,77.10961316965938,-8198.241629005255,0.016644432764223893
3181,53.95844688467309,-19.153374351384794,35.285258376716875,4,-102.2713446302493,-85.47123442299875,104.4955836328598,-189.96681794373578,-85.47127940088126,4.4977882510011113e-5
3182,23.833063881615537,1.1390555523635326,0.29198011512731864,4,-160.2442025836397,-1090.156242290155,-462.3490638116518,-627.8071775837807,-1090.1562328414152,-9.448739774597925e-6
3183,21.10193916585007,-49.429718388256035,-72.0340875687753,4,-162.10380219520954,353.53623673547435,322.6198411483698,30.916392770317962,353.53708526506074,-0.0008485295863920328
3184,-15.979341008357652,3.0009442996171067,-45.46294140728733,4,-154.83846280903455,-14054.547357095074,-14063.75955988388,9.212178902795175,-14054.526756465077,-0.02060062999771617
3185,8.216131574588843,-46.77711742519554,-13.7944316719969,4,-322.0137921394953,188.04815765881105,189.5680797719398,-1.5199205473943815,188.04797253780404,0.00018512100700718293
3186,-34.780910100255745,7.2883238585883685,15.67609312430523,1,-500.0000000000794,39.528422093204995,-67.9116995265733,107.44011446514709,39.53144769730972,-0.0030256041047280746
3187,81.78331550976866,-13.6038761909874,-8.059179018914508,4,-76.25869209527819,-680.6309626197523,-177.85488643670837,-502.77607568150455,-680.6308212365195,-0.00014138323274437425
3188,80.56799622618098,-35.96197206857002,14.235261550358834,4,-76.70938910579237,-71.87419307309692,29.0727663472096,-100.94696015864629,-71.87425713593241,6.406283549154068e-5
3189,-22.954091453272024,24.06100647942699,33.032736324424576,1,-500.0000000000794,62.3526302652062,22.1880326265266,40.1645984390455,62.35265205633805,-2.1791131850079637e-5
3190,1.0776322962420566,3.068868180549952,-0.17862166639136884,4,-230.36832981554548,-1463.9641778895725,-814.6800660354538,-649.2841124148671,-1463.9640314396222,-0.00014644995030721475
3191,30.73303777924116,39.938655817530105,-15.00130875605704,4,-179.84033058458257,-32.580372381907296,19.20402511362037,-51.78439913657781,-32.58042008976753,4.7707860233003885e-5
3192,7.9341192008276975,-43.94138625995112,-22.786222368071055,4,-379.66329579616286,174.22383074711252,181.49787618527455,-7.274043077176337,174.22380190524484,2.8841867674600508e-5
3193,-4.416485628361422,-2.750736222101544,6.677874003455826,4,-348.88553095616925,-826.9935368249309,-368.1600731705446,-458.83346342098713,-826.993491877037,-4.494789391173981e-5
3194,61.094490747863766,52.51862685876769,42.60551556045843,4,-86.25895783354342,120.79408618221088,203.32323430085825,-82.52914907428196,120.79377471881912,0.0003114633917533638
3195,90.96375939561806,27.589312636665113,-16.6536238656913,4,-69.4059821353664,-297.74705855513093,-111.77932490467343,-185.967732824956,-297.74688962928315,-0.00016892584778815944
3196,34.89055541583485,73.99956020439895,16.19535424553381,4,-126.43587363999383,260.01498544711177,338.77287428641404,-78.7578893274112,260.0146427889717,0.00034265814008449524
3197,9.837513216630486,20.474947302947594,-8.156662597944564,4,-206.12269946591704,-1282.2782939659753,-838.6199820671562,-443.65830794989233,-1282.2779795755312,-0.00031439044414582895
3198,7.66121458174428,-7.21608987023264,-36.61035640789336,4,-146.79784521772248,-7477.557720919978,-7154.8472069378995,-322.7105195944336,-7477.551880541925,-0.005840378053107997
3199,-27.945724972801116,-15.060885988629298,-61.942999805833324,4,-147.82594612735258,-15510.880013442527,-16023.274466775345,512.3944480961876,-15510.871360059282,-0.008653383245473378
3200,-27.603143757303638,64.88810804695063,28.375047680192672,4,-347.87683751518813,-7961.577362991048,-8005.279765077106,43.70243455096131,-7961.575818159776,-0.0015448312724402058
3201,5.564302501234865,12.991269966129408,-3.875043021682148,4,-210.70676534690793,-1487.9565961521564,-860.9234723031096,-627.0331258300625,-1487.9565793868312,-1.6765325199230574e-5
3202,-13.038038880351781,22.798190916703117,-19.746173358556582,4,-311.7536924285233,-3956.2925598533543,-3621.5294787690223,-334.76307706637385,-3956.291486709074,-0.0010731442803262325
3203,-41.82742135759587,-32.93010692038588,16.444042020252983,1,-500.0000000000794,-978.6995900966252,-1118.4632422996997,139.76363837583483,-978.6996109038693,2.0807244027309935e-5
3204,-21.17409407436957,17.45605174727311,47.01060179613046,2,-373.9716646564393,130.45889531489516,43.538380923259396,86.92051765471825,130.45957043885426,-0.0006751239590983005
3205,25.52175973269756,37.671531645863105,-41.401021930746616,4,-234.06975986376113,81.35136679504595,17.679969441148163,63.671397945357825,81.35123946653944,0.00012732850650820637
3206,-1.8631986160199796,-22.861945156070693,-3.5622618587006967,4,-330.22923201140304,-715.3861584153972,-410.7328173493169,-304.6533385249285,-715.3860914630383,-6.695235890674667e-5
3207,-0.00609208609746631,0.06084943650222296,0.006062643085629147,4,-237.3772021328674,-1453.5313007988393,-806.0352117979354,-647.496089299713,-1453.5311517276473,-0.000149071192026895
3208,-0.46259202861849613,-3.184916547771956,-2.824150970858558,4,-227.82147703858482,-1623.9917926559006,-966.655653507859,-657.3361392366145,-1623.9916427668018,-0.00014988909879321
3209,13.26742405692292,-20.594007901776905,41.5121830512049,4,-254.92622104083458,42.08733075151921,-37.19928427818413,79.2866152145522,42.08736157289169,-3.082137247645278e-5
3210,2.765978923392795,17.002270599642642,-28.620594498450036,4,-178.12656465248185,-7339.874572304179,-7165.12321020078,-174.7513669253546,-7339.872023182235,-0.0025491219439572887
3211,31.63511433365583,23.16323687539672,9.39309531301524,4,-154.18800393757982,-438.5587180090132,-82.77692444957849,-355.78179204408724,-438.5587228092997,4.800286490080907e-6
3212,-8.689604738566027,-2.0847066008270008,15.225178280736072,1,-500.0000000000794,-14.027468056450871,-3.9537286345839253,-10.07373990697887,-14.02746440094516,-3.655505711464002e-6
3213,25.861994591805257,29.642744176204015,34.519951309575866,4,-161.4302242155168,91.2287461189698,175.05159454180395,-83.82284860723536,91.2286058292508,0.00014028971899904263
3214,-50.06126953292548,-57.153440245848614,-42.45782633455024,2,-101.6396789167919,177.75781674670802,10.701574522969025,167.0562424604703,177.75710899734315,0.0007077493648637301
3215,-1.4312942478835173,-11.802532985070297,-4.76947762081745,4,-238.20583994996787,-1568.8769202006827,-996.2156687445839,-572.6612508551037,-1568.8770927546177,0.0001725539350445615
3216,16.27063917551748,-5.2734255364737,1.7559631463504897,4,-183.9607247155715,-1117.1328240633675,-499.82993376096454,-617.3028904979358,-1117.132786277141,-3.778622658501263e-5
3217,0.8222585713594577,25.69163227364277,-14.400300546699492,4,-266.9024157988749,-1794.3831083080722,-1343.409474639599,-450.97363592005155,-1794.3834674514917,0.0003591434194731846
3218,43.82727796667893,-31.516693626509905,44.15151519468499,4,-112.39909920472294,106.35230067594308,216.29170971662663,-109.93940915799017,106.35224892253756,5.175340552909802e-5
3219,6.412481431279694,2.1735834476294906,-1.986617583907769,4,-204.35914518622945,-1487.68388179345,-835.3531600281879,-652.3307224328438,-1487.6838218773585,-5.991609145894472e-5
3220,-18.94487704221281,74.04977257144655,-62.944952611732056,2,-159.01787641442803,124.05623481602031,99.82103974161623,24.235208050963752,124.0554019487319,0.0008328672884090338
3221,62.75613249492866,55.648863445146944,26.15250618477232,4,-88.09004523722776,76.07032049806466,122.20871563924412,-46.13839568875396,76.0701614465197,0.00015905154495499119
3222,-28.990142829154614,-29.974370625698924,-22.847992242296645,2,-111.62237795996161,133.99802297582212,2.1908682751385173,131.80715432021702,133.99678948210425,0.0012334937178763994
3223,35.61720915535061,13.23702123079139,56.04868978348044,4,-123.67122083537343,249.15183060364748,336.96110344330253,-87.80927449046666,249.15191319488704,-8.259123956122494e-5
3224,-23.171310341744565,14.91062083295421,2.2423848553699535,2,-284.1963191793689,94.12761332503464,2.6252040302817075,91.50240942089994,94.12761243733162,8.877030239773376e-7
3225,-4.06632157285347,-11.64337296548242,2.312877856713169,4,-311.61951126052895,-1059.280890212667,-523.2130730615231,-536.0678167612052,-1059.2808187876196,-7.142504728108179e-5
3226,-22.423217803861945,79.73344554094194,-40.872785136774695,4,-370.81172188576534,-5288.592657567496,-5142.771619412531,-145.82101972259827,-5288.587516941448,-0.005140626048159902
3227,6.3455196189995355,-44.280422602266924,17.16099838470217,4,-293.6478399163248,61.95283625081976,5.719122696514277,56.233710810045395,61.952613903143586,0.00022234767617135276
3228,-53.15249001654738,52.28494354484067,42.19074194355203,4,-318.13395906974074,-6295.662744673539,-6452.0047682528875,156.3420001452155,-6295.659955338327,-0.002789335212582955
3229,-0.9033382905852536,2.6499997538757762,-3.6318960821120783,4,-224.18370831271156,-1725.6035867854173,-1057.5890489825747,-668.0145385720368,-1725.6034446325946,-0.0001421528227183444
3230,6.370370620043421,31.920762975966348,12.981652093876152,4,-309.1197708070195,39.52956403842812,108.22076393626907,-68.69120062796127,39.52951060800487,5.3430423250233616e-5
3231,12.995938540916386,-72.71593142456298,54.982143964947674,4,-199.50577676632432,227.32673603238203,217.58504312436096,9.741691618017814,227.3261538053205,0.0005822270615283287
3232,-15.614694624212438,2.6321268408723713,9.267136016484722,1,-500.0000000000794,46.48849970322382,3.3602085331173437,43.1282911003435,46.48850613785754,-6.434633718299665e-6
3233,-19.09457915837587,29.362319118538792,50.39744671858156,1,-500.0000000000794,315.30493817210663,211.582398987773,103.72254128958004,315.30474507584853,0.00019309625810137732
3234,44.67780965357085,17.76082734272263,37.168846815431515,4,-116.12773254035592,-43.643980415851196,115.98825441925597,-159.63223509794517,-43.644023647516654,4.323166545816548e-5
3235,-30.682308498450986,-0.6609838351760756,6.09711544687637,2,-157.19759322706932,63.33636229701076,-0.32383848487267186,63.660200720802656,63.33636858877514,-6.291764378829612e-6
3236,-2.5161977025905147,-25.89445685739073,-26.95259811066122,4,-406.75168288082676,-8479.981806238595,-8432.105843161537,-47.87596939071708,-8479.980125490523,-0.0016807480715215206
3237,-3.4749877839952203,-26.861689421010375,3.663957633414907,1,-500.0000000000794,39.362467537983356,38.48121532295396,0.8812537497292027,39.36243738541544,3.0152567916275075e-5
3238,-34.632556790666484,13.531358010136477,41.14868263328309,2,-224.17807770286595,209.73650518195066,143.04544298759748,66.69106535936116,209.7365019793478,3.2026028691234387e-6
3239,-27.493284914144326,40.01423449274924,-67.16062964997082,2,-135.27871446441628,292.7121148391436,94.52377986082995,198.18833569217625,292.71161107256387,0.0005037665797544832
3240,18.836900640862677,7.1532396074352675,9.040914668373686,4,-187.70524339614596,-744.6410568132266,-238.96373728565436,-505.6773195078301,-744.6410209629981,-3.585022841434693e-5
3241,-3.579246066580363,1.0059892512480284,13.395732164579416,1,-500.0000000000794,-231.32944653715188,-89.74838088376328,-141.5810664113379,-231.32944758281968,1.0456678012360499e-6
3242,6.037277521027601,40.59445150466046,64.82706281140463,4,-319.99363782076824,43.46938254334425,-69.89160006792888,113.36098675590212,43.46915281591238,0.00022972743187210654
3243,1.7537929585059977,46.07651687022635,-67.6682028801208,4,-302.7552499203736,-7844.65679522576,-7845.936602409705,1.2798149195435238,-7844.6553666187865,-0.0014286069736044738
3244,5.086088068249564,9.984489072575983,-0.7080405366020406,4,-217.82614345194327,-1373.7438870127162,-737.759904050098,-635.9839849634038,-1373.7437326930783,-0.00015431963788614667
3245,-30.901425204856633,9.448948787652148,-21.27053473384886,4,-294.66659440355363,-2279.0023901661775,-1265.3164700598018,-1013.6859217833952,-2279.001932597649,-0.00045756852841805085
3246,6.737824760599969,-1.1987630838416339,-0.07149519549048373,4,-209.8425281213075,-1362.885312845937,-723.6370425283682,-639.24826988036,-1362.8853116180812,-1.2278558187972521e-6
3247,-38.13769778762583,38.324764956309025,-9.057375123119742,2,-103.87943199465867,130.01580202572077,13.03453271260705,116.9812692513816,130.01623422684128,-0.00043220112050335047
3248,0.23548444673441504,-0.3862987254471597,-7.357857965224183,4,-208.76436426532567,-1997.4985194077958,-1345.816754888883,-651.6817659717289,-1997.4982039870022,-0.00031542079364044184
3249,-0.847861770816101,-13.419014197890386,9.961886669486239,4,-394.01632957824205,-263.4312516384778,-84.71999749198862,-178.71125404228007,-263.43123245764986,-1.918082796237286e-5
3250,1.7975611482043048,0.7586286088073199,4.769970238017022,4,-254.36292581364458,-1110.0963644083085,-529.5552522297895,-580.5411129873235,-1110.0963240306112,-4.03776973598724e-5
3251,4.609610457529613,2.3495714705963597,22.394735385122626,4,-371.2548834146959,-117.55804978098404,-10.369514400636426,-107.18853463335942,-117.55805486530272,5.084318686954248e-6
3252,-19.803638909721357,32.39606671597959,-12.223002395742206,2,-215.76968674884716,135.61074335380704,11.108213783686415,124.50252927523677,135.61060136013361,0.0001419936734237126
3253,0.16043304715385345,-8.20375731460719,16.21553123581484,4,-436.9879196969365,-48.256803647357785,-23.59353050136641,-24.66327328383431,-48.256807247159536,3.599801750908682e-6
3254,52.39452757231779,16.847760074696122,-41.09481250484617,4,-98.64300692888874,-1387.4790574436133,-1056.9482801932704,-330.53078173467316,-1387.4791659187727,0.00010847515932255192
3255,0.26761415742331846,16.265499098966277,-58.70447147318505,4,-137.2420595495637,-14156.947965649453,-14374.447570693867,217.4996357163659,-14156.935188669819,-0.012776979634509189
3256,46.03327037866578,-29.751124026540758,-43.33698716191276,4,-124.60872054336248,-26.507682520802256,-141.96149720975737,115.45381245991666,-26.50774985526777,6.733446551621114e-5
3257,-16.03691886609728,-52.73685215682876,-38.21796545083306,2,-183.4365693702713,254.30186284665484,230.857897258571,23.44396657013299,254.30263133401928,-0.000768487364439352
3258,-11.027587567690276,-19.953721293493818,10.708799360461615,1,-500.0000000000794,96.90812070027985,50.31056484593628,46.59755556185873,96.90811130284348,9.39743637218271e-6
3259,11.012783821790695,1.6834094024930186,6.792744162933777,4,-213.8180502234686,-932.499703933466,-376.1620171482351,-556.3376852542548,-932.499665238259,-3.8695206967531703e-5
3260,49.39151613659679,8.052711563115876,20.947792714948175,4,-112.73792376921118,-335.8650542992228,10.269042007086682,-346.1340954144653,-335.865033262386,-2.1036836756138655e-5
3261,30.489535254174132,-15.62495169917939,65.87280430303733,4,-138.34259303492829,90.30135770719693,163.4829710992742,-73.18161088732344,90.30139990903929,-4.220184236203295e-5
3262,-9.944878251525001,11.946987352499905,35.63092896387365,1,-500.0000000000794,89.02668241005563,82.02138845372107,7.005292518550636,89.02666397554043,1.8434515197895962e-5
3263,-25.96220737896931,1.9008069373191543,16.697803536860953,2,-339.96029670730707,34.19620834206374,-8.190116225663582,42.386323970563346,34.19653800014257,-0.0003296580788259007
3264,13.764520000234713,13.374368730365182,46.61666913698395,4,-256.36743350624363,57.34803086420923,-54.29321275795212,111.6412445392924,57.34800800152949,2.2862679735169422e-5
3265,-17.697991610149202,2.8859833607593695,-5.362911457802822,4,-350.37939798274357,-1642.997140853546,-902.1738274979947,-740.8233156851835,-1642.9969319868815,-0.0002088666644795012
3266,-38.715797746724185,-9.627082948483986,-13.368025966674834,2,-91.8585678111537,111.47596852405044,1.9429652478284494,109.53300276814636,111.47586230563272,0.00010621841772717744
3267,1.5370375605083948,71.8259172884366,-45.23601101036207,4,-417.1871787157533,-1991.576747011513,-1974.081043202533,-17.49569544508981,-1991.5767326734938,-1.4338019127535517e-5
3268,-5.722996599632475,15.578321300897441,-4.841558438303985,4,-269.0632838585356,-1495.2935654688217,-959.3939908781994,-535.8995775260377,-1495.2934532551792,-0.00011221364252378407
3269,-8.871556671598428,-15.290634566211407,-3.615336764611178,4,-329.85565246252077,-1287.1132253166656,-699.2095203325132,-587.9037071874969,-1287.113259583705,3.426703938202991e-5
3270,21.104075472299314,-21.045774787987483,-15.445064247484273,4,-169.90831971565157,-1433.9792798140274,-1036.9772031862512,-397.00208271690315,-1433.979267747179,-1.2066848512404249e-5
3271,22.15105822428771,1.972426001249294,-56.38919740192338,4,-113.9819893715101,-7215.879757050165,-6889.691768280139,-326.18796600184317,-7215.8755047567265,-0.004252293438185006
3272,2.8690757397638973,-9.106937390267511,28.36179532262912,1,-500.0000000000794,97.52509457714653,-101.10244913069238,198.6275433147424,97.52506377387726,3.0803269268631084e-5
3273,0.45992503567457965,52.567121659289526,-34.61030346460329,1,-500.0000000000794,429.6688620645462,347.79648882245067,81.8723637149382,429.6683421984356,0.0005198661106078362
3274,28.001491856865087,72.74931555151777,-10.038745739464218,4,-168.87910156435817,109.73769615282791,180.5776867536868,-70.83999118171756,109.73670422905009,0.0009919237778177603
3275,-46.28069052681162,-15.978637051768338,-48.98942470256112,2,-88.11284702325118,278.0513427165249,-18.87343967777088,296.92478203731525,278.05106885711695,0.0002738594079687573
3276,1.6653776075225308,1.303267965150946,5.421685145481853,4,-259.31004220322126,-1062.4551306355763,-496.1340850681569,-566.3210447435633,-1062.4550730399055,-5.7595670796217746e-5
3277,-34.10955086130048,-5.029713973629379,21.13700502647322,2,-257.81505594502886,-1.5581356020940054,-10.717319444991192,9.159184696479638,-1.5579970844718056,-0.00013851762219974084
3278,-53.77329657220586,-5.318919242839321,8.481230912969139,2,-67.01501766672342,69.83437806194563,-0.9456121151058959,70.77999013548192,69.83425203038632,0.0001260315593043515
3279,35.276068726475664,-6.504806395121085,-92.20727278016783,4,-85.86290174551124,-8042.7600127452415,-7837.202218743389,-205.55775086607153,-8042.7569101139725,-0.0031026312690300983
3280,-56.33736036662165,37.86911825994416,14.474659149143285,2,-80.98752455857276,111.66320326907471,4.676082979092363,106.98712032002541,111.6630207651402,0.00018250393451069158
3281,-27.330991952421563,4.236201291993968,1.2868255265682598,2,-197.34072437764073,84.24270107803652,-0.2825035410344903,84.52520464630697,84.24268921838697,1.1859649546863693e-5
3282,-8.84145397235925,-14.389247885712685,-4.07314558377981,4,-313.3821819278232,-1390.3056953421758,-767.0435274087478,-623.2621696983476,-1390.3055548437894,-0.0001404983863722009
3283,-64.8787026327632,3.20214201884195,37.70158226510203,2,-150.8678397956343,23.914487511683802,-133.05554621962784,156.97003183968803,23.904524895734944,0.009962615948857945
3284,-40.76197432186813,-62.70698144387014,-32.76459783040773,2,-139.3696958717583,206.21838863305004,116.74346952320015,89.47491861506847,206.21845516914595,-6.653609591467102e-5
3285,0.06839570713837699,-5.685498619720901,2.1612544967118295,4,-252.84236897949654,-1233.801323314605,-630.2404625485759,-603.5608640430885,-1233.8012857481417,-3.7566463333860156e-5
3286,-23.71902676714176,8.078080050747241,39.68572929418359,2,-256.19914253606447,39.117396617650876,13.955966777130277,25.161430922928457,39.11759265070504,-0.00019603305416637795
3287,10.620089620440268,23.484139500372766,1.0197060450670399,4,-232.6115265300797,-741.982636199559,-354.5616475667597,-387.4209905651236,-741.9826403540113,4.154452312832291e-6
3288,-10.228654581486404,4.862494057215881,-18.362431820819605,4,-204.69370591506674,-4253.912533815333,-3718.2672088041663,-535.6453244609949,-4253.910772386491,-0.0017614288417462376
3289,10.927504097936735,-15.390242205560211,5.319694119424842,4,-227.54668616682196,-775.3618462303089,-295.60077472370943,-479.7610703792284,-775.3617992770138,-4.695329505466361e-5
3290,-73.89789550342493,24.790262168993806,-30.712474440012997,2,-45.70776123610871,145.16201917548588,5.257339468515608,139.90467956070236,145.1619687267468,5.044873907422698e-5
3291,61.84025856288451,-30.892119251800136,-14.980950629540104,4,-99.13230140322582,-34.89694869251828,-61.841635694346394,26.944685747629332,-34.89697911867391,3.0426155632312657e-5
3292,22.379789923357432,-60.26840170315756,11.879119342515644,4,-179.8281521178514,144.96383081468937,202.88660409987497,-57.92277289285356,144.96346451492965,0.00036629975971891326
3293,-0.1197665892279223,0.6363461300017437,-2.607929513548799,4,-225.9263072203336,-1636.7841106397632,-973.6569287988477,-663.1271833856156,-1636.783849165677,-0.00026147408607357647
3294,-9.11579735915771,2.3610481406515738,14.524187302520128,1,-500.0000000000794,37.67894551320576,-19.581989762924117,57.26093525632656,37.678948552904444,-3.0396986829828165e-6
3295,45.44420979665552,-46.73658892884708,66.89246698885893,4,-96.27003789407303,552.8783067036371,617.1074655131663,-64.2291603721383,552.878586714558,-0.00028001092084650736
3296,32.841431969158315,-20.365843660813255,36.194388864023516,4,-141.73265509408057,31.316258888811888,151.4824899798615,-120.16623106248008,31.316225181351417,3.370746047082207e-5
3297,-2.817001469511539,0.8320353373249563,0.5883393794763422,4,-255.56792394404943,-1435.9619281814037,-791.6671547118079,-644.2947732812505,-1435.9617963929886,-0.00013178841504668526
3298,38.6829689733313,-15.43037083278491,-52.07663103180047,4,-109.07698765226937,-3638.128878276317,-3466.5666142149694,-171.56226538381898,-3638.1262277903134,-0.002650486003858532
3299,-54.43393343073773,13.13319661639185,3.2797331580558637,2,-64.28124215662015,86.51621625662803,1.1477249592790202,85.36849104760643,86.51572856375756,0.00048769287046468435
3300,-2.7847764527010335,4.614425623635196,-28.089020441454466,4,-170.6222049930519,-6899.968288578967,-6541.665005553556,-358.30327209319114,-6899.9633607135665,-0.004927865400532028
3301,-12.206887246299193,2.717984395297098,-15.709333365770071,4,-217.39125141811843,-3483.19073136511,-2883.9892706067326,-599.201454768133,-3483.190007802022,-0.0007235630878312804
3302,-14.852117936075969,-13.017967786019208,12.775837062726355,1,-500.0000000000794,68.65815438113393,40.466785357884994,28.191369454712945,68.65816042713473,-6.0460008057816594e-6
3303,50.58548947291149,-21.49702283076828,0.8364173263056892,4,-113.40183331739085,-590.3918454467953,-151.67954283530372,-438.71230133467213,-590.3917623425754,-8.310421992518968e-5
3304,37.559624140109584,30.626284829782083,19.420517528984735,4,-137.88555827285217,-120.57135937089134,64.66535787590963,-185.23671760166846,-120.57148048759245,0.00012111670110925843
3305,4.187597962325403,34.53032360519234,17.31283905852125,4,-355.8515700841672,30.57087387403892,-57.24240586905553,87.8132799140371,30.57072507092682,0.00014880311210063724
3306,-33.1329140960579,-9.508007419476177,66.857963945227,2,-172.41530036835576,6.168694685630304,-29.02965053431562,35.19835219713127,6.168295262203851,0.00039942342645282736
3307,20.50604555265961,45.67336667724844,-19.768598893726057,4,-243.23195836173264,112.0772074192529,35.16282021400598,76.91438655520425,112.07695017704565,0.00025724220725464875
3308,66.76209145323175,-33.91038695145511,-10.271896958975615,4,-92.77233585174086,2.503843348489976,-27.682188599654808,30.186031210269647,2.5038616695518625,-1.8321061886705792e-5
3309,10.67795274366859,6.859456853977548,-97.36482911329625,4,-93.30900493995158,-13586.457096423712,-13595.048824016949,8.591749206639882,-13586.442027772035,-0.015068651677211164
3310,37.663603160218585,-42.48705957669505,-6.5389449743899455,4,-149.91158849696993,23.397736615704453,60.783291007586385,-37.38555609838028,23.397621683394217,0.00011493231023607109
3311,-20.392965739108952,33.002068209612446,19.41154515469592,1,-500.0000000000794,205.29166425262113,-39.2501714146735,244.54183553189878,205.29141906047303,0.00024519214809970435
3312,-40.18902230797828,24.796716420798347,35.70376569376391,4,-496.7419907211556,-7275.811829117122,-7441.987797170688,166.17596201878496,-7275.809971813909,-0.001857303213000705
3313,-2.0588748946490276,8.588006283867832,29.165214155088808,1,-500.0000000000794,67.1097164226473,9.567184534770504,57.5425322379847,67.10970120869973,1.5213947563097463e-5
3314,-52.63428951983383,-51.82578723487898,-19.150071767988806,2,-84.50317444823065,151.9912667009686,2.986782531899415,149.00448429098725,151.99108832212974,0.00017837883885363226
3315,-4.805501511875115,-77.77659656560758,-12.697420094407775,4,-357.4309318275127,-6763.344099752833,-6719.792770754241,-43.551300859485316,-6763.3431196131705,-0.0009801396627153736
3316,-33.09291756380487,-65.69960184750812,-4.535686613967517,4,-361.16576422566453,-7802.354326333877,-7727.553426162254,-74.80089110935286,-7802.35293748426,-0.0013888496168874553
3317,-3.449490910362491,-3.7311367006408984,-3.349718994336311,4,-238.45024187022386,-1687.8530133325007,-1019.0824988510649,-668.7705152046817,-1687.8532948536524,0.00028152115169177705
3318,-3.0829714890259905,-2.499127197686767,13.691176835132918,1,-500.0000000000794,-238.85014543544992,-96.83936147930304,-142.01078388799394,-238.8501475077041,2.0722541762552282e-6
3319,-14.570800111927039,-27.12753799522923,28.827916986374774,1,-500.0000000000794,176.25411315260038,100.26780599312612,75.98630656524142,176.25408805972907,2.5092871311471754e-5
3320,19.55837365322009,5.853812892529944,1.079335039798519,4,-172.1839658757876,-1089.2003901848252,-475.87917478620426,-613.3212143065379,-1089.200316699566,-7.348525923589477e-5
3321,79.95189975580386,14.80829361646006,26.04957115646426,4,-76.38015138341018,-262.29467242745915,39.595113882315154,-301.88978618035696,-262.294651841324,-2.058613512190277e-5
3322,33.65229455378092,-58.46270213897686,47.952940876548055,4,-123.4895117098161,280.8928340536029,356.237954190706,-75.34512332860366,280.8925537708452,0.0002802827576715572
3323,-35.9613420032015,-11.068053193705978,-12.819296512685515,2,-99.64174501792671,103.74810560372556,1.8125984051751818,101.93550673081798,103.74684342099047,0.001262182735089823
3324,1.650328352676397,-7.055409223890783,-0.16807660572829317,4,-233.2451159193071,-1362.185015520899,-743.8489698022197,-618.3360454335442,-1362.185106539074,9.101817499868048e-5
3325,-2.380988920174257,13.125358409231566,-4.458435237739502,4,-240.73999030540222,-1594.3414435279385,-1000.158132976341,-594.18331449392,-1594.3413801467007,-6.338123785099015e-5
3326,-13.836907665003459,7.728454891833227,10.334421837206472,1,-500.0000000000794,29.560961921421207,3.0110433894771176,26.54991851016085,29.56095467634433,7.245076876216672e-6
3327,-41.82677653293177,-76.72721181106637,-33.51691429329886,4,-312.53415967185555,-8682.102741554125,-8831.414115128546,149.31137592138217,-8682.100333991639,-0.00240756248604157
3328,78.70982737245545,1.341595317997712,-2.3445116242482458,4,-78.56871462258158,-740.691239339747,-161.4585883225159,-579.2326515941938,-740.6911349164258,-0.00010442332120419451
3329,0.390229709432704,15.81190242854507,-31.000364963606867,4,-174.69830599972,-8329.48854777436,-8191.10436253987,-138.38419614071577,-8329.486327813442,-0.00221996091750043
3330,-9.844771794696046,46.512550165307246,63.82232245712268,4,-381.26304521035564,-8859.237253911075,-8832.559620562588,-26.67765337690322,-8859.234502090489,-0.002751820586126996
3331,-68.98968116917752,-49.54455778912653,-23.854171756093507,2,-53.8480980261173,120.80716294750736,-2.1861980433192443,122.99336045800466,120.80612620127941,0.0010367462279532447
3332,43.11665672235029,16.072343848466556,-5.322148821161501,4,-121.56432580263149,-903.2953856254088,-324.9448248777268,-578.3505597919419,-903.2953187476988,-6.687770996904874e-5
3333,-35.08196430108942,27.887550388236455,81.52037173133822,4,-278.85115571915674,-5048.537524920646,-4938.675929439796,-109.86157765289718,-5048.536799745795,-0.0007251748511407641
3334,-9.327677292066129,-28.46306693989349,-21.22357985675682,1,-500.0000000000794,214.68713644939214,51.11865291693456,163.56848396769732,214.68702016228494,0.00011628710720401614
3335,11.612550525848233,-7.1724037675077055,-28.601725457507445,4,-151.622696524475,-4698.563555495645,-4260.944790590223,-437.61875951090826,-4698.5599886173995,-0.003566878245692351
3336,7.922841463032757,0.7826251433032418,-5.414895588474983,4,-191.94995032472846,-1658.5096582083163,-1005.3900930342799,-653.1195661228772,-1658.509995712186,0.0003375038697868149
3337,-63.553432078625505,48.29337571764267,5.921681649199367,2,-71.27714613390413,122.11701354293868,6.153160035026878,115.96385297916889,122.1171424666561,-0.00012892371742623254
3338,0.034407930355371534,1.2694868202211005,1.5403220949042138,4,-244.76231922493474,-1352.20481213564,-720.2424377668699,-631.962374683809,-1352.2047335353273,-7.860031269046885e-5
3339,-48.7340438774421,-46.28092190091892,-34.693293594580744,2,-79.30123065642098,142.89657422928,3.644917466668109,139.25165599644512,142.8962959439528,0.0002782853271980912
3340,-59.56775788077661,-40.88485818792689,-65.35330000487846,2,-73.72300479517261,219.15243425520805,-21.540507573502346,240.69294070273477,219.15243052145405,3.733753999313194e-6
3341,53.26453787289152,-40.52124749016163,-38.53117905147822,4,-113.65344175112573,220.83396468116544,66.40728966032754,154.42667295480896,220.8340082217247,-4.354055926114597e-5
3342,57.26807154218349,14.959559401492543,29.516181438639403,4,-99.32093978627026,-178.5609629304129,70.24635259447035,-248.80731541245382,-178.56097942407354,1.64936606381616e-5
3343,1.0625463784656939,0.266482586500839,-0.19572281944944764,4,-231.3943998220518,-1456.431385216237,-808.561327670407,-647.8700578616236,-1456.431427846683,4.263044593244558e-5
3344,-33.138179898391634,-14.762980321188422,-6.747953906439451,2,-110.4662146564129,90.45804496476114,-1.217890079610852,91.67593441299694,90.45743501613563,0.0006099486255095599
3345,53.28361475342134,-54.57772580896626,-36.308580899442795,4,-110.58686473889034,241.30719180890034,129.26292633040921,112.04426598932348,241.3074714057511,-0.00027959685075984453
3346,-4.835832524521123,-37.60358418792926,-51.640129516362485,2,-238.82669397833953,244.26069982422726,130.35925184896897,113.90144502297802,244.26070698240719,-7.158179926136654e-6
3347,4.038389581231474,-5.11294856756758,6.021420213801153,4,-251.0569469745587,-970.7606557592346,-422.32040876660193,-548.4402452258463,-970.7606408847643,-1.4874470366521564e-5
3348,-16.94141263780665,-66.20078056169972,39.3889872415406,4,-345.7749216028674,-9298.480541913355,-9256.78622478406,-41.69430008751159,-9298.477161521649,-0.003380391706741648
3349,-15.625778063001448,3.435332004040972,-37.06877662075035,4,-168.9311159209358,-11346.453692465057,-11198.882143968947,-147.57152511112986,-11346.448540658574,-0.005151806482899701
3350,3.0527647214815747,-11.027643475093733,-2.933760319525445,4,-224.01318369753244,-1456.5981632006462,-852.577838451404,-604.0203225522728,-1456.5980961112168,-6.708942942168505e-5
3351,-2.9419210282477435,-6.011141958005307,-4.9784717992452165,4,-230.17866259045678,-1781.8549312918663,-1127.8487425715632,-654.0061884045448,-1781.8545326337962,-0.00039865807002570364
3352,4.418310142176862,0.44124456077223184,5.887734050269443,4,-244.70101651778793,-1021.1246675753614,-457.87559384766956,-563.2490720879862,-1021.1246817805294,1.420516798589233e-5
3353,2.075691575384957,-23.682401842150348,-42.39284399408314,1,-500.0000000000794,326.1093427650057,90.26337425086224,235.84596978770986,326.10930680914913,3.595585656057665e-5
3354,-56.745905436335484,-66.42086120375527,11.950851998673999,4,-327.92495973300925,-7175.898975391366,-7243.9438967242795,68.04491527229867,-7175.897444960597,-0.0015304307689802954
3355,-0.08028697160838513,15.652986293253687,18.94956931293821,4,-459.55982943551356,41.823313990479114,0.9815695041530025,40.84174447606361,41.823291208077414,2.2782401700283117e-5
3356,-3.695384203611685,14.782936294712798,-19.945340920704147,4,-200.92887462544877,-4401.507502836058,-3951.5189039553047,-449.9885979231105,-4401.504273522135,-0.0032293139229295775
3357,-6.957368000765701,10.919433601330383,-2.2357527287514336,4,-277.0555916722484,-1505.915801612329,-879.203860427464,-626.7119438822989,-1505.9158053381968,3.72586782759754e-6
3358,11.49812341168722,-9.436504550004377,6.7170349762487165,4,-217.69342587664863,-842.8514304998192,-319.782508186736,-523.0689213562647,-842.851394820393,-3.5679426218848675e-5
3359,54.13362625553136,33.86656329159196,-44.80540440590107,4,-107.26944885751273,26.932702162884237,-95.82881645900822,122.76151982194159,26.932547956671424,0.0001542062128123689
3360,4.624932879166761,-5.0485094076184565,-11.95832998087521,4,-187.47852925144772,-2335.5548034091626,-1723.4748801336043,-612.0799299307586,-2335.554004430176,-0.000798978986495058
3361,-37.458998390561966,-61.342678693082945,-64.6219688745508,2,-140.31456684622353,241.17095295657515,234.44506754405722,6.725883226396816,241.1708146473408,0.00013830923435875775
3362,20.00743811996753,-72.50061423715724,-56.05832783537894,4,-246.37938026300085,-681.397884203557,-777.103904095627,95.70601362564464,-681.3972187881409,-0.0006654154161651604
3363,-0.3852708379506082,1.8223236993693426,1.1406172466169642,4,-244.5276192208081,-1385.3198905227136,-748.3956285402942,-636.9242615449314,-1385.3197901445012,-0.00010037821243713552
3364,-33.98755055927819,-5.155009514251402,-16.85026493449524,2,-141.57022071107528,201.6686697981001,-1.3527804528756544,203.0214494071797,201.6685407034399,0.00012909466019550564
3365,31.685825975660453,-23.99972359820498,-45.159623763668655,4,-145.19890672053975,-2962.3679384818042,-3024.858273408391,62.490333991974246,-2962.3655874389956,-0.0023510428086410684
3366,-5.218523994677453,86.66580164087367,-8.277942742500617,4,-352.8297957893919,-7178.591306487001,-7123.881077000673,-54.710216606451084,-7178.589775773428,-0.0015307135727198329
3367,-43.635521791719775,-30.50607035513081,62.13586225135532,2,-154.30634124660287,52.40195378151496,3.783109863795714,48.61884165962448,52.40133104773661,0.000622733778349982
3368,15.390499515514454,-4.798294652400433,23.873160542270757,4,-226.40908665621845,-71.34709530720731,77.34819318083899,-148.69528847769334,-71.34710051286041,5.20565309614085e-6
3369,-70.29353142252486,0.9642305969228926,-67.5412929671619,2,-124.05714115904213,864.9670130604062,-55.791938418911826,920.758952647338,864.9626769995825,0.004336060823675325
3370,43.014883882418594,23.174642847030253,66.716243785519,4,-103.58765287686411,411.3023810345786,487.30043514829276,-75.99805487366501,411.3025568534626,-0.00017581888397444345
3371,37.60589306054498,10.883022235549703,-36.834784582204186,4,-113.99401455332881,-2177.6378097448965,-1641.5046113451936,-536.1331968676012,-2177.638203659122,0.0003939142256967898
3372,-15.232113903018071,-12.177804974594878,-9.237214910080937,4,-312.21401015926745,-1702.1396836754175,-1023.9914783537007,-678.1482064591515,-1702.1394890605725,-0.00019461484498606296
3373,-45.190583536571495,1.552769048298048,6.87080322032887,2,-83.05615566885162,67.56627333784176,-0.45069957176748005,68.01697308075485,67.56619616308006,7.717476169943893e-5
3374,1.9668082417004682,-9.359184216628265,1.5124922765100894,4,-245.09340694736167,-1179.9663505869976,-604.6207932484273,-575.3455600997576,-1179.9663652099964,1.4622998833146994e-5
3375,19.563851551915903,-27.86901638734984,-2.4826104516933833,4,-205.0860725884314,-404.9208515969541,-207.73935853174225,-197.18149509313062,-404.92091178493484,6.018798075047016e-5
3376,8.357237207544145,4.49671026107206,32.51484845740703,4,-342.45930773121887,29.52642863790994,-65.65266580720287,95.17909420125038,29.52641077054075,1.7867369191293392e-5
3377,38.289005564312944,8.237221065799064,-32.90278696237788,4,-114.1173715961479,-1963.4145854279877,-1352.9816100592054,-610.4329740532315,-1963.4141100193901,-0.00047540859759465093
3378,2.947862926340898,40.580755372354176,15.205272685677215,4,-346.2839553534034,67.69571404547392,-16.617799505368687,84.31351271465215,67.6955836960358,0.00013034943812328947
3379,-44.42243119073633,3.776896026534663,-41.34946848845252,4,-251.1127517962597,-16107.380850196745,-15610.861717123526,-496.51912373028347,-16107.384984168046,0.004133971300689154
3380,3.7641793139142417,11.735673391785749,10.45592871607531,4,-291.10717056274245,-554.9938694445258,-185.31244847734072,-369.68142098723087,-554.9938482884844,-2.115604138452909e-5
3381,5.280486511744301,-11.35472342410619,8.761614649854112,4,-272.4602467648413,-644.805478168044,-222.75614343412903,-422.049335468578,-644.8054587002194,-1.9467824586172355e-5
3382,-71.98875254115907,-32.45810270178488,-1.465144040675684,2,-48.3458244145514,95.89810780388682,-0.1789674161378362,96.0770745359367,95.89874968162992,-0.0006418777431065337
3383,-10.02594632010451,-27.5016769477479,47.299299227268925,1,-500.0000000000794,251.90993021363678,143.84102491910534,108.06890551365274,251.90994861745702,-1.8403820234880186e-5
3384,-26.5703912994866,69.23614464785936,2.9152922472506195,4,-349.6841553620321,-7780.992899407114,-7796.5156058666425,15.522709923688295,-7780.993598981038,0.0006995739240664989
3385,20.47637506863502,22.9161560503916,39.21653625653249,4,-183.71511341371217,100.03379605854491,174.13160117104326,-74.09780598495348,100.03375100284092,4.50557039926025e-5
3386,-26.93741687054778,-72.40984878734247,35.71527648422274,4,-317.0167855859579,-9423.889472056584,-9439.585391444321,15.695929462957748,-9423.886799523283,-0.0026725333009380847
3387,-33.80435930921902,30.073116432664513,-12.637532338242883,2,-104.93838467938697,126.7200973454318,4.055818376423392,122.66427913754633,126.71779680770301,0.002300537728785912
3388,0.8264526316344404,-60.9248276283414,58.360835442006,4,-307.924087284082,-1787.1880357610717,-1779.2505833855846,-7.937446052694904,-1787.1882838513598,0.00024809028809613665
3389,-38.73115763947879,-23.02267189971842,2.6122707513937065,2,-99.20303273057034,94.74772043086229,-0.763028656484305,95.5107488649727,94.74670061298353,0.0010198178787561574
3390,-17.345342899424978,7.585220293341192,-0.10873711593047079,1,-500.0000000000794,51.020826752712,8.513037500179959,42.507789343960916,51.02082163840243,5.114309566067732e-6
3391,43.01030919391031,-40.172095992931126,28.26147044407042,4,-120.21658245990018,31.815650429296046,146.49884750209654,-114.68319746380733,31.815528471487163,0.00012195780888291097
3392,38.59150341820466,-2.4154443880919065,4.670016014241189,4,-131.2489720113306,-790.3297491068989,-228.05658071989617,-562.2731684436983,-790.3297181040958,-3.1002803098090226e-5
3393,53.74176918281882,-25.34825350962865,-13.923175003676887,4,-109.64378249133063,-382.3162448116132,-202.20847669541848,-180.10776868093294,-382.31620825530115,-3.6556312068114494e-5
3394,-92.69859300579238,27.86633604687003,1.1718998964655871,2,-36.176007001787404,90.56246679925552,2.3436563974875426,88.21881014068516,90.56845547021734,-0.00598867096182687
3395,13.518175217499687,-23.197234567487886,-12.075260825254695,4,-204.84223375504706,-1203.035029316337,-950.5032430388854,-252.53178475500135,-1203.0351936184616,0.00016430212463092175
3396,41.04765322642004,-62.60774401685678,18.527899198242892,4,-118.41545117867022,200.63240228196176,280.92885933111984,-80.29645784154246,200.63186517049772,0.0005371114640411179
3397,16.19058954674751,35.784036892402725,-41.76224624761757,4,-311.2721707926967,-923.6145705045168,-717.1054615965584,-206.5091081853257,-923.6146880466969,0.00011754218007808959
3398,48.60825650486908,15.761043942507213,23.001743298939722,4,-113.83382425542801,-249.33199431808836,38.564660097095434,-287.8966537671115,-249.33199730505996,2.9869715945096686e-6
3399,36.183755739976235,-45.22343797827712,-35.68546101782276,4,-165.53740627290605,183.70311275685205,93.87125704633004,89.83185638810073,183.70283449915587,0.00027825769618061713
3400,-66.3047174733408,33.15641454570686,-19.911648284519814,2,-51.35759381818438,109.02285084185809,2.4693052416826875,106.55354508737891,109.02266305352295,0.00018778833513977133
3401,-25.475153930067897,-34.31702863138666,39.77539889577608,1,-500.0000000000794,-1052.690057609015,-967.3061968594544,-85.38385774197718,-1052.6895196230298,-0.0005379859851473157
3402,17.242287531150374,-5.219410590371098,13.786314360754698,4,-204.60237558613477,-494.08267138645647,-101.55011633338702,-392.5325540288382,-494.0826529853907,-1.840106574491074e-5
3403,14.05767572595079,-48.97749285106576,-65.5253379099812,4,-290.35822256891004,-3078.6147774525057,-3106.318628457267,27.703847857412153,-3078.6144713583944,-0.0003060941112380533
3404,6.794293631001136,-3.5671471794671983,0.732057254914137,4,-212.8966789575907,-1303.9750315356239,-671.8081649372228,-632.1668677331434,-1303.9750809852576,4.9449633706899476e-5
3405,-84.17313898855426,52.668333932048434,-6.829320683248843,2,-44.171462537937465,102.19675059980722,2.2583621177331565,99.93838806643872,102.19608388046926,0.0006667193379570335
3406,-14.959967669064202,-10.801669887811677,-8.660786273656685,4,-303.1042776478316,-1763.6960407559175,-1061.146516983011,-702.5495218671077,-1763.6961300145663,8.925864881348389e-5
3407,3.7341001193167913,-20.256913881287787,-16.339595037639608,4,-214.68802514056168,-3021.187404091451,-2693.376203201735,-327.81121327465735,-3021.1862912099114,-0.0011128815394840785
3408,5.390155474408865,-3.972618389098908,-9.814516155070413,4,-189.9537608578166,-2072.4039540152016,-1441.6507741779042,-630.753182212989,-2072.40438370183,0.00042968662819475867
3409,4.599625291992449,1.812439430229948,-10.075659388123695,4,-190.27341794480955,-2110.0528016961603,-1476.644970956754,-633.4078347801558,-2110.0525227412254,-0.0002789549348563014
3410,67.49295587732885,-34.024611011260184,2.983877470687504,4,-90.93623091758842,-73.31031184933691,-2.887125576928572,-70.42318722794364,-73.31032708136068,1.52320237702952e-5
3411,23.584892011094933,-0.9402030171728004,10.258614620923867,4,-172.98408227929573,-686.4126862546221,-189.0206878330437,-497.39199810270173,-686.4126464797058,-3.977491633122554e-5
3412,31.100169303760552,-63.43485756795236,-3.602115490705645,4,-155.0067529363003,164.6316069144975,239.25419122377681,-74.62258398012133,164.63096447306864,0.0006424414288517255
3413,4.5558173666756305,-0.04657314277667154,7.941175959261892,4,-256.24951213340523,-868.3308998955783,-354.27725564322867,-514.0536427691178,-868.3309122677082,1.2372129845061863e-5
3414,3.777385049281831,-44.02266739714603,-80.13985591355996,4,-151.93015283548777,-1588.6994805106906,-1632.636128192409,43.936650339595836,-1588.6974871707257,-0.0019933399648834893
3415,-2.31304950537949,-2.7757170610222146,-3.5276541226023164,4,-232.21286986358083,-1702.8061446699114,-1036.9562307313183,-665.8499147118523,-1702.8060823861447,-6.228376673789171e-5
3416,-24.454765735433746,1.9564020550903307,38.27147743891038,2,-249.56409853979483,-2.8929105883699266,-24.079065323915717,21.18615566932262,-2.8930797267773434,0.0001691384074167246
3417,2.8650178942749376,-16.68095926614513,-8.19894658238101,4,-221.37019335849922,-1732.4976953698686,-1169.630012088074,-562.8676834973825,-1732.4972834673856,-0.0004119024829378759
3418,7.270474629661627,-14.45735573602118,-21.527498864639735,4,-176.24055250464977,-4106.766753402882,-3750.556243233072,-356.2105093784772,-4106.764112379708,-0.0026410231739646406
3419,37.854597727061886,-60.83348085984379,4.0392003745037535,4,-133.06407557221422,155.50826265673615,225.46865385156522,-69.96039186954566,155.50821155150794,5.110522820928054e-5
3420,25.06240233894645,6.659522461431505,-4.540134279537379,4,-152.915876242191,-1208.3575100304035,-572.7002180749004,-635.6572938713579,-1208.3574239505913,-8.607981226305128e-5
3421,0.9104758373092111,12.346355577710028,2.2261024150908337,4,-255.92493069681584,-1147.3853785620934,-593.7856745478039,-553.5997045644684,-1147.3852671654497,-0.00011139664366055513
3422,-1.0703363450237529,-7.251868717271414,-60.08359826354281,4,-127.126843579634,-13908.424414256493,-13886.064797955003,-22.359610135769962,-13908.427075834674,0.002661578180777724
3423,1.7843323345033821,-77.0486602221702,34.894568099073595,4,-281.5445159016197,-483.9431148599195,-453.3443136867445,-30.598798814455574,-483.94345258469366,0.000337724774169601
3424,10.292126742208298,-19.154813632383036,49.15226960794207,4,-283.21005143296003,154.02394149007281,61.28635040103657,92.7375901167833,154.02401885030824,-7.736023542292969e-5
3425,-72.45155117082652,11.713476901721723,-33.016255203795616,2,-47.29145379016986,198.34333101891872,1.6533931137845548,196.68993821368667,198.34233962834034,0.0009913905783776045
3426,44.53343262910323,59.00092027425513,-35.33810577804461,4,-127.12133709425953,254.34153472342788,181.79870752252504,72.54282569246256,254.34156454643983,-2.9823011942653466e-5
3427,69.50232541513739,-50.49009044273429,-45.09219778878737,4,-86.80059296806567,198.49603209148464,64.3090379219927,134.18699157516392,198.49561326239194,0.0004188290926947502
3428,24.59406012266322,-20.39304039213215,72.05123708286557,4,-173.21747158348276,-46.08994383146763,-65.13034593568264,19.040402941212403,-46.090309361201484,0.00036552973385539644
3429,7.386510190015569,-61.797648075266935,-10.970563482799957,4,-291.397617864402,246.54683386742911,199.78961562012623,46.757222228106635,246.5461668567138,0.0006670107153183835
3430,-6.527794532554995,-19.13169073669119,39.80004233912721,1,-500.0000000000794,152.91029159218695,71.39252380665353,81.51776665013102,152.91028589956343,5.69262351746147e-6
3431,-13.158757490670068,-3.7761149007447656,-18.083030509257494,4,-212.49404288883278,-4273.505039616039,-3715.168734231443,-558.3363165540569,-4273.504054066119,-0.000985549919278128
3432,-29.238277467964537,-46.71794353497118,-11.9782919262259,2,-142.13743641970592,89.65555714459805,73.26345640878827,16.392101325298608,89.65540045814554,0.00015668645251309954
3433,46.80676409334102,9.5222158674834,24.67206368173321,4,-116.60649284002893,-247.76757685930338,43.7296571017423,-291.49723349573173,-247.7675715092797,-5.3500236845138716e-6
3434,-14.957182904570388,-49.980632237808024,-32.216668881051916,2,-193.606577396265,123.79743981672735,222.13305355861624,-98.33561322665727,123.79713582620455,0.0003039905227950612
3435,-27.478607175031275,49.845675191126205,16.309251831277187,4,-417.9819493646053,-7744.074693225816,-7840.553164436897,96.47846514037184,-7744.0741057591185,-0.0005874666976524168
3436,-61.62119289976002,20.871511774010504,10.62133813089744,2,-58.32174837991893,84.38839914550401,1.5715221975900486,82.81687646484356,84.39094888944989,-0.0025497439458774807
3437,-15.70812113072294,-7.171634614336552,30.035956760818546,2,-349.37107306647096,24.793256573495103,-10.185162131931907,34.97842054788258,24.79302744294819,0.00022913054691287016
3438,16.895456047294253,8.818004721939268,-15.349457989619404,4,-159.7197618158049,-1894.0746028076055,-1325.8586223568498,-568.2159715779633,-1894.0741380459167,-0.0004647616888178163
3439,13.676230969680935,-12.853512638459135,4.027924994484422,4,-205.75401636309888,-891.289656468816,-372.3256384991042,-518.9640185984678,-891.289620253644,-3.621517203100666e-5
3440,-14.752644808642403,-0.1420497161561984,7.6757894767885,1,-500.0000000000794,30.043742938212702,5.05780403886952,24.985938673728306,30.04374839576153,-5.457548827081382e-6
3441,75.69759387408502,-41.73248403306287,26.952156687737357,4,-78.57905633974998,-18.3620370165367,77.45184984056107,-95.81388700864177,-18.362139524401872,0.00010250786517218557
3442,-11.714231467460756,-17.457046045218828,26.210118844431417,2,-459.1478372840822,65.10012504354641,-4.5390742885504896,69.63919890950693,65.10015012258356,-2.5079037143882488e-5
3443,-73.34173298100296,-12.461920205063915,-65.10975862102596,2,-107.22848311006065,360.2154133054224,-22.718810128233635,382.93422532548686,360.2153893083746,2.399704777644729e-5
3444,-19.373788678718974,0.9657519143010647,6.58307207520078,1,-500.0000000000794,61.94580250801242,6.934477469729727,55.01132499076853,61.94581641869881,-1.39106863912275e-5
3445,60.27537420039558,-26.997443951684485,71.63475886837364,4,-81.68306915608503,329.438011688631,425.781986492069,-96.34397655485027,329.4381380159374,-0.0001263273064182613
3446,60.17608777152512,21.757907283484226,-29.67686475827397,4,-95.4215550495619,-627.3147984120612,-440.47408198034685,-186.84071583909102,-627.3146932240683,-0.00010518799297187797
3447,-25.095668353823992,0.5080045212521644,-24.4843218761824,4,-216.62746364216852,-4790.341347317836,-4121.018297605053,-669.3230633385808,-4790.337563303737,-0.003784014099437627
3448,1.7077172989821205,1.4717759340934564,-1.081657125441983,4,-224.46252258593708,-1511.6442989647724,-857.6096042554325,-654.034695905239,-1511.6442331265073,-6.583826507267077e-5
3449,-0.37021347962952955,-1.3324039452264202,2.456254549765636,4,-254.02871162716662,-1273.7640966419194,-656.8306644659493,-616.9334341365028,-1273.7640295938143,-6.704810516566795e-5
3450,-27.273623740690496,-67.83790664966952,8.1647547533897,4,-352.5232066620663,-7817.666749447596,-7826.007751050199,8.34097715620674,-7817.665983513997,-0.0007659335988137173
3451,10.883963292370094,-40.303337782946414,11.801107166910326,4,-254.45924249833163,123.61629994555405,171.54625066191423,-47.929951019155524,123.61614016536471,0.00015978018933537896
3452,-0.8908596812323006,-48.41344834152466,12.04207232463624,4,-363.39838815541725,220.17086756225933,197.35570148173417,22.815168891010988,220.17067539868756,0.00019216357176787824
3453,-68.68744670560827,-53.83397573885996,-16.29679906057213,2,-58.615576082314384,122.69143969578042,-1.7741516186495525,124.46559117666916,122.69106512186407,0.0003745739163463213
3454,81.8271068698332,-49.511205051884886,14.769040645860729,4,-74.34186941096353,40.69192674040036,40.329101031620205,0.3628256232975481,40.691686850044015,0.0002398903563474164
3455,10.62680725845572,25.144000683867844,72.75837713665172,4,-252.72567201048807,460.0198815717297,409.507490620316,50.51239092864941,460.02054205808014,-0.000660486350454903
3456,-3.4899705766701015,-18.370568661410147,19.15020666068142,1,-500.0000000000794,72.42589778664276,21.222014069712948,51.203883837854335,72.42587023913444,2.7547508324232695e-5
3457,-3.920708716411878,6.200900781366532,4.612774025955029,4,-303.97624212122145,-1061.857351200153,-514.6215348872765,-547.2358164607208,-1061.857285513747,-6.568640606019471e-5
3458,53.57214603396678,5.7437050545959885,-17.223389996168304,4,-101.34179038688363,-1169.2651673319076,-493.6203043773317,-675.6448608607581,-1169.2651068155226,-6.051638501958223e-5
3459,52.26696639022881,-9.162640175580309,4.004255819625315,4,-108.25025422072132,-716.6246726651378,-170.86177697169128,-545.7628953363683,-716.6246003946649,-7.227047296964884e-5
3460,4.097611487159958,-6.798040322858892,-10.991234104488317,4,-191.1673255096597,-2229.7045473537933,-1608.5533492773125,-621.1512043814305,-2229.7038974327725,-0.0006499210207948636
3461,75.65510399083993,-24.45565647533061,7.540467597181039,4,-81.95987747158563,-306.9606064844922,-31.846940771448136,-275.11366578842393,-306.96055829514177,-4.81893504229447e-5
3462,85.78263139861943,9.559228998426512,33.47318049305723,4,-71.22902831303759,-228.28566092220288,63.837654999345965,-292.12331557144364,-228.28564048402632,-2.04381765627204e-5
3463,-4.6591426815676344,-6.642144503624757,-5.61755911027887,4,-235.27383670693428,-1838.2493301089958,-1181.923895532546,-656.3254349958587,-1838.2490188074073,-0.00031130158845371625
3464,-52.26135945558646,-4.256514903900811,-79.44326027482509,4,-125.19878734666463,-14595.556760781905,-15592.957928528567,997.4011590111222,-14595.550211907934,-0.006548873971041758
3465,1.6608391159314861,-61.383766567119984,-11.866240090070127,4,-350.687795018669,-84.63758263182224,-103.35678740120653,18.71920331193724,-84.6382538264339,0.0006711946116553236
3466,49.99417179065335,-66.5022453421036,31.965428200219954,4,-97.74097543247431,267.41016966628064,347.53268792272235,-80.12251761424302,267.4098240985995,0.00034556768116544845
3467,-31.714083830595722,-2.306479866570433,39.622698969010784,2,-219.8479960593879,-24.32835878765284,-52.40215434194387,28.07379591472568,-24.331807976952128,0.003449189299288946
3468,4.906358486766232,71.0467070369258,-53.48431525085419,4,-294.2735821520723,-11721.517364611764,-11744.60420364587,23.08685055040323,-11721.512937443476,-0.004427168287293171
3469,-1.1726276207012187,1.7948356925341686,-1.1930443882732686,4,-236.2704873804595,-1556.1792602548476,-897.1242712294461,-659.0549917984054,-1556.17907379489,-0.00018645995760380174
3470,-4.591240064894978,-22.0181135117744,-20.86368575804746,4,-250.98799114971519,-6809.124680287415,-6635.063370736976,-174.0613415019407,-6809.120483695494,-0.004196591920845094
3471,-20.91477563681151,-23.54137740704836,-31.827189321026513,2,-149.53643307876789,160.31746228815302,11.258175298698552,149.05928657522242,160.31722093001878,0.00024135813424663866
3472,25.809513655344748,65.12747653918872,67.49594407846985,4,-153.16996091128368,-107.78694714029702,-159.07690726331128,51.28996342909237,-107.7876495685316,0.0007024282345895472
3473,-62.1959381798552,-11.477541125169248,22.31303208394909,2,-62.742926015798666,65.98046813732854,-1.4158527381602113,67.3963208449875,65.98056589812164,-9.776079309631314e-5
3474,10.890459731687011,11.090118103811212,-1.0020166890453712,4,-197.87452606948793,-1247.1669266489928,-643.0491404416249,-604.1177891132097,-1247.1668066090515,-0.00012003994129372586
3475,-0.2890531067346416,3.085536232211484,-1.7379540062161154,4,-229.45566106796514,-1584.6992613790205,-923.7703780739308,-660.928886576685,-1584.6993864563121,0.00012507729161370662
3476,-32.527372694493856,15.94295038905601,-13.127375358428077,2,-112.29784390200042,103.4664048810681,3.759104233470195,99.70730024232401,103.46572129901043,0.0006835820576753804
3477,7.252475031592176,-54.0317016658201,-26.659574185983296,4,-359.9996102654838,104.40562798524182,-34.409244770991194,138.8148770360247,104.40520450237051,0.00042348287131233064
3478,-0.12294838915972202,19.9499150089979,16.99866512869088,4,-447.43989866914796,47.00965680229023,10.488999844770776,36.520657088470685,47.00961590230622,4.089998400758077e-5
3479,0.07904207972659724,1.0330594298065516,0.488765966663964,4,-238.98046948832413,-1424.3522716165758,-780.6904128905973,-643.6618586803072,-1424.3521573833095,-0.00011423326623116736
3480,-44.91956179294187,2.4806210401879842,26.898668064484024,1,-500.0000000000794,-944.2856964137477,-1168.4967793078483,224.21109114879525,-944.2855275069868,-0.00016890676090497436
3481,-27.529785286833484,-29.942856986857347,-2.6690990219195383,2,-156.00401323134,107.33751199936736,6.328540479487797,101.00897098704353,107.3374477160217,6.428334566521698e-5
3482,-27.18444441928956,-26.185283517683164,-16.77667896645066,2,-123.54434854040721,128.06268253231931,-0.31619592320484435,128.37887774244425,128.06241277897865,0.0002697533406603725
3483,33.763980089904905,-3.1288691226288927,-14.729904046190224,4,-129.681436227769,-1434.0078917405287,-771.1472812912849,-662.8606106861836,-1434.0077842250992,-0.00010751542959042126
3484,-15.148920319485331,24.728113554180542,-11.35309622468317,1,-500.0000000000794,79.68506787997285,44.31925544763889,35.36581398289719,79.68506951811898,-1.6381461307446443e-6
3485,16.22063191389971,17.891335260555657,0.8003728783604396,4,-191.73335849712635,-866.0633779299463,-408.6829961817446,-457.3803814513042,-866.0633226461366,-5.528380972918967e-5
3486,-4.216040391477573,-34.3284571606522,17.57923792310641,1,-500.0000000000794,82.40088342322639,29.32877770935997,53.072102853845976,82.40073106954367,0.00015235368272215055
3487,-2.5565068848147128,3.9930658451810133,-3.4959514058905046,4,-231.67997178011572,-1727.4368656075446,-1059.1252979957023,-668.3115681954926,-1727.4365615180498,-0.0003040894948753703
3488,50.28951679105888,26.05343889987298,5.575002833165072,4,-113.68796106651338,-366.0005644509617,-58.82817112394876,-307.1723918107589,-366.00049447762956,-6.997333213121237e-5
3489,-10.52656820536442,-24.163116577956714,19.36249093000828,1,-500.0000000000794,72.58824333752435,115.38692737532539,-42.79868329171731,72.58820371758947,3.9619934881329755e-5
3490,-53.3428252504572,-29.558395406381084,27.689723825052877,2,-186.5897142501811,234.3604816254963,259.97006574696167,-25.609590894837808,234.26127619001767,0.09920543547863758
3491,34.69780861201316,32.30986488254975,-19.93751792612064,4,-162.27865826521045,86.35298235923133,-34.31733922986292,120.67032209825967,86.35297964514784,2.7140834930605706e-6
3492,-9.670223054125941,-1.5137458334069374,-6.3747108453624355,4,-251.3777030122468,-1982.7216043043134,-1277.2563991694624,-705.4652051494959,-1982.7210695565054,-0.0005347478079329449
3493,11.13850043634508,-29.474038537081828,25.247875837031398,4,-262.3183408633751,6.579751919920811,42.657656410479525,-36.07790371909249,6.57964607326554,0.00010584665527169079
3494,47.7774112976957,20.03679812442769,-19.337349966890738,4,-112.85370945302604,-975.4570764604123,-514.6569101707333,-460.8001646653637,-975.4569821553606,-9.43050516752919e-5
3495,-74.98084104191656,-53.86249618374222,-1.1308178411465193,2,-57.01131349498126,116.15444953259525,-0.13205236690096395,116.28650140821739,116.15424201294759,0.00020751964765963749
3496,52.640716635750934,5.996999563417063,-10.917578366331043,4,-104.09285388944674,-1049.3523779688937,-391.6051932889618,-657.7471841799687,-1049.3522891321531,-8.883674058779434e-5
3497,-4.763359944396708,3.1666589948609007,3.731877645108077,4,-298.8848771949541,-1165.8124686279189,-587.698662312187,-578.113807250598,-1165.8124261316823,-4.2496236574152135e-5
3498,-6.012459128844845,4.5645995056932005,0.5840245271199642,4,-278.49941766737624,-1423.893338379654,-785.9375966857814,-637.9557393786667,-1423.8934848930505,0.00014651339643023675
3499,-69.0711172684144,2.190850349588241,-36.57947112913058,2,-52.29646946667373,317.56264331757365,-2.4942717928059523,320.05691515787595,317.5629068857898,-0.0002635682161553632
3500,9.18381060030178,-10.186743590668188,-76.56308835258866,4,-109.81477425492585,-13158.174825875545,-13242.827522070496,84.65267665930143,-13158.16945171205,-0.005374163494707318
3501,20.182139649812367,-17.032939489205,24.37078079028102,4,-196.66344717355645,-31.010211080872917,90.91609161869488,-121.92630315056144,-31.01023036318008,1.9282307164303347e-5
3502,-3.4189317926505853,-10.70356727777423,-0.711543923383965,4,-270.2577391479348,-1292.2285912221478,-716.2687690275945,-575.9598232877798,-1292.228576238474,-1.4983673736423953e-5
3503,-74.84054532239453,50.40155025589506,39.36241832552904,4,-297.2572694423738,-9259.919463244827,-9382.969149068547,123.049669989026,-9259.92407247592,0.004609231093127164
3504,-27.83168550675147,-2.2663637483419588,-4.287043567281574,2,-177.02656283225696,97.24674125671584,-1.0962401731761517,98.34298132903112,97.24653552049416,0.00020573622167319172
3505,-53.06231712282756,-28.817426180206507,50.16604872757752,2,-157.00417051398537,31.955434612111258,-59.321162210347254,91.27659463780275,31.959856770740306,-0.004422158629047601
3506,36.405641547405,-19.73430901089316,-17.437718727388912,4,-133.1714676424247,-1252.582106966954,-706.4731804813621,-546.1089311015734,-1252.5818790578596,-0.00022790909429204476
3507,81.14392585014333,7.748633785726622,-0.8562088637564691,4,-76.55869944960386,-682.6133174351381,-137.88949256683478,-544.7238257187153,-682.6131927134074,-0.0001247217306854509
3508,-39.61476634881711,25.88319743802349,12.497007742758846,2,-113.65957026501837,127.9877206932155,4.575650986458681,123.412069512861,127.98776773439255,-4.704117705500721e-5
3509,-50.0378726218078,-48.098646727333296,6.321121873931081,2,-121.04879389961897,184.79900991571483,5.722112462482041,179.0768972856069,184.7988159418784,0.0001939738364455934
3510,8.516941186718213,1.2297096746939546,1.4311124204907204,4,-207.21112097231992,-1257.1851832356012,-629.068215136612,-628.1169698783052,-1257.1851638676956,-1.9367905679246178e-5
3511,-50.05639807346949,40.05307603748918,-75.94244928786135,2,-102.28116462747428,272.83674874603895,-47.54364600729949,320.38039524409334,272.83680886078497,-6.011474602019007e-5
3512,-61.718904430789536,-46.93172651714783,-2.0883565811259954,2,-69.17033189842701,120.99760794549586,0.5971390549043426,120.40046860850359,120.99787076963796,-0.00026282414209788385
3513,62.698545399902805,11.46506029411091,-40.241559382278425,4,-87.31459766873358,-1330.629095673128,-802.2653501360096,-528.3637440458274,-1330.628886808544,-0.0002088645840103709
3514,-15.025965651441297,34.52469331593317,21.66407486880329,1,-500.0000000000794,71.18288510444553,11.843934381124,59.33895179892425,71.18273599495333,0.00014910949219881786
3515,-18.902273775657825,17.959550311481276,30.186539518191285,2,-484.64544109848697,136.11767505273323,10.565199256074433,125.55247751576451,136.11746563679753,0.00020941593570000805
3516,14.394229456515767,56.89832684289404,-1.1951822917960004,4,-230.5643853057134,225.09731503134043,223.92650379507438,1.1708103566086385,225.09700166206238,0.00031336927804659354
3517,5.8837168097410135,-1.0523588384233518,1.486228349128034,4,-218.21396252346503,-1282.6317845779151,-655.0199043016371,-627.6118818098212,-1282.6317237340527,-6.0843862456749775e-5
3518,18.323998159577158,-51.764508927471674,-41.83094869053327,4,-280.1218830174692,297.1921407147387,140.86836580088783,156.3237768355949,297.1920487536375,9.196110119091827e-5
3519,-19.172207496356194,-84.34217657156104,-48.86074058168345,2,-157.13581816322167,247.72612788051825,246.2300503762106,1.4960766072037166,247.7256759533657,0.0004519271525396107
3520,-1.475550342029907,-24.79257108082729,80.57519700547594,4,-390.1402288015605,-7112.063791043717,-7111.725462104711,-0.3383282665734231,-7112.061928462906,-0.0018625808115757536
3521,30.024676827505594,-42.71845711625735,51.82698999793055,4,-137.7789138201811,203.08666800226467,270.9676508647138,-67.88098460766649,203.08654514497388,0.00012285729079053453
3522,1.6831342111836682,0.049746082223287,-3.404365360077618,4,-216.4697401700132,-1660.1993541760862,-1000.2966635382892,-659.9026917817206,-1660.1991771013156,-0.0001770747705904796
3523,28.437241379877513,-32.95078400336806,30.623855643319985,4,-155.36845544665465,70.46385948602854,160.98784473181203,-90.52398547593518,70.46374149508726,0.00011799094127695753
3524,-50.238272171050944,33.64942463635921,-8.611400302290852,2,-71.19560540327902,105.54033837852816,2.5943743855479275,102.94596336880097,105.53891463136978,0.0014237471583840033
3525,-17.683323363689098,96.25398802778946,16.908461840206133,4,-332.48148836705883,-9891.15248054309,-9790.604010868115,-100.5484664613071,-9891.150396880412,-0.0020836626790696755
3526,9.966214964058759,59.240348608282865,1.438977497416556,4,-252.87892770046935,288.4367739927999,272.9210918880789,15.51568090650291,288.4366062528657,0.00016773993417018573
3527,-24.002528324940123,9.030663896055605,3.871755006015799,2,-306.471884277574,90.58982665017746,2.5346940596967342,88.0551322271988,90.58982538305362,1.2671238351913416e-6
3528,22.6477088775714,1.2459753607924082,-0.36112189559359925,4,-162.3737241671128,-1131.2971941092596,-498.03258945978547,-633.2646041183435,-1131.2971293822136,-6.472704603766033e-5
3529,3.6663974666144283,27.75194738955342,-21.26302707735964,4,-306.2984885031852,-3503.6113331747415,-3423.707783397024,-79.90356630874054,-3503.6095980852156,-0.0017350895259369281
3530,-0.004160334777488399,0.06309407329073448,0.006681619368120703,4,-237.37003426800575,-1453.4823274627422,-805.9919420145358,-647.4903857469312,-1453.4822101218435,-0.00011734089866877184
3531,49.91987653412277,-8.173416472672287,10.509704249116963,4,-112.53448122757347,-571.2797729425166,-96.85876909329444,-474.42100372637975,-571.2797255722511,-4.73702655199304e-5
3532,-13.540755875395005,-4.595597071163619,-6.146540351044606,4,-284.22186283112813,-1842.6694789173257,-1109.0273500182755,-733.6421260543223,-1842.6690717632864,-0.0004071540392942552
3533,6.5481307859381355,-91.95933620033848,-1.8105572201044922,4,-262.2619066242075,653.4943671461423,637.7779813138508,15.71638370190883,653.4935062576849,0.0008608884573959585
3534,-37.8275322469826,17.06264639867865,69.06295915564478,2,-160.78617110243067,21.156173162417737,-11.531715256923935,32.68788731585024,21.15584531960592,0.00032784281181719166
3535,-67.89196823877137,-21.44052329791944,64.42530630340559,2,-131.42130434363634,29.75381732124918,-106.94625884374383,136.7000782765646,29.742474850315933,0.011342470933247029
3536,3.1661801508121545,-18.51914385664299,26.689987586869382,4,-472.6818007119996,76.05127250494935,-1.8288923208773364,77.88016549089053,76.05126374809241,8.756856942682134e-6
3537,5.318859999054524,1.038001412141211,-46.49836940482497,4,-136.45132554626005,-9790.884360202634,-9572.978119612508,-217.9062980835247,-9790.88600178243,0.00164157979634183
3538,-85.41149715738678,17.989380872179247,11.991846780407647,2,-39.880196274852395,82.41863457504294,0.7814837407867254,81.63715073493756,82.41922303036519,-0.0005884553222443856
3539,33.65749071975072,-29.46683537290048,-18.49726555967737,4,-166.78732874523826,-24.332358020802765,-107.15108232683804,82.81872272518105,-24.332368167488582,1.0146685816891932e-5
3540,3.289273183955718,-16.113156740145183,0.886275666898077,4,-255.2651814697411,-971.9291899627905,-483.4240442086276,-488.5051462510062,-971.9291461912112,-4.377157927137887e-5
3541,10.560789090261315,-5.735076059279867,-5.980230268610668,4,-185.22458407702925,-1628.4454074850935,-974.5574617648326,-653.8879469044429,-1628.4451711997463,-0.0002362853472277493
3542,-8.322369902467011,-29.27166271046451,77.6909840751028,4,-401.0894102049346,-9632.395149541086,-9602.728935025812,-29.66617694192691,-9632.390547644389,-0.004601896696840413
3543,-49.566843022435926,-1.2315099990780078,-76.02787421583896,4,-127.69429611172075,-14983.267318850361,-15866.110307438568,882.8429947815877,-14983.276692658705,0.009373808343298151
3544,29.8505019594755,-13.524293291873848,30.75346756638321,4,-154.45396022778428,-40.513968763187854,105.98322676551143,-146.4971956035946,-40.51398917836599,2.041517813466953e-5
3545,42.042158547295806,-6.3902193974461285,4.046326360223491,4,-124.72297005632055,-775.4329044939781,-217.10245123801272,-558.3304530924747,-775.4328326019122,-7.189206587554509e-5
3546,-32.59614463994944,-1.2776423889110382,-26.446455103023403,4,-213.630708305171,-4230.869048694351,-3303.105874169851,-927.7631825085749,-4230.866359162644,-0.002689531706892012
3547,20.551657062602875,-61.762454169032985,65.70099961301666,4,-177.92938879527586,-37.56808093621647,-153.35675307269895,115.78867103952535,-37.5685355702297,0.00045463401323075914
3548,-0.8503938085578124,0.9640683803626738,4.888820039649521,4,-274.67203587040734,-1097.6484652880692,-528.6726482741573,-568.975817432863,-1097.6483925830062,-7.270506307577307e-5
3549,44.2512577892375,10.343059063549061,-11.767827954956296,4,-116.19047948129266,-1114.7370841363575,-478.6126585397397,-636.1244237044903,-1114.7369832728084,-0.00010086354905070039
3550,21.551890113020168,15.618034049739636,-27.14293641991929,4,-144.9885135764608,-2759.5618166896456,-2299.9104982820736,-459.651324321975,-2759.5608814768384,-0.0009352128072350752
3551,42.227519000908096,-28.65185625805032,-49.342091919527284,4,-127.80687493624394,-774.7456621476795,-850.5781779689256,75.83251521401208,-774.7451475573854,-0.0005145902940739688
3552,-51.78226705026954,-63.98872547209576,-40.7985489217265,2,-125.50608633392612,167.3105887619033,37.25136337934543,130.05922561632946,167.30958704591347,0.001001715989815466
3553,9.597310077090222,-61.860950847471045,31.05391057103669,4,-235.8745586050639,387.35812837826103,372.13883408136826,15.219294840042558,387.35795413878384,0.0001742394771895306
3554,-41.50225287830243,31.746546045915846,73.79089234045583,2,-149.83175472904009,112.10346037350482,16.125725871676433,95.97774388085324,112.10404486715377,-0.0005844936489580732
3555,-14.385551376892264,-55.896739449325715,-20.38787588839681,4,-476.09604880600904,-9194.166262438186,-9191.467097513376,-2.6991189120030397,-9194.165620650681,-0.0006417875047191046
3556,-8.026950734223815,56.28183103411457,-58.332163927128754,2,-205.07040424724156,218.8166925938851,273.70512553534036,-54.88843270146055,218.81804322432674,-0.0013506304416353032
3557,3.5734886981891547,-7.652802323885376,0.8539618481614064,4,-229.79843848156122,-1271.1491256243296,-662.5564449209097,-608.5926833761956,-1271.1492176837314,9.20594018225529e-5
3558,-50.2871948684776,48.13076724423454,15.534088776062095,2,-126.8226812219568,181.8038865872403,13.479917132864959,168.3239682971769,181.80357666944906,0.0003099177912417872
3559,-20.806776176499536,40.708812149453735,-73.45729216491978,2,-172.7414408491174,284.0514512175647,163.33732412628436,120.71412751992897,284.05350160253283,-0.0020503849681290376
3560,-77.9784128256969,-3.6639237608766644,60.913627793527915,2,-127.52070787194108,74.31004067152725,-75.52632373557357,149.83635883239646,74.32179053079217,-0.011749859264924112
3561,31.178699111807436,21.127992922227243,-23.674687397336186,4,-141.4172775286433,-1544.7416578150148,-1091.7916569757201,-452.95000199061116,-1544.741285649762,-0.0003721652528838604
3562,-66.12500207672508,22.21756555931522,-19.36447571675776,2,-50.40024544479501,109.23601331598978,3.1464175650683748,106.08959552393937,109.238594254299,-0.002580938309222347
3563,-63.070113080598155,43.7408364042547,33.68181520322919,4,-321.48797325603994,-7874.048467057612,-8119.250666844035,245.20220573693132,-7874.054433067926,0.005966010314296
3564,-2.6603551560396235,-2.1047478691988575,0.509144442203722,4,-255.68663124501253,-1420.4416775791033,-777.2083668579975,-643.233311148882,-1420.4415976586342,-7.992046903382288e-5
3565,1.1094766360508015,-2.4583120527172615,5.896288956092487,4,-269.3807860787302,-1003.2187438040152,-455.2196483909843,-547.9990932115803,-1003.2186724636454,-7.134036980005476e-5
3566,-12.542860609775769,-23.061550364964,-9.64374360588518,1,-500.0000000000794,101.01626760779207,31.727902648077045,69.2883638709587,101.0162593640357,8.243756369097355e-6
3567,-66.18122073489582,-49.879211268713775,17.48551193820335,4,-301.0031565926905,-10269.77721494222,-10454.199064851251,184.4218615995661,-10269.780671863284,0.0034569210638437653
3568,-78.35552531919917,55.964894318746985,-10.258269462399664,2,-50.00908783915619,113.29764500846503,3.1189350679479304,110.17870968482448,113.29709552457287,0.0005494838921578094
3569,38.22562498892317,41.42687684208103,-9.313346538603005,4,-147.82735345397828,32.882260584012414,33.06245733973892,-0.18019704890722532,32.88211383990322,0.00014674410919468528
3570,44.26429586953499,39.13188787545961,-52.71003183279066,4,-126.24645255466552,149.22799810354567,56.95038232319227,92.2776177168362,149.22783396288256,0.00016414066311654096
3571,4.104587640623451,-5.239890790365181,-11.437402435072066,4,-189.74492103180637,-2293.9692593714444,-1678.4950217725698,-615.4742450069517,-2293.9696450157066,0.00038564426222365
3572,0.62718100962988,-1.2363535073828011,-1.6506990806192758,4,-227.54049579829797,-1549.0848235844644,-893.8455711001391,-655.239254251594,-1549.0847714803997,-5.210406470723683e-5
3573,4.780687557553751,31.178464381239714,-38.39187435173928,4,-367.00440529175586,-6765.180881909277,-6773.246066359618,8.065187898934214,-6765.1783375083305,-0.0025444009461352834
3574,30.724310068868206,0.2691122009836358,9.978756566713862,4,-151.55272988497765,-672.0874072502115,-167.95267624369654,-504.13473040933013,-672.0873745431998,-3.270701176916191e-5
3575,-16.478502285174862,18.594739236051254,6.183239516793544,1,-500.0000000000794,91.15507270313641,31.420664624560455,59.73440799085115,91.15509150390561,-1.880076919746898e-5
3576,-3.3163451344764896,-24.25334838671944,-7.858335428521226,4,-341.0176189996574,-795.4604482460436,-503.4824260951106,-291.9780193528589,-795.4603661938104,-8.20522332105611e-5
3577,-46.11452082625808,-13.577032979453307,4.740347351950492,2,-78.81096676218374,77.16498555600342,-1.3669135427633095,78.53189886638495,77.16477858023256,0.0002069757708511588
3578,40.32874145804235,8.167214133343883,-83.17065725399456,4,-87.30740167837232,-6312.683650938341,-6031.654731666958,-281.02895845078854,-6312.67864626422,-0.005004674120755226
3579,39.356693415424026,18.347644953939565,49.981611335121016,4,-118.7814279746172,148.80148241639716,253.0048511471262,-104.2033688401218,148.80149149911696,-9.082719799380357e-6
3580,31.81339983247294,-6.833087697597048,-27.4511573097107,4,-124.86702460323846,-2033.102367410378,-1413.4492267584455,-619.6531432474959,-2033.1018339209047,-0.0005334894733550755
3581,-61.23310321536843,49.47621517092933,-2.499671659995572,2,-70.38234919392866,119.6174486362392,7.008629624325006,112.60881855853792,119.6170254503679,0.0004231858712984149
3582,24.383943332126673,5.960394772589917,-39.08860093418712,4,-125.43760151363753,-3991.3193465906347,-3515.456030250739,-475.86331223685255,-3991.316572023626,-0.0027745670086005703
3583,-9.476203268399948,17.526921901901932,-44.3889717595506,4,-165.9460133940165,-14567.087779115265,-14614.438069198593,47.35026602829743,-14567.074105067248,-0.013674048017492169
3584,-4.9518055258262486,-0.7049642931727752,2.672614057831057,4,-291.66784987068456,-1253.050159947238,-649.4990865079519,-603.5510752949713,-1253.0500906737313,-6.927350659680087e-5
3585,-64.05389457973386,-30.50087372576444,42.71650511131176,2,-148.2577408628903,113.56650621230474,4.8895246260484395,108.67698947903249,113.56414015576338,0.002366056541362127
3586,10.247218431395392,-14.099938432356684,-6.847372269506389,4,-194.79941343580327,-1540.4559101613336,-961.5293133093794,-578.9266011307019,-1540.4561792990944,0.00026913776082437835
3587,-45.80375101362842,5.36614457825097,82.46546645360411,2,-138.73659326587736,-30.50126391283613,-72.50502967779094,42.003764439697136,-30.501408312932977,0.00014440009684690835
3588,15.95933417047813,31.392655193672194,-16.344773877532408,4,-241.7207222835563,-494.2323674943942,-370.8478841566606,-123.38448432447805,-494.23237954575893,1.2051364706167078e-5
3589,-11.385897953788804,46.38256427968001,60.93807221052641,4,-392.7072032212682,-8573.446549015138,-8543.46122628909,-29.985313551721653,-8573.445208774783,-0.0013402403546933783
3590,21.32252785577631,4.475536087040167,-23.62752320039486,4,-141.87262963758613,-2389.895103772989,-1805.5460938500396,-584.3490174925635,-2389.894371743388,-0.0007320296008401783
3591,-30.206952132278364,-68.43452957924588,-11.846543575531706,4,-353.07146784645363,-8239.921990416891,-8193.690055736904,-46.23192920965865,-8239.922173873601,0.0001834567101468565
3592,-0.29722407280023244,0.5195413887542165,-0.812013022966507,4,-234.58759445375998,-1515.451983135723,-860.7992875971282,-654.6526967866662,-1515.4519045437255,-7.859199740778422e-5
3593,41.34089590776881,50.55641678146004,63.61107744480794,4,-102.34159379076894,506.3477309646809,569.5074928291297,-63.15976103411607,506.347861584802,-0.000130620121069569
3594,8.739660164733909,13.518151521767729,26.678911811790243,4,-297.30309064947795,-29.600900553722063,37.90275016696936,-67.50365146344163,-29.600919118948422,1.856522635890201e-5
3595,-6.277121698755926,0.5527862402633676,55.96265633623581,4,-366.5788770309783,-14521.912694569237,-14573.174159486933,51.26146339551536,-14521.906130165415,-0.006564403822267195
3596,-6.005843193582029,5.3565925501791005,2.2988763665292775,4,-298.09492859105717,-1263.752899164519,-660.2765835558712,-603.4763155722836,-1263.7529047024009,5.537881861528149e-6
3597,43.105408643575835,-15.151207765116183,-42.5330175729628,4,-107.93901066267267,-2056.539440085073,-1688.7561926821495,-367.78324726362627,-2056.5391523121734,-0.0002877728993553319
3598,31.207174582743285,-8.960327037246925,-11.717121433984817,4,-136.7780862853729,-1345.1479743284438,-708.3734346634224,-636.7745369822478,-1345.1478197852139,-0.00015454322988261993
3599,-3.4014746041022987,38.62381793361268,-17.03134301772136,1,-500.0000000000794,225.1107479886183,194.00190661482662,31.108841617603346,225.11058281918784,0.000165169430459855
3600,34.75678230769272,32.29004956385011,24.698153274495887,4,-142.34120020849724,-34.09994341222193,97.18915459938282,-131.28909892626135,-34.10003462140263,9.120918069527306e-5
3601,-2.61907013149862,8.558059588595238,-16.937240228134105,4,-195.60125586022528,-3474.557232767139,-2937.503205588883,-537.0540287112051,-3474.55805661341,0.0008238462710323802
3602,-1.4383808976790369,1.5749341119303102,-7.36550349366153,4,-213.24074830244072,-2038.2353022905447,-1379.2127592683069,-659.0225451573034,-2038.2353299001306,2.7609585913523915e-5
3603,11.948460210549515,-3.8930037344644464,35.59836437359028,4,-298.46028134849377,-142.9287476323723,-43.98886354467829,-98.93988389979533,-142.92873869538673,-8.936985580021428e-6
3604,20.358997497447522,-47.7773230893123,0.9174687232837706,4,-208.5772265116362,93.90179255386786,99.9579681133635,-6.056175071739915,93.9014868284422,0.00030572542566176253
3605,74.5968921057101,-23.247162842588633,-30.7578554894409,4,-81.57898981438828,-422.35584265227385,-285.6729028704276,-136.68293874717568,-422.35577440174757,-6.82505262830091e-5
3606,-17.13642984310808,67.4918715545019,17.51064579148879,4,-363.4542160354288,-8248.9901162652,-8232.013165548224,-16.97695455940672,-8248.988955381174,-0.0011608840268308995
3607,8.773720672789727,24.181623339135953,-2.774108081522364,4,-236.55592679042653,-929.7444481252469,-502.89254007227333,-426.8519085812141,-929.7444533037274,5.178480478207348e-6
3608,-72.54370949428125,-57.31632422380811,-25.979923849562432,2,-55.39240945996537,131.10587428447198,-2.523473882858028,133.62934752611594,131.10551173045314,0.0003625540188352261
3609,-61.42263713997356,-4.8601400253264835,58.70433123318173,2,-144.46889305689888,15.67032671865373,-77.0601779256653,92.7305079950752,15.652833225356305,0.017493493297424223
3610,-8.854744566377375,-27.658324368499983,24.174752787732857,1,-500.0000000000794,149.18269836959342,95.4499642519495,53.73273624709259,149.18269898256526,-6.129718315150967e-7
3611,-1.5239252618784653,4.160669297904164,23.02942827506894,1,-500.0000000000794,-723.5558978472893,-533.4522638703424,-190.10363574611804,-723.5559245027148,2.6655425472199568e-5
3612,0.47649417167421637,-7.997120911492361,0.2656000893807452,4,-243.1816484249197,-1310.6848859423064,-709.2648722137022,-601.4200151575146,-1310.6847735570389,-0.00011238526758461376
3613,0.14690318781536493,-19.78758478848291,1.094571775777335,4,-307.4790862098999,-717.5258062548603,-355.02910457908905,-362.49670272330667,-717.5257368540772,-6.940078310435638e-5
3614,0.24175279668747507,1.2626279315933893,-0.5359794856883562,4,-233.1340773995675,-1493.8336829434966,-841.4479730189208,-652.3857106928104,-1493.8335789868709,-0.00010395662570772402
3615,-49.222759887580594,-41.380322891646415,-48.688011743607355,2,-78.63632244118627,166.74599355171392,-1.3698769610459993,168.11586918363042,166.74538626153037,0.0006072901835523226
3616,-1.6851321530962984,13.499514978706337,-10.459007121959877,4,-216.97457164759942,-2129.919795466652,-1534.1101596911917,-595.8096407008385,-2129.9191914381922,-0.0006040284597474965
3617,-34.29878412685182,-38.46719319437973,35.7049713140687,1,-500.0000000000794,506.1241756392346,496.73934238744977,9.384828490975597,506.1247036926337,-0.000528053399136752
3618,3.52761145274286,1.5680784839473514,-5.248353644827377,4,-204.48894373371877,-1753.270995791454,-1094.7588679663781,-658.5121282689139,-1753.2708977308787,-9.806057528294332e-5
3619,14.9746861636313,-3.0249769125613652,4.373730553412098,4,-192.95199612756917,-1015.2905695049429,-422.62730186960005,-592.6632681573024,-1015.290571487707,1.982764047170349e-6
3620,-13.589271141618813,15.688404329856157,-16.747397894596432,4,-248.53248740366556,-3207.6898059311716,-2690.6886151214076,-517.0011934795638,-3207.687641207663,-0.002164723508485622
3621,31.022343765481626,1.887486181923128,41.23237552350014,4,-144.81928444472004,60.473664223928544,181.57029444178633,-121.09662988998028,60.47367074913552,-6.525206977414655e-6
3622,-49.989546519738276,-43.91753969695414,28.619561741335346,4,-449.6695678364681,-7625.055152160312,-7758.276400440589,133.2212467545667,-7625.053206957023,-0.0019452032893241267
3623,-0.7599057937079892,-0.2216017228865959,0.341119312278993,4,-243.00929217381187,-1435.4794000939557,-790.3870279848309,-645.0923723032442,-1435.47937835207,-2.1741885802839533e-5
3624,-17.582124054049277,80.57013381531927,23.90894790198386,4,-335.9905552504097,-9015.01871460698,-8975.074963936664,-39.94374579417432,-9015.016194266975,-0.0025203400055033853
3625,-32.62619275425166,-77.99408584030704,-0.3648196624538284,4,-337.6631106555014,-6170.151946436636,-6083.589321663511,-86.56264773847464,-6170.153657018171,0.0017105815350078046
3626,-25.060354078295894,-65.18538022820034,-12.463135874029408,4,-384.46636251611415,-7634.260512132884,-7601.350590000336,-32.90991639232264,-7634.258582653416,-0.0019294794683446526
3627,-15.40581203819499,-4.929335107312203,-34.63202729375307,4,-173.11230654796614,-10692.568334153653,-10494.043393364744,-198.52493567836683,-10692.564360255374,-0.0039738982795824995
3628,14.515146129886425,6.006400546030383,-53.841880344743316,4,-122.04267258370497,-8660.250836360818,-8395.331315356965,-264.9194674720906,-8660.245716978698,-0.005119382120028604
3629,23.937234297024258,39.46780832012156,-37.52249638231778,4,-244.29165900501252,-111.08359528674123,-42.583457871688395,-68.50013633357516,-111.0837377296442,0.0001424429029697194
3630,-5.597885062752424,13.624683881063797,-46.29401211635127,4,-151.24027821051544,-13256.962951213942,-13256.723358074782,-0.23961520417625418,-13256.953076335925,-0.009874878016489674
3631,-17.754256710787683,1.8812893320791106,-12.717105278100703,4,-256.3266468520734,-2472.6072597591724,-1715.8068095056099,-756.8004515760852,-2472.606505138723,-0.0007546204492427933
3632,-27.969128625369034,-70.83839212764177,42.020742166684634,4,-314.9613566081152,-9641.941934117911,-9677.7329347311,35.790995665623186,-9641.93849700003,-0.003437117880821461
3633,5.921370683938292,7.536017028899455,-35.11005912883984,4,-151.07781931905353,-7436.204169451242,-7126.092406913387,-310.11175258170323,-7436.198943598252,-0.005225852989497071
3634,-9.335585038502435,29.470918584942993,39.084390410090435,1,-500.0000000000794,47.83489252132654,36.899539491208444,10.935358026057656,47.834967859093894,-7.533776735613174e-5
3635,0.6344194595343429,0.40073673891822326,-0.5696339213335999,4,-231.56383921147085,-1487.4441430778716,-836.0731543399207,-651.3709892915085,-1487.444066802745,-7.627512650287827e-5
3636,-13.371939194080277,1.090563774106014,13.511554361084587,1,-500.0000000000794,34.97214950238132,-6.091221767099552,41.06337155505961,34.97215134297406,-1.8405927377784792e-6
3637,-7.621506684959483,-37.68091155916165,-86.02271882326593,4,-139.94019054573454,-3460.993827826003,-3565.542384736872,104.54855425801333,-3460.9918604304976,-0.00196739550528946
3638,22.2494723426194,11.922639024522894,-23.826552243888234,4,-144.1265080720267,-2289.4967531654816,-1767.682824001453,-521.8139338035398,-2289.4956166914885,-0.0011364739930286305
3639,31.224350680533174,5.20558907742577,-26.635623559343216,4,-125.65928079141803,-1996.6891460240445,-1367.8322562148596,-628.8568898859402,-1996.6891404571015,-5.566942945733899e-6
3640,-77.82582049525237,-37.58883320684806,38.17989237763615,4,-280.72985591173534,-10573.444115866387,-10654.88803789806,81.4439565283699,-10573.449800584589,0.005684718202246586
3641,0.3007186198522273,-0.5763841792787114,0.08052146408390295,4,-236.54526622755313,-1441.0434652402478,-795.3387009423036,-645.7047645714158,-1441.0434806825435,1.5442295762113645e-5
3642,-23.65212649530958,-30.75127872108117,26.402880318972468,1,-500.0000000000794,253.01300001357876,53.994084959561256,199.01891528285375,253.01310065418093,-0.00010064060217018778
3643,-51.884167261403086,38.90833083574845,-44.8842466202353,2,-73.1609410871507,186.18144543649694,8.274565793462212,177.90687897421324,186.1808128970994,0.0006325393975430416
3644,33.2046414097498,24.353975459506486,79.79181772053815,4,-124.60701310086134,72.38866656080272,136.8704396915983,-64.48176535479634,72.38847607404203,0.00019048676068678105
3645,-15.734456431866992,-85.76082712384803,-36.00271097067216,4,-352.0901093393031,-5238.464789641351,-5276.1309915226375,37.666210539405284,-5238.465116895827,0.0003272544763603946
3646,-3.2094376608777533,1.497663207956164,2.7278340177085534,4,-274.56652245695915,-1269.4430617565456,-660.29307928146,-609.1499836507904,-1269.442968921598,-9.283494750889076e-5
3647,-7.5306551440383735,-43.84843555332918,-22.682073246101652,1,-500.0000000000794,195.47483206454646,260.32584455122657,-64.8510139062256,195.47494462559146,-0.0001125610450003478
3648,-7.792528792183868,8.76071199122757,10.372756799038918,1,-500.0000000000794,-0.9162384290001246,9.728880161060777,-10.645118436195643,-0.9162465391997889,8.110199664290718e-6
3649,-0.43844900094709527,89.70873708490412,14.778291938212007,4,-324.88218181592356,-2858.2810595441806,-2834.181043956278,-24.100014123070757,-2858.281214141511,0.00015459733049283386
3650,-4.237865921026191,-15.494820414472667,12.73537907727434,1,-500.0000000000794,33.656054453476614,-26.76793619367401,60.42399051395918,33.65603584965652,1.860382009510886e-5
3651,44.05874338992927,29.762142418613383,-25.420389838989948,4,-130.3116853049451,74.45627426667534,-67.86171251642337,142.31798968003997,74.45634532530525,-7.105862991352296e-5
3652,2.681801909889017,16.115583528975574,-71.72373262232935,4,-122.60768835743431,-13391.25611722242,-13655.588894760494,264.33277449849555,-13391.250236318941,-0.005880903478100663
3653,-55.423308123808724,39.75983309807226,-25.759487529792604,2,-64.46371825822379,136.08875773236002,4.386458273407567,131.70229913538523,136.08914426199885,-0.0003865296388312345
3654,5.726042979957188,5.041080590612101,-21.716166545577522,4,-168.5223645308021,-3823.3913030957224,-3330.7882754758853,-492.6030185145562,-3823.3892745441344,-0.0020285515879550076
3655,39.06027355940917,-18.61759584649969,22.88327075829324,4,-133.62340416188417,-171.62262600956925,60.187616733732696,-231.81024295007458,-171.62265037380214,2.4364232899642957e-5
3656,-18.18148779959549,40.844657463556686,7.4175745455608855,1,-500.0000000000794,120.63824655627796,77.19993018995383,43.43831737582179,120.63788111780016,0.0003654384778002395
3657,23.01377710789163,60.36327270814905,5.003234571789458,4,-182.4657813602743,132.15083519462897,189.52033373410777,-57.36950017997608,132.15016203911873,0.0006731555102419406
3658,9.715862407953404,-51.614220986667924,39.11473919896922,4,-241.11034870501086,303.3244421929508,258.31025881417463,45.01418275022155,303.3242735073658,0.00016868558503801978
3659,14.537470306110608,15.024612154076495,6.578022439986638,4,-205.551643660855,-749.9623477133015,-288.93183761946375,-461.0305112790806,-749.962332723551,-1.4989750525273848e-5
3660,4.101927461933015,-6.848297893250089,1.3535545467039432,4,-228.30745097587487,-1251.8043558096415,-640.3799260378083,-611.4244321011141,-1251.8043695380686,1.3728427120440756e-5
3661,16.06395186079979,14.55136509295234,-2.564675652932593,4,-182.38027147935733,-1103.4413411444764,-575.7256154905024,-527.7157265523161,-1103.4412537020391,-8.744243723413092e-5
3662,0.0853864890992702,-1.8285671600504023,12.040207634373308,4,-358.256955385932,-404.52868783037127,-120.84518872045567,-283.6834980513605,-404.52867411530366,-1.3715067609609832e-5
3663,-80.32564877740027,-7.662197222427468,55.935961019622034,2,-128.84062623983039,40.672663022627674,-114.05475611515034,154.72741419790006,40.647192221046545,0.02547080158112891
3664,17.764472031714558,-65.9498090612355,-27.616331245977427,4,-238.5306111642553,236.29233728181944,188.53898546263977,47.75335465699197,236.2916284881547,0.0007087936647280912
3665,30.307391269250857,15.210147093040872,25.755216353174823,4,-155.71443134956672,-112.45995049155181,69.6877573308294,-182.14770831782812,-112.45997579036853,2.5298816723307027e-5
3666,-67.35919154629639,-59.41873103422814,-23.95073447427439,2,-67.0503494304764,142.58091787815337,-1.2116914967024977,143.7926091023073,142.58057308656834,0.00034479158503586405
3667,-2.7151751943927596,87.2413309478529,-0.9896672680401734,4,-346.6131031544902,-5050.693031227895,-5010.271347132202,-40.42167640430266,-5050.693329942882,0.000298714987366111
3668,-32.452576381925674,43.86125667930323,-21.307904142726855,2,-117.4557550804751,154.82508547987442,35.57292946394196,119.25215636905683,154.82475405818192,0.0003314216924934499
3669,-84.95883141248945,-13.516822515970675,-8.75135805325692,2,-38.448010975805644,99.01469622941488,0.07454525996496143,98.94015082216056,99.01337425975849,0.001321969656387978
3670,-22.17113872252781,41.21558944479897,-64.52061861584606,2,-147.28272487696378,287.63790448683744,151.66159855022553,135.9763089920282,287.63766751755486,0.0002369692825823222
3671,-59.83342418914436,2.6097164141587204,18.975062212440413,2,-63.29267560990329,53.84270185865657,0.24358516212864095,53.599116530244764,53.842758917638996,-5.7058982427804494e-5
3672,-4.869164357406353,28.933062243157913,-15.790524106875052,4,-438.2697230307603,-498.7741596217927,-367.3613532501509,-131.41280737661083,-498.77393669222937,-0.00022292956333558323
3673,2.6906440810830823,-1.3931324205021642,5.800694945732871,4,-256.2706493105666,-1020.9410625834684,-462.4180405334159,-558.5230204602317,-1020.9409962669807,-6.631648761867837e-5
3674,-30.085682518492362,-2.765517516617334,43.65997030775191,2,-215.0014216969567,-25.858134440660642,-52.59485793762899,26.736724736359673,-25.85817004198335,3.560132270763461e-5
3675,-21.31949064733793,-44.588162232645765,19.120162295086153,4,-461.74308917782093,-7190.396314865507,-7328.220016948164,137.823734193977,-7190.395426185114,-0.0008886803925634013
3676,-21.204609300429716,44.718339310052905,-38.68078179051,2,-148.03155675724685,258.64042936093495,110.25982135530748,148.3806096766293,258.6404803526899,-5.099175496070529e-5
3677,20.23266122616192,-32.025372035215256,-29.750242804049243,4,-271.4975826238127,-279.60656092142375,-216.3117955949842,-63.29476173035291,-279.6067568835515,0.00019596212774786181
3678,-39.83661435175679,-5.6873251412703505,-55.078212496743895,4,-149.96349335990377,-15471.152653022687,-15745.053250557696,273.9006340396971,-15471.15102213613,-0.001630886557904887
3679,27.421772689118775,1.0994646570676938,-14.62912823351841,4,-139.78127469760523,-1588.822068534047,-928.9535676776959,-659.8685025894201,-1588.8220054749033,-6.30591437129624e-5
3680,26.758690150752635,72.5495287651485,-25.257167001240845,4,-191.5562733996182,93.43623773151545,127.04393501716365,-33.60769616673799,93.4357074125516,0.0005303189638539152
3681,36.50979778490079,-4.8076051234584956,-36.67329075388282,4,-113.52045236617066,-2315.4177074709555,-1715.9877444988374,-599.4299672754204,-2315.4168514717308,-0.0008559992247683113
3682,-7.902096014827724,60.69739462152034,0.16101144637780357,4,-398.8760243825053,-4560.318490308151,-4530.699331240275,-29.61918151838512,-4560.317273012674,-0.001217295476635627
3683,-6.10345675586557,53.707159722318885,24.84925588738753,4,-408.662883147014,-2956.5830838194947,-2927.976003116138,-28.60708054429756,-2956.5824089671437,-0.0006748523510395898
3684,-42.53085851221939,89.99167564958844,7.8144488603153865,4,-319.31016760532845,-6258.057906295188,-6067.151308379308,-190.90660653275393,-6258.057881254045,-2.5041143089765683e-5
3685,-15.75286368902972,-12.796828419408694,3.4682210337668407,1,-500.0000000000794,67.32453702550329,23.34538576408401,43.979150740124986,67.32452387574043,1.314976286437286e-5
3686,-11.10711387432591,57.67851659542016,-68.32302482846968,2,-188.7903048790133,115.77002130834282,96.0614791659702,19.70854729528676,115.76900355516634,0.0010177531764838932
3687,-4.6090498661730015,-14.723191563940764,-17.6380413479148,4,-209.59434022799158,-4270.03546802823,-3799.8663575711757,-470.16909840770745,-4270.033609054156,-0.0018589740739116678
3688,24.000767969207054,32.491957581189524,5.56687747725363,4,-188.83890884804916,-181.52184317070802,-31.642789267332013,-149.87905422837312,-181.52188109415954,3.792345151509835e-5
3689,-10.36952812069256,-78.21627065270206,11.726127859194694,4,-338.5931591313166,-8044.277471574379,-7982.631245960314,-61.6462356292724,-8044.2720365742525,-0.005435000126453815
3690,16.36401557555803,10.787342957166418,-59.16938854599245,4,-118.24615015145406,-9376.081267984318,-9216.819331729008,-159.26193681776323,-9376.077442949934,-0.003825034384135506
3691,16.760872161009072,-51.5981515237009,-63.63330051359223,4,-286.0477363478693,-1785.4408129926317,-1817.9338033497845,32.49299874104267,-1785.4387424909492,-0.0020705016825104394
3692,-40.9588329709182,17.543703285680028,25.429827486617626,1,-500.0000000000794,165.90215443781807,-26.900869918400833,192.80302529953454,165.9030924471855,-0.0009380093674167256
3693,62.75827336190729,14.44610686115554,-40.95117424891031,4,-87.73251361592379,-1229.7823079697255,-794.8011528821753,-434.98115173282514,-1229.782053592306,-0.0002543774194236903
3694,24.367598310257097,37.245941904938164,-70.68004244143208,4,-132.6200718132903,-2096.6155493140036,-2177.5004775428106,80.88492427377447,-2096.6138509977854,-0.0016983162181531952
3695,52.589256676662494,42.06345549042958,5.186091541324235,4,-109.92560149254642,8.448153075399476,37.07703161539574,-28.62887822224199,8.448024005147428,0.00012907025204889067
3696,16.182059210101794,22.196761280790255,32.053528488138994,4,-210.15951739792175,68.65203921428538,144.268767529542,-75.61672885062588,68.65198730666415,5.1907621227087475e-5
3697,-5.6720646231471,20.554043973716112,47.57077067627882,1,-500.0000000000794,203.74457246582767,65.73091603846599,138.01366016555207,203.74454017875345,3.2287074219539136e-5
3698,28.1579347878842,14.89632349343573,11.052672205310984,4,-161.2231314896066,-535.14478559968,-120.16671825844537,-414.9780671420614,-535.1447672135799,-1.8386100009593065e-5
3699,-41.377832433071774,21.640802948716843,12.8709434565011,2,-103.75276117028936,113.03891683748598,3.434482797383515,109.60443406261402,113.03882257917432,9.425831166254284e-5
3700,29.26104067792038,37.63776498732154,52.937523995887574,4,-139.55498699866962,205.14507057068042,272.598003882862,-67.45293155173505,205.14499220247868,7.836820174134118e-5
3701,-13.241792643016915,12.394276874687483,3.647267947043865,1,-500.0000000000794,42.29140323031125,25.44476482260144,16.84663848536757,42.29139468314363,8.547167624328722e-6
3702,-31.162904563556374,-8.407245447609455,31.169455573274444,1,-500.0000000000794,221.3210114752184,145.79342737859307,75.52758312167178,221.3211062712048,-9.479598639927644e-5
3703,-5.338432544343782,-2.6475470264835326,1.641367517309541,4,-285.76923037063193,-1326.0472676892714,-702.6035695155729,-623.4436996838604,-1326.0471551382689,-0.00011255100253038108
3704,-56.73535587889926,-53.556564506399454,7.44500616997155,2,-152.6855928381159,200.0905600840044,14.63696225910201,185.4535978650484,200.09008551958593,0.0004745644184822595
3705,-38.07677579545532,0.980927586570534,35.66626709308247,2,-216.28766995797423,131.45385872175297,133.6637716942209,-2.2099149999559407,131.45419552582229,-0.0003368040693203511
3706,33.48962174434418,-5.661238425469995,23.26701265112787,4,-147.21320038944813,-214.95124524244653,46.85747480291365,-261.8087196809424,-214.95124557985858,3.3741204674697656e-7
3707,-2.3036146176106826,10.640239698232026,-4.165643228559531,4,-236.35869495376346,-1646.5845707070293,-1017.0176576198202,-629.5669161183353,-1646.584565757169,-4.949860340275336e-6
3708,4.562870593104772,1.0988396295226315,1.2136236100109465,4,-221.87464174082646,-1324.9423550569907,-691.953548655941,-632.9888075791138,-1324.9422316597777,-0.00012339721297394135
3709,55.25301440930191,10.807745309642518,78.75512510052393,4,-84.50580339902432,483.8584340067038,565.3701381352126,-81.5117044153418,483.85877976537716,-0.0003457586733475182
3710,11.284883698318009,-40.17540299679127,63.67545450994482,4,-237.1366050578091,373.68831904750647,314.5182913741432,59.17002376003383,373.68825058261956,6.846488690825936e-5
3711,-19.3374178154381,49.2911807272362,58.62376514375798,4,-386.01324924570895,-8928.69716434203,-8920.38666519441,-8.310484733192911,-8928.695653311162,-0.0015110308668226935
3712,15.424521497640345,-10.332908705827816,66.28141461976684,4,-247.44091853270908,99.10285594634043,-98.17344523680933,197.27629171795368,99.10295895752904,-0.00010301118861377745
3713,-29.510744260510343,0.27746361847870604,28.79529456859351,2,-275.4036408928057,116.19275901611607,60.766864385862576,55.42589731278156,116.19284626324166,-8.724712559171621e-5
3714,17.47430301716492,26.592657915957066,36.20964205988541,4,-200.1085728029277,86.21731299599854,146.45620763843556,-60.23889462478073,86.21726249545826,5.0500540282882866e-5
3715,-14.098702734881819,6.382937087138699,15.139043254164438,1,-500.0000000000794,57.09992970306269,30.631570214978712,26.46835958971291,57.099932231080764,-2.528018072212035e-6
3716,-46.828784236963834,85.18220788714724,-21.652140692982595,4,-357.8061395846221,-5588.917225303495,-5674.40901497801,85.49180510221059,-5588.893792377345,-0.02343292615023529
3717,63.99930747750136,9.682209479187696,21.520219153156773,4,-92.35675392093795,-334.3184026865223,14.51850613841998,-348.8369079009068,-334.3183750310765,-2.7655445762775344e-5
3718,2.4488930801754605,1.8336664217191305,-0.47155250366956425,4,-223.74936222913553,-1462.5990225716628,-813.0427170809392,-649.5563060099048,-1462.5991160339709,9.346230808660039e-5
3719,-10.389051964467464,1.17393181299472,-8.888367496745198,4,-239.79016790131627,-2259.5200458256713,-1569.4671280027446,-690.0529222066187,-2259.520168206984,0.0001223813128490292
3720,33.82712388907251,18.516344413659468,75.06316348042516,4,-122.64742123717916,155.3031202059495,221.6563459405208,-66.35321965863383,155.30353340771543,-0.0004132017659230769
3721,-33.17959641429606,-31.704509472283963,38.190183353124766,1,-500.0000000000794,248.8462429943306,245.79128419252064,3.0549593159292776,248.84648817490972,-0.00024518057912814584
3722,12.94379679671253,-85.2918220383793,22.121850223954475,4,-205.91496918208904,293.2182269457528,277.827764443702,15.390461900676414,293.2172428632973,0.000984082455488533
3723,-11.869371503344082,51.59424755514063,49.98202129837791,4,-397.5242078683123,-7825.802755854912,-7784.677520448814,-41.12524429701227,-7825.802918963312,0.0001631083996471716
3724,37.93699324002372,12.331530911500344,-51.00936079467208,4,-106.82688600890704,-3394.0233501059133,-3040.0803971365,-353.94296742862923,-3394.0204797810293,-0.0028703248840429296
3725,-29.639208745724005,-47.73804364134371,33.07554000217329,1,-500.0000000000794,597.1001086513638,557.1142068550423,39.98590360010959,597.1001424908397,-3.3839475918284734e-5
3726,7.358999252338274,-2.686099467661353,22.41641281913401,4,-312.0771315588926,-67.99925723587086,46.41657752122848,-114.41583448720328,-67.99925989804207,2.6621712123642283e-6
3727,-10.697124422619707,68.98085555885098,-6.05197368147487,4,-374.16920940249565,-7560.994691130892,-7541.785720147745,-19.208974719506678,-7560.992715592235,-0.0019755386565520894
3728,8.125126396705996,15.352618415642665,9.13763539260843,4,-251.35240960416272,-633.3946322797862,-217.63519573491186,-415.75943546233157,-633.3945985296028,-3.3750183320080396e-5
3729,1.9492579835727846,9.291725256395752,-11.205916542013806,4,-198.65863053726622,-2212.6500274843684,-1593.7376653657902,-618.9123688507319,-2212.650121794815,9.431044645680231e-5
3730,-13.206813436299377,-87.15635462603849,-19.38925292027156,4,-344.08838599457056,-7453.614587549904,-7465.390796003911,11.776203623956475,-7453.61251036734,-0.002077182563880342
3731,68.39739774386723,-55.13469757207286,-36.984832413085044,4,-88.1755545660963,211.32989548584118,77.5910475403869,133.73884681052667,211.32936454737427,0.0005309384669089923
3732,-1.4119599060289116,13.240908478652074,69.12446280008011,1,-500.0000000000794,-34.67309899549318,-18.63847686659003,-16.03462322384935,-34.67281521881142,-0.00028377668175494364
3733,39.55087747273312,36.53184852641011,13.25737435393802,4,-134.97333689284565,-95.01107398801118,62.487448028406774,-157.4985222205644,-95.01116438895612,9.040094494139339e-5
3734,1.7904782468547862,-2.0784902528288236,-1.4798150472588598,4,-223.83737672041525,-1515.4353023843753,-864.8036306432206,-650.6316725158421,-1515.4352155919062,-8.679246911924565e-5
3735,-17.249004375238908,-49.24926863352462,-1.9451606594295507,1,-500.0000000000794,-1950.6441356725409,-2024.1265470193564,73.4824163409595,-1950.6436659440897,-0.0004697284512076294
3736,-28.702657318844842,-39.4397491009579,-43.67611703381035,2,-118.08387671985663,190.21050225711673,30.337328265661295,159.87317324806082,190.21025713176874,0.0002451253479875959
3737,-12.141225704131468,-46.29758167562678,-19.307577144666755,1,-500.0000000000794,215.2353158461848,422.0686694347046,-206.83335694494917,215.2359490149468,-0.0006331687620217963
3738,6.018470960815283,-15.821996631240623,15.709437422462138,4,-319.4412474018182,-83.76921577035824,31.5944642770282,-115.36367996950962,-83.76923257718501,1.680682676408196e-5
3739,-6.460454283916102,-2.701028160256797,-8.717866212110348,4,-226.16169673079835,-2231.6351993232724,-1566.277773590522,-665.3574354975433,-2231.635369586235,0.0001702629624560359
3740,2.6571591507328445,3.83885535567281,-44.106326422066495,4,-141.64485363781588,-9926.365825512738,-9715.827649386914,-210.53817789882635,-9926.363111167473,-0.002714345264394069
3741,16.026656728305746,-21.545505842238395,-11.266027990959241,4,-189.7570209062918,-1196.5070360042048,-878.4718404342866,-318.0351913982332,-1196.5071514445328,0.0001154403280452243
3742,1.9282280042934883,62.45855573750153,-30.689794483131664,4,-386.74942716750405,-1818.4490093512022,-1820.887805116375,2.438794182813884,-1818.4489975748454,-1.1776356814152678e-5
3743,44.062806064763784,-36.985855895423384,62.08606074100051,4,-102.27793320536732,420.09497615996287,494.16008211752984,-74.06510744545189,420.095049010685,-7.285072211971055e-5
3744,25.713690381696512,-19.010664680701073,-1.3890634711218026,4,-164.63237744575915,-788.1129174395461,-352.8665650801084,-435.2463532541807,-788.1128881022253,-2.9337320825106872e-5
3745,-45.24508242589297,-51.82595088346741,-7.596660393062143,2,-138.37812367102072,194.6261786652183,22.82472096773587,171.8014575600309,194.6254536733017,0.000724991916598583
3746,4.230485312407403,2.239202896872629,-2.8974453731297545,4,-208.80984757785814,-1584.796369419703,-926.5675099147345,-658.2288617483503,-1584.7964174659437,4.8046240635812865e-5
3747,3.770003547120111,19.11369939643574,0.8320702513777324,4,-254.3054335303595,-1028.1210011109838,-520.3333419053479,-507.7876563059186,-1028.1209756806707,-2.5430313144170213e-5
3748,-1.5648294176052042,-80.60529175578819,15.734353055571543,4,-319.48835760711125,-3122.224334841449,-3071.0676714223177,-51.156636644875924,-3122.223613504202,-0.0007213372468868329
3749,12.972704136455198,3.6027851343106216,20.54871170456346,4,-240.75664288531104,-138.38291131280695,44.987216009537114,-183.3701273359802,-138.38291445960846,3.146801503817187e-6
3750,-76.02537991452941,18.128079005309345,33.13947651902653,2,-52.68283838088757,89.08145407728325,3.094552656161499,85.98690129680939,89.08190365844985,-0.00044958116659188363
3751,22.787917941457955,33.308230799615785,-21.88241391044897,4,-229.8005650284659,-282.80066324665967,-148.42608304320441,-134.37457908936744,-282.80068939630905,2.6149649386297824e-5
3752,-4.1793021677970215,29.994130266716297,-13.185567218701575,4,-480.0765856125011,-95.46454156999036,-57.45808497130123,-38.006454408565254,-95.46475585503474,0.0002142850443789257
3753,-36.89031924631346,0.9799533553765076,25.477305604485768,1,-500.0000000000794,284.7814234234834,152.1135088119782,132.6679152675517,284.78138408247355,3.934100982405653e-5
3754,51.73788326472097,-62.32738904776838,12.977637307921809,4,-103.13718149716362,137.7195812693127,185.6703485805673,-47.95076919514003,137.71936512971746,0.0002161395952384737
3755,60.64210181565735,-41.226977852415644,-64.7931459473886,4,-92.54983762769385,-387.06239250078494,-466.9293050962601,79.86691023396,-387.0621591479829,-0.00023335280201308706
3756,0.06731238961796063,-0.2552198173738072,-0.1584730702618278,4,-236.3509693389448,-1462.0716860862613,-813.6461320578617,-648.425554354698,-1462.0718397379492,0.00015365168792413897
3757,71.70416478074092,51.038236656024914,6.607382691426599,4,-83.39059597881271,67.44797872355245,30.557664804442002,36.890314314420536,67.44769396740169,0.00028475615076217764
3758,-74.83135942279293,65.60271040214838,4.882491115576514,2,-131.89187171920577,145.62035937249263,46.817581474042356,98.80277357154385,145.6177508545482,0.0026085179444237383
3759,-37.67719888665409,28.476230500294296,18.56532858813934,1,-500.0000000000794,140.84063453707836,178.62757826122672,-37.786945857780104,140.84123240612422,-0.0005978690458618985
3760,4.663528361219926,-2.480571540146548,9.274615857520294,4,-266.2466168384242,-752.7018074514133,-281.74773010338913,-470.95407789410933,-752.7017925156472,-1.4935766103008064e-5
3761,31.599939219377152,36.472979222290945,-84.51508470767514,4,-103.78183429396408,-4711.3298835349215,-4824.409899597657,113.08002360862316,-4711.327202673758,-0.002680861163753434
3762,18.962351472532617,-1.3000117103795286,10.203843470876121,4,-189.5514755930752,-704.4345264747856,-208.9587845978828,-495.47574129639156,-704.4345002681702,-2.6206615416413115e-5
3763,1.1156104439519536,6.408007565661496,1.0351338796918341,4,-238.19948728059248,-1355.1732955365503,-726.7625222913972,-628.4107733381288,-1355.1733915053017,9.596875133865979e-5
3764,49.94674600779103,9.184066694282471,71.40042280050267,4,-92.9929155009508,400.73118347550803,486.4310262305659,-85.69984398058044,400.73133638691286,-0.00015291140482531773
3765,-28.632969137834003,29.76840419216291,-66.96698141474083,2,-131.47346132985686,330.0781492393131,0.420884184819934,329.65726221399797,330.07675069220767,0.0013985471054525078
3766,-12.29598699172248,-6.481616868527597,2.7398951660853923,1,-500.0000000000794,-287.35357285681783,-85.01138658691357,-202.342186263113,-287.3535646833546,-8.173463243110746e-6
3767,-76.10771841438746,0.5501910210032889,43.526960386887524,4,-337.1722234376594,-3518.4364654519327,-3346.1947143029834,-172.24176812957455,-3518.4343185441685,-0.002146907764199568
3768,5.54828647947953,0.11326529880819856,0.9801151461910156,4,-217.35721455686905,-1322.3738890521638,-689.0114778701363,-633.362412343523,-1322.3738863094352,-2.7427286113379523e-6
3769,4.151250216056345,-46.7945799414285,4.378085186748885,4,-340.6048113812746,63.17769474005218,-18.294049433668523,81.47174325281469,63.17743287995573,0.0002618600964510165
3770,-28.350108422672175,29.534841589542257,-88.7704332726392,4,-140.2788407282405,-5539.922205725222,-5755.4619621918855,215.539768204254,-5539.917884519802,-0.004321205419728358
3771,6.333501002416182,-46.407535424012885,-45.984881517701716,1,-500.0000000000794,398.8856921987364,188.51527041663758,210.37041963962812,398.88553046167095,0.00016173706546851463
3772,0.36470940117048006,1.0059463960736919,-1.9738979004179442,4,-226.44358347086563,-1587.9036674449055,-927.6033942567936,-660.3002756296626,-1587.9036484962837,-1.8948621800518595e-5
3773,-2.95875839621588,0.3130611753626646,-2.2983054976497135,4,-239.71437778000077,-1646.2142024294246,-977.6087181283265,-668.605485999785,-1646.2140875133646,-0.0001149160600562027
3774,-16.03316618712736,10.18994220923794,7.458328607308728,1,-500.0000000000794,49.76763656900937,4.164908316209887,45.602727869730806,49.76762727418301,9.294826355699115e-6
3775,-4.0059626653498235,15.850797248534958,-69.20246743028335,4,-128.45735803145627,-13955.420602479799,-14280.006807641674,324.58617043612077,-13955.405470572157,-0.015131907641261932
3776,-36.53518867114149,-73.6776029991865,-7.169801831312411,4,-343.94882273618794,-6743.9999209416255,-6650.079078338163,-93.92086228276747,-6743.999692499739,-0.00022844188697490608
3777,57.94216627447975,-28.72698586754153,-60.11208138167439,4,-94.71077568523849,-1163.7328243988509,-1223.4078630620731,59.675039629720374,-1163.7320577433445,-0.000766655506367897
3778,-62.92794718091026,-20.658773131588536,43.306576203620544,2,-151.20564439196235,69.41201059741746,76.58197973047436,-7.1699734059450195,69.41679861242689,-0.0047880150094243845
3779,-4.533320121482882,-14.636680847766678,52.75754246459285,1,-500.0000000000794,141.8865958665692,60.110463709988565,81.77614203067773,141.88656718006322,2.8686505970654252e-5
3780,-30.848972277246858,26.674681082946687,25.315385499990246,1,-500.0000000000794,319.0348663345878,103.76309403719385,215.27177016839747,319.0348789201897,-1.2585601950831915e-5
3781,-0.8368408730472848,-3.353035608148412,79.58970491230762,4,-286.1088181883872,-13184.741016981061,-13386.765524836916,202.02447269904738,-13184.729019537734,-0.011997443327345536
3782,-49.40492249881341,79.28683746362893,5.400939968047965,4,-330.56410369702945,-5578.602854970083,-5405.358425079872,-173.24443594820775,-5578.6018674953475,-0.0009874747356661828
3783,30.633441510381132,1.934306314095916,-23.73069754760571,4,-128.4706908650981,-1888.1005093619299,-1249.986313198329,-638.1141958062364,-1888.1000709980704,-0.0004383638595299999
3784,0.440201036292066,-0.7077135869192531,-2.0362852479593605,4,-226.5093522994984,-1581.5229124412506,-923.3576584903955,-658.1652558396428,-1581.5229213711345,8.929883961172891e-6
3785,-74.62838667960699,19.36294299471627,-16.059408231500466,2,-44.31599191443631,105.51558865074473,2.538807568103354,102.97678096493418,105.51701910179233,-0.001430451047596648
3786,-21.175391067704663,-19.810983414855823,47.33792764393182,2,-359.2095584881266,112.34720948108729,47.46168084027046,64.88553173963346,112.34737531695248,-0.00016583586518947868
3787,-1.8633881177872202,-8.411007471326235,-8.591461910500415,4,-215.99698093049497,-2092.490147783932,-1473.3641565438734,-619.1259895062514,-2092.490878364301,0.000730580368781375
3788,23.88405024831204,89.58935112841571,-12.25010907750207,4,-190.29162698103286,98.10405032265894,-10.170060723474245,108.274112005148,98.1032019211935,0.0008484014654328575
3789,-61.548805392140345,50.51373705682542,50.59137758061064,4,-282.0438779014977,-6915.9498648593335,-7178.083633593878,262.1337475526051,-6915.949145362351,-0.0007194969821284758
3790,65.31603941671823,-22.167592292612802,-0.4637009649975695,4,-93.00081697639317,-472.8832354233535,-113.23038118470569,-359.6528525790046,-472.8831594425442,-7.598080929938078e-5
3791,-66.07630618214874,33.22247177394905,-51.27758633669921,2,-57.72365111368862,201.46380523560126,6.580251305649341,194.88355387684726,201.46379891941604,6.316185221066917e-6
3792,7.241070741048504,-30.42868030812723,-16.19256385471899,4,-315.90145379081275,-541.621792094102,-557.2536481707052,15.6318531909972,-541.6218535643874,6.147028534542187e-5
3793,-27.423757318909292,-9.164315532332319,12.467442093814466,1,-500.0000000000794,60.89758543403083,-26.714128426771733,87.61171441000377,60.8973560667935,0.0002293672373312461
3794,-12.227711578622477,-8.766352569046557,32.02282518194481,1,-500.0000000000794,-2.5066585517735294,13.01961891124842,-15.526276225777856,-2.506239065112472,-0.0004194866610571779
3795,1.9349442879726697,-23.09025997349589,-72.66976194271498,4,-137.18771095844744,-8412.827657051785,-8619.6589387705,206.8312982831361,-8412.82690809276,-0.0007489590243494604
3796,84.72956883579408,44.74129553997461,-22.359901810106845,4,-73.78100112196991,120.5893451614955,5.965517002009923,114.6238294998233,120.58916220427318,0.00018295722232153366
3797,93.07373470798207,-31.13127814092118,5.10301839047198,4,-68.25717301102092,-164.80600931808812,-12.661006609339514,-152.145003253641,-164.80598269212098,-2.662596713776111e-5
3798,-11.594282898421305,0.04570374750749733,-1.8746295228632235,4,-308.1855423666176,-1566.4336360829577,-884.9562032178972,-681.4774358773494,-1566.4335341564395,-0.00010192651825491339
3799,-21.377366949841107,-0.4089536929851702,18.983236175632637,2,-364.2986687783205,35.27779738369703,-3.0517137359054085,38.329510093344304,35.27792910876216,-0.00013172506513114968
3800,-0.1937741412391923,-9.482449760933934,-24.06017655226326,4,-177.32240125748154,-5775.870642126378,-5387.638323556905,-388.2323304940793,-5775.866189134489,-0.004452991888683755
3801,78.77333527607983,-44.011079715221946,-27.56325720566535,4,-79.41218311267225,159.1136711472769,13.456095765554986,145.6575738299644,159.11361514842878,5.599884812568234e-5
3802,-54.57491059411687,-78.0044278077104,29.36238453904594,2,-131.69705402764941,-207.22268990634538,-148.67025188771828,-58.55242414013216,-207.21854327916714,-0.004146627178243989
3803,2.3938809985456055,34.70093016367519,86.90192814747037,4,-273.92835435050785,870.4757613313153,861.5070030283105,8.96874955369214,870.4759620663689,-0.00020073505356776877
3804,0.919747922876661,58.596545635603626,46.15533393520039,4,-335.18140235930946,-1627.5611760150973,-1624.3476629293446,-3.2135095782540133,-1627.5603673465052,-0.0008086685920716263
3805,-9.539591293190103,13.387347819059135,15.315752904702121,1,-500.0000000000794,74.43242768096299,25.574737232681223,48.85769052465292,74.43242794489309,-2.6393010443825915e-7
3806,11.98810826805457,1.738663960053383,30.018725991091923,4,-265.179453999543,-40.14658815690861,59.6297692133368,-99.77635735549059,-40.14658476035582,-3.3965527848067723e-6
3807,-19.531399974635427,25.204747822128322,8.292353572746824,2,-486.6714448308123,-194.01721019342784,-299.7082168631036,105.69100750195571,-194.01809071952667,0.0008805260988253849
3808,7.441663704380082,37.377544253874724,13.643470457804458,4,-288.1044997112522,58.76330034526712,106.59655401334486,-47.83325384322584,58.7631174520842,0.00018289318291664358
3809,-51.337152408631134,28.223256765909692,-26.107655300160555,2,-66.53509491407374,135.97221679411518,5.404396997192157,130.56781948758473,135.9717237409729,0.0004930531422928652
3810,33.366585807468816,-80.45545063166215,5.571985459488681,4,-134.28999968906854,184.3421688808552,262.5924360584834,-78.25026332655624,184.3406731314923,0.001495749362902643
3811,67.1623490100674,-21.99944296229713,10.769722634431448,4,-90.4251722596749,-338.34201018166937,-25.71271473056023,-312.62929550641775,-338.3419765678757,-3.3613793675613124e-5
3812,-8.499204720531948,27.894910977224644,-40.826295852200296,2,-313.12189452486115,246.39475645374992,43.96146711455877,202.43329016166126,246.39476807369022,-1.1619940295304332e-5
3813,-19.786567506304447,21.840718930034605,12.701871650637433,1,-500.0000000000794,49.784543900560834,34.3074902872136,15.47705309983798,49.78467896856651,-0.00013506800567597566
3814,7.363402099176339,2.756199495448306,9.904344651447744,4,-246.55106566577885,-741.1390377252038,-265.9092643791006,-475.2297733520335,-741.1390293989117,-8.326292117999401e-6
3815,26.89472564259591,-35.14126387420097,-32.42620922535896,4,-220.60053951720747,61.77454980937386,-5.6470217609081805,67.42157245516435,61.77437462644655,0.00017518292730756002
3816,12.66844923326775,-11.451450770591759,-5.119425188672822,4,-186.93635354735818,-1435.5475912455418,-831.0571898497697,-604.490401491981,-1435.5474372624387,-0.00015398310301861784
3817,12.003153957780231,-20.389999356825744,-15.568101405426424,4,-192.361022778114,-1994.8785481746852,-1694.6849249083537,-300.19362937789174,-1994.8778967174583,-0.0006514572269225027
3818,-56.04130809220736,-22.633552004507212,4.582281779551816,2,-63.41844581776604,88.12494704269135,-0.7082133552991693,88.8331602142775,88.12532270979246,-0.0003756671011103663
3819,-22.459418136145946,31.868559065252718,72.58338447368129,4,-368.01581277843457,-9885.642129109661,-9833.276041390856,-52.36609789469702,-9885.641134147807,-0.0009949618543032557
3820,41.061101381492726,75.08006478399628,-7.534663965617796,4,-120.76396549136759,280.5368451243153,308.70191558627596,-28.16507265167959,280.5368040148592,4.110945610591443e-5
3821,24.008253098346074,-58.00998565288005,-0.5759038017278043,4,-184.4053550738248,130.58567889553058,183.86884550578174,-53.283165452725505,130.5854433735382,0.0002355219923799723
3822,-58.61912325649368,-18.026454042765202,57.69372643421289,2,-146.93180570590445,18.15234293869837,-64.71469502111776,82.86703882389003,18.143465604368096,0.008877334330275488
3823,-41.95734952654579,36.264358564077426,-17.92108472587218,2,-84.66791318618873,125.10190928162969,5.102199105780562,119.99971036601494,125.10167795453427,0.0002313270954203972
3824,-7.851875924929987,33.15886170195479,3.9414440337124588,1,-500.0000000000794,140.34396973999165,105.75873992414557,34.585230685204806,140.34388192085265,8.781913899724714e-5
3825,33.342127725173206,-7.411885089151189,-68.42433085530655,4,-99.32797838683587,-6366.969750347398,-6081.262240975371,-285.70750625501324,-6366.966335939411,-0.003414407987293089
3826,-63.59219270945051,10.84005484262191,-16.471795100713425,2,-52.57139336431414,125.53750027694026,2.1864652819963752,123.35103531286096,125.54052131685589,-0.0030210399156231915
3827,55.86935282722062,-30.62997480613137,-53.37211191298907,4,-101.47944130014821,-459.1917683652738,-544.8593046887255,85.66753487980887,-459.19142912383387,-0.0003392414399172594
3828,35.607492009944544,-19.992876938031426,-44.88744387418818,4,-125.60261280514604,-3465.586240479118,-3462.9058760025396,-2.680366529060431,-3465.5832656326024,-0.0029748465153716097
3829,-9.601073208646797,23.523711273848267,-39.32889479822371,2,-421.8143592065485,304.367852902219,18.410871520827893,285.9569787768975,304.36773833696634,0.0001145652526588492
3830,-63.59531085171178,-15.469321205835303,-55.246572953532635,2,-64.4178593367565,280.2629010548409,-12.814655705119186,293.07755758791734,280.2627725999839,0.0001284548569628896
3831,1.659245329443486,9.810236930146015,-49.81013224146253,4,-137.50874542919016,-11729.960288702845,-11603.041135680143,-126.91916412588768,-11729.954932019964,-0.0053566828810289735
3832,1.8445437183617304,-0.7840705373976472,0.6847725822305266,4,-232.25762781707255,-1382.3669664934735,-744.1625454108532,-638.2044208608024,-1382.3669598242582,-6.6692152813629946e-6
3833,19.406070310913105,-14.823484721798811,-21.266710029336675,4,-154.64562308019492,-2354.471384281493,-1895.0980940604095,-459.3732930991303,-2354.471998076486,0.0006137949931144249
3834,3.5344448486717126,-1.1587550761200152,-11.872979717980934,4,-189.56512315442674,-2371.6030023237813,-1761.6580178170314,-609.9449921155425,-2371.6025971657364,-0.000405158044941345
3835,-0.5675085904468516,11.855709942460711,-4.064170562356141,4,-231.44342039939943,-1597.0733008232269,-975.1444246819505,-621.9288807730763,-1597.073370443872,6.962064503568399e-5
3836,3.031539483784818,-0.6868112811562029,-0.24548395306891463,4,-223.17055190664655,-1428.694305587164,-784.3854241709142,-644.308881479777,-1428.6941887363466,-0.0001168508174487215
3837,22.89795532894256,21.944407344975595,8.539761803504124,4,-181.95222587370407,-427.84095574018585,-119.30268272709567,-308.53827300573795,-427.8409666486575,1.0908471665516117e-5
3838,28.536805597485873,-74.9696881641304,-28.00105820490685,4,-183.2396513717832,75.1043030031532,137.10080787699107,-61.996510058295335,75.10370458869205,0.0005984144611517195
3839,81.03361141714508,-27.391185877329224,-6.372337908820159,4,-77.65867630269953,-252.38243015828203,-74.12730601162737,-178.2551235639972,-252.38240561172893,-2.454655310657472e-5
3840,18.83544443615534,-13.624991287300258,-54.211324617716244,4,-123.35648756347867,-8504.368566400544,-8374.46103553404,-129.9074797225167,-8504.36400075075,-0.004565649795040372
3841,-11.381684017130722,-3.3363322191122204,8.62615932755062,1,-500.0000000000794,17.268773965730585,10.483143996531783,6.785630210339671,17.268776971987876,-3.00625729110493e-6
3842,24.00900117736144,-45.75679685061302,18.663841897674658,4,-174.97750133178016,105.90328414513402,166.21369232947342,-60.31040839120766,105.90305360893443,0.00023053619959512162
3843,-61.36292756157628,22.59876053928642,16.391808767214595,2,-61.46118353654653,86.70166307158101,1.6712732249377251,85.03038933141535,86.6985202439614,0.003142827619612376
3844,-1.4530043570367837,-4.662153260495523,1.7304249413762818,4,-258.4268658542432,-1290.5350192215449,-673.2832633609024,-617.2517586958892,-1290.5349209312499,-9.829029499996977e-5
3845,20.30081631312233,60.76764325061676,-72.29455045195797,4,-156.68070296515174,472.1039580120701,451.1957083249465,20.90824321728499,472.1030774923921,0.0008805196779917424
3846,2.1905987429361504,7.920966604200205,1.9938506059939758,4,-239.17660634508067,-1264.4482938095325,-653.0448438702837,-611.4034509936531,-1264.4482069372502,-8.687228228154709e-5
3847,2.889936962464807,-39.416521152386146,6.043777751891495,4,-430.19841778568644,97.0507910522782,-50.53332233603264,147.58411105217826,97.05062109518927,0.0001699570889286406
3848,18.226522867158348,0.8210272776239924,53.63058729987864,4,-233.8703073591379,-154.97145138324527,-84.52644495175282,-70.44500534830306,-154.97150687722822,5.5493982955567844e-5
3849,-1.6604790350297365,1.0867705898412643,0.19731507024167547,4,-246.3688322472547,-1459.7669883826813,-811.7540592275923,-648.0129293378847,-1459.7668488001657,-0.0001395825156578212
3850,89.29507873560044,31.281318993993207,18.206505181799983,4,-69.60971903458615,-158.6166209877843,23.640668552038065,-182.25728984529093,-158.6166369520466,1.5964262303214127e-5
3851,-13.786327806207527,-6.045727802467199,11.607575411621426,1,-500.0000000000794,23.95910452120963,-0.6210377076447873,24.58014197273112,23.959107604739057,-3.0835294282383074e-6
3852,-32.41360363827953,-30.378744402602905,-19.381867652566772,2,-103.37197064864216,130.20679205728425,0.3169311776274721,129.88986033734764,130.20689807491814,-0.00010601763389672669
3853,79.57082565936551,-8.062217289788434,-17.23074330194114,4,-76.92901328797626,-926.962207702232,-290.8115893839097,-636.1506188703562,-926.9620336004789,-0.00017410175314580556
3854,4.772750973194564,-86.47599813836563,-15.611150138302198,4,-324.69490609178274,-428.1971499149038,-470.1945671972329,41.99741389987552,-428.19890473750564,0.001754822601867545
3855,-43.24078344873328,6.712569258639901,-4.9592305140574675,2,-82.85075504220866,102.47422457791507,1.051742960033198,101.42248173474408,102.47050690230708,0.003717675607987303
3856,3.357291805571912,-4.13447241204705,-65.50408414851522,4,-118.7596045221515,-13106.039645521552,-13045.230476692392,-60.8091305419649,-13106.03193012062,-0.007715400932283956
3857,-45.286785005885605,27.736121501699838,-82.3932629515952,2,-127.13033425262552,361.41051300111627,-3.597173260896719,365.0076840294362,361.4104321067961,8.089432014912745e-5
3858,76.05353351273456,7.349702377386925,9.33978248002829,4,-80.89120908021391,-545.2885170902285,-69.34097800243498,-475.9475393308307,-545.2884367886076,-8.030162098293658e-5
3859,-33.728455555432554,30.3852210393309,-6.451719085945024,2,-113.13325161233037,126.24193026272062,5.193796890969684,121.04813319789076,126.24162115069687,0.0003091120237428413
3860,44.84736462371357,-74.1572252271257,-35.31036162968049,4,-118.05847113962629,360.5168769661799,338.6002567094682,21.9166238885435,360.5159775627472,0.0008994034326974543
3861,-11.289500447221462,42.32113637630364,2.5805109717363135,1,-500.0000000000794,162.79270100053566,179.0236022254284,-16.230895306516615,162.7926041259723,9.687456335427669e-5
3862,-43.783337281273006,-18.935641108638283,64.71975212198109,2,-154.4384623869823,-15.56294553562531,-57.302875519903715,41.739926393395415,-15.565756100036658,0.002810564411348082
3863,5.917856136921663,11.144558376784607,-9.911621771757185,4,-193.67643696486076,-1886.8721711980777,-1284.664962417781,-602.2072119289865,-1886.8719102670404,-0.00026093103724633693
3864,85.28440851447434,-5.53482158468799,15.907951436950663,4,-73.36839808450111,-437.8916992709236,-18.955081899597825,-418.9366176158252,-437.8916404494203,-5.882150327352065e-5
3865,0.6544083573585502,-8.69575428338476,3.819579797374252,4,-266.78755215970386,-1039.596797736078,-494.9521351419147,-544.6446626187418,-1039.5967515388766,-4.619720152732043e-5
3866,-48.14391756186679,41.33423910526864,11.240297272819445,2,-105.20367571549822,166.24137851307728,3.9381255379193,162.30325265398153,166.24134834045404,3.017262324078729e-5
3867,-12.720989605627336,13.852802673581698,-0.645639760059194,4,-481.49069610414676,-843.9772503125636,-429.4832985714096,-414.49394971224064,-843.9772260232495,-2.4289314069392276e-5
3868,45.32814958813741,-40.835066103253915,-31.932405469089854,4,-133.56404204234153,206.5757829141744,50.21779518423469,156.35798556505122,206.57565745310131,0.0001254610730825334
3869,-4.272838635250504,2.610510840126434,-18.441389905976543,4,-191.3647655628435,-4135.139686414651,-3616.908833589947,-518.2308560017476,-4135.137401614747,-0.0022847999034638633
3870,77.26129307503494,22.026651136399952,11.314363724544702,4,-79.72588637439105,-340.1591538949901,-23.13960334095106,-317.0195497822446,-340.1590989127653,-5.4982224810373737e-5
3871,-0.9999813319452612,-29.371546904620992,36.96258279535326,4,-455.10556744240324,-17.216260229289777,-101.79140984733232,84.57514763386297,-17.21636925598467,0.00010902669489354366
3872,47.19332706021273,-4.564231039505424,30.64315899579279,4,-114.6860379621663,-153.52780415240716,79.7272005021926,-233.25500459010868,-153.5278115923151,7.439907932393908e-6
3873,-3.972494013970822,-8.659250720214102,-0.91764845731735,4,-264.7856307986646,-1391.005972228864,-777.6573727541952,-613.3486007918411,-1391.0058872358877,-8.499297632624803e-5
3874,-17.414241798819138,80.86237209631311,4.043886237239839,4,-351.4946367990127,-7874.998937907663,-7887.874134223771,12.875181947565435,-7874.998226334252,-0.0007115734115359373
3875,-21.108339690803046,49.179844010640956,21.562399086765186,4,-446.44716508420913,-6623.665598480296,-6678.109941646566,54.44435159551554,-6623.664906531383,-0.0006919489123902167
3876,-26.618196685484072,40.88811699326045,-48.364733397158254,2,-125.70835025008031,244.43087517750035,53.23006190292546,191.20081267757138,244.4303674868187,0.0005076906816441351
3877,-31.40587452402715,-13.846921143637346,38.12113179356342,2,-241.81980580159274,185.40103506085663,112.8586151002826,72.54242043859549,185.4012072422378,-0.00017218138117414128
3878,43.90058416887298,16.088836189920087,61.59257867081962,4,-105.14875894010596,297.46484116024027,388.10174295778387,-90.63690301265912,297.464979289416,-0.0001381291757525105
3879,-36.56799010534105,-47.810795414853025,-20.287953085834506,2,-122.05696438744496,194.25001314231997,30.215817986908604,164.0341952596928,194.24965301774884,0.00036012457113088203
3880,32.966036764401686,88.45980978632096,27.768529960345706,4,-125.25901692137897,96.10424923760456,179.96912918418286,-83.8648862851139,96.10279143466273,0.0014578029418288452
3881,-16.18992420500433,-78.5092647959946,55.21064700935865,4,-283.91001887233756,-7056.199529286014,-6970.108469294698,-86.09104517328946,-7056.197018508239,-0.0025107777746598003
3882,-3.4861557629995596,-10.236179169264775,-27.386582083495732,4,-177.0211182753505,-7504.944501901583,-7198.535164521675,-306.4093513480095,-7504.939157799673,-0.005344101909940946
3883,26.60640491137413,-1.0055620067400377,71.1682294329064,4,-163.89334704270163,-80.16359429207616,-3.972113455336395,-76.19147448451781,-80.16365981371007,6.55216339140452e-5
3884,14.304103722789858,-24.13122223846802,-80.03365935608734,4,-116.69239308563465,-8849.894173135672,-9036.587224941872,186.6930775499666,-8849.889667946449,-0.004505189222982153
3885,-30.98666937383292,-59.899060591211125,-40.882489160209666,2,-147.1507459374853,262.84511313059943,185.6143952856723,77.23071671445717,262.84416772186415,0.0009454087352764873
3886,-76.56113544379387,-38.48018717864488,46.610546338228616,4,-298.24694767341913,-9434.979727365146,-9672.754926787828,237.77519430173035,-9434.940301007073,-0.039426358072887524
3887,1.4483609059358076,-21.066787553615995,-34.200962565963884,4,-232.9532833031483,-9247.197917363948,-9349.725509414431,102.5275928169076,-9247.188563840682,-0.009353523266327102
3888,19.353285941889524,35.88164323646593,-45.567275329776955,4,-294.359381964633,-25.62195555634821,-173.83096623179557,148.2090122864492,-25.62209897633653,0.00014341998831923775
3889,-21.370746435343392,-6.359160825752603,-2.205707708260324,1,-500.0000000000794,71.37246310350312,-1.246078520974522,72.61854115783534,71.37246241195423,6.915488910408385e-7
3890,-6.998157605025354,4.466241906818323,-2.3741395322947105,4,-261.5728167606479,-1659.0056636202248,-986.5130215693432,-672.4926447108318,-1659.0055132718512,-0.00015034837360872189
3891,1.1476948213565588,1.5283493049815702,-0.6856192040936394,4,-228.39525916538787,-1493.5749898734919,-841.1673838019414,-652.4076068707537,-1493.5750592315376,6.935804572094639e-5
3892,68.11527940649405,-0.48262096125942766,18.558213507895495,4,-88.36363814933037,-405.81077280934187,-9.116869836560141,-396.6939026973756,-405.81072565124543,-4.7158096435850894e-5
3893,0.7165090630712175,-8.419682606519908,6.975287605802892,4,-292.755239501294,-813.6954137117588,-341.1195002320498,-472.57591333446453,-813.6953997794402,-1.3932318552178913e-5
3894,-35.64588104404058,15.135105984223278,-22.393792269850895,2,-105.24134164018842,132.63700547134178,4.193916940166363,128.44308880645022,132.63737797483645,-0.00037250349467399246
3895,40.659536181964505,-36.98746967116946,-8.920979301164765,4,-142.8509861516971,12.66220790535987,4.827914125441569,7.834292135741664,12.662153739171547,5.4166188322213316e-5
3896,-13.892427202659972,-8.193403559938053,71.92259354555803,2,-355.3108116738473,132.79129077506187,174.13277266568764,-41.341491507725465,132.79083986609334,0.00045090896853139384
3897,-15.30795951443023,31.936247990045807,16.736048709006376,2,-475.486898752819,-10.20983120401705,5.274425856320372,-15.484258188713719,-10.210128611027892,0.00029740701084257637
3898,-0.031224742662338198,0.19864186560097774,0.13003799301521846,4,-238.05931975480942,-1446.0524994899326,-799.4784772402336,-646.5740225065983,-1446.0524803407602,-1.9149172430843464e-5
3899,1.8242545296532664,0.06637967931453821,-1.8978755992898448,4,-221.34458917255049,-1556.9912247083441,-900.9528057585665,-656.0384210483509,-1556.9913831261313,0.00015841778713365784
3900,-9.213766389387041,6.5955028934162785,15.014097659253114,1,-500.0000000000794,51.991232192798215,7.568035324397269,44.42319696974943,51.99123372131215,-1.5285139340903697e-6
3901,0.9851874286481941,1.3570200786758626,6.135631255984066,4,-269.71018280712815,-1003.4704234841114,-457.57728473602043,-545.8931364962962,-1003.4703980081848,-2.547592657720088e-5
3902,-83.39100941896386,19.431843241887343,-26.866521813323622,2,-39.786389859952905,135.72009572925333,2.8249548623132616,132.89514099527034,135.72187785398918,-0.0017821247358540404
3903,13.30392398508851,-27.69589859405945,-84.31763288996702,4,-115.21721552069998,-7962.295844435353,-8134.626548325542,172.33073977056443,-7962.295499745967,-0.00034468938520149095
3904,23.930766626504365,11.950237589613158,-6.1352057238564495,4,-156.6246066418095,-1165.9648232948246,-593.8678727004877,-572.0969520700589,-1165.9647094431032,-0.0001138517213803425
3905,1.3515574265391606,-0.3639344832717965,-0.81946764910318,4,-227.67640241396876,-1490.5420586781495,-839.6561289732537,-650.8859301639267,-1490.5419065829935,-0.00015209515595415724
3906,-76.22469998776414,-31.01826073294889,19.64971122606415,2,-49.12205483437759,85.0103506395309,-1.2870008614702964,86.29735120681141,85.00957560206149,0.0007750374694097673
3907,3.8482387160457097,31.914273901143034,2.0157546277744047,4,-352.50730412128246,-78.22214254010704,41.9921863504857,-120.21433038156975,-78.22214358443742,1.044330375066238e-6
3908,17.0774483002836,-1.6453789677814128,8.24543248325192,4,-193.27897302930927,-809.696416274675,-276.8873846441675,-532.8090312023107,-809.6963629569073,-5.3317767765292956e-5
3909,0.7168137856484242,-19.760731502709813,-75.8158147133598,4,-126.71813445305314,-10793.954141018254,-11059.656639133715,265.7025233070078,-10793.958383014218,0.0042419959645485505
3910,2.166566077011645,2.8379035915462523,0.4982466088192247,4,-228.57251139326414,-1405.959149433032,-763.1643821184199,-642.7947672341355,-1405.9590574738313,-9.19592007448955e-5
3911,-59.882689670241916,6.56805040815409,-23.802926798662483,2,-57.660565091981496,181.32901030440692,0.8148265855945458,180.51418366054455,181.32305392291067,0.005956381496247332
3912,54.60355837983128,20.38905282388243,-63.96907701084508,4,-90.81183934058754,-2441.4706987663803,-2383.802689233469,-57.66799442453492,-2441.4691364586233,-0.0015623077570126043
3913,23.32619222053255,-4.4494874700716185,-7.8769709470815235,4,-153.6327636002418,-1408.3683147939853,-757.0846825602538,-651.2836299087443,-1408.368204267431,-0.00011052655418097856
3914,5.867438540673991,5.324375334491915,9.083438085752404,4,-252.77798116770276,-790.6864818642823,-302.2212434829277,-488.4652388972832,-790.6864284794304,-5.338485186712205e-5
3915,-42.13621655340291,-36.30532039471076,-22.890540764633528,2,-82.09126997655106,123.19201607766864,0.2965325686127702,122.89548270721855,123.19114098255355,0.0008750951150915398
3916,-3.628398338465958,-1.5880786448106305,-28.898948967358724,4,-170.00526528425254,-7540.781146093601,-7200.094506837754,-340.6866122548195,-7540.775470803318,-0.005675290282852075
3917,15.0585817131031,12.749649460544113,-28.98942582982965,4,-150.59183741328474,-4227.647518800783,-3830.6280477089454,-397.01947324500117,-4227.6453261836905,-0.002192617092077853
3918,-46.93113683217722,24.61437956125867,49.267314129010146,2,-169.18532726449598,81.00289864901373,50.85495437524382,30.14793761791104,81.00356841616849,-0.0006697671547613027
3919,44.94529250261698,-23.591404018821457,-12.512402913966506,4,-123.77709824932056,-709.8966059256434,-335.4673760725749,-374.42923176937614,-709.8964833057626,-0.00012261988081263553
3920,-0.5279330219748288,16.08494394077197,37.10837766961115,1,-500.0000000000794,93.1470503868346,-66.55819823390615,159.70524774269086,93.14708000197822,-2.961514363164497e-5
3921,-10.025710059564993,-10.475999752413207,-2.18507036924679,4,-322.2536974933906,-1384.3912497075103,-752.2887124860894,-632.102537918383,-1384.391359251404,0.00010954389381367946
3922,-11.650669204735012,30.455887938130815,17.83533631499343,1,-500.0000000000794,122.09654958674884,158.55725664470933,-36.46070501142684,122.09640592977507,0.000143656973762063
3923,-24.544031015187812,-23.536892552997568,45.93022526550256,2,-386.6954745267196,260.93933200190446,44.079295726241526,216.8600369853949,260.938488228488,0.0008437734164772337
3924,-57.73850451886761,22.689466958635826,5.932440891449199,2,-61.81974653889744,89.63618275774864,1.926882593995616,87.7092995321786,89.63566674743426,0.0005160103143850847
3925,59.963496893407246,-16.774056792188286,7.21872323699764,4,-98.99377700705391,-504.2685927808128,-83.5671682403835,-420.70142363908286,-504.26852832233544,-6.445847736813448e-5
3926,-52.06419619349472,-33.69138239746516,14.055559438142057,2,-85.3450991112009,107.24410708457269,-0.47029128967415085,107.71439821155869,107.24410115466168,5.929911012003686e-6
3927,14.388206705977767,-8.14785632084891,0.8493343989897738,4,-189.2878806336938,-1163.4544036990942,-546.8178408012709,-616.636563007805,-1163.4543671102397,-3.6588854527508374e-5
3928,36.62916486036197,38.469166441138356,-7.4861761618517475,4,-152.14896117940128,-50.74832918761561,7.6998608565506315,-58.44819055656758,-50.74842348055582,9.429294021146006e-5
3929,34.49452163721004,33.455254257883546,-37.02450135441334,4,-169.60227213290602,248.1589877599346,67.09671733497957,181.0622723147999,248.1589702186348,1.7541299797585452e-5
3930,-53.33160147406658,-4.077286013471968,-9.843262235627831,2,-63.79001420331785,112.72731890210098,0.6907842331577039,112.03653476666373,112.72865217964342,-0.0013332775424430565
3931,13.014173837166885,63.47406512201894,-57.30574105988283,4,-297.817025869811,-3984.340114359987,-4060.1926564476635,75.85251948342075,-3984.3382711509144,-0.0018432090728310868
3932,-53.24400063625861,15.468898381749776,-73.99730234454022,2,-97.8489705730332,461.53940284709546,-101.17077939794773,562.7101818200081,461.53830203829597,0.0011008087994923699
3933,26.266830070689135,-1.1430994660117704,9.267694532802944,4,-163.6305317176719,-715.0082860819698,-200.5974150029313,-514.4108703951606,-715.0082426720826,-4.3409887211964815e-5
3934,-7.122432528896101,1.0994171177991232,-5.0186689403151625,4,-244.9465388530018,-1884.7249800401023,-1197.030033709131,-687.6949458248519,-1884.7254782179396,0.0004981778372439294
3935,83.96429803189574,-46.101779575142295,-17.951211250105082,4,-74.91489217614124,133.0330328390797,8.142389994588328,124.89064123151269,133.03296863856366,6.420051605005028e-5
3936,-23.650589138537665,2.0113208544774825,75.44407147754619,4,-299.9156392356843,-15516.681432922516,-15533.874276759241,17.192887454245483,-15516.668764079897,-0.012668842618950293
3937,-33.76314987275364,2.7152430313224745,46.62410811736276,2,-201.13162922501195,-24.87057255195564,-56.5397306072233,31.669157249079348,-24.87045587002078,-0.00011668193485903089
3938,64.80960975258097,-13.92871770321387,-8.682265116385206,4,-91.94406665371525,-783.0722019220989,-248.6481808491903,-534.4240225311125,-783.0720726206947,-0.00012930140417211078
3939,-53.915410666307984,24.289088541114822,2.3030578467057046,2,-66.16223698904174,94.08031773299504,2.190570891481929,91.88974647085888,94.08108970560721,-0.0007719726121706572
3940,16.695053742572647,26.421871426837207,71.19402438473504,4,-212.2096191032423,92.22439533041889,-50.756975244977,142.98137196921743,92.2243661884047,2.9142014184913023e-5
3941,0.39052889017282816,12.604953104810036,-0.3374160233778642,4,-245.1094748130354,-1321.0691359420098,-735.1714448254323,-585.8976897981875,-1321.0690947933329,-4.114867692806001e-5
3942,2.0868138335841397,13.583581498466351,56.70490180729152,1,-500.0000000000794,189.12871779247004,41.22946727889995,147.89924370973404,189.12872830539078,-1.0512920738392495e-5
3943,-20.5938935681936,-21.680291641739895,36.16961097281824,2,-499.2854730629722,60.62353821300616,193.1754828144486,-132.5519432917802,60.623974863720655,-0.0004366507144979437
3944,31.428421754910048,2.6760722479032464,26.374581240990146,4,-152.13022033835196,-150.08491871145492,69.3938473523349,-219.4787663480743,-150.08492074500015,2.0335452290964895e-6
3945,3.1787440489339907,18.543609112488795,-2.4915896877525294,4,-240.67678786183885,-1267.9739944330847,-712.8997735275428,-555.0742232308354,-1267.973902716056,-9.171702868115972e-5
3946,-16.115606375834076,-18.629485520922252,-25.429015837935363,4,-236.62954405941244,-9134.732563035453,-8821.280218964306,-313.4523624629722,-9134.72792192769,-0.004641107763745822
3947,-16.172280852273477,37.100442032112994,-34.464722269695585,2,-167.7842467780773,222.31633430009018,78.61397539247947,143.7023606545488,222.31777919347138,-0.0014448933812047926
3948,37.05522029359569,-57.87121976672764,18.323324435494495,4,-129.5506154748235,169.83932705729913,254.33373875037964,-84.49441292557805,169.83884626333872,0.0004807939604063449
3949,9.934402083843109,78.69782325421332,22.3828009081186,4,-221.50203604323244,572.2824908909968,570.236895123584,2.0455916232498432,572.2818388109257,0.0006520800710632102
3950,11.099688433426637,19.71621461309669,5.162214936441638,4,-228.51593830210894,-696.3178482389983,-288.13941434047615,-408.17843442297465,-696.3178114897757,-3.674922254504054e-5
3951,7.674501433338751,-8.283682397429738,14.755651307905648,4,-277.7693397655807,-301.8023440123317,-41.070851014940686,-260.7314928397343,-301.80233294064044,-1.1071691233155434e-5
3952,12.098577291785825,11.500122284165572,-17.386468756235725,4,-168.8386077950375,-2314.6594992194364,-1831.7225251460213,-482.9369752104806,-2314.659196703991,-0.00030251544558268506
3953,14.17641281623337,-0.5023021797914771,-30.104203582000057,4,-145.66150219260462,-4419.1003249257055,-3958.122393733979,-460.9779415294733,-4419.097263784873,-0.003061140832869569
3954,74.58895797134254,11.513950580565945,47.278022855276824,4,-77.41398884219582,-85.96031780854007,110.53671863753122,-196.49703682211418,-85.96034465158566,2.6843045588975656e-5
3955,4.703224302495094,-4.28016907535362,-1.6337440222645363,4,-213.1022698731241,-1468.907783712735,-823.7750935459219,-645.1326893126927,-1468.907880971251,9.725851600705937e-5
3956,28.748307461547522,54.01039019279983,-9.362990963354763,4,-176.50159591900234,94.28185908537435,158.96565441419756,-64.68379670861081,94.28187388966074,-1.4804286394110022e-5
3957,-10.059321808644446,14.525416164196974,22.46678778424458,1,-500.0000000000794,108.14069034002273,19.40366910342324,88.73702138762378,108.1406602004953,3.0139527424921653e-5
3958,3.3551084662620068,2.85514381088677,-3.385355906968732,4,-210.01918449847636,-1633.5955777282325,-972.1433165524345,-661.4522628988915,-1633.5954795260664,-9.820216610023635e-5
3959,64.47033717406057,-5.551338888220232,-41.533471266284295,4,-84.74064643385353,-1476.2301551322053,-805.6841608695116,-670.5459961184035,-1476.2300778078977,-7.732430754003872e-5
3960,-12.396339057132906,20.871903031218775,2.085486427155881,1,-500.0000000000794,79.24540450725122,58.11687055949922,21.12853336881942,79.24535403661395,5.0470637276589514e-5
3961,12.139541233932452,8.360261125229968,-35.203502517176325,4,-144.1328531391901,-6058.814507155527,-5688.460494282098,-370.3540043496602,-6058.809426709667,-0.005080445860585314
3962,-25.38918925207949,32.15414116967668,30.281532686045406,1,-500.0000000000794,-52.29250874544111,-312.110333956542,259.81783379984694,-52.29242565962805,-8.308581305982443e-5
3963,-18.781680961443946,-52.08110065909265,65.87452950147252,4,-342.2455708728529,-10413.631974602858,-10376.861981828284,-36.77001726838486,-10413.632620125612,0.0006455227539845509
3964,58.6272007186431,-47.13578643499806,-46.4782605372487,4,-101.58661317722665,228.46377475046745,101.84007195453644,126.62370087784342,228.4636732323406,0.00010151812685421646
3965,-8.966458078129833,44.11892825365545,-33.77348150092557,2,-399.9505070798259,306.0824937204317,143.7892660384815,162.293230041774,306.0809618138117,0.0015319066200163434
3966,-0.47126200712270777,15.265479277989787,92.2191209895183,4,-287.48884979036967,-63.5498921547258,-73.18682709071622,9.636948319720062,-63.549241087618924,-0.0006510671068795659
3967,76.12855732580549,-28.442628917155048,-48.36093914133603,4,-78.78642602792982,-222.95552033773743,-287.7657760120961,64.81025410942334,-222.95550732414458,-1.3013592848665212e-5
3968,-34.43517548127455,-34.672787192455,46.79259273304823,2,-195.40207640867345,221.0154230051302,158.01775794655575,62.99766441688204,221.01503519673213,0.00038780839807373013
3969,24.775275123390152,85.60274912049081,-9.353274423680945,4,-184.81301142317346,64.444976566042,20.242199327461954,44.20277671674746,64.44454957556128,0.00042699048071881407
3970,13.200611823284035,-60.50002083845932,-8.962080514666958,4,-242.37584777337972,308.6940096436933,298.0789625922804,10.615047185969054,308.69350769144745,0.0005019522458269421
3971,58.22439873013645,-54.03877194080927,-36.6809126378376,4,-102.1916930707919,232.52194173518907,108.40098779883223,124.12095367669652,232.52182362402056,0.00011811116851845327
3972,-1.8402026424101299,-2.36933005337188,16.965022357408532,1,-500.0000000000794,-236.51182036218808,-130.9635120598279,-105.54830937208781,-236.51181780072045,-2.5614676246732415e-6
3973,-47.67973986671262,-34.956984714727554,33.40441784961513,4,-491.7679989938942,-7748.0572451847975,-7868.838699543173,120.78146692894552,-7748.054593690334,-0.0026514944638620364
3974,33.02666545564858,21.18265003181726,70.79870293626017,4,-125.82828296776745,167.71043321926248,235.16349074671916,-67.45305211778995,167.71027155178257,0.00016166747991519514
3975,-5.117217150930751,7.600895541397763,6.953204629567621,4,-369.3975974764143,-740.5001845636068,-317.78695384709334,-422.713229446656,-740.5001785440397,-6.0195670812390745e-6
3976,45.67465497424532,9.707863224111554,15.934815085086708,4,-119.69636063197393,-436.85331852679724,-38.214211983576256,-398.6391065433313,-436.85328343674746,-3.5090049777863896e-5
3977,-31.665345001680432,69.11242187666666,17.39912660792608,4,-326.4608617511448,-8014.247682367625,-8026.046224692779,11.79854487787208,-8014.248510587498,0.0008282198723463807
3978,30.572924401928613,-56.11799773001874,-67.65630979977848,4,-161.4330131298613,682.4670277210162,628.5934322722379,53.873594216735796,682.4668103544511,0.00021736656503890117
3979,5.8565625017314416,-11.410902381035056,7.666855789886396,4,-260.8594143638206,-726.3629891548237,-266.67411284649455,-459.68887760497597,-726.3629597329912,-2.9421832550724503e-5
3980,-22.39125918944452,29.070612787867198,-50.35383488349668,2,-136.1616179800776,252.70486133733888,8.523865532189449,244.18099505520726,252.70332206364253,0.0015392736963519837
3981,34.64530349567171,9.895448273338891,-9.071927990529023,4,-132.57085002888553,-1174.8021599567548,-540.4083277330634,-634.3938324846183,-1174.8020684621727,-9.149458219326334e-5
3982,33.32001762202721,-53.54976993362484,-39.759315139920965,4,-175.4402641564578,186.63229467359565,168.20350177465602,18.428792578373134,186.63182346513372,0.00047120846193138277
3983,-26.673536584059043,-0.8418929329065131,-65.59749330309508,4,-132.76734227540385,-15741.621371331526,-16126.42182703874,384.80055850851573,-15741.610071672925,-0.011299658601274132
3984,-56.26793353139264,29.81834689353472,-60.74795478128147,2,-72.63674407450385,247.19388730027094,-9.63013651590621,256.824023247361,247.19387216090877,1.513936217634182e-5
3985,87.38021517074829,-20.59911390021358,42.36817270304644,4,-68.85632627940807,-116.37342429041868,95.77312639633632,-212.1465508304123,-116.37345500775898,3.0717340294472706e-5
3986,20.18485878838311,-6.541851877869418,5.354684576866362,4,-178.1846847313882,-894.1740728043267,-329.6477552299285,-564.5263178223205,-894.1740232441673,-4.9560159368411405e-5
3987,-47.61974180050407,24.88264277298567,-11.669875644565794,2,-71.62113948599257,90.9797225845059,2.1035503992299676,88.87617206542089,90.98080401950804,-0.0010814350021490782
3988,15.614036036180464,7.024578291608257,16.039955664430252,4,-215.89463310611322,-366.75703951627924,-52.108125266133676,-314.6489131491378,-366.7570268720552,-1.2644224057112297e-5
3989,-49.49787105780355,49.088633884768534,-14.543538217966512,2,-85.25968484064,143.93474184733944,11.42976225982659,132.50497987628646,143.9346713540239,7.049331554753735e-5
3990,-57.93518183317096,20.601864772685534,25.299140692148463,2,-73.95814844711339,108.3233937992777,3.9759305041937654,104.34746301392632,108.323544737651,-0.00015093837330937276
3991,-8.520155440442094,-23.42954288592878,-37.79810039251158,4,-440.76260315142525,-9037.693978134155,-8525.712629584115,-511.9813653243496,-9037.689002750742,-0.004975383413693635
3992,43.091620282870984,-13.511687483780745,-2.4830586004691955,4,-122.69888982875554,-871.3670174494177,-296.829950567342,-574.5370662304691,-871.3669818676979,-3.5581719885158236e-5
3993,-4.396352620353047,-5.926677878549969,-5.7066020315758275,4,-232.77865068239024,-1857.1249986916557,-1195.5183656904503,-661.6066340183829,-1857.1247437856396,-0.000254906016152745
3994,-2.9180109298059036,-1.1403443672900953,-8.127492351273615,4,-216.10172928480742,-2136.9607130175496,-1483.409032186423,-653.5516867021933,-2136.961887711518,0.001174693968550855
3995,-0.03173709842673147,1.612225047144477,0.16325553451653135,4,-237.63332017094095,-1450.1642192116083,-803.1244786782936,-647.0397407626914,-1450.1641202722326,-9.893937567539979e-5
3996,-40.021411906328446,-41.82923409823977,69.40993229206988,4,-305.42433083842565,-5835.300079618056,-5834.78557847904,-0.5144742437384981,-5835.2983909234135,-0.0016886946423255722
3997,21.039188283965398,7.084792230201116,11.618530819828466,4,-183.25273215740717,-618.591802024565,-162.12906667011194,-456.46273414568356,-618.591779831467,-2.2193098061507044e-5
3998,-49.6723665083691,-41.090879818792715,-11.316656524526795,2,-78.13694657635378,122.60821204881626,0.9968267461616275,121.6113848937257,122.60804828457614,0.00016376424011355084
3999,-24.647573014429128,-31.378037809625976,1.7386759849361269,1,-500.0000000000794,211.14519075804645,138.97757211871192,72.16762022248403,211.1448733694661,0.00031738858035623707
4000,7.345010307354856,-6.869884975054792,9.923553171656643,4,-252.40582434723504,-679.7758156613485,-226.96229388368118,-452.8135218166811,-679.7758026254526,-1.3035895904067729e-5
4001,-18.532621945059287,-1.6492064811296936,28.888204328296023,2,-315.0260317356558,2.1756679486328885,-18.470539245045526,20.646207652040918,2.175701506557235,-3.355792434645011e-5
4002,17.882671350644728,-18.56168764943741,0.4891873001339902,4,-191.13397837601076,-806.2644419544874,-380.72862160453724,-425.5358212199011,-806.2643680765564,-7.38779310722748e-5
4003,15.182026427097217,-21.876290203526136,-4.838675045237161,4,-201.79974685667105,-916.0773055133503,-546.3879721711102,-369.6893370305343,-916.0773411458769,3.5632526532936026e-5
4004,20.432511199940997,-1.7139123925958284,-10.227169968248896,4,-156.69236420260756,-1594.2051559352972,-939.1685412287501,-655.0366171725598,-1594.2052543275397,9.839224253482826e-5
4005,47.45771043414455,6.608818787110165,0.10048300490434393,4,-114.0607286368636,-849.6394609117456,-250.11313492466846,-599.5263275918999,-849.6393827930328,-7.811871273588622e-5
4006,-12.664442891437297,11.12632294740357,-13.986766323177081,4,-239.02413867191495,-2759.4483464073514,-2153.139000097449,-606.3093502030501,-2759.446697449765,-0.001648957586439792
4007,-2.4632429808249174,64.1361490467472,-33.67731183636984,4,-395.684911234976,-5786.721458630311,-5779.601908487231,-7.11954923433076,-5786.7197150381635,-0.0017435921472497284
4008,-38.13224164783681,17.079875659442656,21.770709823421868,1,-500.0000000000794,-3032.56281991843,-2998.9810390387233,-33.581768922326184,-3032.5524122093607,-0.01040770906911348
4009,34.88615603298329,2.4705031061507876,7.841872633313337,4,-139.92119667682152,-730.590234331981,-192.36186302693972,-538.2283707532938,-730.5901782640178,-5.6067963214445626e-5
4010,9.78739363917788,13.942189384236627,13.420967719286898,4,-254.57371501612212,-352.8919347188165,-70.73001726430947,-282.16191656599796,-352.89192274183324,-1.1976983273598307e-5
4011,-21.491998473434386,21.415048365499054,36.8480117251652,1,-500.0000000000794,60.91406995850706,90.39701088297987,-29.482940046898765,60.91416394503768,-9.398653061509776e-5
4012,5.681808044610635,31.051977741651747,18.73638244729603,4,-332.20448591282843,-7.553883962278455,-2.915845591273062,-4.638038350508328,-7.553991105689853,0.00010714341139816952
4013,39.891252796897525,17.319211882506384,-26.47125041146749,4,-119.60453712713749,-1498.5539337673188,-955.1257252937639,-543.4282127427134,-1498.5539608952147,2.7127895918965805e-5
4014,-82.96148339003965,36.1241108897347,31.903552984825613,2,-49.86459403607815,92.58248146382121,2.603159323884622,89.97932166878017,92.58188670008948,0.0005947637317262888
4015,-23.581245900574604,-52.0968249568856,-71.18253253958353,2,-155.96628724277244,247.95586414735388,199.29727105479927,48.65859157174977,247.95825895774655,-0.0023948103926727526
4016,-19.155790557937696,2.1214634965682757,-37.17591069012114,4,-172.1844440430048,-11665.669857644481,-11531.386208721278,-134.28363520106535,-11665.663133756203,-0.006723888278429513
4017,-11.111881179803605,-47.00412008002665,-18.113543864687912,1,-500.0000000000794,205.88187145930965,138.63921963766933,67.24265400226346,205.88128875027687,0.0005827090327841233
4018,-0.1379659698954275,-2.619749720660926,-10.089251604918925,4,-202.7922234960547,-2289.3589337507274,-1665.1286981610135,-624.2302456580015,-2289.3589132296574,-2.0521069927781355e-5
4019,11.450320162935226,-12.592964876966551,16.75042099722428,4,-253.8710904422203,-175.43332213279996,23.8353289295318,-199.2686516144717,-175.43332706234548,4.929545525556023e-6
4020,60.53279170889653,-63.01372633369297,10.92932726755865,4,-92.12666164688844,118.05816963587894,131.30868418273562,-13.250516268258387,118.05748938082546,0.00068025505348146
4021,27.858205940511873,-59.06201587062655,-25.624859666274336,4,-190.86123116531067,126.76627474970228,182.88421771087624,-56.117942623585016,126.766282167094,-7.417391728381517e-6
4022,7.320737558586426,65.69744728169876,-67.59654893822277,4,-257.7026093953498,-7799.480549068105,-7811.148609030932,11.66803415801981,-7799.477710230742,-0.0028388373630150454
4023,56.81986028179935,41.01801119017177,34.24404588057655,4,-96.0037636935404,24.50656819766544,131.16648855463075,-106.65992092393432,24.50633362024773,0.00023457741771082397
4024,-1.55531737248048,2.390552704106524,-1.8497558021283724,4,-234.62954607629428,-1607.1048158093224,-943.7502630494402,-663.3545556337164,-1607.1046860918557,-0.00012971746673429152
4025,14.529983461112517,-50.7449230999677,72.58819331486085,4,-208.2431068189752,125.94071721483975,65.19897789223434,60.7417490281942,125.94081267402206,-9.545918230458028e-5
4026,4.422564886276523,-4.999844898898837,-3.865149786850853,4,-207.3963797319854,-1612.395204021308,-962.9641630868111,-649.4310408453465,-1612.3954123498938,0.00020832858581343316
4027,-16.819157187844453,59.16199855555917,-18.28820298324337,4,-434.8246295600976,-9062.48947459387,-9078.211371666814,15.721872853170359,-9062.4881288215,-0.0013457723707688274
4028,2.4713148867276766,-7.846528993059073,22.379121492800095,4,-457.4759106036982,-1.6998707789546923,-103.17324735109368,101.47337650600387,-1.6998829775631732,1.21986084808956e-5
4029,62.77068883849705,-32.77994668595464,20.14150419298498,4,-93.93176784739158,-104.06419075546863,61.80536823022681,-165.86955939618426,-104.0642660727691,7.531730047105611e-5
4030,-5.097346276079873,-44.1270062053642,83.80098101593796,4,-299.15971078516,-2761.97644831493,-2760.5221067616294,-1.454323782672075,-2761.9763176549422,-0.00013065998791716993
4031,0.5281194443427981,-0.1996981778239907,-1.277473844365591,4,-229.1428176165079,-1532.8001567506756,-877.5660667891946,-655.2340915912495,-1532.8001915485224,3.479784686533094e-5
4032,-21.273395782177055,13.460734525455907,-13.572580535540368,4,-348.48725846434735,-1669.9986023715967,-902.2417158120427,-767.7568895297486,-1669.9985517171287,-5.06544679410581e-5
4033,-18.254091583410304,-24.153290326194856,-28.840075986786143,2,-168.39706515450368,148.18523082211502,10.975911274490809,137.20931853621852,148.1849908130367,0.00024000907831123186
4034,-38.502038404618176,-17.9250981990604,27.504699848000325,1,-500.0000000000794,-4045.7481541403467,-4245.136446310936,199.38827985013472,-4045.744556914434,-0.0035972259129266604
4035,26.361878268672147,60.758218568225324,55.17517408242167,4,-151.6676935225347,-57.79312821057104,-24.586648587540235,-33.206476632345,-57.793643470416185,0.0005152598451445556
4036,-38.311695173606694,29.8096574187872,39.51630647756784,1,-500.0000000000794,290.50660733017554,329.66829980929435,-39.16168750589689,290.5065079334239,9.939675163650463e-5
4037,-2.1452031465407657,-7.062888961662326,-4.055254820152777,4,-232.47774136416527,-1678.7338659493032,-1039.1517174676812,-639.5821480948086,-1678.7336218212956,-0.0002441280075800023
4038,-34.08749867117877,-6.3137406172854895,-70.09920209925002,4,-131.55649471747373,-15048.27598321905,-15612.990065442948,564.7140604177717,-15048.28023664071,0.0042534216609055875
4039,32.58955646010053,11.946551643218909,24.100516301711185,4,-149.3255034386225,-178.70145662919654,53.477789626575216,-232.17924613656376,-178.70147078812903,1.415893248690736e-5
4040,62.48301962898769,-39.74604122558727,11.581289281098318,4,-95.28768637296288,-19.374367394766054,45.17785029591294,-64.55221782000892,-19.374521382779516,0.00015398801346222513
4041,5.189132190772387,10.70393591856637,-36.76224344741208,4,-151.90736723885325,-8303.264436780293,-8055.69014712888,-247.5742449270439,-8303.259683533612,-0.004753246681502787
4042,10.851406766834018,0.991327658971658,13.709010663589233,4,-240.5583624141132,-488.07019442131383,-116.84882363170097,-371.22137007678344,-488.0701778522647,-1.656904913716062e-5
4043,12.604310407334768,-18.981585733464787,-21.064923299473886,4,-177.76727506602674,-3407.9580737805254,-3086.4319092337255,-321.52614484857276,-3407.9556184606513,-0.0024553198741159576
4044,-72.2837253319978,-31.946904693932982,2.7438199836926693,2,-48.65512008355373,95.02611210754677,-0.2453966296419133,95.27150812853375,95.02880753609197,-0.002695428545209211
4045,75.77368541145378,-55.167713063901765,21.246529103483848,4,-77.47989140698503,57.27673466356287,75.73389558015187,-18.45716127315621,57.27637732139688,0.0003573421659908149
4046,-33.87427615233766,42.95121146431083,11.130648050617266,1,-500.0000000000794,155.30945211005056,81.69507804532061,73.61437223974767,155.30725267794335,0.002199432107204302
4047,4.8439175023573755,0.3809003925307319,2.059722974678068,4,-224.25848686307134,-1266.2690816565737,-642.7250470003676,-623.5440363692359,-1266.269057472617,-2.4183956611523172e-5
4048,31.973780312024537,19.737848183694698,25.120954257349496,4,-150.6403019572333,-106.94640635795639,68.43493226589317,-175.38133892654997,-106.94643346981702,2.71118606320897e-5
4049,-47.920639881720106,10.745351871528461,-15.509658717419951,2,-72.21400929046123,128.8360994991885,2.996308633831185,125.83979114292443,128.83346437713874,0.002635122049753136
4050,-0.7461741830287484,-0.43583690462022046,16.169671026498403,4,-466.7737464195782,-224.9445238304682,-84.86484246087832,-140.07968151733868,-224.94451389991622,-9.930551982506586e-6
4051,-3.3283816986921577,2.2211892611478072,0.7838967187219046,4,-259.40958694106945,-1426.1969659246993,-785.364912634281,-640.8320525131782,-1426.1969596948936,-6.229805649127229e-6
4052,-3.2564040273688093,13.615214711808715,14.980446039614035,1,-500.0000000000794,19.551166715040015,-17.238560666071088,36.789726970455916,19.55114749657508,1.921846493502244e-5
4053,-28.83706071295161,-15.745267204133931,-3.4688766752970808,2,-139.83652702687615,77.57389692014364,-0.8636694479897699,78.43756607504575,77.57397304273807,-7.612259443590119e-5
4054,-79.69830386127123,41.414268697197336,25.334048830835997,2,-52.64233976232847,90.46801294621636,3.707265085321716,86.76074751041057,90.46827355409398,-0.0002606078776210552
4055,95.51317609974288,-11.802275783616528,-14.5271211739625,4,-66.43912017938808,-739.005306259949,-195.87821632672492,-543.1270908502444,-739.0051439056784,-0.00016235427051469742
4056,24.542989965322228,15.545985314179566,58.516347947037616,4,-169.98143707308313,7.0401665725915725,65.26760460402875,-58.2274351523605,7.040001901300738,0.0001646712908343062
4057,7.764444231399786,-10.01130889438243,3.8134044987001112,4,-226.7173057560139,-1022.7449008170428,-456.832310259132,-565.9125909590268,-1022.744842604045,-5.821299782837741e-5
4058,16.44520027434132,5.474009075016561,49.84395661531288,4,-245.1236539440931,-13.870265611892203,-71.63093166283504,57.76066605618015,-13.870366940048923,0.00010132815672037054
4059,69.60344800886952,8.300483687765274,-68.19540911811018,4,-74.62125021832753,-1894.25539413261,-1347.1655441496937,-547.0898445808174,-1894.254552836361,-0.0008412962490638165
4060,11.7301676810093,-84.05689934811946,-48.65016555345523,4,-260.1218995377721,-6370.326703031747,-6411.878923385618,41.552231401908436,-6370.32486723582,-0.0018357959261265933
4061,-70.96827959796487,-35.13803499551726,12.946039958444738,2,-53.32243317709736,91.55156209822303,-0.4072606151529214,91.95882233243829,91.55075349193115,0.0008086062918835069
4062,17.20527784464396,-61.780334579527505,6.178116383607719,4,-208.27842280138043,155.23232271258462,165.25880819800568,-10.026484419281031,155.23212989744258,0.0001928151420429458
4063,-63.03001169158512,-38.18283577302232,14.672605780649723,2,-67.29449772294758,98.73354126237268,0.06311675701961454,98.67042414811023,98.73401218852061,-0.0004709261479263205
4064,9.088646857990224,2.044086488950855,3.9319635512830855,4,-212.51967060429783,-1111.5414303347716,-510.9016610664446,-600.6397698665722,-1111.5413415976304,-8.873714114088216e-5
4065,34.96546448612198,38.81730966990301,-64.69316433156462,4,-128.65539890969183,-856.8095873859747,-920.5053684019333,63.69577937736805,-856.8087583253705,-0.0008290606042464788
4066,26.210397165089347,22.67167362206172,-6.700789498913844,4,-162.89698367672102,-833.8831650215598,-401.60925074842186,-432.27391405832725,-833.883153417647,-1.1603912753344048e-5
4067,23.679500551575856,-6.849802166836459,-12.604924620747912,4,-148.62690727284843,-1585.6495865798242,-946.6158478179104,-639.0337432596441,-1585.649352997781,-0.00023358204316537012
4068,-40.89125317842464,85.29686334056234,-19.768413713356036,4,-331.78242721255003,-8364.114188085874,-8312.856498835334,-51.257660995627106,-8364.114821441728,0.0006333558540063677
4069,-4.45296808122175,1.1294072857279398,0.5341478968327873,4,-265.73573827930727,-1443.677484872461,-798.7123838225664,-644.9651006102465,-1443.6774036644408,-8.120802021949203e-5
4070,11.98557934024036,-57.03640745261265,-31.363583241006367,4,-287.78097797687775,516.7476382942967,475.7603981372411,40.987239399976595,516.7475207366963,0.00011755760044707131
4071,45.76152340849691,44.50103970264764,28.790546923149225,4,-113.19837463880003,56.949405832964665,154.29887793365282,-97.34947263700458,56.9491551015944,0.0002507313702651004
4072,-2.3789440925955283,-13.472117331419613,14.471660196872913,1,-500.0000000000794,23.623344610140006,-26.14156648562665,49.76491098474679,23.623334244056416,1.0366083589730124e-5
4073,-67.76751570762838,8.46213511810024,-64.59085339619125,2,-127.66747830680903,623.5043497543116,-42.91311154888203,666.4174636760667,623.5064155279999,-0.002065773688286754
4074,8.80463310074113,10.166429278233865,-1.7781195355494768,4,-201.89803906325767,-1350.8697499324758,-722.5979239610483,-628.2718287118664,-1350.8697967507692,4.6818293412798084e-5
4075,48.17672097965869,31.280346548762644,-24.72689802163911,4,-121.64645978408547,101.17278511509294,-39.21239410144707,140.38518163698356,101.17263589803932,0.00014921705361814475
4076,-6.642209377075207,10.000095415668998,7.8261809751377225,4,-465.9220494439103,-542.279276766387,-246.0091745595388,-296.2701007030551,-542.2792499950798,-2.6771307261697075e-5
4077,-61.874128196139885,-21.814429758040333,-58.71242743295023,2,-65.22557595464662,238.27298416568811,-9.146808260098682,247.41979268922023,238.27259167292675,0.0003924927613638829
4078,-36.708834372640965,70.07516723103686,-49.882581352446465,2,-152.64634364898805,287.20400611608505,292.3117672136682,-5.10775787326247,287.2030234516609,0.0009826644241570648
4079,-23.991457116356983,53.13770902058841,68.48429165515742,4,-317.79881785368417,-9182.311731716514,-9194.506516907379,12.19475300228092,-9182.309517866322,-0.002213850191765232
4080,4.678525116736928,-5.6879856540281075,-7.527444415532613,4,-197.14231412699561,-1877.880082603834,-1235.0742117636366,-642.8058719850945,-1877.8801540344434,7.143060952330416e-5
4081,-6.479189049271736,-9.924552412173377,-1.1489124980255032,4,-288.59736971514513,-1377.8142367736293,-748.3564980865369,-629.4577409399516,-1377.8143478800143,0.00011110638502032089
4082,15.521962239082713,13.667249375779722,4.581821523354642,4,-195.93391986870154,-863.6042128125778,-355.28637729796793,-508.3178351944359,-863.6041489797196,-6.383285813171824e-5
4083,19.254795925073388,-31.86922128652434,-32.19967894621518,4,-283.48684627110845,-338.82108623522254,-284.86724421758834,-53.95384058838617,-338.82118398582855,9.775060601668883e-5
4084,-1.5970431102385179,0.02396617231432416,-1.096404262454055,4,-239.4938940071283,-1545.8393357963998,-887.263278053199,-658.5760599204453,-1545.8393656952862,2.9898886396040325e-5
4085,-32.97545525746454,-19.317471935515105,-10.932386580691439,2,-105.42299175947541,102.97445330812724,-0.14026213770973656,103.11471520848015,102.9742288133485,0.00022449477873465185
4086,5.829866527424271,-4.2420520720504715,16.336349681712274,4,-307.2676380070336,-192.21085954830755,-1.1114543048421799,-191.09940561209123,-192.21085439906122,-5.149246334212876e-6
4087,-0.108010556988057,10.327181576383975,21.0816066993199,1,-500.0000000000794,56.423919214233344,-51.99962011693553,108.4235404659631,56.42389859307392,2.0621159421807533e-5
4088,-83.48785699629897,-42.816779155776096,-26.10115952671764,2,-41.39810235348754,105.01417894612217,-0.9596337242474203,105.9738122243774,105.0142829645853,-0.00010401846313357055
4089,51.47020628127396,48.88948069138933,26.871356718799156,4,-103.5926164902798,65.0607961575087,144.21137142250254,-79.15057587943006,65.06040630281593,0.00038985469277008633
4090,-10.4829541644381,-28.16468479941546,15.086209218839306,1,-500.0000000000794,48.359267533578404,109.4318155712334,-61.07254793827277,48.359202767911206,6.476566719726407e-5
4091,26.152964504277154,40.24998658970072,5.991854783809516,4,-182.3079305647894,-34.4633312414946,54.32525713924682,-88.78858843056925,-34.46359008227624,0.0002588407816404015
4092,56.11390797910905,-41.621118514303475,28.132594859120736,4,-99.12193901502219,6.455701164351262,121.99852030874833,-115.54281968499092,6.455429541772587,0.0002716225786745241
4093,-78.88228185546382,-5.385149026320017,-15.746429685149664,2,-41.54328793734806,121.44657894586268,1.368296902634869,120.07828206010355,121.44951119705321,-0.0029322511905292004
4094,-13.492366686106717,-31.511591585288286,18.99920191610988,1,-500.0000000000794,221.1068555179609,122.85039631837257,98.25645857641379,221.10673033848798,0.00012517947291712517
4095,-31.694973147656423,-34.21011527683415,-81.89222443581498,4,-240.74164804720928,-11062.217479657356,-11078.876772109677,16.659289038451604,-11062.217096001516,-0.0003836558407783741
4096,-11.327520572905545,-36.8475886050692,59.65191312582046,4,-459.7282948276289,-5659.224451180321,-5616.849366447217,-42.37509366917151,-5659.224459266309,8.085988156381063e-6
4097,-46.50015884527032,-13.824452698875076,19.018232350861037,2,-97.23903125631269,55.13861448891754,0.6607787029269813,54.47783554848965,55.1386397588736,-2.5269956061890753e-5
4098,8.095839198393882,24.624223773957887,13.132255081076515,4,-285.98781817076866,-57.62036814313101,55.843914164025904,-113.46428192170518,-57.6204200658435,5.192271248688485e-5
4099,-81.9872606214991,-15.517765343727163,-25.8329572920668,2,-40.00809836492694,105.59331007755881,2.6015667810061154,102.99174271219307,105.5955746761112,-0.0022645985523865875
4100,7.45569138754215,1.480812596403138,75.0763379787814,4,-286.5915999758367,-6316.365963223929,-6455.392883488629,139.0269330988112,-6316.365540253104,-0.0004229708247294184
4101,-33.76758245686884,11.951317670265533,-71.98516066572,4,-130.77042903345475,-14929.165027027551,-15498.605259644562,569.4402133702162,-14929.161191112073,-0.0038359154787031002
4102,13.93021339561178,-35.60413998262491,10.822517383881406,4,-238.83066372571787,71.38034170686711,114.06687739853412,-42.68653658968715,71.38028021698446,6.148988265408661e-5
4103,-59.81988246214157,46.66238608770968,-8.70220918585944,2,-65.77130629944386,114.30059806795407,5.356207623475869,108.94439023344388,114.30019949906662,0.0003985688874479365
4104,-16.34876366201029,-14.01666992451004,-1.2297166837647915,1,-500.0000000000794,61.22823329995824,0.19811548172112983,61.03011794958718,61.22820439456053,2.8905397712719605e-5
4105,-38.719527406299655,62.66754206202091,24.844885680184685,4,-329.2013174137684,-7373.411170721882,-7305.323677102484,-68.08748754339568,-7373.411215031576,4.430969420354813e-5
4106,44.03232836606315,24.321335837070507,15.259030657976094,4,-123.93036465256488,-293.00391476000453,2.200425755710093,-295.204339831657,-293.0039300302367,1.527023215430745e-5
4107,-48.69027093923105,-74.10302555486192,-18.60501933256558,4,-315.1948425010226,-9012.063589419022,-9134.495559129016,122.43195045459277,-9012.065325068883,0.001735649861075217
4108,22.381086681864463,31.008414567087495,0.19130379345192042,4,-194.5385386622315,-323.81110097597406,-118.30684239698509,-205.5042595142611,-323.8112210123606,0.00012003638653368398
4109,53.01538397171568,54.491438829464464,18.535817567754638,4,-102.20538634684988,81.59686209495162,129.64797961577875,-48.051117833700374,81.59640687041677,0.0004552245348463657
4110,-5.165542442467358,-5.647189396666425,0.988620212876889,4,-281.9212764291498,-1336.7996991436237,-710.0921060229036,-626.7075954912084,-1336.7995748144192,-0.00012432920448190998
4111,9.455276943528313,-6.020272978610185,-4.374391937186888,4,-191.48589805384503,-1554.5402805384522,-900.6893880191425,-653.8508942273279,-1554.5402120921462,-6.844630593150214e-5
4112,31.310438860114527,67.41706079509423,49.491704865920966,4,-127.33356435285955,97.41999316498008,185.83435508506668,-88.41436407425665,97.41990798909234,8.51758877473685e-5
4113,18.014780735354908,-48.6232845817098,20.47269597932848,4,-196.93484041111208,171.56337900525412,214.9439240659248,-43.380544216258855,171.56321411964177,0.00016488561234950794
4114,1.0292321037735699,-31.832974108368216,42.41774393961662,4,-404.98632263161966,24.604922717802957,-94.95556204691094,119.56048646887338,24.604676454773074,0.0002462630298829538
4115,-49.78210170480352,29.254739801051898,-26.039129112590224,2,-68.78483871591541,136.76576251998375,5.30869233741495,131.45706979629136,136.76586356082547,-0.0001010408417130293
4116,-10.709633569380411,21.52519361670102,-11.915688240404592,4,-329.5481323824583,-1569.7547525503628,-989.9705943594277,-579.7841598510784,-1569.7550441703986,0.0002916200357958587
4117,-5.8944695149941,-72.66200745206628,-14.740917996457686,4,-363.51881548401013,-6813.252454813634,-6780.60449341341,-32.647933927287376,-6813.249951612367,-0.0025032012672454584
4118,-62.425860319252,53.22116436375319,-20.32722504127273,2,-65.02539037434174,138.74547724381497,5.258655084997145,133.48682230298704,138.7448323716431,0.0006448721718754769
4119,-28.502572219338308,40.5637562997291,-77.19469968199118,2,-162.19661707697537,225.97732542372353,185.47751328817165,40.49981012964771,225.97652244335004,0.0008029803734928009
4120,-31.02026204023974,-9.615605431917366,-76.1189733663286,4,-124.0915291001515,-15306.570540572644,-15822.861039449885,516.2904225382014,-15306.579968205915,0.009427633271116065
4121,-47.085242326841666,14.488753838757436,-64.49561649637334,2,-104.56311662082538,393.4605315110527,-90.70893866071609,484.16946959000734,393.4606190047407,-8.749368799954027e-5
4122,-1.4775824933775528,4.916372372151184,-8.322377130585446,4,-210.90269638102768,-2096.4435682191192,-1441.4856253404637,-654.9579462827431,-2096.4445084494664,0.0009402303471688356
4123,30.251027859094084,-32.53303044871461,-71.64432787485605,4,-121.20327533645661,-3260.761796641541,-3349.0665914582637,88.30480609548096,-3260.76093906046,-0.0008575810811635165
4124,-11.663819962529319,-41.296116261624384,-34.47606671426174,2,-204.16252200124947,128.89907493918287,120.70000632001647,8.199067473555031,128.89921775676325,-0.00014281758038237058
4125,7.679919072885185,21.95699422850931,-8.384877165618827,4,-219.28405972124273,-1336.703930800777,-870.4036440953429,-466.30028361405374,-1336.703690229369,-0.00024057140808508848
4126,-1.9349874215198593,0.49883031096766894,0.9743093922397364,4,-252.9346953065881,-1401.7754643383341,-762.5228546474654,-639.2526092445779,-1401.7753937416903,-7.059664380903996e-5
4127,4.407718047335154,-9.62729426558327,-51.86074084261194,4,-133.15986624113816,-11474.63457589459,-11337.84910078941,-136.78539158061537,-11474.631359342322,-0.003216552267986117
4128,44.2518264313769,71.70319449161713,6.04893367190794,4,-111.9544976237896,247.46716098082595,291.0156460738187,-43.54848694808446,247.4670387671199,0.0001222137060494788
4129,-47.345337386641965,-52.96096807024829,-41.04042243924108,2,-95.55667219680883,171.96472097273468,9.854364002162464,162.11035700160625,171.9645189585123,0.00020201422239551903
4130,53.94183227313663,40.70224889379457,-29.240721260853107,4,-111.61983263676203,198.88402718783078,38.57249170718959,160.311537142861,198.88386280752903,0.00016438030175436324
4131,-28.796174781437422,60.289586699628266,-6.261586595726954,4,-388.02274195929397,-8384.769578795018,-8307.138852338338,-77.63072304978938,-8384.768308562236,-0.0012702327821898507
4132,-10.607082155874007,20.337623297643987,-14.69790314162484,4,-281.37155594611886,-2294.262684925598,-1841.5861682571297,-452.67651785545274,-2294.261829908918,-0.0008550166799068393
4133,3.5919261191733356,-78.23268293913485,-50.953581060665655,4,-299.4356264578514,-8358.471613550517,-8554.637859631992,196.16623453893908,-8358.470935666192,-0.0006778843253414379
4134,-30.122228704272104,-2.463766047471805,-13.517286404823738,1,-500.0000000000794,166.45544642729104,0.8773136307065874,165.57813270707055,166.45542914363057,1.728366046904739e-5
4135,73.07615311679524,23.193401094067553,-12.520098054490155,4,-83.76767213773704,-458.7003824756741,-164.03018307234478,-294.67019860629733,-458.7002772741103,-0.0001052015637696968
4136,1.0497766830926074,9.938018435417789,3.797890975442547,4,-259.79438128511447,-1099.2491027214644,-542.5477810315418,-556.701321474038,-1099.249097873375,-4.8480894747626735e-6
4137,7.001746676918578,4.408767726868721,-12.60448398801333,4,-180.1718792798212,-2211.6517398275937,-1596.1596163470447,-615.4921318388539,-2211.6511802169966,-0.0005596105970653298
4138,-4.754665102395577,15.695560714729682,52.241986022445275,1,-500.0000000000794,152.66723486350165,40.72565371342702,111.9415812727354,152.6672057057096,2.9157792056366816e-5
4139,-44.371351209201215,-46.42859273753633,-1.312302088406154,2,-112.53035043790972,176.93992946956482,9.134055005832902,167.8058746552136,176.93974087924806,0.00018859031675333426
4140,13.708420147461487,-23.519570091024672,-61.194784728854586,4,-147.01505878269415,-6646.486044070952,-6785.390563560371,138.90450737579505,-6646.483761135841,-0.0022829351109976415
4141,-33.410107944258705,51.40986275863707,-43.35093732564763,2,-121.48305922844553,244.70624178393896,68.72788333320514,175.97835961363768,244.70550144929325,0.0007403346457124371
4142,6.000405780874857,-7.820278750798394,-9.588000241721781,4,-190.49390245049452,-2010.4576904092862,-1375.6096931128036,-634.8479977771563,-2010.4578770313847,0.00018662209845388134
4143,-19.186923277910555,-4.931740934217796,-15.688871053768551,4,-246.46587545275446,-2795.1880635827924,-2045.6057463096479,-749.5823210519495,-2795.18700151547,-0.0010620673224366328
4144,-67.53808274627053,2.6176386861706895,-1.276293595872655,2,-49.65431861828989,96.44244718753035,-0.6126656274870101,97.05511270928079,96.44522068924879,-0.0027735017184369326
4145,-29.634474513444204,-16.867716618209386,-68.28419520695158,4,-159.2862351108619,-10324.738947494092,-10677.008706108196,352.269759034272,-10324.744665776161,0.005718282069210545
4146,25.549065056012193,6.444351475658708,-79.25037958089442,4,-97.0916225183001,-8977.22580919981,-8765.89515747617,-211.33065820998357,-8977.222076571055,-0.003732628754733014
4147,5.539268933279807,-26.34714279421418,41.64016429174106,4,-312.8926615853394,296.0339480627907,244.50887555170138,51.52507471846337,296.0340424434387,-9.438064796540857e-5
4148,8.255399516280042,1.8497732517394303,0.30153746430069234,4,-204.69742348073066,-1324.9120622062626,-687.2181538238528,-637.6939096589443,-1324.9121097887444,4.758248178404756e-5
4149,-25.85918922507974,-67.16771614607998,26.25815569610645,4,-346.4227103423204,-8221.737108626952,-8252.9160817036,31.178971458198124,-8221.735871569133,-0.0012370578187983483
4150,-31.610228755813026,-7.663394729436646,-86.58103573274781,4,-114.12519686891416,-15358.297983784114,-15934.127723541955,575.8297502200483,-15358.291244585938,-0.006739198175637284
4151,-8.612436685800029,25.017187624455804,-8.301169449944798,4,-477.5874980563723,-484.7683469309889,-207.47583642788638,-277.29250876066226,-484.7684240575009,7.712651199653919e-5
4152,-18.936411239395465,38.25941922407932,21.502752701369584,1,-500.0000000000794,-4924.270905484677,-5032.615270122811,108.34436144704281,-4924.269773723001,-0.0011317616763335536
4153,-57.14616845377807,28.434302106042374,-41.966595416271886,2,-63.29666392897058,189.23197323351326,8.428481130062028,180.80349226656884,189.23149896316488,0.0004742703483771038
4154,-47.80740009838717,-19.466648703885095,-69.42050300051035,2,-98.45412122481268,338.3396819671106,-69.58480807963205,407.92449175283474,338.3387006420177,0.0009813250928800699
4155,20.11647428637442,-2.51311359709899,-7.758199153205888,4,-160.16444162283798,-1486.959276250153,-831.4435698542208,-655.515707108948,-1486.9591765267203,-9.972343264053052e-5
4156,-14.233225093298168,29.223140036588376,14.926178515426905,1,-500.0000000000794,-13.030611340302322,-86.12560491414577,73.09499776431602,-13.030627634309724,1.6294007401995714e-5
4157,66.99584000587195,-9.338165296564553,54.05535012961932,4,-82.28260068608705,-16.467492618909347,145.95585966538576,-162.42335223200905,-16.467531095419815,3.847651046839928e-5
4158,-8.010536900119211,-76.82675467944334,-28.853262827028274,4,-361.24865205371754,-7193.294523857524,-7205.392045009332,12.09753916683732,-7193.294735055212,0.00021119768825883511
4159,-15.39290560003205,10.732515182903143,-12.235068831497058,4,-263.7925344582983,-2314.5960713245795,-1605.73876084861,-708.8573207494976,-2314.5963024481484,0.00023112356893761898
4160,77.36270993678767,42.69236425491956,17.20457834023261,4,-78.02227210071854,-14.367698437809299,37.344147295936686,-51.71184531421492,-14.36781173688843,0.00011329907913193438
4161,-10.746844874701257,-47.65793146944955,48.0041789573278,4,-434.95886321795655,-6068.741985354481,-6030.396158070178,-38.34581521606289,-6068.741047891393,-0.0009374630881211488
4162,-4.9732752760357855,-9.20640560009377,8.135032810857027,4,-441.26830183489466,-475.8510877420555,-195.0525014243461,-280.7985857523806,-475.85106659797964,-2.114407584485889e-5
4163,-49.380783885483815,-50.15587274205456,-66.3222725018284,2,-103.66436977675794,221.3643431510502,-36.16071329802482,257.5250563860646,221.36426597578884,7.717526136730157e-5
4164,11.874135736352953,-18.023109650608166,9.661829794343952,4,-240.67437435640772,-413.6735852791152,-98.56311849622627,-315.11046617473716,-413.6735566802284,-2.8598886785857758e-5
4165,10.385629419899217,24.171639234338443,80.52067786137924,4,-249.79900373406753,528.4858612545389,490.2735417842817,38.212309293855604,528.4861858707745,-0.00032461623561630404
4166,0.031166174639805554,-0.033714976762088684,-0.08234877764649977,4,-236.80204898333713,-1458.6471096366986,-810.5506337394357,-648.0964762149766,-1458.647214204066,0.00010456736731612182
4167,-21.77346943161095,59.66519748213076,71.58905002753616,4,-290.54556987402157,-6932.767005857526,-6893.709970166042,-39.057050166468045,-6932.766482359847,-0.0005234976788415224
4168,-11.025796861821874,9.229862503462503,-26.109026981878568,4,-190.82383076867427,-7320.849784458824,-6959.306651762749,-361.54315984596104,-7320.846540422519,-0.0032440363047498977
4169,19.025442040289583,7.411979407741859,13.187183657648728,4,-193.98222523550433,-539.0476368070503,-126.62580691371011,-412.4218293809137,-539.0476068371086,-2.9969941692797875e-5
4170,-12.428912258570996,-16.223604022040846,2.3094474752120773,1,-500.0000000000794,65.09118166092682,45.93341941053757,19.15776173037491,65.09116918017219,1.2480754634225377e-5
4171,-44.33081582411491,47.16947628208378,6.852921221068645,2,-117.18104338919845,171.3389874651151,17.608291198778055,153.73069449963756,171.3387455874347,0.00024187768042338575
4172,-52.51512168915984,44.59723190720828,-20.220017172811346,2,-71.62449418299714,131.92122887441488,5.273645027308625,126.64758390721683,131.9214706094283,-0.00024173501341806514
4173,-28.82143003159055,10.34776413389732,34.25300622809548,1,-500.0000000000794,296.1914784207984,148.79998700066585,147.39149077247475,296.19158772988686,-0.00010930908848649779
4174,12.209240230639123,-2.1396094765605405,10.723774108657327,4,-222.21103418252653,-682.110759808102,-213.5304679215019,-468.58029154570283,-682.1107263861979,-3.34219040496464e-5
4175,-0.42375622481320774,-8.938444950591458,1.7608862540798016,4,-260.3826099779702,-1174.367785830305,-604.3224894376324,-570.0452991425013,-1174.3677316260255,-5.4204279422265245e-5
4176,27.630305068577705,51.59313698130026,-2.9654818089446606,4,-177.7363768087634,72.93312906635481,142.09017460013206,-69.15704647315988,72.93272782910529,0.0004012372495196814
4177,-43.942471679932886,-58.8730421972057,39.99923977129199,4,-323.64531238429515,-6900.803631931766,-6904.990776951878,4.187135330095741,-6900.800661625235,-0.002970306531096867
4178,2.3735387353082498,31.206845650318975,-38.30574314693211,4,-374.2427168408338,-8160.3984247552135,-8165.183545814859,4.785138299481628,-8160.39420223316,-0.004222522053169087
4179,-3.902542288024248,3.631965968760152,-20.41352199636113,4,-186.38058660537052,-4643.391712437001,-4154.265262210346,-489.12646385825127,-4643.387196221875,-0.004516215126386669
4180,29.95557337505499,-67.6784186599256,-54.80091094077833,4,-194.76269731785555,83.32750027439256,-24.735647630071167,108.06314856406838,83.32774637183385,-0.00024609744129122646
4181,-0.7025718252966704,-6.755009895170951,11.852034465490883,4,-382.5459433817589,-331.8155621234041,-93.35876570466463,-238.45679503695246,-331.8155498263289,-1.2297075215883524e-5
4182,76.86129872182799,43.45850816440309,-14.26536191395348,4,-80.74368000010547,105.96893813919166,6.570340722970956,99.3985988203856,105.96881448974797,0.00012364944369380737
4183,29.218359975614412,58.04880690244356,4.768589686086722,4,-159.6795319550231,132.2459192155816,208.80820400206107,-76.56228535941948,132.24573786305555,0.00018135252605588903
4184,-17.58174200674955,9.492016742866001,3.613961742688965,1,-500.0000000000794,60.28960281824212,13.706351202479745,46.58325161341532,60.28959320313513,9.615106996818668e-6
4185,14.370132729992358,-18.36306586904693,-6.339656513942723,4,-191.885729019697,-1212.700901008342,-749.9759332258859,-462.7249650621055,-1212.7007538657465,-0.000147142595551486
4186,21.825681623514264,33.81974622141777,6.149868276587781,4,-199.74050364090908,-81.08969630744369,-4.423484562481887,-76.66621331158902,-81.08984111670149,0.00014480925780446796
4187,-56.159453670832896,-29.32697812038859,1.5999308288470915,2,-64.62285029529075,98.79916671538948,-0.24951853315704298,99.04868483039748,98.79701833166524,0.002148383724232872
4188,1.7545680241895323,41.76983044396448,-8.40578730764687,4,-465.4902368020623,82.10134521982431,10.416044440712135,71.6853014609606,82.10113821750946,0.000207002314851934
4189,7.9374699444409265,31.58398672259801,-9.3192463032598,4,-291.4732211506761,-252.34822800103214,-207.9115033346635,-44.436724691065145,-252.34827259962674,4.4598594598710406e-5
4190,-59.144807878051054,-4.518564873364536,11.074786777707867,2,-60.44854026470057,66.6691546567595,-0.7865282975088979,67.45568288247784,66.66711746154581,0.002037195213688392
4191,27.57852546434355,-15.206631134378014,7.747989261239946,4,-163.3932727411822,-577.1739606427277,-162.21752320895266,-414.9564386634703,-577.1739253697897,-3.5272938021080336e-5
4192,-22.155728389040046,75.23362428792846,58.495729453520994,4,-286.3115049922594,-8246.297275134897,-8185.908403820889,-60.388860235529684,-8246.29817454411,0.0008994092131615616
4193,-2.431471594984658,7.908981577462664,-2.3052915492709984,4,-241.02546977963993,-1578.0105887936477,-931.1769455585932,-646.833648099139,-1578.0103950540038,-0.00019373964391888876
4194,-33.26563628061554,25.435454070153153,-52.95790976883294,2,-108.9835878132103,257.4387126712424,-24.68705367870863,282.12576622034254,257.43894303828966,-0.00023036704726564494
4195,-72.70061638482272,49.8155387445529,-13.354670175337683,2,-51.33183204592349,111.86817392533489,2.4011366983774756,109.4670369386281,111.86776912666053,0.00040479867435294636
4196,-38.96190454816007,-54.851240476541065,13.51573126182761,4,-378.83589439680804,-9057.434153012946,-9013.295720466356,-44.13843604518998,-9057.43320711804,-0.0009458949061809108
4197,-24.70237579147327,64.88134217387402,-56.547548974149244,2,-158.0906151610693,284.79609307220863,235.85946373292165,48.93663243534669,284.79500688334167,0.0010861888669637665
4198,7.518448910804459,-4.296737104229587,7.518811346173413,4,-236.70030577063804,-878.8836652572447,-346.6962378617309,-532.1874260360817,-878.88366165254,-3.604704716053675e-6
4199,-3.0815861264183613,0.9482529090605606,-1.4339683684462023,4,-244.67036589637618,-1587.0452209093369,-923.1118762674017,-663.9333475640244,-1587.0451389800078,-8.192932909878436e-5
4200,-1.7710656852533513,3.9556989316834112,2.4124910131492427,4,-260.87763145126377,-1292.8797812597575,-679.1165860965201,-613.7631955778506,-1292.8796968323206,-8.442743683190201e-5
4201,-63.97440574739587,-3.3848311426289515,-66.40334016909875,2,-111.74815813953614,700.7527215373436,-47.37240641540949,748.1251297850715,700.7531949186317,-0.00047338128808860347
4202,-26.270036937895846,-11.532294668513789,8.57913238112435,1,-500.0000000000794,121.78919165923953,88.09629571778818,33.6928959114924,121.78924365745043,-5.1998210892634233e-5
4203,-7.412494807230041,-16.196892070239816,-54.65741660619728,4,-150.62352636504934,-14715.851482092403,-15010.912527832203,295.06103031087366,-14715.845368084905,-0.006114007497671992
4204,20.299660416017456,-27.12481164845318,67.31328398796055,4,-194.3751206883983,51.966345674260204,-81.63030807230496,133.5966543401189,51.96656044262519,-0.00021476836498379726
4205,-4.146111865341564,-18.39804605866198,9.863828704702296,1,-500.0000000000794,-28.67895567721578,3.4237123136769605,-32.10266790956709,-28.678979130374557,2.3453158778607985e-5
4206,48.64467361465307,-13.625384962553305,-7.595636654646894,4,-112.53494057268867,-936.20936956263,-344.8470894335674,-591.3622785855632,-936.2092897522541,-7.981037583704165e-5
4207,-28.11234843345574,55.97187607087234,15.900775029586061,4,-432.6860428861222,-6669.466519708448,-6731.904951445084,62.43843978135366,-6669.465238781227,-0.0012809272211598
4208,-3.0946350482081417,13.611909985435744,16.385425968839314,1,-500.0000000000794,36.550595549741864,-5.762851667491724,42.31344685975676,36.55057913132936,1.641841250688003e-5
4209,0.044897768103625904,-0.10446017647781546,0.10256287401805528,4,-237.68200958396923,-1445.3411295714843,-798.9164708945798,-646.424658947626,-1445.3410058250092,-0.0001237464750829531
4210,2.991465389321657,4.606130879174321,4.4902545041229125,4,-244.64815842542072,-1126.6379895551424,-540.578075256771,-586.0599150901862,-1126.63801869663,2.914148763011326e-5
4211,-2.8359194435603197,59.34352235045569,73.56575361584439,4,-274.1930717583465,-1001.3251776309401,-991.3981897737767,-9.926981465117228,-1001.325238556867,6.092592695949861e-5
4212,71.21450913660851,-15.036134268582803,29.11920952075504,4,-83.83198429057964,-211.99032963769343,62.75988426631445,-274.7502142373315,-211.99033565937776,6.021684328061383e-6
4213,-1.5639194041061089,-7.186558056599307,14.538922321305364,4,-474.9853196365466,-126.21354235318894,-57.999747153499406,-68.2137950405433,-126.2135409042403,-1.448948637516878e-6
4214,17.398756278513773,-28.492328346014038,17.96366149066925,4,-213.51909347360538,19.34522529149839,91.140083874567,-71.79485947315837,19.345157844384026,6.744711436468265e-5
4215,7.534593013676831,35.353144404386796,-75.76476599225819,4,-142.1534437025757,-3623.2205319984287,-3724.8004806703384,101.57994977683192,-3623.217809754787,-0.002722243641528621
4216,26.507138168330172,-25.878238353476913,27.111621159241466,4,-166.22961216965177,7.4604668263490455,110.1557979325183,-102.69533158269962,7.460399619416715,6.720693233042141e-5
4217,-11.256344801771345,-34.061989661039334,51.87878112103126,1,-500.0000000000794,-107.07545573874383,-84.65396471851356,-22.42149050806112,-107.07522882632422,-0.00022691241960615116
4218,-43.00824162892281,-31.714132739665992,-49.80474236277804,2,-85.02951831405758,187.46138384267982,-4.935173864390551,192.3965568424182,187.46105102154542,0.0003328211344069132
4219,-16.466856624326233,-72.1324727176052,29.713627508254895,4,-333.80435906233373,-9145.514260847767,-9099.029003881024,-46.48521080214991,-9145.514732160114,0.0004713123471447034
4220,-20.869746404303648,-20.40610083758351,44.22672325138968,2,-374.27207045687874,111.5317451503698,54.84971701854634,56.6820288523638,111.53178250240283,-3.735203303278922e-5
4221,40.46982364836874,21.399332304677863,-10.49217225679535,4,-128.23468398583265,-910.6806474468003,-389.2234243750078,-521.4572207301934,-910.6805707086359,-7.673816446640558e-5
4222,60.70528170853972,-7.264036219036611,-45.98139297451,4,-86.85957065138962,-1617.2075589377969,-1002.8604723029864,-614.3470899429575,-1617.20752407027,-3.486752689241257e-5
4223,-36.52235861625489,35.51643005837518,14.239764542113845,1,-500.0000000000794,139.71217930845785,128.61511887179427,11.097057243780124,139.7102343997036,0.0019449087542398047
4224,9.833656769213901,51.41693051506305,-50.71894583719609,4,-467.8886566425413,145.63064999397707,159.45086351226888,-13.82022017533905,145.63025211262766,0.00039788134941431963
4225,-50.28453407827428,-9.691487805361986,-1.9637577148149201,2,-68.76950564705365,88.5953496974062,-1.4276772339050197,90.02302643620935,88.59740254526177,-0.0020528478555661422
4226,-79.88638581965883,1.9976743149857983,-27.348378414103575,2,-41.900693584454615,187.8315947717236,0.11716771626536607,187.7144270413311,187.82081684443753,0.010777927286056865
4227,30.30092155096472,16.26411587798497,-33.866946295520165,4,-127.77986587162545,-2523.22787021725,-2047.5854254442556,-475.6424453439933,-2523.2269598285075,-0.0009103887423407286
4228,-57.115735798925826,47.265708360313724,12.705053597061656,2,-100.05184951570273,173.23904524674876,3.362447939782434,169.8765971426127,173.23858482893468,0.00046041781408234783
4229,-2.596452788586937,-0.6901055236168088,-0.0951053545292913,4,-250.6741842590202,-1476.9553554201484,-825.5644260371479,-651.3909298368687,-1476.9552487610113,-0.0001066591371454706
4230,-3.4546600698564416,-5.571582430746454,2.3494878118396145,4,-280.11664648080017,-1231.9761175727617,-630.887259719259,-601.0888613411979,-1231.9760110630737,-0.00010650968806658057
4231,-8.646278732946532,37.96230785408546,8.945526403384312,1,-500.0000000000794,118.99946200839513,85.41579310324167,33.583668375742945,118.99910875446591,0.00035325392921947696
4232,-1.5129805673327432,-16.80276014935232,-8.06354208708729,4,-241.20452121779266,-1642.4572343158404,-1154.2018505213705,-488.2553822363441,-1642.4575638326796,0.00032951683920146024
4233,69.06394444711674,-45.96702783564991,-14.480507011107711,4,-89.46067602875942,140.68158341592707,15.228303109263022,125.45327886910576,140.6815520860225,3.1329904572885425e-5
4234,-42.6496565939879,30.286169266415413,-46.605990583175945,2,-85.45762465883054,211.51440215889923,3.830544152941623,207.6838574006363,211.51425431539622,0.0001478435030151104
4235,-0.1819604295254148,-1.6063349994960212,3.008942452373955,4,-256.73355528563906,-1230.5632219867505,-622.9340720661042,-607.6291524956295,-1230.5631664526074,-5.553414302994497e-5
4236,76.29457277288127,-22.180408465640305,-45.93387082157798,4,-77.6985066507616,-555.2239017207869,-463.69692345186377,-91.52697889137674,-555.2240652071798,0.00016348639292118605
4237,-5.188294374238908,41.49063578137446,39.816327010559554,4,-443.4484118724309,-1881.303641572921,-1888.6853185331777,7.381673742605432,-1881.3033044723536,-0.0003371005673216132
4238,-47.79060229668196,49.647200813328276,-34.29226112521022,2,-86.29442596028166,176.1070228864496,15.39027411298721,160.7167488943953,176.1066760397234,0.00034684672621665413
4239,64.98189354328954,1.5788355674875467,67.83251814409996,4,-80.03635245882836,135.39885287367113,260.2326779905265,-124.83382492704948,135.3988816017065,-2.8728035374570027e-5
4240,-14.03625541977792,0.3768429066091009,4.24421116224386,1,-500.0000000000794,33.78052555108768,12.77312533778907,21.007400039950202,33.78052655408942,-1.0030017421058801e-6
4241,34.723686131837056,6.520035532167017,-9.433722078955391,4,-131.00041005959315,-1231.5262002392494,-571.5498539484204,-659.9763465447371,-1231.5262332131492,3.297389980616572e-5
4242,8.989110800420695,16.754042075063204,-39.218217200923426,4,-150.3086643522876,-8533.06834809618,-8290.713203402252,-242.35512591966807,-8533.064109240435,-0.0042388557449157815
4243,-25.029227777493954,3.3821048374075535,79.33213341957651,4,-288.37864189309147,-15608.752813612571,-15621.559043948173,12.80619865180738,-15608.75718236863,0.004368756059193402
4244,-40.21097884474194,2.755024825606297,11.957171273167528,2,-105.35014655863479,58.12452271662172,0.921347599214128,57.2031749483816,58.124503500282465,1.9216339254057857e-5
4245,31.37716218139362,-61.290734798908474,29.93760838819392,4,-135.89717889350294,242.18317333587734,326.45078731723925,-84.26761443438949,242.18265467006248,0.0005186658148659262
4246,-17.675659497270416,-1.927091849069668,-19.477561075585395,4,-219.58692371463667,-4349.83630871502,-3749.209639625435,-600.6266811339549,-4349.834438133637,-0.0018705813827182283
4247,-8.426223569717402,-13.047860010467101,13.472476780147977,1,-500.0000000000794,63.28262842503278,7.6122614519821665,55.67036629056314,63.28261640355855,1.2021474233847584e-5
4248,17.586286665758685,8.98030081031089,2.211178568825884,4,-181.24000899093198,-1024.1204464253378,-442.15553889493617,-581.9649058365445,-1024.1203940981538,-5.2327183993838844e-5
4249,6.937766773390056,-15.305925412365271,-28.839615342078865,4,-166.85100281354858,-6701.168230257241,-6445.671256080205,-255.49698524938967,-6701.163566355202,-0.004663902038373635
4250,-2.352729728133136,-32.43913620750974,-10.320741467126698,1,-500.0000000000794,110.99021281809858,76.09446643548289,34.895750299741174,110.98996191480525,0.0002509032933346589
4251,-45.15495170230685,-17.728301637739197,11.416063502316222,2,-87.92936927479006,87.721403077615,-1.5036790073941355,89.22508167452962,87.72134572371853,5.7353896465883736e-5
4252,-4.588546192806452,-74.19799068228458,55.92117595321118,4,-279.2792658429841,-2559.7120341733566,-2512.6977268403784,-47.01431205263671,-2559.711165299283,-0.0008688740736033651
4253,31.23763006678594,4.986183826175655,-51.33979287751714,4,-110.05513408349066,-4439.577347201754,-3994.7846893201686,-444.79266565014393,-4439.574644126573,-0.002703075180761516
4254,1.681223368705705,-30.68238411013571,-20.55201679066585,4,-414.1217812122396,-908.1680620486791,-707.1732548723968,-200.99480862310477,-908.167929551734,-0.00013249694507067034
4255,-29.932190759052755,-18.2719015558338,-43.98899126301922,2,-129.570551503779,240.60524819419936,-32.24288330332523,272.84813162454947,240.6047239072299,0.0005242869694654928
4256,-51.865098272484396,5.909417822687606,-48.37844495104582,2,-133.2483418894216,498.7727896200844,-31.510373670425075,530.2831655327487,498.7722344908495,0.0005551292348968673
4257,0.07489567332195315,4.810703974130925,8.715086202391063,4,-303.45149187000186,-749.7748473592221,-302.5859851554456,-447.18886155118867,-749.7748566887087,9.329486601927783e-6
4258,13.300455437086034,-61.63925920179938,-69.55001683994834,4,-248.6587068883375,-5395.188423483422,-5411.143047529117,15.954636884560399,-5395.187959313218,-0.0004641702043954865
4259,20.851085043175964,11.178800974692532,12.954736037717323,4,-187.44684508771488,-503.02541855224456,-114.38451844611018,-388.64089976851926,-503.0253904663681,-2.8085876465411275e-5
4260,0.1500833596285105,0.5308624665405053,0.30611618350193204,4,-237.91961922447734,-1433.9042315266493,-788.8694579228702,-645.0347737406659,-1433.9041009712232,-0.0001305554260397912
4261,-5.538360604660922,-59.05716588748898,-24.84378913452649,4,-412.13085249583486,-5237.421538156057,-5215.484272662304,-21.937291395399846,-5237.420283285837,-0.0012548702197818784
4262,-40.686544132077614,-15.392259537371677,17.92312076675962,1,-500.0000000000794,161.01159132829787,-44.972811152693716,205.98440523734845,161.01210729322304,-0.0005159649251709197
4263,-6.622955284661586,-7.55601134874913,33.08279467217969,1,-500.0000000000794,-1235.7049190890868,-1251.3770825084978,15.67215530214998,-1235.7064296379092,0.0015105488223525754
4264,42.15968559378747,-33.31054814812621,-22.63726762276262,4,-141.5997487966295,166.23745568771392,2.8210044284845637,163.4164501850608,166.2372570433024,0.0001986444115118502
4265,-37.98149328974483,43.721179036779084,59.76303354268724,4,-380.33281513889204,-8044.840094917109,-8121.693320167272,76.85323199411985,-8044.837484547775,-0.0026103693344339263
4266,-16.989630085232236,35.02987794554257,-27.995067327528808,2,-172.00703062551966,190.85835460040477,41.17331446877203,149.68504060419963,190.85685482990155,0.0014997705032158137
4267,-20.87339363212265,37.01081194478171,0.272123265726855,2,-341.6077813393741,-157.71934696382263,-239.5830458405098,81.86369829508608,-157.71856888185187,-0.0007780819707647879
4268,9.065092763634006,7.126152106255582,1.154905205537001,4,-205.821230480661,-1238.3491834937718,-613.9962207934956,-624.3529655728229,-1238.349053912316,-0.00012958145566699386
4269,0.12591417997719462,-0.21201273028407672,-0.22057789154928467,4,-235.7554392675882,-1465.9811189594811,-817.0956856992534,-648.8854335978807,-1465.9811895437342,7.058425308059668e-5
4270,72.67695630622552,-33.81072349476951,-3.4363048026444747,4,-85.69506394734339,-52.88702712514531,-20.316266670839735,-32.570760886966994,-52.88707691118585,4.9786040541732746e-5
4271,-15.181997371364453,-25.744229032480806,-13.942470634107753,2,-337.61775288944375,147.0347136702616,2.10813108082079,144.92658197328134,147.0346412062866,7.246397498761326e-5
4272,25.69670574774393,1.065266480713411,-2.366997819863644,4,-153.2825658193087,-1162.086637930817,-519.1163771642988,-642.9702603980412,-1162.08656894942,-6.898139690747485e-5
4273,59.60857482201051,7.490778008113863,36.359724813188976,4,-94.80140717998471,-136.9618380536189,90.82309677530908,-227.78493525802463,-136.96184719163767,9.138018782550716e-6
4274,2.7097750366056523,-1.910454597727188,1.3350747201890196,4,-231.66700948899867,-1322.5380515025056,-693.0361930561525,-629.5018598677024,-1322.5379713060827,-8.019642291401397e-5
4275,55.45235682055743,-17.245543177537776,7.298948242478448,4,-105.24393734129904,-515.6852984790589,-89.27131162603698,-426.41398609361795,-515.6852452536269,-5.3225431997816486e-5
4276,35.9520656545659,-39.04475357959035,-13.208081464116448,4,-160.17397905845044,43.17346202180118,27.696990403199642,15.476471361881227,43.173389988712046,7.203308913261708e-5
4277,6.120113736603951,-25.20021317775667,8.38695443460582,4,-317.95043570990015,-150.04556087059578,6.6088021434941435,-156.65436339036648,-150.04555273148492,-8.139110860838628e-6
4278,-54.61256149442366,-44.354071509752266,2.9424785587223337,2,-85.46724608280363,147.64150327203083,-0.15963802338954886,147.80114136939144,147.6413686384412,0.00013463358962439997
4279,-0.6007600043114026,26.98892270631703,-16.526656523220186,4,-292.1471776412007,-1969.4652804752377,-1554.2042134933663,-415.26107156759804,-1969.4664775290266,0.001197053788928315
4280,17.035328075653375,0.9560102127361746,4.555484539339858,4,-185.3994568227957,-993.1903682598354,-402.15357078406214,-591.036797308346,-993.1903793706441,1.1110808713965525e-5
4281,-8.393126456331563,-68.71042577438484,-59.8029911795987,4,-394.2861101439992,-10439.85613676183,-10277.796004789023,-162.06013726302504,-10439.853920070604,-0.002216691225839895
4282,-22.48641096775187,20.378503797557475,58.571424413249474,2,-315.37310841797495,194.91742884841221,50.36289434782554,144.55453764202596,194.91709852263736,0.0003303257748541455
4283,-26.021588088673205,36.39974119999495,8.001638350526889,2,-286.03235556087367,-253.30422473585494,-351.69668681331154,98.39246646137748,-253.30438956387567,0.00016482802072914637
4284,-20.811729495988054,2.1131481991612806,46.66828204646813,2,-250.17780024327234,12.679083170660995,-16.87982502482482,29.55890991685682,12.68040418896286,-0.0013210183018657062
4285,-14.637734220944484,-26.728184668948273,-13.47623025676324,2,-344.3549601374345,157.61045903824365,3.0095705136751207,154.60088783815715,157.61030401926422,0.00015501897942726828
4286,0.046909800393915964,13.07002263566578,10.799404972232965,4,-351.7018013663352,-345.62859215611826,-120.5107132125539,-225.1178781764452,-345.6285772506866,-1.4905431669376412e-5
4287,6.9184284817755435,-20.419068186787875,-35.35760936398048,4,-190.57784983743065,-10261.863581870812,-10376.52728696771,114.66372255523544,-10261.858142671545,-0.0054391992671298794
4288,-2.197933611730166,-13.056024448638569,4.789480229031532,4,-328.5249695276345,-820.3194274446911,-374.47800176494263,-445.84142465666474,-820.3193608614522,-6.65832388904164e-5
4289,-38.09443809304563,-20.009983879011326,-15.066062381965258,2,-87.9756728556874,97.05109621216101,0.5756828558788973,96.4754128519402,97.05176507243878,-0.0006688602777700225
4290,-1.058581885714176,9.060103210891041,-9.815260976260243,4,-209.82481076705744,-2150.295673368053,-1517.8498116570363,-632.4458656613739,-2150.295226428683,-0.00044693937024931074
4291,-4.3542955895005155,-12.098001274787975,14.5203127349664,1,-500.0000000000794,35.263951729226214,-27.568527349425352,62.83247882274055,35.263945784125774,5.945100440385431e-6
4292,49.25108777948734,-25.47779444220984,76.52717865103826,4,-90.86513539224585,563.4811543419875,635.1847232915052,-71.70356959850716,563.4816038434553,-0.0004495014678695952
4293,-38.5498788982315,71.13847335975504,48.31503279277434,4,-295.6476016172466,-9585.911696750805,-9652.475635211078,66.56391660380551,-9585.910175398172,-0.0015213526330626337
4294,-32.7825334439083,-9.981442158552486,27.74243700984999,1,-500.0000000000794,275.9104058734515,225.95081393878678,49.95959186236566,275.9104442149515,-3.834149998738212e-5
4295,32.104487799618546,24.30090193600632,-13.208587713538002,4,-149.7976468255417,-976.5829260996094,-499.6970757755192,-476.885846702401,-976.5827790953365,-0.00014700427288971696
4296,2.9356613251340544,14.311349371556089,18.525626175082884,4,-374.5100658385303,-35.991422064093435,12.048444262985008,-48.03986571615726,-35.99144085647937,1.8792385937160816e-5
4297,-2.2716941745124375,36.27538380654055,56.82559414123829,4,-434.7107574423217,-2615.333710736911,-2639.6244123763245,24.290692911757766,-2615.3329374507052,-0.000773286205912882
4298,11.627263094871044,15.47889476186321,22.302443403981734,4,-252.32302810614996,-24.745723301847292,84.86319998043642,-109.6089234559202,-24.74574771415061,2.441230331839961e-5
4299,-14.387656204768476,-24.462916223038512,86.92127440856827,4,-330.3326993769947,-5946.5486063796925,-5853.169663954585,-93.37898771393064,-5946.547736965759,-0.0008694139332874329
4300,0.10710020178976166,-0.011556818631917211,-0.16152610058691155,4,-236.04609908372115,-1463.4114104722921,-814.7498338832826,-648.6615769230633,-1463.4114838682785,7.33959864192002e-5
4301,-22.45903809798091,-57.905317481802406,-42.63687886329856,2,-167.65997656256968,306.84788078948475,222.9926437218745,83.85523671445556,306.8480141146595,-0.0001333251747723807
4302,-51.19224157734075,71.17233086364656,10.629466312697822,2,-148.79895661433207,-130.34136710727802,-33.661940374640984,-96.67943887104066,-130.34330573624047,0.0019386289624492292
4303,-81.8684304583707,6.670608003003126,-16.60405708411292,2,-40.16350556813405,130.94896409718902,1.5315832244716723,129.41738129737428,130.95058133492017,-0.0016172377311534092
4304,16.407347090835238,-6.147944117825264,-27.462293646017407,4,-145.78671118711085,-3548.9182102643813,-3047.724662768246,-501.1935357398716,-3548.916553453938,-0.0016568104433645203
4305,24.907316978179676,91.83527312317314,21.11567973516597,4,-163.5427270612423,-17.490201822443733,-34.498928804873024,17.008720488686762,-17.49112080096604,0.0009189785223071567
4306,-11.723573853287379,-31.2307015378016,-31.34006255620767,2,-205.686166990061,166.00950161277822,33.57225338793367,132.43724863934796,166.00906051669543,0.00044109608279541135
4307,-66.98790648217391,-2.902619620047535,25.823072620204353,2,-58.06385242662324,54.407489868062406,0.13933861274775203,54.26815113573026,54.407546479373394,-5.661131098833039e-5
4308,0.7397290206805892,-0.1593946938488786,-0.03245173936448165,4,-233.77510222157375,-1446.7304994064605,-800.177426128281,-646.5530735560652,-1446.7303689304163,-0.00013047604420535208
4309,35.23648647268472,-21.63476923139933,-29.724784890689698,4,-137.6127006978111,-1228.0510579504326,-1172.7568826985096,-55.294181602222835,-1228.0508071283152,-0.00025082211732296855
4310,-18.08100817542188,-2.7751770343290207,-89.04096931613522,4,-107.57824158043653,-15675.365111277823,-15991.571515148422,316.20639668669367,-15675.368356738743,0.00324546092087985
4311,22.20174820055563,82.0392230853229,-7.099136356687103,4,-194.79195163440184,81.17372030735747,1.8797142194135246,79.2940018066858,81.17246478828469,0.001255519072785205
4312,-69.7601742744391,-48.76890524970091,-2.969811572401123,2,-57.98142510096291,112.98096584115277,0.17479863179323538,112.8061669449215,112.98067474402765,0.00029109712511399266
4313,-47.53465194083058,-11.497306505309496,-64.06976500073394,4,-153.6784105192238,-13195.670666380038,-13924.64801519349,728.9773116048938,-13195.659254050108,-0.011412329929953557
4314,43.56622739319605,-23.402080268056167,54.60354624202832,4,-108.56055474675418,221.08182638904344,320.0993336185794,-99.01750692478589,221.08186217032906,-3.5781285617986214e-5
4315,-20.167149334302813,23.35541149774604,-38.954616754777774,2,-161.312215935234,223.97244316129834,8.990713635690737,214.98172844220392,223.97231018824039,0.00013297305795845205
4316,-1.037389004242251,63.73174352923698,74.65170638117958,4,-247.4732690090313,466.0486406139517,480.64355309970585,-14.594891215430692,466.04919618526566,-0.0005555713139528962
4317,-1.8423953419342516,-12.181391708467444,5.393241930660257,4,-325.4784435285539,-806.5689217874053,-359.2548898258705,-447.31403168854115,-806.5688735517236,-4.823568167466874e-5
4318,-7.585663978268963,-22.3199819181277,18.2383470851495,1,-500.0000000000794,105.34827768329383,35.69233470596404,69.65594276060317,105.3482261719622,5.151133163394661e-5
4319,26.87880159932427,-36.92233058186201,6.669509647671622,4,-180.41072425629375,-55.24976849682107,43.95128842581497,-99.20105888216762,-55.25000378835555,0.00023529153448009765
4320,15.281944909200153,1.6516008407491187,10.055647250689994,4,-203.82471139036136,-729.6354858618182,-233.7173828322391,-495.9181024936717,-729.6354485173637,-3.734445454028901e-5
4321,-1.076999206685218,11.220343132522261,28.2591769131976,1,-500.0000000000794,63.472194375448794,9.671871476358545,53.80032067467001,63.472193891341675,4.841071188366186e-7
4322,17.73948919754604,-30.624997848818232,-79.7812956151204,4,-120.26542920537578,-5860.065599213043,-5991.308993756741,131.24338654019377,-5860.064060188927,-0.0015390241160275764
4323,25.16020566126899,83.13449093406201,-37.34537003555596,4,-206.93988947386399,-115.01739728645323,-102.6989730863322,-12.318427946088974,-115.01729066882976,-0.00010661762347297099
4324,-8.985654684157183,-12.364911896011444,50.56907508446468,2,-405.57877476317077,161.4753501893413,78.47371346895828,83.00163511513495,161.4746468682277,0.0007033211136047157
4325,-21.9498740194607,-86.36792884945586,38.522214835383146,4,-308.66862763858086,-10358.173532480152,-10290.357347482877,-67.81615511531339,-10358.17319587402,-0.0003366061318956781
4326,-45.24380148786435,-16.808231245945812,48.706940343333635,2,-174.39724431910437,21.50275667412785,-0.8360416521302252,22.338794833911567,21.49838159874593,0.004375075381918947
4327,-4.843058278614619,-1.2435807688894474,41.34640659791964,4,-436.80677267305646,-10851.517607162405,-10778.95486005206,-72.56262175545018,-10851.513137655003,-0.00446950740115426
4328,-0.0791909777035938,14.203817980598092,-25.849952549973704,4,-181.1208449466772,-6271.676050593767,-6008.483670158143,-263.1924021609324,-6271.671620852408,-0.0044297413596723345
4329,-55.42212371969075,-5.40522060115562,-12.48493667972149,2,-60.957692308377084,119.96785837766652,1.3622011344802631,118.60565717092857,119.96948070298616,-0.0016223253196443466
4330,11.068348045045296,-56.053154768002926,26.660778654219893,4,-234.02674965220288,193.84578701115984,161.75421579038417,32.09157260002628,193.84532210827004,0.0004649028898029428
4331,1.6123129055369518,0.47659432353886005,-0.4885288424206964,4,-227.65005270107173,-1469.9946712484314,-820.569616321467,-649.4250553062097,-1469.9948377885844,0.00016654015303174674
4332,-58.36064965707556,-33.42324003734412,58.43211411343796,2,-140.9189241289803,60.13175929279348,-82.5205853466976,142.65234321695297,60.13166810022463,9.119256885270488e-5
4333,-81.55377401970513,22.69736233808791,-30.07673116137646,2,-41.029577928688056,143.8280019361804,4.0085940795505834,139.81940786422254,143.82727351125342,0.0007284249269901011
4334,-5.74096569788996,-51.420999176457194,50.81832770217474,4,-394.8399622703755,-6283.620782240759,-6280.245062807024,-3.375721188552954,-6283.619692427135,-0.0010898136233663536
4335,-13.374712690778136,-6.026054193900369,-13.949749346261308,4,-230.4987085858231,-2946.1385827908625,-2278.857142718022,-667.2814466873033,-2946.1398574446866,0.0012746538241117378
4336,-10.272780547846603,-64.47316012816378,-39.50845482051369,4,-396.78747084825824,-7699.870001115439,-7770.4240752803735,70.55407835607345,-7699.868624240158,-0.0013768752805844997
4337,53.45590432632401,0.7808046218267863,-35.53859787732484,4,-96.13569576127082,-1584.316410824846,-914.3686170789745,-669.9477964570309,-1584.31629765933,-0.00011316551581330714
4338,-4.352776353958048,3.294899778161251,-4.951100620142539,4,-232.31769877631675,-1862.298262649444,-1188.317409487226,-673.9808519722333,-1862.2981064934668,-0.0001561559772653709
4339,-54.860871892631486,-7.394850078730688,42.53726584770678,2,-170.32821359599387,1.6602890985252154,-68.39823703381991,70.05853092316846,1.6626050621810229,-0.0023159636558074403
4340,-2.3470856454863904,-11.126697138076903,15.745706293157571,1,-500.0000000000794,25.734696462181212,-30.45888633309693,56.193582781288185,25.73468830423649,8.15794472330822e-6
4341,4.334986023140352,8.251637404977618,3.7122430534866058,4,-236.6710293762386,-1138.6285684281702,-548.245923107214,-590.3826461706686,-1138.6284810462014,-8.738196879676252e-5
4342,-12.190682677830305,-8.647831020311372,28.90843771106492,2,-437.8757989912529,53.664139875187296,2.1385298253120792,51.52561008818716,53.66416536932574,-2.549413844121773e-5
4343,0.3780209125639878,0.40444931438902704,2.708067933020944,4,-250.15105232546662,-1262.923969814097,-647.617972010218,-615.3059995597073,-1262.9240444380732,7.462397616109229e-5
4344,-8.72822432239873,15.009447981706622,7.642530423124926,1,-500.0000000000794,29.640361453336435,25.712880796379853,3.9274813470000347,29.640347280298432,1.4173038003661986e-5
4345,-8.061311786597738,0.6345879898066212,-24.80280364501851,4,-184.1714433164392,-6660.923475505999,-6264.910912467935,-396.0125571554355,-6660.917991034589,-0.005484471409545222
4346,-13.190568468272113,17.993080389996038,22.855093435155073,1,-500.0000000000794,-27.153640235714366,137.20626193362153,-164.35990293383716,-27.153640786160302,5.504459359428893e-7
4347,73.83458846996605,-34.64601561791621,-26.522465442501847,4,-84.44199223000838,77.1414052311642,-36.01065703755943,113.15206088203715,77.14123373070008,0.00017150046411984476
4348,33.40858517341853,23.440998127113566,8.00965764449855,4,-149.24434641503885,-473.4623459197979,-95.44838157056847,-378.01396322671826,-473.4622996719206,-4.6247877264704584e-5
4349,-25.771712289282075,-43.11718833271424,-11.439096879917335,2,-166.72205042378525,114.67299854400456,60.66453315242377,54.00846512939686,114.67250648505821,0.0004920589463495162
4350,0.05735795987706263,-0.1917300021576909,-0.0864699942671249,4,-236.72370250153384,-1457.6517194760218,-809.7289493813377,-647.9227704102327,-1457.651589432964,-0.0001300430576520739
4351,67.08538636350455,-31.384164469617826,7.078740862987468,4,-90.97920599069718,-140.81022704062036,-0.24318963665631865,-140.5670382478569,-140.81027885148407,5.1810863709533805e-5
4352,-25.013301641775374,-9.669003896366231,-58.57831783806422,4,-144.26999333528653,-14838.973563355792,-15198.997957436899,360.02441234785374,-14838.971680669063,-0.0018826867290044902
4353,-25.184074810002816,-17.443810813156283,20.05327565796729,1,-500.0000000000794,179.05055220250983,77.14216746195382,101.90838482532563,179.05067747185208,-0.00012526934224865727
4354,27.762501867405767,9.113341096056477,-4.279392746580032,4,-148.50859856399035,-1121.857896925677,-505.6285302810746,-616.229366104197,-1121.857861505308,-3.5420369158600806e-5
4355,-9.714282792015888,9.452687866037271,19.320153987012674,1,-500.0000000000794,91.51864182025702,-18.476000524514188,109.99464240951976,91.51862790036284,1.3919894172431668e-5
4356,2.152802635388663,-49.22340762702252,-82.85224703465646,4,-147.30176006183885,-1351.6916951881296,-1382.0480849016005,30.356395288296582,-1351.6896911155795,-0.002004072550107594
4357,-51.79374808501664,15.071836614229781,-11.045508450194813,2,-65.46138975519159,102.71164503235649,2.9891644841981915,99.72248056301021,102.70914794019019,0.0024970921662941237
4358,33.747118324793455,53.705352514199284,-19.395591368582853,4,-162.72877407531735,129.73440813250215,145.20996819204953,-15.475560971385107,129.73409667071326,0.0003114617888968496
4359,-35.61252301940949,-33.16659399186252,14.094485951746861,2,-252.60047608252853,120.22302526267356,-3.532890803778268,123.7559112563907,120.22277757341986,0.00024768925369755834
4360,42.99049894049019,-57.74376041963292,25.525141738290756,4,-114.39396774584405,178.22131519412594,262.06707098754634,-83.84575632376244,178.22118590763196,0.00012928649397281333
4361,-16.0182739100154,-1.0846586011666473,67.22154746266764,4,-331.49917169242514,-14779.306066379197,-14941.368135469584,162.06206351321222,-14779.309409312718,0.0033429335217078915
4362,-9.271314534401414,-23.06169146267822,16.279249315042215,1,-500.0000000000794,82.38018824345868,51.29764995452675,31.08253861435686,82.38011275518107,7.548827760217591e-5
4363,-0.6413017761403902,19.873700400515414,3.192480167140326,4,-316.7966135630227,-652.1148419633984,-328.9502280487841,-323.16461447504884,-652.1148384876142,-3.4757841831378755e-6
4364,15.202811612237559,-27.659179245682356,-57.47464120840917,4,-186.57738103468625,-1493.418461065441,-1575.3667794729586,81.94832455945709,-1493.4174023817563,-0.0010586836847323866
4365,0.5506582528486612,-12.406462743752428,9.607635474987617,4,-347.24394908748604,-422.2630819224955,-149.86275691388565,-272.4003250203011,-422.263060960159,-2.0962336463981046e-5
4366,-2.0293864995133513,29.877906778714763,16.962868676178985,1,-500.0000000000794,-10.369750194365437,-237.4425716369713,227.07281885970906,-10.36996732632927,0.0002171319638328839
4367,29.840867364616095,-33.00519574313248,-38.42104718785988,4,-202.80452735225117,207.09916062908346,33.12872040856811,173.97044179954983,207.09906866057113,9.19685123221825e-5
4368,-65.22400335882558,-27.435751674147603,49.41480425855514,2,-148.07706452436494,242.56370662102225,137.13804825861465,105.42565943103007,242.56179945554013,0.0019071654821232187
4369,0.1114996969178332,0.0006012198062565619,0.004667332808089169,4,-236.8321785427441,-1452.0402030959644,-804.7510607116559,-647.2891426800898,-1452.04010511394,-9.798202449928795e-5
4370,48.03365019722227,6.9378529575017005,29.500186968026124,4,-113.27021833581489,-178.60432905739825,71.67726249931454,-250.28159173024505,-178.60433554214003,6.484741788881365e-6
4371,83.37793573133472,34.25543956236878,32.71411490515948,4,-72.04139644293677,-75.45987335337611,71.08016017297193,-146.54003337533055,-75.45998829723872,0.00011494386261290401
4372,-0.3071397240717909,0.5102461198169747,0.5266486348861351,4,-241.3478663855821,-1422.8046124283094,-779.4630934666092,-643.3415189179372,-1422.8046897179788,7.72896694343217e-5
4373,74.6465591394891,-50.53412367519672,8.313522174308819,4,-80.99136409858852,65.4554643315107,36.31913482619904,29.136328943778434,65.4551672130121,0.000297118498593818
4374,-2.924233528946965,9.513832612712779,-9.15772174186875,4,-218.1180547774307,-2107.008826086062,-1474.7466265075905,-632.2622027048003,-2107.008269742703,-0.0005563433592215006
4375,58.95750811979053,58.72456335885338,-23.370278573778876,4,-99.3591886807347,191.0496269568713,82.51761556471892,108.53201158760865,191.04936488361628,0.00026207325501559353
4376,32.9662041970661,0.1522461932314081,38.30965214544457,4,-141.47361773561897,6.892754930279561,144.90795381115933,-138.01519883458047,6.892750351512964,4.5787665969854174e-6
4377,22.841877869919173,22.283802073979782,14.19286634514967,4,-185.47597446263157,-212.40209554442498,-18.828202683501523,-193.5738941628676,-212.4021222012656,2.6656840617533817e-5
4378,-6.249653703078606,-8.94490422486334,3.013301643312174,4,-336.0788025051305,-1064.5283504475078,-525.7000216866388,-538.8283270116559,-1064.5282916472438,-5.88002640142804e-5
4379,36.65324490853042,4.968615233493144,33.96478476209103,4,-134.4789523884072,-69.11352629946612,102.95151081658942,-172.0650370651973,-69.11353255765675,6.258190637709049e-6
4380,-19.16984153285874,8.308981604127515,-1.7887369465776006,1,-500.0000000000794,63.966713288895114,4.378367816673517,59.58834520061393,63.96670820497075,5.08392436415761e-6
4381,-35.35095708693397,33.21566118488915,-45.52027408716826,2,-99.20135108092975,211.85536334587835,5.849477444315207,206.00588604649974,211.85489003808158,0.00047330779676713064
4382,52.41426015260873,20.27274558893695,-23.1641919630839,4,-105.62718112685683,-879.1421199047139,-507.9534120478293,-371.1887077429281,-879.1419405421925,-0.00017936252140771103
4383,-23.950748739218692,49.07486536537493,27.79245757111891,1,-500.0000000000794,-3038.6783592965685,-3131.3230986498543,92.64473214233244,-3038.6782036172076,-0.00015567936088700662
4384,65.82594938718793,39.48799508786165,12.758920652405921,4,-90.36236712237228,-31.638244484739577,33.588909255901214,-65.22715323829614,-31.638384607698956,0.00014012295937959607
4385,-3.268172933078077,-18.2599598799083,59.779197663680776,1,-500.0000000000794,207.61558349962948,58.865881176673795,148.74969891205987,207.61560942749867,-2.5927869188535624e-5
4386,-24.692118314043892,21.637187256268323,6.770743445931818,1,-500.0000000000794,117.15038408096139,69.89250610840605,47.25787814786527,117.15041756805174,-3.34870903486717e-5
4387,27.07697206479327,-23.092257649093035,-7.860716819921919,4,-164.0939421650599,-875.8285879506495,-450.1800544708254,-425.6485308730813,-875.8284855599917,-0.00010239065784389823
4388,-7.291327695813339,-5.321208476414586,-17.867646639031896,4,-199.70429262653073,-4258.540417469733,-3741.640790919357,-516.8996222353553,-4258.539770396667,-0.0006470730659202673
4389,13.937447200078504,8.450442453267694,11.893476026727784,4,-216.52507998933015,-597.6847777872807,-169.11538776537526,-428.5693886080779,-597.68474274931,-3.5037970746998326e-5
4390,34.45196848138102,-72.87098408740033,13.550149831686639,4,-129.6908201133541,250.29217155106176,333.64112507106233,-83.34895353073449,250.29134215086464,0.000829400197119412
4391,-23.31551428110882,34.68211347849892,17.464040395826707,1,-500.0000000000794,206.4847214477187,57.4917893770122,148.99292888100496,206.48490112976688,-0.00017968204818430422
4392,3.2247680864497754,15.803088050049965,10.758368193515295,4,-310.7398418595794,-404.2404354534186,-123.10570193900514,-281.13473324307915,-404.24043074292035,-4.710498274107522e-6
4393,-6.064761709787113,9.509054062214624,6.44177946100751,4,-392.92647001240175,-712.696381236232,-307.42503203036273,-405.2713478418736,-712.6963354134134,-4.582281860621151e-5
4394,9.972452308330308,32.23488707677171,-11.252538971753083,4,-278.8257725679014,-193.49023605570687,-208.45397898213923,14.963740812909288,-193.49015563917433,-8.041653254053927e-5
4395,56.36153643383756,57.73889908398772,35.59296049128625,4,-91.83183079763614,144.90593518520706,218.91861290693993,-74.01267834885729,144.90567490752255,0.00026027768450376243
4396,21.314301729623214,23.140220281890983,5.224615630315409,4,-187.12389765382454,-486.0153212462618,-170.02511260760303,-315.9902069934609,-486.0153179023282,-3.343933599353477e-6
4397,-53.163336493682515,-55.17855073167596,13.909119089888025,4,-348.5021286826494,-8871.547309565954,-9276.278788638672,404.73144095099826,-8871.553649009044,0.006339443089018459
4398,-83.48557946191094,13.573962120466797,11.273725583624,2,-40.647524912051935,80.70477522258574,0.15759583761325388,80.5471793221935,80.70793007783058,-0.003154855244844157
4399,-45.15323016990979,-59.81449462727337,-65.54467810166734,2,-129.60028415735366,223.47372804310544,87.57691574498679,135.89681166455978,223.47395684906508,-0.00022880595963670203
4400,-46.16878338078356,-10.344002471350946,8.524939052406019,2,-81.56581128134945,70.57101533221964,-1.2941670825683311,71.86518230842356,70.570664301032,0.00035103118764823193
4401,-2.307813295779608,-7.695246336743759,-5.622970860631856,4,-227.43232962490785,-1800.5001868129132,-1166.6109501388144,-633.889234384068,-1800.4997420225882,-0.0004447903249911178
4402,-19.319421633957667,5.270007263909895,-16.812095930509177,4,-241.25481658574853,-3018.4276802937566,-2288.369384215397,-730.0583019858022,-3018.428102784041,0.000422490284563537
4403,83.5122189811771,-17.273193281622305,-42.085550749815056,4,-72.09560600089539,-817.6445588914456,-471.46424204739327,-346.18031532507246,-817.644547590955,-1.1300490655230533e-5
4404,37.03836347390817,28.116075850629286,17.602776702135692,4,-139.83637550759616,-178.71519718364584,41.504006874698895,-220.21920388985723,-178.7152743116878,7.712804196557954e-5
4405,-30.74175757243569,7.489978244241732,-78.33503480560984,4,-120.96574948248885,-15422.757736423462,-15941.63294708349,518.8752011316705,-15422.761820188216,0.0040837647538864985
4406,13.572293549538427,4.766146131160946,-3.853284831382721,4,-179.916683088151,-1418.5144474766807,-772.1529572888805,-646.3614910948965,-1418.5143383708344,-0.00010910584637713328
4407,50.027966339451545,-16.326151005661508,-21.416371635749833,4,-107.9751240880511,-1142.8885098296153,-595.5703156103398,-547.3181963532389,-1142.8883105975112,-0.00019923210402339464
4408,-16.761374091265154,11.792179090046542,27.986659383086465,2,-354.7484328877279,31.84413067135991,-2.7165498071758374,34.56068044349456,31.843907370575153,0.0002233007847571855
4409,35.05766100412162,-25.063714808813643,1.6027255091409986,4,-147.75872775611938,-558.7019198865709,-157.19933358835,-401.50258578840493,-558.7018769597903,-4.2926780565721856e-5
4410,-48.12755014302158,17.42699937294445,27.756133759963145,4,-459.094090951942,-7357.672996883672,-7533.81430697523,176.14128019724467,-7357.672061506408,-0.0009353772638860391
4411,-11.862757744552187,-29.917386060565597,9.339399249460907,1,-500.0000000000794,19.310117973954647,93.5326487062673,-74.22253326937529,19.31016683330803,-4.885935338450054e-5
4412,-29.279696693266708,-45.07861175645601,-12.902034353694198,2,-138.481913616705,106.9222000722993,55.5738702641315,51.34832937833561,106.9219401001244,0.0002599721749021455
4413,86.3205975198549,-32.17608411401959,-28.201570542540082,4,-72.98069889639626,-53.776311680802785,-89.70146699545342,35.9251552709289,-53.77638158162292,6.990082013658139e-5
4414,-7.802970316201599,-19.725174028505027,-50.63378172713471,4,-205.56605755015605,-7546.688934600971,-7742.101577026839,195.41263905733678,-7546.686131061794,-0.0028035391769662965
4415,-6.704601398513184,-9.164973445833118,3.965614122812071,4,-367.90061408290296,-921.2519079335024,-443.9862449501814,-477.26565948961667,-921.251918206816,1.0273313591824262e-5
4416,6.133436687454535,2.2336197035250382,2.6336781210083133,4,-220.24791458770508,-1221.5954007088967,-603.6909684241153,-617.9044343894053,-1221.595477978103,7.726920625827916e-5
4417,-38.701013023411726,2.968811921433574,-12.873421958552205,2,-99.75011218034672,157.06061138849944,1.4011452255818273,155.65946655061208,157.0588793452641,0.0017320432353358228
4418,-0.049651553158424185,-1.9435163386580838,1.370001452758033,4,-245.78474847535531,-1344.026670381473,-713.2796139820492,-630.7470574268249,-1344.0265587625183,-0.00011161895463374094
4419,-12.050082096079345,-34.280963713066754,15.928790968449462,1,-500.0000000000794,216.16953838967208,132.64747570677804,83.52206247189878,216.1694442395676,9.415010447355598e-5
4420,67.19084527769083,-23.69753195354173,19.703214726948346,4,-89.32400747123783,-224.2246215002307,34.314074930518025,-258.53869710666277,-224.2246300650458,8.564815090039701e-6
4421,-3.173270373964329,2.3899518600126464,-21.072915010290576,4,-183.881638404994,-4847.5671024197445,-4374.93425124007,-472.6328649438635,-4847.56310683098,-0.0039955887641554
4422,0.8740312402585633,-2.1409184497830926,2.1035796527740245,4,-244.97502832483957,-1284.6835860142212,-663.8978604541749,-620.7857275776788,-1284.6835145292596,-7.148496160880313e-5
4423,57.0592909596248,7.383600362633718,58.13109507333721,4,-90.5895857983465,80.42105884487601,211.8067789279265,-131.38571981708986,80.42107348073141,-1.4635855393407837e-5
4424,-58.48688610166194,22.994367628811244,20.893318949061953,2,-69.17285906192255,99.11087541299189,2.2849387728103423,96.8259360816332,99.11140714879853,-0.0005317358066463385
4425,3.296092452300844,28.828792348692346,20.75482489322101,4,-395.82751627458447,57.78704453500926,-60.6622586807665,118.44930169689991,57.78692675392331,0.00011778108594739933
4426,-4.498786238733104,-22.51306066386042,13.26262247367141,1,-500.0000000000794,82.98057086657857,27.455848528580407,55.52472225949167,82.98054162996765,2.923661092779639e-5
4427,-46.48883785260591,-55.84295238067092,45.583959108916105,4,-324.6656018964669,-6534.334005544345,-6585.076474828552,50.74244851108538,-6534.332269411615,-0.0017361327300022822
4428,5.076936023363512,-0.6959843100164202,0.017614349009742594,4,-216.0977166653157,-1383.6898286460018,-743.3351011035496,-640.3547270317613,-1383.6898912312734,6.258527150748705e-5
4429,-0.0922407546991612,0.1529189942340093,-6.363605508674461,4,-212.61291655773536,-1918.3164779296903,-1259.4695927106375,-658.8468855836303,-1918.3164926830445,1.4753354207641678e-5
4430,6.607621740316131,-5.1663049010198865,5.440445006386873,4,-232.91670408041963,-1007.0769943523048,-438.24365458823434,-568.8333395898242,-1007.0769445145255,-4.98377793292093e-5
4431,46.2059161059038,-39.34486898226006,36.53799827589784,4,-110.75987981718134,69.7668293714349,180.69291077808748,-110.9260818476855,69.76665663562245,0.00017273581244126035
4432,-5.070325838355785,22.772136250737148,-51.45865969982811,4,-311.1459294728858,-7476.603664944415,-7602.733325811955,126.12966457667706,-7476.602321234623,-0.0013437097923088004
4433,-4.959438545169533,38.26888320781745,-24.128348196919433,1,-500.0000000000794,248.71131960513412,96.64979035515002,152.0615296614875,248.7110023827928,0.0003172223413230313
4434,-35.93841224424092,-1.020114437920728,70.13497928860436,2,-163.037934188876,-16.467418846336706,-45.12843948034321,28.661018541281777,-16.466943029109128,-0.00047581722757783496
4435,24.59443964035126,34.21898079252627,-18.505598784274675,4,-213.14818941375006,-299.22965054167287,-127.28143802146883,-171.94821119481566,-299.2298555927436,0.00020505107073631734
4436,-7.948471654204554,-13.234005568424537,34.04818485468187,1,-500.0000000000794,101.1850871964738,8.904954971044207,92.2801329598452,101.1850770506541,1.0145819700824177e-5
4437,-60.587136106111615,-22.8225251522982,32.69157075219749,2,-164.35428590762368,127.89513681800995,-71.0862709418422,198.98140868868663,127.9036576524721,-0.008520834462160565
4438,0.7809992794314075,39.439915990866865,-15.444722359607649,4,-496.07133317950985,170.76841333017236,79.3864224575925,91.38199330441822,170.7681706880584,0.00024264211396030078
4439,0.2091018104760413,-24.584375915630364,-12.621688022738534,4,-276.79634387920817,-1673.187048432054,-1245.4165207804974,-427.77053114742955,-1673.187554189956,0.0005057579019194236
4440,-26.781549757159638,41.53401963427467,16.659587837069232,4,-470.23245393094135,-7954.426140277826,-8099.1476956014085,144.72157633045728,-7954.42511720012,-0.001023077705212927
4441,20.67166142771041,45.09430566970595,30.77641223217251,4,-179.34058434422923,156.62804843376625,210.8208474136821,-54.19280019343346,156.62782251833923,0.0002259154270234376
4442,83.70507705737532,-19.256097531079373,21.43594224932407,4,-74.07479605189302,-262.5614655316713,27.249972064873106,-289.8114381175196,-262.5614533464996,-1.218517166989841e-5
4443,16.338554665793655,15.176362126810139,-50.026737330588425,4,-129.2585758681212,-8356.60558045199,-8189.55584505898,-167.0497623242458,-8356.600604949204,-0.0049755027848732425
4444,-16.85008126058368,-11.947443877042463,-3.9392582994651684,1,-500.0000000000794,58.82255723724913,6.892771286865738,51.92978569153964,58.82254324806721,1.3989181915974314e-5
4445,9.046999287907484,31.981049650507064,63.50849395320172,4,-259.3049431475234,556.2209530074489,502.3237785809003,53.897173343502935,556.2210007000397,-4.769259078329924e-5
4446,65.37363497603947,19.23386785852909,-67.14337787192322,4,-80.12391220758725,-1660.3817504310316,-1529.0729907963432,-131.30875821859235,-1660.3806879299639,-0.001062501067735866
4447,-37.33939220943972,-60.536356671954984,-66.41950564921638,2,-139.6218711544818,239.5703830027411,236.81358143711176,2.7568007321885823,239.5697953607193,0.0005876420217987288
4448,22.064703269876976,-80.71074347423858,51.92345485094573,4,-165.35004209851112,-95.88860448397313,-177.46341422454702,81.57480836239387,-95.88978585596182,0.0011813719886930585
4449,28.669209405701505,44.349600071144046,-20.790007337162947,4,-193.85169852016153,16.208900427749978,66.71233427804776,-50.50343607621889,16.208714037777934,0.00018638997204334373
4450,18.763446389071717,-12.33450939888527,-9.413898441364042,4,-166.38065968353646,-1455.5252812404754,-900.0462790334855,-555.4790030698784,-1455.5251493737742,-0.00013186670116738242
4451,-6.661024696752994,-17.30287645378405,51.1518618964706,1,-500.0000000000794,195.19630648074647,190.9628770715931,4.233434513804367,195.19621198494937,9.449579710008038e-5
4452,7.108964571954998,47.78319146127043,12.251483464733452,4,-277.44405420490375,87.99397044132198,67.21902644644118,20.774942141432515,87.99372113209662,0.0002493092253530449
4453,70.15980804772948,-46.26740630933203,14.45542272800033,4,-85.1341041191765,27.2663868706882,52.66206531476201,-25.395678452473295,27.266247740655146,0.00013913003305532357
4454,-2.8923572822571137,11.906699840337536,38.363705733805496,1,-500.0000000000794,113.26492026755975,9.474218181067055,103.79070247025764,113.26492397879178,-3.711232039904644e-6
4455,7.00289417349351,1.0593738399846082,7.131653307697323,4,-235.5747294718643,-929.7472550578593,-386.6408943918878,-543.1063584574869,-929.7472086775979,-4.638026143766183e-5
4456,15.83261276044936,14.62562457900875,4.7398257604944005,4,-195.87060101022132,-829.4573141540009,-338.73615093994107,-490.7211637078464,-829.457268229606,-4.5924394839857996e-5
4457,8.773314926660742,8.262782984078502,12.282503729203391,4,-250.8523200954691,-550.7204403024066,-156.3016291810585,-394.41881109367733,-550.7204254957055,-1.480670107412152e-5
4458,17.51394120747155,-9.880045169715512,-29.19419281706032,4,-144.7914522972326,-3840.556426153504,-3378.027847459429,-462.52857649370054,-3840.554703973894,-0.0017221796101694054
4459,-15.701744255979165,15.41043578052236,23.310967474050294,2,-376.5194118347258,-5.655898194948013,-42.36717954699991,36.7112811374811,-5.655878156135725,-2.0038812287737073e-5
4460,48.176352713847045,31.283527319832064,-47.565805694600286,4,-115.83393572695613,-304.7201438627222,-400.11830799811537,95.39816515564937,-304.71976769482853,-0.00037616789364847136
4461,10.820433405311839,3.2248793769917468,13.8790081373979,4,-240.37340090046283,-480.4417162780069,-113.2419074672929,-367.19980838399454,-480.4416935763086,-2.270169829898805e-5
4462,20.158115507249068,68.51475369632081,28.70223775386952,4,-182.81651355034433,-10.951429749215242,-31.819642417158107,20.868212022400993,-10.951942662896736,0.000512913681493643
4463,7.934833446129242,28.727391773345094,-36.199936550786845,4,-367.9000596038156,-4475.82244509012,-4369.909332442802,-105.91312273786178,-4475.822003573834,-0.0004415162857185351
4464,33.701937259548075,6.000397125439247,51.28577239205671,4,-131.20486904046314,184.4470280521769,282.3143599087794,-97.86733231589267,184.4470764013008,-4.834912388673729e-5
4465,10.392684171472004,4.03753100103795,9.866376132655377,4,-227.04597384489136,-749.8361930177036,-260.8632297167792,-488.97296347669396,-749.8361677365222,-2.5281181478931103e-5
4466,41.346850029866616,-20.24910854844543,-28.506534574655003,4,-122.44274673318294,-1153.3525217534805,-907.539012568711,-245.8135090924131,-1153.3524774335378,-4.4319942617221386e-5
4467,-20.05844084691322,-34.68107828636887,12.527077660998826,2,-311.6484007270655,8.691824196509417,-9.954562967744533,18.646386709234942,8.691449638970038,0.0003745575393789835
4468,16.013874455259717,46.345166281548636,-22.85827970033918,4,-280.71786262562216,203.23483988809252,63.25621695709669,139.9786220128033,203.23466517532154,0.00017471277098479732
4469,62.57834031755179,36.91317553850612,-45.63539120938011,4,-94.71322233694949,77.73867285772546,-52.07334950829232,129.81202543215858,77.73855418643441,0.00011867129104814467
4470,-10.546265991156412,14.052461802551298,-26.69681557303615,4,-195.92951820881098,-7762.658516279516,-7435.985044413387,-326.6734880769142,-7762.653724765248,-0.004791514268617902
4471,-10.799619187213404,19.98735350050861,-12.62691673620383,4,-295.52551782923547,-1912.3779059161507,-1341.7725634067363,-570.6053384407292,-1912.377335273221,-0.0005706429296878923
4472,-53.4714447963157,-33.88718658638369,-47.92531037854816,2,-69.74529675817271,168.06138080027324,1.1262601097859986,166.93511989114938,168.0607427092864,0.0006380909868539675
4473,-9.098688839984415,9.578355800511323,23.12003169753952,1,-500.0000000000794,107.87804377238294,-5.03150016614233,112.90954250585632,107.87802935504901,1.4417333929372944e-5
4474,14.978616128674183,-56.84556903109079,-74.68433113657116,4,-178.8283282573283,-1613.1684648967787,-1628.6206418342017,15.45219358216058,-1613.167241046346,-0.0012238504327797273
4475,34.39184381395637,-20.81020398428893,47.594698443580526,4,-130.58114942736364,177.57504230423248,274.6226099844682,-97.04756697160873,177.57505441392485,-1.210969236353776e-5
4476,-4.1752848696595795,-0.825198936407916,0.6656755949507857,4,-266.00822089173914,-1423.2324585416593,-779.8644865885865,-643.3679718898817,-1423.2324629362265,4.3945672132394975e-6
4477,-1.1776029513463016,6.379398204239537,2.4618541728973056,4,-259.8863012110885,-1260.463571856394,-658.1292106238872,-602.3343613626108,-1260.4635021926952,-6.96636989232502e-5
4478,64.26240308606597,-62.51045286390652,41.19494573080533,4,-81.6465190765362,175.2706013289808,251.1936079802572,-75.92300605196431,175.2705912194299,1.010955091373944e-5
4479,-47.274072752639,-11.291188629227305,-43.6918527243583,2,-126.84837122589357,259.0577853335425,-25.062472015615345,284.12025860742244,259.0581937042895,-0.0004083707470385889
4480,61.67076008840816,14.570787346161516,-28.723027931577658,4,-91.64561817186365,-1065.8320849333602,-565.490910273025,-500.34117533100226,-1065.8320243432647,-6.059009547243477e-5
4481,-10.072808497250168,35.3598014089695,-14.573888075683907,1,-500.0000000000794,137.8847421879673,104.87951803946298,33.005221185399144,137.88436269378906,0.00037949417824734155
4482,5.243935130758455,21.09583228640303,18.60609154776128,4,-334.90186811790886,-37.8649053962635,60.0985796149978,-97.96348455596649,-37.864919143332955,1.374706945256321e-5
4483,-22.201114909390842,-47.05860013649734,-74.19174941579472,2,-161.79635175885397,244.3883288947822,164.13629991099586,80.25202543808591,244.38663439839863,0.0016944963835783255
4484,28.63026871457835,6.882869807551334,-11.26858890524305,4,-140.57617997323985,-1384.3879189542422,-735.3366600194871,-649.0512564525819,-1384.3877617022367,-0.00015725200546512497
4485,-16.470159089953917,-55.45621150143275,-10.41773495896781,4,-452.6079164942769,-9082.146106447732,-9079.203013094515,-2.943073982374253,-9082.145297356534,-0.0008090911978797521
4486,18.247519736516814,-6.3952583342370755,-24.288995212624233,4,-146.42346891792752,-2819.4412726798673,-2273.601256106589,-545.8400175441352,-2819.439719988194,-0.001552691673168738
4487,31.858847540414555,-13.168547032080367,-32.410300627767036,4,-125.18192354592323,-2362.3341197530613,-1832.1754362994093,-530.1586906385477,-2362.333283247444,-0.0008365056173715857
4488,-62.635172375710084,-56.51226444361815,-28.806601799015354,2,-68.9560679295662,140.7548772408126,-0.5062900025954583,141.2611669226434,140.75450359900216,0.00037364181042676137
4489,-47.86163072281604,21.170038499861672,-17.629541364118516,2,-70.45888780421159,104.36618268305948,3.600977569972939,100.76520450944989,104.36715208513867,-0.000969402079192605
4490,-17.670003833041815,4.4975892819389465,-20.779705816296403,4,-215.05247008335846,-4631.736594717111,-4061.4902547582183,-570.2463559652591,-4631.73343295724,-0.0031617598706361605
4491,-61.867635930614966,-21.42985874238563,-64.75850109725044,2,-69.4542913007516,268.04021185150464,-19.596206699406284,287.63641877658966,268.039551257771,0.00066059373364169
4492,44.639309364900406,-3.7107047352207285,-28.379527855761317,4,-108.22405933170631,-1607.1133330130904,-940.1710357617217,-666.9423004285114,-1607.1131446431873,-0.00018836990307136148
4493,-41.99297022704511,60.57995020830299,-31.24119220312394,2,-126.02509382764124,225.93433421018975,77.2587963248066,148.6755386595249,225.9339099584735,0.00042425171625382063
4494,16.9922298206762,19.304162931905832,19.30303516876591,4,-213.87304404381052,-72.89329867699962,48.051588669356015,-120.94488782797582,-72.89332993047883,3.125347920729382e-5
4495,17.75343967788344,-4.955072265412827,-28.218868434981093,4,-143.04243103997212,-3458.471416887033,-2951.285221656206,-507.1861870284399,-3458.4705499636816,-0.000866923351168225
4496,-10.38988181767966,-36.364223622682424,-12.219819539078896,1,-500.0000000000794,203.40514639250526,197.3524932413524,6.052656872595587,203.40505749488872,8.889761653563255e-5
4497,31.300393550871426,40.67156394501748,-54.44751618638105,4,-184.09215022307768,339.33994221271684,208.86086549630124,130.47907855484786,339.3401618578805,-0.00021964516366779208
4498,-8.466662052573176,-25.06743171128642,-42.57983218507541,2,-327.8278581274945,295.0864870849487,50.127259318404334,244.95922962573914,295.08551789706416,0.0009691878845501378
4499,-2.3662541367699443,5.114342227093805,2.614778501668189,4,-267.8353570165003,-1264.557896045469,-660.726330827634,-603.8315654382612,-1264.5578141866572,-8.185881188182975e-5
4500,-3.2484669156568278,24.518650618421365,29.55115634042206,1,-500.0000000000794,70.11704127300993,-85.38978173840906,155.50682034684277,70.11695454494911,8.672806082188345e-5
4501,-60.60884102065351,-67.00094627927209,-30.532463301579106,2,-129.2796127386378,151.45316565068129,29.02442249575866,122.42874312239974,151.45240348806237,0.0007621626189120434
4502,26.00826252419655,0.8135843140219816,24.911512125717554,4,-171.2440821796513,-141.88761341665145,66.63813152417987,-208.5257452208556,-141.88761590076464,2.484113196032922e-6
4503,33.262405646583865,13.284749933561693,-21.76999051895138,4,-129.20634835013203,-1592.0146879433194,-994.3611162487501,-597.653572037881,-1592.0148485980244,0.00016065470504145196
4504,12.20818796985167,-90.93315772473719,-16.13653687682548,4,-232.79363232244378,745.7466994436754,721.6883006535797,24.058407955097657,745.7460028521223,0.0006965915531509381
4505,52.77149241241059,8.700077646694268,-54.437389828113794,4,-90.75629511307339,-2164.79795498872,-1647.2911741681157,-517.5067865633929,-2164.798528265292,0.0005732765721404576
4506,22.148856185959655,-20.275079794274074,-92.14636205054072,4,-98.59712572237201,-9766.982928951564,-9944.794450088952,177.8115568297927,-9766.981482651507,-0.0014463000570685836
4507,-62.09893135437453,-51.307510679716124,-0.0758805341698547,2,-79.50642225946972,158.79791467600168,-0.3449918109485766,159.14290600971802,158.79764482410292,0.00026985189876427285
4508,25.25652943708002,-23.380489451070293,-24.040556739070368,4,-171.04433339039394,-1538.8286541002196,-1432.8440907574761,-105.98457574767262,-1538.829152071529,0.0004979713094144245
4509,13.855247760026858,0.6252061651183158,-14.437729235138143,4,-164.1778171641101,-2092.858818253828,-1473.3037890819896,-619.5550319692394,-2092.858233294413,-0.0005849594149367476
4510,55.69564389522355,56.26007772741609,-2.2332338835737535,4,-102.74866283127722,112.78898548528454,69.67507422201061,43.11391152926418,112.78861759560124,0.00036788968330370153
4511,-13.684622536165136,13.150357055582665,-53.45608485115938,4,-146.33640748608576,-14639.718016523791,-14786.427570413283,146.70954712479676,-14639.714396733549,-0.0036197902427375084
4512,-28.026904429642123,-50.14177830395821,-15.366085360337625,2,-150.1475896997582,85.03639252347831,121.54892821885888,-36.51253579862097,85.03560708467246,0.0007854388058490258
4513,-1.9635270992370364,0.22893408973937326,3.343373231544751,4,-270.9324042379611,-1218.7248866633718,-618.7228434527746,-600.0020453363663,-1218.724820675806,-6.598756567655073e-5
4514,-40.1275511049269,-24.19930226913414,-0.49822533419555304,2,-92.47450806626588,97.52299984313781,-0.2372193798575238,97.76021892332258,97.52393773866659,-0.0009378955287786539
4515,-23.00686082301744,-59.56702813069242,26.86689013012469,4,-416.56902642892726,-5855.533266747814,-5909.734897030059,54.20161724325744,-5855.531622893652,-0.0016438541624665959
4516,-35.86898549458966,-44.26675186654463,-24.99938592201127,2,-108.38969803807062,155.66871353205175,18.074563210876438,137.594150668682,155.66858091785022,0.00013261420153298786
4517,-26.42584587345872,-32.65977647842458,-77.98942877222002,2,-189.94347369965632,227.29389057343568,147.67905604328445,79.61482930326812,227.29434219493012,-0.00045162149444877286
4518,19.007271679815787,-38.401097166318415,7.103903900592055,4,-214.30291994608868,49.030717425018636,59.564154126396346,-10.533437613019066,49.03053066902319,0.0001867559954433773
4519,92.90326702171785,15.26929928485978,-26.149430547344828,4,-67.2781468841135,-756.6094951456716,-275.25976519021077,-481.3497299626388,-756.6093038372584,-0.00019130841326386872
4520,75.361371799992,57.92261530370995,-10.611404665853785,4,-80.16600802263169,139.91334658671698,31.96627415751965,107.94707293978179,139.9128456230287,0.0005009636882959967
4521,-5.112569733744918,43.38942091341001,-36.55647921528509,2,-394.0388965030398,306.47332842848056,230.71329861003431,75.76003117796432,306.472694784404,0.0006336440765721818
4522,8.08480966465186,29.054302990479304,-18.216477194098747,4,-274.2522172826337,-931.5048003605466,-893.7950738195959,-37.709739742012964,-931.5051787638238,0.0003784032771818602
4523,-0.6119139972093827,11.755690054688161,-0.8919488451888548,4,-245.9047569732639,-1384.1127621505443,-786.4357790878727,-597.6769805877628,-1384.1128398435571,7.769301282678498e-5
4524,3.9247082803582147,23.52347844112956,25.49511026362532,4,-384.6655587684705,56.649483310512245,-46.80411336773377,103.4535942685107,56.649449452314414,3.385819783119359e-5
4525,31.8177011884721,-70.5021105876622,-35.146923554868536,4,-172.175547056866,119.79330968957879,172.3972392171646,-52.603932773307754,119.79266906717743,0.000640622401363089
4526,9.27628412327111,-3.346940579800716,-25.139679769510455,4,-158.30598570097655,-4242.9590304329595,-3771.2146484501222,-471.7443815743567,-4242.958039974375,-0.0009904585840558866
4527,34.027725945125546,33.80898016488487,46.91834883544225,4,-129.16289818060875,222.07310733965826,303.76880818817585,-81.69570165092706,222.0730823437978,2.4995860457011077e-5
4528,-2.916819676204617,9.656944210418848,-1.2115276154310752,4,-252.68271087781747,-1468.7912535923315,-847.2719425396854,-621.5193101898982,-1468.791143262192,-0.00011033013947781001
4529,39.310080630003576,-54.10707884485915,-34.17548024804941,4,-147.33500763477645,203.3780134906744,151.04691470003434,52.33109884891197,203.3775775827234,0.00043590795098680246
4530,-7.353487448661256,-62.523390750684136,34.001867833498856,4,-366.6627893276362,-6694.502741093601,-6648.340549484862,-46.162190897775254,-6694.5018618408585,-0.0008792527423793217
4531,36.315569216858314,16.788051765390808,-46.38078657427519,4,-114.60519889187904,-3148.949441359024,-2936.833225272431,-212.11620568861142,-3148.9489837082124,-0.0004576508117679623
4532,30.133049290605484,-9.744577308423912,51.646841852395724,4,-141.6771535580908,172.5638684847156,263.3327661582393,-90.76889751187761,172.5639180872073,-4.960249168561859e-5
4533,-6.537098889968624,57.99783251687532,64.2409978660666,4,-323.22392115889676,-6314.781523046473,-6294.849037037076,-19.932486944200026,-6314.779985386283,-0.0015376601895695785
4534,-20.892485255937572,-41.52638713930603,12.655839371605577,1,-500.0000000000794,128.1014196824175,-81.3423131175895,209.44372799986144,128.10121674927572,0.0002029331417645608
4535,45.64985180477042,12.471569222968514,10.306460009361789,4,-119.80199639529465,-552.83533006172,-96.43475218052305,-456.40057726555096,-552.8352833184774,-4.674324259212881e-5
4536,6.453165134878715,5.224624442355606,-20.621981232224154,4,-169.0518157910507,-3489.5247666670475,-2979.473250903519,-510.0515043784234,-3489.525077093898,0.00031042685031934525
4537,12.578970500272371,-32.55543007622901,-13.737193136174325,4,-280.00303979640233,-151.52243392082707,-197.83268867606682,46.310256944725964,-151.5225208593438,8.693851674479447e-5
4538,14.32067476612264,26.346627607530074,-23.994666756986568,4,-252.95356195908354,-2629.6046318502367,-2687.1771800364886,57.57256188770959,-2629.60270599027,-0.001925859966831922
4539,-17.593632980630396,1.7449387534179337,-3.4364377682085445,4,-407.4079059263211,-1399.391734248015,-736.0480730563871,-663.3436607927988,-1399.3917545182142,2.0270199229344144e-5
4540,-30.675595942010677,9.197449129460729,-14.471477924790896,2,-148.84261991034137,142.92491121485958,0.9698977993173201,141.955013412963,142.9252119438443,-0.00030072898471189546
4541,-26.997353523101893,-16.680526440869663,-35.8139572209578,2,-269.7218503974964,323.6693360067523,-64.38045127801422,388.0497869591819,323.6691514868442,0.000184519908088987
4542,26.668616592726963,-55.3524848334911,-33.11777409523217,4,-208.83435879907358,115.43135153467857,156.86835045354584,-41.43699952968175,115.43122513329196,0.0001264013866091318
4543,11.330786064602602,-34.13015806025238,-16.278871145149008,4,-309.3299217331839,47.32028775800428,-80.97350638302427,128.29379527592798,47.320208019274666,7.973872961031248e-5
4544,0.9723155213403615,4.6643688876294584,2.6726340404469635,4,-245.98505059603144,-1261.1337686257398,-648.7127156070072,-612.4210541603182,-1261.1337095561994,-5.9069540384371066e-5
4545,-23.049203999739127,63.47568483084081,9.409287223628143,4,-397.7662329049123,-6894.198620073083,-6913.4801410906,19.281506099777445,-6894.19687980164,-0.0017402714429408661
4546,-71.80850783627096,-50.83417215824381,2.981449392855428,2,-60.416305629158735,116.07988797449181,0.24832277137784564,115.83156479229524,116.0797198114517,0.0001681630401151324
4547,-28.17934068996382,44.569684027981566,42.89755539413537,4,-454.82138275072344,-7683.251980694037,-7485.626695918066,-197.62527019270166,-7683.251435232312,-0.000545461724868801
4548,-4.9323947388341365,53.328547185112875,59.55055773733129,4,-355.8047668996958,-6413.219694021101,-6408.281933246319,-4.937757039752059,-6413.2193093479755,-0.00038467312515422236
4549,-26.56620080862637,36.652742655781935,-38.51365599313868,2,-122.794113783585,203.61131624870748,34.55755424665621,169.05376220998258,203.61072755674672,0.0005886919607576147
4550,33.05105664591078,-10.126951386926766,33.15108719439003,4,-143.74986559378092,-44.76922059992076,111.10700118762199,-155.87622170087002,-44.76923693363105,1.633371029186037e-5
4551,2.970057617232166,20.977586786116433,-8.068606134286537,4,-234.32458590217567,-1529.3814769561266,-976.6824774104167,-552.6990012811697,-1529.3813082972208,-0.00016865890574990772
4552,-40.824968715279994,-18.271466181372105,87.14618793329167,2,-144.29309203346082,17.362213064311643,-32.08546942663612,49.44769375896536,17.36042348133352,0.0017895829781231498
4553,27.05810916728025,49.48301968800364,-50.795451925502284,4,-224.27746426734308,122.40608655721525,84.08304833707382,38.323038882456565,122.40592165385719,0.00016490335805485756
4554,13.892741247430019,-2.445407264343757,-11.184890005721323,4,-168.74648523737906,-1861.9944090434108,-1221.4897030768693,-640.5047053507803,-1861.9949192978045,0.0005102543937027804
4555,52.94606216674639,18.859340964570197,-61.48738479615336,4,-92.39602838346849,-2415.5088673175433,-2318.740326510834,-96.76853435837963,-2415.5087711539454,-9.616359784558881e-5
4556,-8.052076905426727,54.98923523586856,-26.047974084023785,1,-500.0000000000794,-580.6234252786479,-589.8368741174819,9.213453249499208,-580.6239361088412,0.0005108301933205439
4557,-35.35142944694818,-52.44312720895334,-21.560475708954353,2,-141.50776025520707,202.75756900358144,72.62077087401039,130.13679812707386,202.7567716560794,0.0007973475020435217
4558,-86.81111956634332,48.40243827065035,-5.911800574774665,2,-41.292214654513124,95.68555593125238,1.7373874372384235,93.94816816058415,95.68473151343204,0.0008244178203398178
4559,-1.9645026633113625,-28.554056240635287,-45.81483828017889,4,-383.98061027965394,-13527.47379671116,-13562.726804478349,35.25298030092076,-13527.463907225969,-0.009889485190797132
4560,-14.204428004739382,-3.6188014423203363,7.564569150682138,1,-500.0000000000794,35.29226272518443,5.824476859079803,29.467785688839243,35.292266424061744,-3.698877314661786e-6
4561,62.794827661757814,-17.631850152843306,51.92210455251502,4,-86.54806878229029,5.149301286659165,156.47779623742684,-151.3284950557115,5.149297095247192,4.191411973053505e-6
4562,-24.649187917558713,-35.22242086849845,42.97366786767197,1,-500.0000000000794,-535.6398447896696,-500.77531282392096,-34.864529207327315,-535.6392589449686,-0.0005858447010496093
4563,-16.926739525593195,-23.96165311866031,-41.96714420246737,2,-166.1278482074611,202.53646586753914,15.686373122584314,186.8500943187019,202.53613733577785,0.000328531761283557
4564,6.326535876760584,4.179007151363727,45.86754578952549,4,-462.33246440068626,85.22884936185507,9.098448438458519,76.13040139667996,85.22877494510956,7.441674550534572e-5
4565,-27.255107349752937,70.7835940294949,34.003457983799954,4,-322.26061336744317,-9079.978523234253,-9098.550939720873,18.57241064273326,-9079.975849104872,-0.0026741293804661836
4566,-38.41076861106672,27.9235560050125,-45.68571549799028,2,-93.03197515297563,218.38782324582897,2.3719455649436134,216.01587722629978,218.38740933583725,0.0004139099917210842
4567,-48.96203723173344,-63.6955962328627,23.869857679233167,4,-297.17256143575656,-7610.320214972448,-7658.133723088493,47.81352268141427,-7610.31916040915,-0.0010545632985667908
4568,0.5562731145747553,-5.820413081552931,71.4686723781568,4,-325.09198518709775,-7596.943507289523,-7753.392618219753,156.44909559750639,-7596.938346616472,-0.005160673051250342
4569,48.38972315562235,19.917956015011345,52.7857698421621,4,-102.74080884419006,114.40313659395584,230.26081294923318,-115.85767640892503,114.40311758306547,1.9010890369486333e-5
4570,10.97379586059118,51.88917787207638,-0.7517681353948135,4,-253.50944782763224,273.39543161924996,277.0508815251671,-3.6554510316691045,273.3950144845599,0.0004171346900534445
4571,55.40999575574368,45.98665265116894,-11.318355064099064,4,-107.508923857148,124.4949949789172,22.928908725477918,101.56608676158544,124.49487380881507,0.00012117010213330559
4572,-10.84230032141238,-38.21770348757156,-50.99006621776579,2,-180.91718993506555,300.6852473125305,148.5826778239161,152.10257019348313,300.6860187714304,-0.0007714588998624095
4573,-1.5110387362944868,-27.277070832909207,7.085709086510276,4,-483.5755742800402,58.487894906092755,22.75737456935174,35.73052034394899,58.487787259261836,0.00010764683091935012
4574,5.455388176239579,25.44657667417489,-4.63068177802161,4,-259.8307137510718,-1016.9560365973707,-560.5976337640693,-456.3584034541885,-1016.9560121394477,-2.4457923018417205e-5
4575,37.53147665938001,3.2768442167882466,54.28831764343117,4,-120.93567605994865,209.4285241297495,309.0757981816798,-99.64727446875118,209.42859890844605,-7.477869655758695e-5
4576,49.52372762964835,-6.561587569005634,41.948722273625194,4,-106.61945476391233,-43.77910816399115,123.89353086694001,-167.67263879656622,-43.77913508356856,2.691957741518536e-5
4577,-50.95372243883223,82.85658453409872,-10.958838749411795,4,-343.3102616968903,-7804.996440444306,-7865.117577559759,60.12114590497783,-7804.980585669889,-0.0158547744176758
4578,44.07908645959581,14.663222285967786,-37.46096142048829,4,-107.94660223612189,-1779.8785572168076,-1301.4233626403477,-478.4551879759702,-1779.8789506937276,0.0003934769199531729
4579,-0.49138713856859484,-0.3650039078365047,-2.1956095087392824,4,-229.52939410057158,-1607.3361034393292,-945.8984705512318,-661.437634474584,-1607.3359672128374,-0.00013622649180433655
4580,-66.83423084762545,50.37778474129588,-13.060437029082165,2,-57.883740349004036,117.35336905293761,3.5905934671040343,113.76277537286002,117.35304332227653,0.0003257306610748856
4581,54.18866465270088,22.90972682900237,-38.96807949806245,4,-101.71846322827976,-652.8705591526349,-642.2200302477179,-10.650525449184538,-652.8703149708402,-0.0002441817946419178
4582,-3.276427900057046,-10.793007205997215,17.622749436112723,1,-500.0000000000794,44.7499866475802,-16.218130616546127,60.96811676428562,44.74998340125276,3.246327437977925e-6
4583,-9.110613275002859,-0.06959035386563776,-17.766001087466883,4,-203.31913406915243,-4239.824916118654,-3705.967631256636,-533.8572921567544,-4239.82147514823,-0.003440970423980616
4584,4.759522613395191,-6.335535852861179,-4.044551455823056,4,-206.27481054219234,-1609.777441856467,-962.1552767949167,-647.6221649620777,-1609.777264422979,-0.00017743348803378467
4585,44.1558063162641,-11.564444040913365,31.146935679027802,4,-119.74701255301039,-119.49650486464601,89.18052202170479,-208.67702684150277,-119.49652367623102,1.8811585007938447e-5
4586,93.51683704732642,-0.6554364237894985,-32.82859670131898,4,-66.16321243009857,-1054.8937305788224,-375.2766034282195,-679.6171252191004,-1054.8935375281167,-0.00019305070577502192
4587,-7.633688299006373,23.342571394434817,12.232522415609834,1,-500.0000000000794,93.65257818006285,23.069172424640566,70.58340591399988,93.65256023831567,1.794174717417718e-5
4588,11.43205394066539,23.314198583980133,57.41941009325536,4,-251.81667254975343,174.3185049647338,77.53292095653845,96.78558510705362,174.31844346742977,6.149730401716624e-5
4589,-3.809796608382785,47.981859094269254,16.833502853390534,4,-387.36883705162467,-232.33004102780004,-242.34460269868768,10.01456107307524,-232.33021128848773,0.00017026068769609992
4590,-15.98295961645776,11.728273826126854,-1.6970512336976085,1,-500.0000000000794,42.579766049337245,13.201801420733496,29.377964552541393,42.57974270065332,2.334868392495082e-5
4591,8.097135863158176,3.016247431323056,22.944348927036305,4,-297.5225131109118,-61.302670721457666,55.522421234970665,-116.82509165399445,-61.302675645937924,4.924480258239328e-6
4592,36.313460561275356,14.623184432562601,-15.364272970190083,4,-128.4546966459467,-1265.0802868637118,-659.8481335773126,-605.2321520879799,-1265.0803029656245,1.6101912706290022e-5
4593,23.04988606393077,-6.544763064346099,42.07561390590807,4,-176.23781215451757,69.0348492560617,167.41411454764435,-98.37926514448685,69.03486428706222,-1.5031000515364212e-5
4594,-8.30005329235888,-45.87905743231815,5.980654318169403,1,-500.0000000000794,-2794.557041867344,-2784.995652208464,-9.561393780488272,-2794.5570693708714,2.7503527235239744e-5
4595,-4.221778478341332,52.49223619539812,-6.91218391531977,4,-469.6680638585063,-1642.3610618205967,-1640.2193830688066,-2.1417005363088992,-1642.3607223719473,-0.0003394486493561999
4596,6.1537285212963635,-65.17214539835062,-7.190864950570076,4,-294.79063414923,267.8607596323928,227.30052978759352,40.560229881911724,267.85997547139857,0.0007841609942147443
4597,79.43525611066114,12.692982839818939,-51.413836647267665,4,-72.5334008718383,-1186.9075872241237,-708.0393563175548,-478.86822811276926,-1186.9073552834636,-0.00023194066011456016
4598,-0.059310256045607586,0.1411961198093245,-0.03932630623691217,4,-237.3735987639936,-1457.6870151874455,-809.6553971133048,-648.0316183866462,-1457.6868817770653,-0.0001334103801582387
4599,12.728742660335264,0.5416476489470493,19.137057367685642,4,-242.33967013241644,-186.05895046058046,25.35415856395333,-211.413109394303,-186.05894820471119,-2.2558692762686405e-6
4600,-1.591768836047756,-4.828329739073717,4.898820917938909,4,-286.6781820715102,-1044.3869341525258,-493.0177259052948,-551.3692067874332,-1044.386859442627,-7.470989885405288e-5
4601,49.120144174117975,-14.350514662881373,-63.31766186756664,4,-93.2400939961267,-3137.258552695665,-2946.9363556037783,-190.32218724139562,-3137.2569909168938,-0.0015617787712471909
4602,43.06408146380886,30.963314415329,11.38731296430574,4,-127.52553183753706,-213.8935527845519,12.782936288305592,-226.67648876701438,-213.89355928808206,6.5035301588523e-6
4603,11.587748107808515,67.5122341409237,69.70517466926653,4,-200.8840786009476,311.6587095055915,305.13084720662994,6.527868670308054,311.65776642796493,0.0009430776265730856
4604,2.0065505520873956,2.9771399271724106,-2.265369459627027,4,-218.34439345011677,-1586.4179165748485,-925.7611513038719,-660.6567681028237,-1586.4181110903921,0.0001945155436260393
4605,-9.004542046745115,-9.385897281888951,-13.73664029606719,4,-222.96165350987692,-3011.23903506568,-2439.8247384418287,-571.4142969323123,-3011.2385005819674,-0.0005344837127267965
4606,49.881365493745065,-54.61173901367593,-33.835477734658575,4,-117.63893571184714,228.3700078585121,127.35417528456063,101.0158333067421,228.36945780324433,0.0005500552677801807
4607,-48.214803307728026,26.816832815475912,4.564470413206751,2,-78.4128530805279,99.63845493489096,2.4650259022485286,97.17342873182913,99.63960185081339,-0.0011469159224333225
4608,26.13488470508453,-6.4250043788340605,-38.747460397241504,4,-123.99184437923515,-3714.5274842940958,-3220.9159009073555,-493.61158530242744,-3714.525907099723,-0.0015771943726576865
4609,35.942863042919754,-31.101276333361273,-12.577049167511364,4,-157.0855498267528,-171.18886108773984,-104.27365642399698,-66.91520482085883,-171.1889018099193,4.0722179448948737e-5
4610,-7.68022435947559,-22.444894371150628,-5.3523403712489355,4,-450.09964020943875,-662.5946911469495,-342.4939245255223,-320.10076348023415,-662.5947505288586,5.938190918186592e-5
4611,-55.178562608725244,-18.94102164455088,-69.63059547098226,2,-84.57920439163854,331.5460966408417,-53.0439965261915,384.59009377897274,331.5460102103393,8.643050239243166e-5
4612,-6.257026336707449,-2.119008787125286,-1.519399826952374,4,-264.39017714735945,-1583.7170159436805,-911.3865294040316,-672.3304892323539,-1583.7170733145445,5.737086394219659e-5
4613,-55.046053476337754,-33.9321054250315,29.49251621158854,1,-500.0000000000794,185.59613310694166,260.6064579195718,-75.01031966285116,185.6329576734897,-0.036824566548034454
4614,-68.91163673623389,9.711922808682873,46.34608512174556,2,-150.63415277844643,335.0597957896185,367.64239072373334,-32.58259872206725,335.0593773921546,0.00041839746387495325
4615,-12.043511750691255,5.39723755569608,-6.262057601926113,4,-268.6199573457107,-1922.250669870744,-1203.5762389473914,-718.6744292057161,-1922.2503376691254,-0.0003322016186757537
4616,-21.921412598071004,-17.913501923711888,42.78531122960838,2,-261.93504014895996,80.80547089440336,43.10756575386059,37.69790376859919,80.8056948580638,-0.00022396366044574734
4617,-50.074472408883885,-2.4727841002303284,25.818301883270514,2,-201.15088821454643,249.65433967994434,251.109770029609,-1.455433390637671,249.65598141929308,-0.0016417393487415666
4618,2.1820462644308036,2.661887329205327,0.7216498567989132,4,-229.54173299304162,-1390.8542408035348,-750.2360226600638,-640.6182179989783,-1390.854231637152,-9.166382824332686e-6
4619,-47.88178898945947,27.246136977996603,-80.35318323386878,2,-111.1732340154839,350.47220902692203,-53.71199393309855,404.18420193056335,350.4714711072928,0.0007379196292163215
4620,59.47008901471128,-4.005693062490769,-60.785537432968695,4,-83.10947524186687,-2123.5314796894986,-1527.0805971990258,-596.4508891010807,-2123.5316276307767,0.00014794127810091595
4621,7.36117250738528,-20.957646314090336,1.342481488801833,4,-252.76810365094045,-808.2197204795087,-341.1670511076,-467.05266931180796,-808.2196741406439,-4.633886487681593e-5
4622,1.4424354531736108,-9.602796145179454,5.9471118890483545,4,-279.98150581124,-863.2677650358734,-371.8678662748899,-491.39989667768594,-863.2677169545157,-4.808135770417721e-5
4623,-4.928098569092011,1.394922000656085,-0.3651374068663992,4,-262.01557301348834,-1515.6266262688384,-859.303660573214,-656.3229671085785,-1515.6265293488314,-9.692000708128035e-5
4624,47.98674432932526,-6.213605541412752,-55.986989728920264,4,-93.77349464776398,-2625.4576115942946,-2099.8170686588846,-525.64055098942,-2625.4559035452335,-0.0017080490611078858
4625,2.5694952614005273,-39.96698742252799,49.55788080462511,4,-377.23177398551405,-89.16830704567617,-191.7675691475748,102.59924802225954,-89.16840004190851,9.299623233971488e-5
4626,70.91400861690576,-3.121311074912697,-28.42540963508275,4,-82.23945598736739,-1175.3814066625944,-493.60389892660675,-681.7775064038366,-1175.3812598166392,-0.0001468459552143031
4627,-1.9878817321162334,-78.25380216211514,-3.308045782589267,4,-343.32266511789277,-3980.4348952693813,-3935.329488626502,-45.1053960954048,-3980.4333127333425,-0.001582536038768012
4628,-0.7593234270186479,0.2538201117666079,-4.365890635559436,4,-221.6412252515099,-1771.1921396969312,-1105.1649045152765,-666.0272353275799,-1771.1921770006888,3.730375760824245e-5
4629,2.357101317875972,40.04239073564721,71.11386838308914,4,-356.7722055454388,-2440.0831482670615,-2465.773673113153,25.69050823519763,-2440.082487428979,-0.000660838082239934
4630,24.8468338422959,-29.460518052430288,18.66393834279926,4,-178.56459848478877,-19.981470733889886,69.34322057065424,-89.32469203364774,-19.981567538123304,9.680423341862365e-5
4631,27.75966114858232,-24.024972894831986,1.4174581680773959,4,-167.2390165052651,-549.2306721915295,-194.70699664724668,-354.52367664115695,-549.2306671348045,-5.056724944552116e-6
4632,-8.014477309016819,98.39523003135862,0.5774563201001122,4,-338.6794068385155,-8076.2850683701845,-7996.0066371130615,-80.2784325193168,-8076.282227267679,-0.002841102505044546
4633,4.751455113527392,-88.20794484483682,26.491614265578818,4,-243.0363275854998,992.7682996790968,1014.1699135380464,-21.401620030446416,992.7682757908173,2.388827954291628e-5
4634,33.47002925145455,4.922734293883682,-27.84406514486113,4,-121.94016183558436,-1958.7594634732648,-1323.1132609107515,-635.6462017652808,-1958.7594382448567,-2.522840804886073e-5
4635,-10.628608290666874,3.4876457168169446,-19.65737772214108,4,-201.18951638587484,-4755.389900529134,-4246.695980800189,-508.69393202892104,-4755.387818113631,-0.0020824155035370495
4636,40.478700527489885,50.347261070411875,18.073785576326838,4,-125.85019080553086,79.33362944453162,161.7199775431988,-82.38634849337701,79.33344132276076,0.0001881217708614713
4637,-8.829324536661888,-17.03207748856837,-84.36360218017022,4,-118.75758114747448,-12305.534813304876,-12676.76679910284,371.23197669231985,-12305.533203997471,-0.0016093074045784306
4638,-19.845333148837852,2.476228499269048,-37.588032232452456,4,-172.0814839439275,-11812.607055768083,-11687.037560959969,-125.56949108558622,-11812.602697502023,-0.004358266060080496
4639,0.33200975148750284,-2.569792331773592,2.079101519611304,4,-248.11174887207935,-1285.8614668663608,-665.6113479355066,-620.250121065502,-1285.8614358719308,-3.099443006249203e-5
4640,22.619832325080193,-30.234025461154253,28.92960772787074,4,-177.71396145382081,83.13418208619663,165.3017489508439,-82.16756711840357,83.13410407567062,7.801052601053016e-5
4641,10.24035547980271,-3.528409966020505,27.125270569461502,4,-285.00318943285583,-53.82325503943426,52.94196776574916,-106.76522250317434,-53.823254460386295,-5.790479633560608e-7
4642,21.01659397861501,22.749369699866357,-21.038619129287852,4,-169.55670502980092,-1865.1931931001513,-1447.8017222939093,-417.391469931275,-1865.19337122155,0.00017812139867601218
4643,-19.978518873660615,89.51966399247064,24.087222505531077,4,-336.1042718699314,-9675.297010097229,-9608.752372743866,-66.54464240223862,-9675.296686501171,-0.00032359605756937526
4644,34.79609414429773,8.655981220416384,-39.24162394507334,4,-114.84598377076233,-2591.6429831068626,-2056.2465910994183,-535.3963944524572,-2591.6437026938916,0.0007195870289251616
4645,2.9127686305090847,15.244170701052266,-9.751159363454537,4,-208.76969881769818,-1891.4151349415708,-1292.370975895015,-599.0441596708627,-1891.4146191786738,-0.0005157628970664518
4646,-19.108749650294243,96.0019453164737,-6.5473517233022935,4,-333.76738297004266,-8120.939417482399,-8140.26256332986,19.32313725592891,-8120.940864615582,0.0014471331824097433
4647,2.285912523542702,-3.584364643420121,5.392715679393783,4,-257.63940058880746,-1034.4620582727273,-472.4155057991012,-562.0465514490915,-1034.4620310475868,-2.722514045672142e-5
4648,16.809910793316764,4.791771163206132,67.48390448580979,4,-239.1673670559278,11.035596281586107,-191.0033351920668,202.03893473628528,11.035751710684526,-0.0001554290984184803
4649,-5.958300189849909,1.0164472695971862,12.55406393236796,1,-500.0000000000794,-72.6902696459834,-7.382237149268425,-65.30803212782972,-72.69027105975893,1.4137755215415382e-6
4650,-6.489373771641355,-11.293962263318424,-1.4184595486049985,4,-293.612449751305,-1346.4852321778685,-730.3218020024369,-616.1634327986216,-1346.4851477255488,-8.445231969744782e-5
4651,-31.74543128940932,-26.709926842645086,34.32749536608745,1,-500.0000000000794,402.73151613842487,297.23909283617104,105.49242354213108,402.7317532900073,-0.00023715158243931
4652,-21.653140853604185,-21.74682463252178,-28.448365035790726,2,-154.29545326663828,158.32148196623024,8.035287002306326,150.28619460505405,158.32143384712157,4.8119108669197885e-5
4653,44.733075898845065,-6.291295875642245,-38.85765424029799,4,-103.78419335361514,-1958.6343022120739,-1329.9622996069,-628.6720053518998,-1958.6341558988072,-0.00014631326666858513
4654,-6.6313649560139165,-7.309281854555121,1.91268306457463,4,-314.26842676823355,-1213.045987341179,-623.2167252105854,-589.8292651316099,-1213.0459144391486,-7.290203029697295e-5
4655,1.2763428952537275,-22.563072006604795,-75.35957522630733,4,-131.83408180665285,-9087.026495418831,-9313.52865914527,226.50216197355823,-9087.026237917958,-0.00025750087297637947
4656,7.032134081034497,35.279473355325514,-27.30035634109408,4,-404.2149967312239,91.88488864651502,-118.21325680347778,210.09814709407848,91.88484027334178,4.837317324302148e-5
4657,-26.059568385367207,-0.30376977302763947,-13.083016892611328,4,-313.50768618714307,-1935.5701090597342,-1021.0918288378133,-914.4782773285784,-1935.5701165143419,7.454607612089603e-6
4658,3.175755325150987,24.386834607933018,18.643672868552496,4,-412.85130639362205,-153.22790901169978,-77.7530150474716,-75.47489356620679,-153.22798844816182,7.943646204466859e-5
4659,-7.729995479716976,-0.3788963565714604,-1.6876373518099412,4,-272.462374659428,-1605.0214645276073,-928.9120813126154,-676.1093860488382,-1605.021470080337,5.552729589908267e-6
4660,6.583215247979636,14.913504571464394,-42.85072476282837,4,-145.31113911613616,-9665.914074494007,-9461.822689338118,-204.0913308057059,-9665.90927854923,-0.0047959447765606456
4661,-54.57685713769521,18.507714859748962,-7.399202967383562,2,-62.1679445485264,93.92273607948827,2.7122279631946333,91.21050827403245,93.92076900589437,0.0019670735939030237
4662,1.2679368901877246,-14.1293560492462,3.4763022134987605,4,-279.8720065871805,-869.8692298292518,-404.3717316648776,-465.4974965735136,-869.8691766000964,-5.3229155469125544e-5
4663,-72.43485599060651,52.137122695495,37.722959247647836,4,-292.02249473697754,-10414.227530397247,-10459.252423739727,45.024868760210374,-10414.230660195151,0.0031297979039663915
4664,10.656162331760274,25.25266756999006,-30.43893105668524,4,-383.66088534154204,124.66625247419736,-35.40733857312359,160.073591610394,124.66624918580506,3.288392306899368e-6
4665,15.50505422593298,37.43183192096017,-41.51433405652077,4,-313.5858152127116,-941.4010148449776,-776.5861545515816,-164.81486546512977,-941.4011196854597,0.00010484048209491448
4666,27.610206692201036,-9.72380436825906,83.00075486447982,4,-156.3581949889684,-124.45965561223699,-59.812534992127475,-64.64711821080954,-124.45989713809041,0.00024152585342562816
4667,-0.06765548826122124,24.271636450319395,3.6242644125484356,4,-358.28035898896866,-311.79849501998746,-148.0195656689162,-163.77892914549906,-311.79845036836684,-4.465162061251249e-5
4668,-1.575983724918621,6.5611217915222975,-0.46041182803732,4,-244.51697834605247,-1471.104354712032,-831.1773298515951,-639.9270256200443,-1471.1042336316964,-0.00012108033570257248
4669,-56.27038692621855,-6.00412674149271,-36.7330237067951,2,-73.44693102823172,342.9779122805345,-7.929036061253358,350.90694790916547,342.97727470914356,0.0006375713909392289
4670,35.88338599925582,-80.6976315617781,-7.907470379379528,4,-132.49958784478991,218.7976197910645,276.5272962395752,-57.729676016589735,218.79748634256754,0.00013344849696750316
4671,-29.957679476644245,10.447634349132686,-1.2492133324011905,2,-146.27415451106532,81.32305325459151,0.7912736719183905,80.53177955998407,81.32300218510817,5.106948334798744e-5
4672,30.054484973449284,-4.566686567860919,-21.426151874515885,4,-131.07701088630932,-1799.3853657252446,-1159.6295390266212,-639.7558244682651,-1799.3851802707195,-0.00018545452508078597
4673,-23.146939164572704,13.434795065176695,25.114339709698033,2,-354.9353624950783,141.62874740039516,44.631401608758615,96.99734575133209,141.6289333547567,-0.00018595436154100753
4674,-23.93819211584894,16.099242176785616,15.82825001278634,2,-334.7651857267538,42.674011971869945,14.459923606626756,28.214086303265024,42.67371159473118,0.0003003771387639631
4675,6.460308755712003,-8.81042997949012,8.329102287735685,4,-253.22408549864656,-750.0200600981977,-273.3205217342075,-476.69953910505404,-750.0200082922487,-5.180594905596081e-5
4676,3.5908615811517692,76.39199354176222,36.226595142787595,4,-258.2928346100544,485.68061342156847,500.7427931737475,-15.062182801271973,485.6800923652665,0.0005210563019772962
4677,21.841459855151676,33.89988237466396,29.17450484952004,4,-178.78962700464118,92.95287349223682,160.29459744377283,-67.34172440013317,92.9527674885643,0.00010600367251356602
4678,-15.009049549328688,-77.67854207881199,28.072548546385526,4,-325.5766304694352,-9122.64400003746,-9057.32356356658,-65.32041489462038,-9122.644534423085,0.000534385624632705
4679,-65.82529673852314,14.602791914852496,-14.290103098402293,2,-50.522451332098335,110.77755082288746,2.6116231211815117,108.16592789517966,110.77642225986904,0.0011285630184261208
4680,3.467021921439465,-58.933568815094596,64.26671958916425,4,-271.8588748002724,490.45275528642276,487.55628692352104,2.896467792527596,490.45268147535705,7.381106570392149e-5
4681,-8.6550510107399,39.03368506909188,34.11258041012021,4,-462.94728962201606,-3042.1224770726017,-3043.6680885088726,1.5456044296795635,-3042.122329131516,-0.00014794108574278653
4682,0.34780910926877284,1.2928713842066888,1.2409817439562452,4,-241.43855313413326,-1370.793921693249,-735.2582157748033,-635.5357058232613,-1370.7939162612604,-5.4319887112797005e-6
4683,-31.098679685031925,-26.199699530324864,17.69753176739979,2,-261.58887584290886,53.35754891849294,-75.35543095968357,128.71298068084158,53.354902848500366,0.0026460699925721087
4684,12.522675237209238,52.65683431317035,-11.55715790993788,4,-261.5845762483213,284.35550309630474,261.1876452392729,23.16785712918277,284.3553784356947,0.00012466061002669448
4685,8.193415700006437,-33.11527364621207,13.503359837281549,4,-296.20391956346134,25.692456861904404,92.31976448930081,-66.62730793016577,25.692309711576392,0.00014715032801149164
4686,-39.1218721239233,-13.72544797368275,-11.74576812422393,2,-88.06239485879955,99.17959778231443,1.1527230777250137,98.02687417974074,99.17744436853079,0.0021534137836454192
4687,-6.101180957255981,27.744442404788643,-19.844233345608078,4,-395.0343284295671,-1737.8761554083835,-1590.1604823063105,-147.71567309751023,-1737.875476806564,-0.0006786018195725774
4688,-33.26064106362489,-40.23490392842058,16.498352756416928,1,-500.0000000000794,-7504.298418245629,-7691.862766170131,187.56434258503387,-7504.296526356153,-0.0018918894766102312
4689,-14.746396692542396,-62.163499918833566,62.88647460220446,4,-311.1659310384746,-8405.413561785306,-8345.350494250893,-60.06309650325963,-8405.411701343342,-0.0018604419637995306
4690,14.918680063577069,-13.69002227438597,4.023309076183871,4,-201.92364223647147,-848.4745749642279,-351.8957095070078,-496.5788657026638,-848.4744974728508,-7.74913771692809e-5
4691,-28.212535550471877,-73.368919947338,-44.890878354344174,4,-406.98559217932194,-3792.924866634928,-3718.8045537051994,-74.12032305071489,-3792.9240694914497,-0.0007971434783939912
4692,-3.8854115160265033,15.462644889822986,-50.94737147380754,4,-144.80404540420247,-14234.789677515862,-14229.201317180523,-5.5883965090931165,-14234.769274481168,-0.020403034694027156
4693,4.277424822343521,-14.549860975277356,12.698271318540565,4,-326.28886736059627,-203.24559930109007,-34.336920191421335,-168.908679352345,-203.2456019531122,2.6520221467762894e-6
4694,-1.8257300023930745,-9.09982579669922,26.26187087773617,1,-500.0000000000794,-1738.9753484827618,-1550.485603267709,-188.48975110387195,-1738.9765228757158,0.001174392953998904
4695,-12.488151575655616,-20.495303771486675,1.3362001196321744,1,-500.0000000000794,90.00240175154465,35.1016227991225,54.90077912771638,90.00236027873399,4.147281066479991e-5
4696,53.75202007088129,-81.50565779347991,-13.931401356078812,4,-96.77709443851218,370.04939219363774,361.32090171542154,8.72849152056117,370.0486214781962,0.0007707154415470541
4697,48.435918080619565,-5.481144247168736,14.623731243184604,4,-115.1552366007569,-476.15776638748173,-53.030660022714464,-423.1271065556926,-476.15773212340605,-3.426407567985734e-5
4698,2.6769035514733086,47.96341187614579,-41.01653723010817,1,-500.0000000000794,353.9950455078634,195.30350212322722,158.69154407473692,353.9953027011399,-0.0002571932765249585
4699,-2.281963607835224,-5.3359703139096695,7.77747528983621,4,-334.9696769827593,-747.452600331018,-310.8029970286258,-436.6496033702422,-747.4525657729649,-3.455805301655346e-5
4700,4.803958422084738,-42.99728068815439,43.410156107365815,4,-293.37681405385456,460.18417548941284,410.5458126309782,49.63836312152908,460.1842598156568,-8.432624395027233e-5
4701,-6.278486178673681,9.106105783690777,-13.678156987211382,4,-213.70646164333192,-2862.039511532465,-2276.391070307866,-585.6484383960761,-2862.0398936980655,0.00038216560051296256
4702,17.577512910452086,17.406961640011566,-0.9704450542169543,4,-183.78841130324295,-918.2108555473,-450.60103729473707,-467.6098183067444,-918.2107731508197,-8.239648025210045e-5
4703,-34.93499938141664,7.725389883178085,-3.965622634422117,2,-111.22918850859365,94.64104223331354,0.6228936238692888,94.01814864013669,94.64135642349241,-0.00031419017886946676
4704,22.460885588353356,35.31892186975875,9.502241751020101,4,-195.32265548752605,-24.6581703533971,30.292616334733584,-54.950787043545425,-24.65823040631411,6.005291701072224e-5
4705,-0.12200141559891653,-39.226970620844796,-76.4511337762387,4,-174.90399229918734,-2449.1907052297615,-2500.927448887005,51.736729343093,-2449.189376953389,-0.001328276372532855
4706,-8.153230689439566,-4.94688526964882,1.803196521143047,4,-326.54166955276594,-1235.0012531935176,-643.2200221596322,-591.7812332694144,-1235.001243899196,-9.29432167140476e-6
4707,10.246724129013923,-5.6843231683320745,-2.222691582232252,4,-193.9474137416157,-1416.249223013539,-767.3072044934968,-648.9420157817708,-1416.249326474963,0.00010346142403250269
4708,58.243078703208006,-42.187832579913795,-39.37134795583599,4,-104.16745029845387,211.1772784274077,60.3695853212193,150.8076906283076,211.17699617065253,0.0002822567551845623
4709,32.48601769767503,56.161847283808825,1.339279422851572,4,-152.62735109868393,114.70746019988316,185.5567623731219,-70.84930280653344,114.70701836310036,0.00044183678279807737
4710,67.50495435858397,-72.11641294053467,-12.754607430429486,4,-84.69753392345307,195.80869744609228,132.64381066554938,63.1648863510405,195.80812413380528,0.0005733122870026364
4711,66.69161205958301,8.537569592237976,-23.52099621581527,4,-86.83104134395494,-1079.714294427895,-450.3896558355235,-629.324637094172,-1079.71409098263,-0.00020344526501503424
4712,-46.69720773485224,-8.805486299247248,38.088363012025596,2,-182.8765140922602,40.926540839989535,9.741921951721576,31.18461794991664,40.92823812553978,-0.0016972855502430662
4713,-66.52474691948723,7.374234120785418,56.08366626850854,2,-145.21441028826823,266.83897775423924,245.27494426623605,21.564040241662763,266.8371420426637,0.001835711575552068
4714,27.157897065968022,-46.75195490931176,-14.29193155288309,4,-195.8443735452811,26.596521229395826,101.11704789093764,-74.52052537550328,26.596480877236345,4.0352159480505634e-5
4715,35.87511186529151,-83.9976499569868,-36.552724474576316,4,-147.16085244699852,90.89854565844102,93.63248920606141,-2.7339497897268976,90.89711588151984,0.0014297769211850664
4716,48.61319281756236,43.50709369844103,35.66125373210867,4,-106.00873421650839,78.17963560301655,177.39971229568442,-99.22007719596586,78.17944651066242,0.0001890923541338907
4717,-21.196221617338555,9.012127645430589,29.170390060067163,2,-339.773944780267,118.33953142247341,41.70842412691948,76.6311065087767,118.33957502226397,-4.3599790558346285e-5
4718,-18.867515762457696,19.438014174380463,-71.37077925440859,4,-146.0486815521974,-10603.59342909383,-10979.937155953903,376.34373072158485,-10603.587620478122,-0.005808615707792342
4719,-57.01018148543647,18.913482886271662,5.384243788939807,2,-61.923707090819924,87.18996631138256,1.7534135311094807,85.43655229845896,87.1876292742124,0.0023370371701645354
4720,1.8979911588475677,0.009956218320508125,1.1732070923190803,4,-233.95132797791183,-1354.4708713991697,-720.0805380965694,-634.3903337266929,-1354.470949295984,7.789681421854766e-5
4721,52.00624116734465,18.008496518767046,16.74794637946325,4,-109.11948118875459,-347.9179585649706,-7.530359721669298,-340.3875986133677,-347.91795166733067,-6.897639934777544e-6
4722,16.353603816498175,25.137817240595783,-17.76611035558763,4,-196.3164360750179,-1487.2264734329203,-1192.6551895378404,-294.57128814976375,-1487.2260815775815,-0.0003918553388757573
4723,44.96448925730276,70.12360509315144,-1.453816579246919,4,-113.87175648429343,226.69674127563866,251.40401600297747,-24.707276623346118,226.69658834395537,0.00015293168328867068
4724,9.989137803281839,-44.213041402547425,-42.03878555627497,4,-449.5764956621027,204.43232296920993,141.28319078614584,63.14913068293057,204.43203066886196,0.00029230034797933513
4725,-27.74295616158286,33.79346230740274,-16.16987719729202,2,-127.79605533419009,146.51268098849732,11.87527485816916,134.63740637169963,146.5105885398808,0.002092448616508591
4726,8.634454354410483,-2.9693367621943287,-6.179524894799676,4,-189.26267337064164,-1692.310898833535,-1041.4572066336768,-650.8536927955184,-1692.3107284993407,-0.00017033419430845242
4727,-70.65976748776383,51.61764568766522,-11.689339138103044,2,-54.69791963685866,114.5585763924988,3.3273348878444517,111.23124123801237,114.55838230715392,0.00019408534487297402
4728,63.35051203419714,-29.69694517235674,-65.25416337613956,4,-87.06311773800533,-1183.8824402783935,-1239.778648905764,55.89620884332704,-1183.881811718525,-0.0006285598685735749
4729,0.38306737803147484,-9.437536019941836,3.2801199985712204,4,-267.28835388860523,-1052.786504884556,-510.4953358226125,-542.2911696286504,-1052.7864609796202,-4.3904935864702566e-5
4730,-75.46573570753928,18.70015249341959,-34.64900304961914,2,-45.10036453233248,176.79786292839998,4.277844801166556,172.52001831418735,176.79749214344122,0.00037078495876130546
4731,47.887866049754095,-38.75204013233341,-52.30147860757416,4,-120.4579235686033,186.25277118548468,83.2923182872927,102.9604527152214,186.25256449285047,0.00020669263420813877
4732,-6.340771775985187,23.90976987873919,-19.27758526546509,4,-275.72801210138505,-4294.973106891764,-3891.8033675210054,-403.16973354215025,-4294.969676929051,-0.003429962712289125
4733,-0.10368051229832338,-2.589381801263421,-1.9338570671238036,4,-229.90413213226108,-1564.468334847401,-909.2143819572393,-655.2539543313494,-1564.4685597339749,0.00022488657396024792
4734,-2.56374010302502,19.51334154957739,7.025660258920878,4,-398.7721389304454,-284.86885860492293,-114.99617104814308,-169.87268604647429,-284.8688164400031,-4.2164919818787894e-5
4735,-6.966275627367441,-3.450413143021326,-6.435049838419505,4,-238.63462708814163,-1976.6610253977415,-1289.0383603689381,-687.6226670474929,-1976.6608480164564,-0.00017738128508426598
4736,-27.40232307467465,4.620101967112302,-9.965371327498167,2,-246.60624481950276,136.31895093292513,0.8616577763760064,135.45729335547858,136.31894958184918,1.3510759515611426e-6
4737,0.04503702036581579,12.663498186766915,21.21645800814218,1,-500.0000000000794,56.01285507010617,-39.265366354201724,95.27822253514238,56.012829066604056,2.6003502114235744e-5
4738,-31.557337275056597,-53.92292317175907,-8.807338054867277,4,-462.0980458009965,-6988.093634927534,-6899.734880295132,-88.3587489932117,-6988.089247707118,-0.004387220415992488
4739,-46.28690158636238,38.17068329620022,-49.212066584923626,2,-82.37350322890417,208.26549913800915,2.844355200295498,205.42114334893,208.26572956566906,-0.000230427659914767
4740,-14.425809132971187,-7.37398034148737,-18.235423232668726,4,-218.16483213224996,-4199.08657739758,-3637.0184377601736,-562.0681374527678,-4199.08380004905,-0.002777348529889423
4741,-16.311455910858268,-55.18001241280578,-10.743519113837086,4,-458.96057944628956,-9025.04697690219,-9022.843552316379,-2.2033986578818543,-9025.045611797555,-0.0013651046338054584
4742,9.59352650340415,-47.15899375983637,40.895269123920365,4,-244.5001175616803,272.02753669869924,217.69385234863273,54.333683614782196,272.027574057468,-3.73587687363397e-5
4743,94.20081207530883,17.535852040420533,-13.768486733890967,4,-67.19418258943563,-605.983059047374,-168.31887032705626,-437.66418905452787,-605.9828927396761,-0.00016630769789571787
4744,55.11484831629757,-48.883222192155834,62.326755685266335,4,-86.57923340338247,402.4528092174127,481.701736653257,-79.24892946562044,402.4527919693501,1.7248062647468032e-5
4745,-11.48642428105933,-2.7800491362045485,-11.716776710006336,4,-232.01303399281096,-2626.7629901631535,-1953.3359567142954,-673.4270362841771,-2626.7625257460995,-0.0004644170539904735
4746,0.0219057265745355,-5.933208036839803,6.1779280477860645,4,-285.4038167259342,-929.1764896002859,-411.95284444745556,-517.2236416839845,-929.1764760837341,-1.3516551803149923e-5
4747,26.534001139891505,5.462694156757415,-0.4809758830635197,4,-152.9426821630382,-1067.6157433186881,-441.22918062487514,-626.3865610948579,-1067.6157099406137,-3.3378074476786423e-5
4748,-2.704021287541561,-0.6274057383594639,0.04807267909983534,4,-252.15138524624044,-1467.4822908540984,-817.3888957425789,-650.0933954879416,-1467.4824461726635,0.00015531856502093433
4749,13.167133041400625,1.9433119267944101,2.598979524178325,4,-193.85334890813974,-1131.9909685083737,-517.5293532127477,-614.4616157745693,-1131.990967369162,-1.1392116903152782e-6
4750,43.02200451008599,-18.389589143125722,-7.148883628902391,4,-123.61037392190462,-906.0465254658739,-353.0909489375185,-552.9555738314532,-906.0464488687553,-7.659711855012574e-5
4751,-64.91964191160808,-64.5947966368903,38.09106060001416,4,-263.709009775211,-7132.727720842794,-7254.86843463237,122.14071847548519,-7132.72707856034,-0.0006422824544642936
4752,-6.143613354345786,10.86972453397286,-10.274301022285474,4,-227.71861346646565,-2238.2432316486716,-1633.037158902548,-605.206079464249,-2238.2424852565296,-0.0007463921419912367
4753,26.485150431632075,26.60540505446522,-16.79720833267675,4,-172.5478394576971,-1037.163072120097,-632.2173654599562,-404.9457037848653,-1037.163093973333,2.185323592129862e-5
4754,25.52837898866476,24.142892991894033,-26.706094130442246,4,-169.5903616954857,-1546.4742573471879,-1561.5589844411872,15.084721434853039,-1546.473914738837,-0.0003426083508202282
4755,-7.658177874499236,0.49620328826144905,-44.15349756268269,4,-150.01112729479095,-12364.71215647486,-12271.79244846535,-92.9196326021065,-12364.708563848339,-0.003592626520912745
4756,-37.654427518407026,3.9637637351015877,8.380319695121635,2,-110.53439862340966,60.47878949668867,0.3300040584847926,60.14878534408864,60.478803007436724,-1.3510748054557098e-5
4757,-53.22960472661842,66.61159974919552,14.148217728652176,4,-324.58926593510006,-6690.082775193607,-6606.740435172212,-83.34237169627018,-6690.0762866184805,-0.006488575126240903
4758,42.789805611846866,-43.48528460439947,27.912020743063405,4,-119.77110544587954,58.77655364186914,164.19389781666067,-105.4173444498258,58.77632962913442,0.00022401273471928107
4759,-52.92492231968943,-11.14476823220877,-49.420010433154964,2,-128.3404011739374,298.1144995409097,-27.221296377813996,325.33579747233017,298.1142831134148,0.00021642749493366864
4760,22.14963535950356,-10.43493804988841,13.404399872481088,4,-184.04497272243853,-438.6568104020754,-81.53832190646781,-357.1184883001171,-438.6567915413743,-1.8860701118228462e-5
4761,23.694514951874126,-69.86752102478707,12.803551262839694,4,-172.39889254775542,57.169709716660634,113.91329947450687,-56.743586789240304,57.16973127659255,-2.155993191621519e-5
4762,-1.694715368959368,1.1420110069329985,1.1962615748073129,4,-252.5975049862198,-1386.960970398352,-750.5763176763946,-636.3846521893113,-1386.9610687648885,9.836653657657735e-5
4763,-84.93977758584796,19.571608235949284,34.936176150474445,2,-45.58974627284386,88.99648246341643,2.083677388097507,86.91280463820587,88.99629891733231,0.00018354608411641493
4764,67.4144287562761,-25.24878986833166,-14.461673535326465,4,-90.7896494320791,-333.79664774037593,-156.8915396427114,-176.905108547166,-333.7965624606923,-8.527968361704552e-5
4765,59.669176868156406,-4.1550462506792165,-4.847663804037974,4,-97.13682270816184,-871.8924801324257,-257.28191417870073,-614.6105674778262,-871.8923690502969,-0.0001110821287966246
4766,9.318683422166647,-36.160680691858346,-81.4690786574394,4,-130.78783862088585,-3939.1439017096222,-4034.2990561052,95.15516228588008,-3939.1424246110105,-0.0014770986117582652
4767,-21.679762865588085,-4.681435042258769,-11.395719806889137,4,-298.9776534359595,-1959.3187105829054,-1112.400247420389,-846.9184617368938,-1959.3183937718472,-0.00031681105815550836
4768,23.21195555689797,-51.41530782589141,-8.685690706115428,4,-203.91209682245278,100.79896710680451,114.11077751360233,-13.311809228808144,100.79867858452411,0.0002885222803996612
4769,17.306472132782325,-45.25736276086162,-22.663690362552433,4,-271.1211035688196,194.92245961763382,60.85098049092575,134.07147991616756,194.9222101038436,0.0002495137902087663
4770,7.5592101004183005,41.59479040095249,-22.670473758860386,4,-402.4953030046859,112.75569947116065,130.54357107458173,-17.787874332389077,112.7555183014186,0.00018116974204929193
4771,93.27326037170369,-33.61508904017251,-3.884343552971988,4,-68.3902891677603,-102.77554323196772,-27.811523421557336,-74.96402017862879,-102.7755903563689,4.712440117771166e-5
4772,32.23290131730979,12.922061702210817,20.9620634491851,4,-150.98907599642018,-245.8173317754405,24.54304198796669,-270.36037345549283,-245.81732850999356,-3.2654469350745785e-6
4773,32.99426525760302,-22.288303642619415,27.508734487545784,4,-146.6471610620094,-48.815366953226615,93.42432576297479,-142.2396928486661,-48.81540465238116,3.769915454654438e-5
4774,71.57162920233404,-5.689303025250182,-35.720314198455874,4,-80.40824685846493,-1271.798978102207,-591.4262461315458,-680.3727358146559,-1271.7988753577365,-0.00010274447049596347
4775,8.122417720076623,-8.48816844755947,0.14307555762756105,4,-209.54363632992167,-1278.723323733124,-655.452843438073,-623.2704808060928,-1278.7232862596436,-3.7473480460903374e-5
4776,48.24461396393699,-13.94460806539762,-71.467692278428,4,-90.34674149049908,-4135.873888284131,-3979.225628945638,-156.64825470797783,-4135.871817177658,-0.0020711064726128825
4777,-88.00752105121174,-16.740214976748504,6.050533128498639,2,-37.88332847368123,84.60222570120986,-1.5356237019002774,86.13784892274094,84.59450374654381,0.007721954666052966
4778,-27.555996951568254,82.73096590029007,30.896544719047643,4,-326.2647469433717,-9319.039739885571,-9365.55365517035,46.513915286789796,-9319.035604732937,-0.00413515263426234
4779,-77.8654159110159,53.5396703028978,-1.365533333068908,2,-51.210165619364794,104.39611361639264,4.317800930962933,100.07831227331766,104.39568656440679,0.0004270519858522448
4780,-3.4523191183774284,0.21459886377690204,-0.9235867572528023,4,-249.96582053583595,-1548.6019401198128,-887.82522299631,-660.7767195795665,-1548.6018321663212,-0.00010795349157888268
4781,56.69167347096808,-33.47095570663253,15.803060110370877,4,-102.94792905991727,-108.92670860983583,52.41496545995983,-161.34167428728293,-108.92681377071,0.00010516087417045128
4782,2.1467683402150257,-2.5667365056476257,-17.269829094703425,4,-182.0700724212056,-3407.775661276199,-2870.390302851112,-537.385341611302,-3407.7738054667525,-0.0018558094466243347
4783,7.321723798352437,-10.196932539778098,-63.57084664797362,4,-120.57677283391006,-12494.918893947159,-12461.804151484937,-33.1147944770351,-12494.914659709902,-0.004234237256241613
4784,-19.21377386728991,-25.106049489903608,-80.28709863934031,4,-150.03768697517478,-5898.095694059036,-6118.948404013041,220.85269905075003,-5898.095431953465,-0.00026210557098238496
4785,-25.60148189864971,38.836253853971115,-3.9148252795482605,2,-175.75071594840583,148.3406407137219,36.54563563090151,111.79500470266782,148.34046860427287,0.0001721094490392261
4786,53.973392255710976,27.144580822276225,6.686843433984101,4,-107.67460571117414,-300.76062949537265,-36.85874027284503,-263.90188768382677,-300.7606056908294,-2.3804543275218748e-5
4787,-19.815126008020204,-17.008874127225713,27.031394404700123,2,-334.38012910859953,83.84534951514058,26.90793514357219,56.937416424124976,83.84530283076519,4.6684375391237154e-5
4788,65.33039191806941,-39.31297630564605,-56.52417208521768,4,-89.8387653056339,-32.16897701681945,-140.8115598708954,108.64258204718895,-32.16927982395701,0.000302807137565253
4789,-8.212099757352359,-15.070883488203318,23.904735095130032,1,-500.0000000000794,-185.0790816324161,-88.18413936295151,-96.8949394987378,-185.0787025478687,-0.0003790845474043181
4790,97.98332000992518,-3.5989801841221087,-15.406724387731145,4,-64.84678656360224,-833.0106096034292,-210.3051186712875,-622.7054926604867,-833.0104352740951,-0.00017432933407235396
4791,22.462091538570146,-13.796174887619939,-26.518970498526716,4,-143.32526066392887,-2730.3976800451933,-2238.7982993409287,-491.5993864958958,-2730.3957020115668,-0.001978033626528486
4792,-13.758215813920202,-23.758940853519317,-36.26307041453609,2,-201.5401593827475,190.6832752659593,24.606696742251557,166.07657845519012,190.683060610118,0.00021465584131874493
4793,-2.978272411149249,-17.203573370634174,20.271716532868478,1,-500.0000000000794,69.89848875866407,-13.093404196004863,82.99189297339376,69.89846089553455,2.7863129517413654e-5
4794,50.436459033596584,-36.54139974884311,-37.74855244442942,4,-119.66931704689654,214.9747474312111,54.804761719664434,160.16998386935418,214.97449074989316,0.0002566813179498695
4795,-3.1670831280204497,2.0681616295200063,3.4637733219707383,4,-280.77552844754126,-1208.7486478044725,-615.6860756563061,-593.0625736539479,-1208.7485502614418,-9.754303073350457e-5
4796,-87.97087933398441,12.356519191850001,38.740009566169434,2,-44.37226944660578,58.9147443633425,2.6949089564963,56.2198350851034,58.915122790530205,-0.00037842718770519923
4797,0.5401955704325774,-62.58753829217699,57.28990716771405,4,-303.33035978344867,-1705.0832122839643,-1691.3759700903854,-13.707225883130093,-1705.083272307573,6.002360873935686e-5
4798,-1.727203776573757,-87.40593016516348,47.36098394614237,4,-260.8636088453048,-487.24223727576265,-436.0435498528364,-51.198712527431375,-487.2427946137337,0.000557337971031302
4799,31.178391164068294,-8.060120279719019,45.329098342792555,4,-141.35951280879814,124.8137069717545,231.7622968822434,-106.9485890570437,124.81373809069031,-3.111893580864944e-5
4800,64.74589558634801,41.23232885210461,-48.05338047019846,4,-91.74117431312759,117.36572277601003,-11.916781612153839,129.28250592384896,117.3656104761217,0.00011229988832894833
4801,-1.8313333022891058,-2.809291327265218,0.10927085154227625,4,-248.70810989832546,-1436.8512932151334,-791.8658655919999,-644.9854283035538,-1436.8512534129575,-3.9802175933800754e-5
4802,-0.09110501927128564,39.71137008253199,47.79757613556504,4,-403.5278502686832,-690.3024422537346,-734.9107565060099,44.6083175848858,-690.3022003003915,-0.00024195334310661565
4803,-41.83739088281298,-25.29072938114926,35.40010031473071,4,-478.1397484477898,-6914.116289506696,-7075.737017256705,161.62073732410713,-6914.115191645441,-0.0010978612554026768
4804,21.928421266831432,-56.03465646320588,28.83701348650808,4,-175.36010363007372,117.1429661364591,164.7428659003591,-47.59989739536072,117.14263148941289,0.0003346470462020079
4805,-57.72812384433253,-55.16275471351735,15.309821153061051,4,-318.3237010471659,-9291.784716803266,-9619.130857214248,327.346091426073,-9291.784781112055,6.430878966057207e-5
4806,-1.1964042841066334,2.841505585343584,10.042185167444863,4,-341.1505953003603,-589.54090266805,-216.56113959031416,-372.97976283933804,-589.5408873224105,-1.5345639440056402e-5
4807,-13.751285812048296,18.75098993296724,30.71532391927656,1,-500.0000000000794,180.16009795928335,132.41577615658252,47.74432124069958,180.16005685619595,4.110308739768698e-5
4808,19.932925315083587,-17.750959146407496,-20.366146612391667,4,-159.15200756365016,-2153.3512987826,-1724.5868684924833,-428.7644425441672,-2153.352345442731,0.0010466601306688972
4809,-14.832114607923968,-38.09621955404225,-17.244796270772266,1,-500.0000000000794,203.56015882052864,99.00053620054003,104.55962341827492,203.56018066489747,-2.1844368831125394e-5
4810,43.27632851099966,-49.822720324115814,-8.720433082539445,4,-131.58959785278432,100.7076522283001,88.92760880667925,11.780042616127934,100.70752316524599,0.00012906305411775065
4811,-16.44764715454763,-18.860410729810578,-8.493006054531449,1,-500.0000000000794,83.69375251060029,-3.3658277379286274,87.05957926062692,83.6937392620341,1.3248566190782185e-5
4812,-45.294438453224515,10.884619995719852,14.035059911649967,2,-88.80509765493552,67.46603328693492,1.959003596498402,65.50702929520004,67.46615689955324,-0.00012361261832438686
4813,-8.497118012875788,6.017523684044705,3.778489707624621,4,-367.44423608476853,-993.7327997804537,-475.10285513993915,-518.6299438309441,-993.732765730612,-3.40498417017443e-5
4814,-11.447324523738741,19.390009922539704,-75.34192690015485,4,-132.58187963340055,-11477.781839035319,-11848.197835884357,370.41594817663196,-11477.782641650403,0.0008026150844671065
4815,-44.84153697985455,0.2526623814331608,12.162560959884702,2,-88.69964862128879,57.19169604523749,-0.05205334239879514,57.24374925373006,57.19175743046043,-6.138522293497317e-5
4816,-60.75750535949798,-52.96974613138614,15.789997923851978,4,-315.23617974253943,-9820.192476695887,-10087.890379749366,267.69790220835876,-9820.193607973093,0.0011312772057863185
4817,9.888535605288624,-35.505937861107675,14.195800755837094,4,-269.06058829229295,66.08288300323761,126.90555539958228,-60.8226724636626,66.08271678811798,0.00016621511963421653
4818,5.984808172528954,-1.2917886850317915,-14.02803829428235,4,-180.30640509284154,-2519.504806165476,-1926.5489222617782,-592.955891065541,-2519.505427777019,0.0006216115430106584
4819,1.9002971542460425,-1.504672476677669,-5.6261237590872835,4,-209.15293436725938,-1808.0564271498286,-1153.8614435112759,-654.194984641428,-1808.0565857348984,0.0001585850698120339
4820,-52.93528703689871,-57.666068371596396,28.671859314126987,4,-324.31514262375714,-7113.074972796014,-7292.14247640198,179.06747785089226,-7113.073353745746,-0.0016190502674362506
4821,20.6707717744956,-9.841674904497808,-2.9290836822843778,4,-167.20881333046202,-1186.077157696976,-588.2005563155905,-597.8766006980723,-1186.0770989064301,-5.879054583601828e-5
4822,0.9798616151326686,-0.11729901950411395,0.6424599215186456,4,-235.8440377079204,-1398.7819716739932,-758.4134509897616,-640.3685204625156,-1398.7820137180945,4.204410129204916e-5
4823,1.6320583465012004,-0.33754756671935077,1.0656488153967123,4,-234.85189321819564,-1362.3362026746586,-727.0279282409114,-635.3082746444804,-1362.336275690255,7.301559639927291e-5
4824,2.5940957237133193,49.82065411497998,71.50722578763906,4,-302.0149807121056,-618.9472967589484,-633.5570261001828,14.6097219316154,-618.9473600438437,6.328489530460502e-5
4825,11.507642774817619,3.0120448792186156,-15.878926026761558,4,-166.4170565978553,-2324.440310655884,-1728.627326669157,-595.8129924993847,-2324.4398361184803,-0.00047453740353375906
4826,0.17307193873328372,-0.15098768710181687,-2.625033895134198,4,-224.9872300930154,-1629.5066742972772,-967.9971236553164,-661.5095518937267,-1629.5065705415343,-0.00010375574288445932
4827,-1.5975129704020758,-1.0236001879326881,1.2573542209227822,4,-253.5382969584299,-1369.5985439437684,-735.1364051100059,-634.4621390011016,-1369.5984916204102,-5.2323358204375836e-5
4828,33.41463122434703,-8.07356673829113,-44.41587620817924,4,-113.30752647019223,-3298.8937755119373,-2818.6879054045853,-480.2058616423324,-3298.8935910533382,-0.00018445859905114048
4829,-1.1419383779632521,0.4426389546014497,39.226397415116,1,-500.0000000000794,-2277.118193537744,-2374.1955911807595,97.07740302134793,-2277.1166994461014,-0.0014940916425985051
4830,-25.13734770490338,12.456774686657507,7.847786241057379,2,-246.85090766463043,69.92264115315601,5.455016399675997,64.46762482510051,69.92261424640421,2.6906751799060658e-5
4831,29.4139736213092,-78.93676293192757,-33.329632039422336,4,-182.38766259796705,22.460536657850923,96.41114278674097,-73.95060598479368,22.45973534876465,0.0008013090862739602
4832,-71.18889200477872,20.769224685941403,59.712582135180604,2,-133.65884538274284,69.86719025553337,-83.4013388771586,153.2685310667803,69.87084087944203,-0.003650623908654893
4833,-37.71060305686008,36.202585589185716,55.72945949773314,2,-172.4623292020077,184.8983904433838,98.05750815813388,86.84088329995207,184.89869778831752,-0.00030734493373074656
4834,7.446854755877978,1.9343785501761104,1.0104844075262174,4,-209.63193223889522,-1297.9212725681984,-664.8540471297638,-633.0672270689479,-1297.9211898688684,-8.269933005067287e-5
4835,6.441816471097799,-6.920874807898422,38.663896193751256,4,-430.20537856041494,139.4049032260656,-10.508704814519996,149.9136028722963,139.40485799451076,4.523155485003372e-5
4836,66.12806356374476,1.3668497352699263,51.814773760549876,4,-83.85783480679582,-35.37098749520539,134.0088860793653,-169.37987346588162,-35.37100925711069,2.176190530178701e-5
4837,41.86362257342483,39.846527816791955,11.810461324769227,4,-129.51239210865162,-47.8780162168857,71.82525276531528,-119.70326930836039,-47.878160657757256,0.00014444087155851548
4838,-2.6939112082369485,10.813878634467867,1.398064171878312,4,-272.1295892059428,-1234.2420503795518,-667.9313978410207,-566.3106520858277,-1234.241975579801,-7.479975079149881e-5
4839,-22.996983889314592,-14.580049529841407,28.259488154411518,1,-500.0000000000794,120.44897349113842,232.57104670529037,-112.12207382593161,120.44902573584363,-5.224470521625335e-5
4840,-5.3558291208249535,7.6800180231316135,-1.9731850533055568,4,-258.79696836260393,-1573.0259844836664,-921.2945724719825,-651.731416548657,-1573.0261621022812,0.00017761861477083585
4841,-10.825762583407688,-47.28996131528672,-22.016836070662826,1,-500.0000000000794,164.58888959052962,396.23459710961134,-231.64571186673072,164.58893907676628,-4.948623666223284e-5
4842,24.630629493843955,-0.8279959542006405,42.160839452162925,4,-168.0394426637249,85.69245138484378,187.62465337914975,-101.93220160142164,85.69247791340322,-2.652855944518251e-5
4843,74.34528889205355,14.03476941605278,60.14181121630018,4,-74.65691999094261,7.757188861530313,160.3913295046308,-152.6341405963461,7.757159004957169,2.98565731444711e-5
4844,9.539256298836369,-64.45313108898249,-53.419141559752255,4,-443.6033301143779,302.4897338071264,86.71413528127219,215.77560227744027,302.4896553989729,7.840815351300989e-5
4845,-25.45758212998093,-5.7021897596796745,7.375964220893721,1,-500.0000000000794,89.27673964272802,23.21665781268799,66.06008222870008,89.27695703792206,-0.0002173951940420693
4846,2.6151450334035586,6.145230888624872,-1.6400761495896128,4,-220.0966769507341,-1513.9125128654036,-859.6471060609097,-654.2654094440152,-1513.9125666428354,5.377743173085037e-5
4847,-11.812464152820892,17.804001792780408,29.702365464018477,2,-496.88468081910685,64.75098289793766,16.429433064578294,48.3215499531476,64.75100945487328,-2.6556935623034406e-5
4848,-39.823453929940804,-25.558453709118268,-23.08788658355953,2,-82.90855901224596,111.85285098551842,1.3024725654064129,110.55037772684629,111.85320423410397,-0.00035324858555441097
4849,25.867590203389472,26.71927607312546,-27.712123916803055,4,-193.63934229822414,-80.83530025329671,-219.3608072783463,138.52550850970295,-80.83525158277615,-4.867052055601562e-5
4850,68.0850886046577,2.3131899951414265,42.59166146106561,4,-84.3624332845161,-110.02088134417143,102.38659846759438,-212.40748016586318,-110.02090657081133,2.5226639905895354e-5
4851,-8.848637895280813,-14.672913674531058,-2.3072732409165404,4,-343.9610963705134,-1199.3265152384954,-642.1125449136372,-557.2139717842185,-1199.326486098463,-2.9140032438590424e-5
4852,-26.072085529715423,8.09312403384583,25.165387539487835,1,-500.0000000000794,152.63410671943413,108.58662033314333,44.04748479645,152.63419482681317,-8.81073790424125e-5
4853,7.162894095384507,-15.329852283736255,6.0459822436266615,4,-253.70055382154024,-730.4754827274515,-271.3651441759897,-459.1103390278938,-730.4754727111966,-1.0016254918809864e-5
4854,15.882255773779953,13.507428860957155,5.032336709443989,4,-195.35685263900987,-843.0692458440813,-338.96875689393363,-504.1004891811026,-843.0692038298131,-4.2014268160528445e-5
4855,-4.397154112864728,-0.5799837487284835,-0.8321031967004527,4,-256.45339105626886,-1540.8345553882307,-879.2620289439736,-661.5725286474454,-1540.8346163499345,6.096170386626909e-5
4856,88.84099878657567,-4.303057150028759,-41.91915969916571,4,-67.87023938986009,-1184.310767380671,-500.42007214316885,-683.8906959235138,-1184.3104875400486,-0.00027984062239738705
4857,14.825410611056073,9.161109138933003,-84.7162240155347,4,-100.11803315388978,-12119.612908746607,-12115.256754776368,-4.356151486442945,-12119.609707838132,-0.0032009084752644412
4858,62.635242998469366,-45.26808688237578,-43.2437919840529,4,-96.45122802813817,205.63207920243295,64.91952062260523,140.71255626463943,205.63206323269597,1.596973697814974e-5
4859,-10.549694895375508,12.249871569082767,-3.198821699938863,4,-312.433568664469,-1443.6849655691938,-811.1282211538298,-632.5567422400966,-1443.6849057909008,-5.97782930071844e-5
4860,45.64648491029132,-45.85520777807646,29.712406600744778,4,-113.00129516279411,78.57468547889161,179.3632027952688,-100.78851747972858,78.57452246663088,0.0001630122607281237
4861,-21.309213695163997,-5.8710974673096255,-29.5734422770243,4,-193.21367551380914,-8526.157500613783,-8170.833033268947,-355.3244490020011,-8526.152419763455,-0.005080850327431108
4862,-25.838361711146796,-42.85467593008516,15.05426840514948,4,-467.1346709757755,-7924.089310167066,-8069.884795293021,145.79549884021003,-7924.088810348621,-0.0004998184449505061
4863,-10.449896196781301,-5.092895779441605,2.201336040940128,4,-389.282666025104,-1061.2419682927787,-534.8779394932839,-526.3640292763672,-1061.2418971671518,-7.112562684596924e-5
4864,-49.04839444107789,1.1179708754865183,6.970538410947919,2,-74.54252761840799,69.7194208476065,-0.6067706690621841,70.32619168785729,69.72042269746771,-0.0010018498612112126
4865,-0.6870016022292055,10.380967387222627,-13.099008199240933,4,-202.26356966949604,-2540.049497135892,-1949.4915249081869,-590.5579779631655,-2540.0496415543316,0.0001444184395040793
4866,-51.49338115024059,-6.0454579548872625,69.00975247477275,2,-143.12269759314395,-36.58890755071256,-93.00176768531928,56.412846430484684,-36.5882880792355,-0.0006194714770657583
4867,21.759260671545263,27.697772727298634,-5.61013620696239,4,-188.93810939292038,-572.3816470022941,-281.1230181940748,-291.25863172380986,-572.3816204100239,-2.6592270273795293e-5
4868,-77.14538291276949,10.745604660117133,-31.751307219691814,2,-43.89327063436163,187.16366192236868,1.2482288922046756,185.91543306234598,187.16327674167368,0.0003851806949910497
4869,-4.5086119365404755,-51.353787590523325,4.9537043351921115,4,-406.97782373775925,-1060.7728298869706,-1043.1743920859844,-17.598434220777946,-1060.7725256069446,-0.0003042800260573131
4870,-55.98172753019455,-14.038262451873107,-6.933870002924196,2,-59.88084168225871,94.58462886256878,-0.2164542027509193,94.80108285850707,94.58780324019386,-0.003174377625086322
4871,-10.201315864089313,74.17504364258899,-58.18533280641685,4,-405.9364979506025,-11475.573291300105,-11325.528879671228,-150.04441127424636,-11475.569901429379,-0.003389870726095978
4872,-46.09936643159079,-74.80849312105781,-32.82738871267036,4,-306.3939918119637,-8817.803918379317,-8988.013545738651,170.20963093924595,-8817.804495802084,0.0005774227665824583
4873,-68.84239713600707,-38.76993735418656,5.744076855476062,2,-55.152346624457174,101.76032769809242,0.16727737475449758,101.59304989115692,101.75970038761146,0.0006273104809650931
4874,45.55112190368751,19.539285103537523,-7.9032313467832696,4,-118.406451284012,-857.6117573606375,-320.10541100562506,-537.5063445721865,-857.6116672422665,-9.011837096295494e-5
4875,0.16500070620192048,-21.77027861921269,-0.27224888573291844,4,-316.2399669746316,-659.2624374666766,-333.7403435073593,-325.52209598890516,-659.2624103603971,-2.7106279503641417e-5
4876,-18.540243486485053,-35.27232762794884,25.8032817472954,1,-500.0000000000794,-155.16123790322183,-317.4880945609699,162.3268538534114,-155.16141838850803,0.00018048528619374338
4877,16.86652749149169,-6.875774809951135,-8.13355723087114,4,-167.20015215249717,-1568.8190102472809,-922.5335481074253,-646.285466276879,-1568.8192389621813,0.00022871490045872633
4878,-8.795797473671332,5.72381886455849,18.161956311728755,1,-500.0000000000794,71.69677343520176,-25.159542085860796,96.85631616040412,71.6967705100045,2.9251972648580704e-6
4879,-46.57991603291427,6.378681779270617,-79.6580621589444,4,-124.88505258226317,-14681.548464705833,-15579.031021636718,897.4825450490322,-14681.535433071338,-0.013031634494836908
4880,25.204564060873984,-18.42273810617055,0.6061103842781228,4,-167.04850689131507,-740.7081114322667,-310.8907721947149,-429.81733959549257,-740.7080828827438,-2.8549522880894074e-5
4881,-21.823115744614032,21.507314431237763,6.586761279926994,2,-300.0563878364273,133.0326953913765,-5.838302868380176,138.87099784006577,133.0326344662814,6.0925095112907e-5
4882,65.28777515394678,47.10043568585673,-50.8524002204718,4,-90.28616800549221,141.856365625436,21.843096490305545,120.01326934364836,141.85666489310674,-0.00029926767072652183
4883,12.69411228759335,-0.5708070251227289,-13.89142308349038,4,-167.2225422711051,-2116.66378125911,-1496.8808895678837,-619.7828946963905,-2116.663171457794,-0.0006098013159316906
4884,56.31280043392214,25.099104007147602,36.84150791634139,4,-98.04146259601244,-59.51709396219858,110.84493196639852,-170.36202579997772,-59.51717857691281,8.461471423260036e-5
4885,-3.731493176889174,-13.289654086570733,-87.39905468571098,4,-110.12192563031773,-13831.903657612798,-14162.961995487616,331.0583560808253,-13831.898852452117,-0.004805160680916742
4886,66.27967128613574,13.102069585412925,3.5286022317991144,4,-90.61308266613604,-586.7460376884097,-117.17435218815446,-469.5716845801679,-586.7459477393724,-8.994903737402637e-5
4887,52.66717909960899,-71.25454447501069,-40.64143911975632,4,-103.43734746302599,407.68872725993873,356.4008969490127,51.28783066697029,407.68832218967685,0.0004050702618769719
4888,-0.5421976460860106,-0.9343406837812204,0.1645269988731103,4,-241.26991333184418,-1440.7886625213614,-795.1179170071889,-645.6707458346724,-1440.7885339915579,-0.0001285298035327287
4889,43.73722397297511,-40.11576106092733,57.6121238187968,4,-104.12681692148058,377.27350388970274,453.73278917044786,-76.45928745095655,377.27356044268885,-5.65529861091818e-5
4890,-9.589298911683665,-96.78187003176427,21.180482285391427,4,-324.757327201425,-8858.692049213618,-8762.531751199169,-96.1603033242513,-8858.688864678428,-0.0031845351895753993
4891,26.08288300444908,15.056490119675322,-8.939910008051692,4,-151.3226027523334,-1149.5559183707085,-614.0019892494122,-535.5539296612072,-1149.5557748129295,-0.00014355777898344968
4892,-50.77414624449821,-14.96142554539989,-15.637716706990675,2,-65.46115569588001,97.37676905239832,2.058634530115422,95.31813400811754,97.37660311346845,0.00016593892986804804
4893,-3.6625456280073068,-31.893161752170126,-63.82408502695471,2,-377.12858719411577,416.00468493157143,104.47901898551005,311.52566432819077,416.0042791539853,0.00040577758613835613
4894,1.6521011821243596,57.839692785549076,-30.99223671679085,4,-408.82811295818004,-837.6685800923296,-850.023816491899,12.355226709421522,-837.6686459820977,6.58897680523296e-5
4895,-17.392144583705512,-41.79256546685624,0.32780710534521906,2,-340.26296330987054,16.762016658940123,-15.40028717768227,32.162304635069,16.761919846404624,9.681253549942426e-5
4896,-3.0008586493691074,-8.801466605658609,-7.005501575412665,4,-226.76408228254428,-1913.3605211626118,-1293.609384454803,-619.751130984206,-1913.3604051196457,-0.00011604296605582931
4897,-49.636645401538274,-30.859765099044488,5.208173318220844,2,-78.8720604334942,98.96816938442727,0.28427655918303557,98.68389254492209,98.96804129233965,0.00012809208762121216
4898,0.9627729452050354,1.9641158322812875,0.5668883729699624,4,-234.70643053805668,-1413.3104683258202,-770.7274719872445,-642.5829961696576,-1413.310485933869,1.7608048665351816e-5
4899,22.972425693343677,15.104109118701485,27.63593261163787,4,-181.2080046360409,-35.09706622408169,88.63261743815298,-123.72968379839533,-35.09709115786483,2.4933783137726095e-5
4900,87.08878693077286,3.4886058300328187,15.738231346226366,4,-71.97543415354879,-453.5199881144275,-21.46618580372896,-432.05380277016394,-453.51991610701646,-7.200741106316855e-5
4901,63.50351786780952,19.33228688487479,70.43099892681937,4,-79.88414588093568,223.17266230659035,331.5040309206144,-108.33136822940189,223.17271229734112,-4.9990750767392456e-5
4902,-1.3246933403073742,-7.8219083246853645,-30.400483679583527,4,-166.43174941478486,-7836.463282958607,-7534.192895236739,-302.2704029465018,-7836.4575519451655,-0.0057310134416184155
4903,-4.159195671373027,-9.76162571068234,-2.3848639510758987,4,-259.736887948962,-1460.5263789518553,-853.982118970047,-606.5442598299322,-1460.5262681340826,-0.00011081777279287053
4904,-57.24466655685163,-42.46694995530647,-30.925461480349803,2,-62.88612283030089,130.31714702701527,-0.29248293869009045,130.60962878312768,130.31719863128566,-5.160427039641036e-5
4905,21.723096117588558,-19.247934763810107,-48.22814220940401,4,-141.1647817396944,-7089.818369646124,-7165.735880215177,75.91754101843055,-7089.815787808362,-0.002581837761681527
4906,-44.577207901472505,0.714119601158136,-37.43969143105366,2,-272.33466493375164,557.2136189865346,-28.94930681459906,586.1629265781664,557.2132212664457,0.00039772008892668964
4907,-14.592347106307349,-38.05038097457708,-40.33376784510053,2,-168.62547124452723,242.97827089408707,110.15910887000233,132.81916286489178,242.97804193625234,0.00022895783473586562
4908,42.726915953279956,10.186188403210117,44.7702986189143,4,-116.09367483432257,25.38198276339215,162.2808572018991,-136.89887441420743,25.3819680154325,1.4747959649952236e-5
4909,5.649596769422843,-0.23445678965721356,34.196851016753286,4,-430.1354866976724,-142.19245717872224,-331.31607467944747,189.123622384972,-142.1924761662311,1.8987508866530334e-5
4910,56.049859336984525,-45.99958051675001,68.38889382502178,4,-84.1380835064538,474.20141416832865,550.4983604920278,-76.29694857069586,474.201538603665,-0.00012443533637451765
4911,4.4811527261611825,17.648519503374978,55.97385376464814,4,-438.2995166319027,91.58891083263002,-61.3227173487429,152.9116301227188,91.58882632046391,8.451216611149448e-5
4912,-28.484184701070028,22.02058243136786,-21.577343779210466,2,-122.09864909840242,129.26539298972324,6.267880527950554,122.9975122349525,129.26596271943632,-0.0005697297130780044
4913,-66.8058873913814,-2.5941993066871607,61.23584924396471,2,-137.29604525541018,41.193885260818746,-69.42578037332699,110.61967017710312,41.1669463869334,0.026938873885349324
4914,-30.786402978205512,-6.800625003338991,-5.879155590793055,2,-136.517711028854,98.79106357418607,-0.886609732137259,99.67767334978687,98.79082685683294,0.00023671735313257614
4915,-39.57985543606664,-31.241682765097707,-43.8950866260832,2,-88.66717854112824,169.52545474551863,2.248344564819377,167.27710943921505,169.5252718791132,0.00018286640542442
4916,14.693983381498459,-52.71387675014868,47.64036859492125,4,-212.0943956262178,111.20219059906726,31.23173899168877,79.9704560926346,111.20208811586765,0.00010248319961192465
4917,-0.21495242203231466,0.0986847418598854,-4.139163944368125,4,-220.56910544933473,-1745.0335132189273,-1080.5364731730808,-664.4970404811274,-1745.0332795122924,-0.000233706634844566
4918,-39.42056060996587,-50.440587371156035,44.28803136415724,4,-399.82555247362353,-4419.5472295918025,-4460.71790344288,41.170683344153076,-4419.547729122273,0.000499530470733589
4919,45.28435849088725,-87.14813938470995,-0.09430890975732449,4,-104.31065274003123,442.4848108804484,470.55175911566863,-28.06695192030665,442.4845925261308,0.00021835431755334866
4920,-7.520003496449124,11.680042513142306,9.309817796082916,1,-500.0000000000794,-4.71496088235165,6.917674208239757,-11.63263474569487,-4.714974660883699,1.3778532048647207e-5
4921,-1.3008303386561273,36.219188743291205,11.30398744551566,4,-492.057732936346,-1623.8719059428752,-1473.2660307660547,-150.60587120533026,-1623.8722371591734,0.0003312162982638256
4922,42.44193970178211,-57.68177604149077,10.86291311810619,4,-121.8686266685849,125.73382121840365,196.28673777032083,-70.55291817735541,125.73350502852152,0.00031618988212755994
4923,-13.083669034295342,-11.789073622929015,4.890056953889341,1,-500.0000000000794,53.37288967563082,30.612943579242117,22.75994586741127,53.37288613491259,3.5407182323865527e-6
4924,-89.53654303204019,6.965642240631218,-24.271764093176834,2,-36.79054016907995,150.6250051033798,0.9317469916350795,149.69325874817685,150.62393194782322,0.0010731555565826056
4925,-77.43041238853914,9.377744852558909,26.24508106660976,2,-47.63640026957674,64.3136495123448,0.6012274027310892,63.71242181606611,64.31285018771689,0.0007993246279056621
4926,52.15296975723266,10.115618605304881,31.130967756797137,4,-106.21297516246842,-163.14332244568192,77.81478276367638,-240.95810538404265,-163.14332634444685,3.89876493045449e-6
4927,13.78121805604844,-4.202324217570892,-22.48997465906659,4,-154.90616605611413,-3064.650374516677,-2530.5327724471413,-534.1176043126181,-3064.650301278069,-7.323860791075276e-5
4928,-63.41205741959553,-46.57509619465178,-37.003163078079034,2,-59.18737790958134,139.61007963021336,0.2713187244852935,139.33875959416153,139.6104405692853,-0.000360939071924804
4929,68.40636312086042,-17.514956927402636,33.32389350117368,4,-85.78934547696699,-151.24913689823956,83.59974174470968,-234.84887865294658,-151.2491594449829,2.2546743338125452e-5
4930,-34.7309090082728,5.182840574912582,-29.918992897300864,4,-206.77703845955205,-4690.607817130162,-3757.3594981364604,-933.2483326773423,-4690.604802531496,-0.0030145986665957025
4931,-10.258758320580174,1.0129477815838532,-0.3260254561756103,4,-311.903499044653,-1452.0109292727586,-799.0020171804778,-653.0089111652505,-1452.010964924928,3.565216934475757e-5
4932,-23.618953316805868,22.661165271791884,7.798338918314742,2,-425.20775163379915,95.16639354258545,23.412937657772055,71.75345636844911,95.16470824079325,0.0016853017922073832
4933,-0.5979930711142907,2.148705712684626,0.7843997313648254,4,-243.5301563657102,-1413.0479589397685,-772.0597932166324,-640.9881653058764,-1413.0478247887115,-0.00013415105695457896
4934,17.93925576588522,66.15409194553777,5.73498564575588,4,-204.96710061030655,106.13356782265377,98.87607412445921,7.257491513794657,106.1331372650418,0.0004305576119776333
4935,-61.37397761233939,-43.68901965949194,60.68071805218729,2,-139.0025470387724,269.78821471368906,31.60031852598989,238.18789571036743,269.7831974962311,0.005017217457975676
4936,3.8899443941683978,-13.742522434743506,2.852255195243255,4,-254.31279930023769,-951.6529591888287,-441.9322237967208,-509.72073463545007,-951.6529076885746,-5.1500254130587564e-5
4937,-4.484738687690599,0.3252831259322506,-7.395830998673492,4,-223.44109167520247,-2090.463622720874,-1423.2057436682735,-667.2578829180931,-2090.4639940155926,0.00037129471866137465
4938,-13.905492753089572,10.05795266717995,-12.19961466346729,4,-251.8913565789727,-2416.048590595082,-1725.0406980537177,-691.0078926732425,-2416.048560984383,-2.961069867524202e-5
4939,-14.419793845719072,44.35480293992152,-9.576644856462178,1,-500.0000000000794,59.31832874908139,-31.39624742728768,90.7145743945907,59.318228012463095,0.0001007366182932401
4940,6.841301566823434,-11.149987098648127,-9.738955647122559,4,-192.84766161341994,-1948.605267308425,-1337.5766865206308,-611.0285797575051,-1948.6056810228008,0.0004137143757816375
4941,-15.917527779793101,33.97590451078787,-58.54213649165894,2,-159.46467384633252,295.9258112295412,122.54580146861264,173.3800123686284,295.92590149897364,-9.026943246226438e-5
4942,49.74468389443995,-75.85584047247602,20.99252616325026,4,-97.56062241299502,324.50913811421236,387.0037550689992,-62.49461923829233,324.5086794446563,0.00045866955605333715
4943,-57.57428664867164,-7.312560245076404,23.267748807756362,2,-71.76817152440061,53.34236566919922,-0.09495755547513189,53.437323144376805,53.34240325377909,-3.7584579871463575e-5
4944,14.926816765493287,20.274402441281953,16.54493045900912,4,-226.4752833537091,-97.52194897096392,30.171884223160625,-127.69383387555342,-97.52197627134372,2.7300379798589347e-5
4945,-9.562274551119431,0.8736210914966759,16.18091488875255,1,-500.0000000000794,36.554272651707805,-21.57310661503143,58.12737945758041,36.5542732860878,-6.343799938690609e-7
4946,0.4798661712978865,-0.4979626059905258,-0.07328233453205152,4,-234.92526287738545,-1450.157925937667,-803.3321902923276,-646.8257359392176,-1450.1577975399825,-0.0001283976844206336
4947,21.57516372814123,-1.2231613878051806,4.959207174644668,4,-172.42631402934572,-925.874937101173,-344.31130174086053,-581.563636004859,-925.8748872629566,-4.983821645510034e-5
4948,-8.95219618672684,-10.5811931158601,-58.25000729917347,4,-135.04749763414142,-15033.448855776676,-15095.613277081584,62.164414856155375,-15033.432750344318,-0.016105432358017424
4949,0.32020246238759364,-0.05827995745158639,0.05586060418872494,4,-236.11402855564648,-1445.9680033787722,-799.4571088129914,-646.5108948396618,-1445.9678828100386,-0.00012056873356414144
4950,19.633682305930435,30.910610016302154,3.8574540232733283,4,-207.41043289773478,-173.5796977435112,-60.681733652555224,-112.8979657451942,-173.57984852100807,0.0001507774968843023
4951,8.684237628425592,13.446824899695972,60.681093316354925,4,-317.3172182059278,359.75352534899855,296.31871534396424,63.43481293656481,359.75340941191905,0.00011593707949941745
4952,14.934932674836437,-7.664391444306258,18.38782690225075,4,-225.83506455738654,-215.72635733336867,19.403149653958017,-235.12950695582666,-215.7263546688958,-2.664472873448176e-6
4953,26.289146852933445,3.8335334173268865,-9.829476982334276,4,-145.1889909890025,-1415.3109473884222,-752.9469458043205,-662.3640003496162,-1415.3108591972352,-8.81911869328178e-5
4954,4.651384112608332,1.5397262239024658,-17.173818440571726,4,-177.23669431436352,-3079.223944161006,-2528.0502287289564,-551.1737168524711,-3079.2232732683797,-0.0006708926262035675
4955,-6.065998152386345,24.4235337765514,69.85241830231575,4,-461.1608199010091,-5465.793652008977,-5416.321983266827,-49.4716710879572,-5465.793537378633,-0.00011463034388725646
4956,-7.181694113261168,-44.82020218110518,-17.553558646688053,1,-500.0000000000794,100.2829195844273,203.8582825302846,-103.57536790842626,100.28311267160116,-0.0001930871738551332
4957,34.54936806668026,-1.91467157020148,-14.46393754242778,4,-128.54969651672008,-1409.648015666443,-744.6930180194685,-664.9549966302997,-1409.6481859323646,0.0001702659217244218
4958,7.975540765469112,14.023981897317388,17.968180488499154,4,-286.4514820768007,-106.0949392528479,45.87024960802731,-151.9651885289863,-106.09495360317189,1.4350323993994607e-5
4959,-5.3945303454251725,-83.69137712310294,41.01093875441821,4,-295.08928570389673,-4193.180995864991,-4126.6786168903045,-66.50237950012809,-4193.1803812556145,-0.0006146093764982652
4960,50.05328186708324,70.32260752981735,-9.773382368499231,4,-106.88022248333883,227.45653929552228,214.25254651627242,13.203992249770451,227.45593863788528,0.0006006576369941286
4961,21.665340794963637,-13.038200669700995,-31.396944853743552,4,-139.33009494997438,-3592.537257127545,-3132.2503890215653,-460.2868602711198,-3592.5347449101737,-0.002512217371531733
4962,-33.92447543968169,-24.211324730801046,61.01422459983151,2,-176.16723307206075,73.26502258167991,30.008659372227047,43.256362898657976,73.26512620222917,-0.00010362054925394659
4963,4.301989870612566,0.4287978587190542,-5.015603283278076,4,-203.1305686990554,-1718.736976133274,-1062.9272915778577,-655.8096853051545,-1718.7367020703591,-0.0002740629149684537
4964,-0.10479246877565337,17.56524684719725,39.71519801068149,1,-500.0000000000794,103.89708083199977,-22.59720292489451,126.49428279253132,103.89703253538137,4.829661840233257e-5
4965,43.84672072084935,-35.742795662278226,39.05899836305129,4,-114.20190417054398,77.5914981324874,188.83062130801144,-111.23912365445402,77.59136383585538,0.00013429663202657594
4966,1.5492857484193447,10.659719468885827,13.34630520046403,4,-350.07074730644746,-248.71386955582093,-58.067369743216425,-190.64650057290456,-248.71386416644458,-5.3893763549694995e-6
4967,-9.919957795932767,24.485961748406847,-14.908205230169473,4,-367.7120141454456,-1427.097898490751,-908.7012445742306,-518.3966545405247,-1427.0978054542825,-9.303646857006242e-5
4968,1.5720750205750156,-2.3696698364658695,-3.288553336141842,4,-218.04286591327443,-1637.6780233944837,-982.3101072057591,-655.3679165989824,-1637.678046286324,2.2891840217198478e-5
4969,-44.682615134170746,-21.543440196357114,-43.8867314569736,2,-81.46756199938481,198.36805188309873,-1.6830099242063052,200.05106108425565,198.36759193765923,0.0004599454395020075
4970,-0.05256063846897505,-0.13391047253187932,0.9639056872004961,4,-242.6726132864886,-1386.3491877180993,-748.3484710934664,-638.0007163955977,-1386.3490332756573,-0.0001544424419535062
4971,32.14620333647764,-87.42784880801096,29.05796032411471,4,-128.6501636216879,47.95232455689866,141.58424924533801,-93.63192307029314,47.95116995694327,0.0011545999553916886
4972,-49.32651093911624,4.72520611577663,-79.63872040529706,4,-125.25680087915855,-14684.936353346768,-15652.489525275661,967.5531493551615,-14684.929020433607,-0.007332913161008037
4973,-40.08028984139937,-78.24156162329871,26.819850197129675,4,-301.6001466498037,-9075.588918789017,-9010.777424605392,-64.81147920294512,-9075.58841570048,-0.0005030885367887095
4974,1.5530616526779015,-53.909531355083,11.530200210581993,4,-320.26835379565523,234.99533303588922,211.21114332763472,23.7841953698535,234.99485135799242,0.00048167789680064743
4975,-18.571795781123036,-29.724266953407263,-0.7721704059885586,2,-306.89977051314276,137.99383550395245,-11.719041013158268,149.71287595860113,137.99373769246372,9.781148872889389e-5
4976,18.068094484978744,-13.142844520859681,17.265583962878697,4,-208.33153596587852,-201.25421253564073,16.934813712722683,-218.1890259578291,-201.25421379039685,1.2547561141218466e-6
4977,-8.800514651771278,-72.1993344308424,-24.450428830658076,4,-370.2611147851568,-7326.703148943947,-7338.1404068835345,11.437270850374137,-7326.702588114976,-0.0005608289711744874
4978,-17.749657864977227,-12.83996849496395,-22.258798181622378,4,-224.32228331986724,-5872.425533402059,-5428.1732103947625,-444.2523122213607,-5872.421095733428,-0.0044376686309988145
4979,-2.0087198460115414,27.8596277494943,-18.689991560813013,4,-327.3019784147537,-2274.1587220194674,-1898.688803910277,-375.46992394265004,-2274.159769791371,0.0010477719038135547
4980,-10.839487833450736,-4.301355992601852,-28.27042318212644,4,-180.76487241495823,-8195.667996090608,-7867.350232102849,-328.317763418115,-8195.662984838471,-0.005011252136682742
4981,35.79977133423892,-43.93825498196088,-32.7453531849738,4,-167.1581383238358,166.90216259151407,79.03371961304028,87.86844352736261,166.9018654680959,0.00029712341816434673
4982,52.15906458995177,-47.70860003264844,-34.602089731031626,4,-115.27400610900767,218.2122323634334,80.13027315835436,138.08195815777364,218.2121963885987,3.597483470230145e-5
4983,-2.202411312791526,26.936241727337162,67.47752038481762,4,-448.7867508706096,-3654.1143137501203,-3665.967347610069,11.853037478953722,-3654.1137376980146,-0.0005760521057709411
4984,1.0091032850794195,0.5072300905084696,0.5931929052158382,4,-235.20694940820545,-1405.2905252547266,-763.8534306539138,-641.4370944000689,-1405.2905551408965,2.9886169841120136e-5
4985,-21.143633285115833,-37.2287327221838,14.011205057499502,1,-500.0000000000794,256.5339945739799,-24.997349268656492,281.5313418844409,256.53379136133526,0.00020321264463518673
4986,7.125687244908774,-2.3768629100003342,-10.579036804442424,4,-184.2046485484114,-2080.1313395818806,-1451.7439523054522,-628.3873897282194,-2080.1319702781443,0.0006306962636699609
4987,-2.72057549652241,-61.131921347742136,-17.289906709563947,4,-388.28544767099316,-2358.5123820144013,-2340.000147509944,-18.512222065790585,-2358.512051614488,-0.00033039991330952034
4988,29.281314691632137,31.713017796005857,21.44302514002371,4,-160.52524163276487,-33.72439211497233,76.82784147848902,-110.55223450281228,-33.72445791634033,6.580136799527736e-5
4989,-36.14841188896271,14.271718272159555,-68.89029094066069,4,-137.39661022316807,-14972.05512242604,-15568.503100656331,596.4479606723072,-14972.05628559269,0.0011631666493485682
4990,-34.13019832695388,-2.2779116148302814,0.3523368934999071,2,-118.50844890580845,78.16801531972855,-1.1188847044984591,79.28689992663017,78.16864826854282,-0.000632948814271117
4991,-0.8207328390370805,6.747663392452399,-2.8398121964287326,4,-229.80354257305484,-1622.793200710275,-966.1043801915853,-656.6888245911103,-1622.7933144320116,0.00011372173662493879
4992,-24.08033339526211,-14.819003688638324,13.3302576043336,2,-363.17010918673,114.14545181770171,48.31731354343836,65.82813749751762,114.14541577060847,3.604709324633859e-5
4993,-2.4502879122479655,-1.4600434626012753,-2.2129564335142025,4,-238.52169878956732,-1621.8053296620515,-956.3823792011254,-665.4229515929273,-1621.805139550717,-0.00019011133440471895
4994,-67.34458721002461,39.50482988096763,-15.372327139859621,2,-51.99749383800947,105.46159307598725,1.820056317414193,103.64153622793366,105.4612791880101,0.0003138879771569236
4995,-22.034342531878192,-20.830725733688755,-13.939362299903737,2,-178.49664790797618,110.85373243059512,-1.9926858879378626,112.84641793574869,110.85335401235531,0.00037841823980500067
4996,16.509315308348903,15.423580651872586,70.1178455301626,4,-226.2370171920044,92.09761736452086,-75.40355814571998,167.50117585782303,92.09788492734818,-0.0002675628273181019
4997,-7.9648380345979986,8.60980479110203,-20.168395563487493,4,-199.24447919017283,-4840.220165720693,-4360.466389416551,-479.753777026926,-4840.217584123179,-0.00258159751410858
4998,-1.7773539932298008,-26.26344459305146,-7.220011483374978,4,-363.12302211735835,-549.1886261484618,-343.78974667456504,-205.3988790122476,-549.1885810599621,-4.508849974627083e-5
4999,-6.832516106531028,-30.554151078048097,1.8890208855121264,1,-500.0000000000794,108.50579767950848,27.979182850840296,80.52661635934402,108.50564156725032,0.00015611225815348462
5000,93.87684838525165,11.838818089005635,9.214603843289774,4,-67.51982474025985,-480.16985802440166,-47.673100206888975,-432.49675787956244,-480.16973788801744,-0.0001201363842255887
